cluster_id	n_words	words
1	360	सकभर सकिँदैन सकिदैन सकिनेछ सकेकाले सकेपछि सखडाको सखरको सघनता सचिवका सचिवको सचेतक सचेतना सजदामा सजाइएको सजातीय सजायका सजायको सजिलाको सजिलोको सडकको सडकमा सडकले सतहका सतहको सतहमा सत्सँगको सदनका सदनमा सदाशिव सधैँजसो सनकादि सपनाको सपनामा सफलता सबजना सबैकुरा सबैखाले सबैजना सबैजसो सबैतिर सबैमाथि सबैसबै सभापति सभाहरू समचार समझता समझौता समथर समयका समयकै समयको समयमा समयमै समयले समागम समाचार समाजका समाजको समाजमा समाजमै समाजले समाजिक समातियो समातेका समातेमा समातेर समाधिको समानको समानता समितिका समितिकी समितिको समितिमा समितिले समिपमा समुहका समुहको समूहका समूहकै समूहको समूहमा समूहले समेटेका समेटेको समेटेर समेतका समेतमा सरकार सरकारी सरकाले सरदर सरदार सरलता सरसोको सरहको सरासर सराहना सरेपछि सरोकार सरोजजी सरोजले सरोजिनी सरोवर सर्करा सर्गमा सर्जक सर्जम सर्जरी सर्जियो सर्दैन सर्पका सर्पको सर्पले सर्भर सर्लका सर्लाही सलादको सलामका सलामले सल्लमा सल्लाका सल्लाह सल्लेरी सल्लोको सवालको सवालमा सवासय सविताका ससेजको सहकारी सहजता सहदेव सहदेवी सहपाठी सहभागि सहभागी सहमति सहमती सहयोगि सहयोगी सहरका सहरकै सहरको सहरमा सहरले सहरसा सहरिया सहायक सहायको सहायता सहितको सहोदर साँझदेखि सागरका सागरमा साझेदार साझेदारी साठीघर सातजना सातधारा सातवटा साताभर साथीहरू साधनको साधनाको सानदार सानीभेरी सानेपाली सानैदेखि साबुनको साभारको सामयिक सामरिक सामानको सामानमा सामुहिक सामूहिक सारणीको सारनको सार्कीकी सार्कीको सार्कोजी सार्थक सार्दैमा सार्नको सार्नेमा सालताका सालतिर सालतिरै सालदेखि सालपछि सालभर सालभरि साविकको साहबको साहबले साहसिक साहायक साहिबको साहुकार साहेबको सिँढीहरू सिकागोमा सिकारका सिकारको सिकारीको सिकारीले सिजदामा सिजनको सिजनमा सिडनीको सिडनीमा सिधामाथि सिनेटका सिनेटमा सिनेटर सिनेटले सिनेमाका सिनेमाको सिनेमामा सिपाहीको सिपाहीले सिफलमा सिमसार सिमानाको सिमानामा सिमालीको सिरमौरी सिरसिर सिरहको सिरानीको सिरिजको सिरुवारी सिरेमिक सिरैकीमा सिर्जना सिर्तमा सिर्सेनी सिलसिला सिलावको सिलौटामा सिल्लिमो सिसपका सिसपको सीटहरू सीनेटर सीमानाको सीमापारी सीमाहरू सुकाइएको सुकेकाको सुकेपछि सुखहरू सुजाकको सुझावका सुझावको सुटिङका सुटिङमा सुधाकर सुधामय सुधारक सुधारका सुधारको सुधारमा सुधारेको सुनकोशी सुनकोसी सुनखानी सुनगाभा सुनचरी सुनचाँदी सुनपानी सुनसरी सुनाइएको सुनाइएन सुनापति सुनुवार सुनेपछि सुपारीको सुमतिका सुमतिको सुमधुर सुरबाजा सुरविर सुराकीका सुरुदेखि सुरुवाती सुरूदेखि सुरूवाती सुर्तीका सुवासिलो सुविधाका सुविधाको सुविधामा सुविधाले सुवेदीका सुवेदीकी सुवेदीको सुवेदीजी सुवेदीले सुसारेको सूचनाका सूचनाको सूबेदार सूर्यका सूर्यको सूर्यमा सूर्यले सेगनको सेजिमको सेतीखोला सेतीदेवी सेनापति सेनाबाटै सेनामाथि सेनाहरू सेमिनार सेयरले सेरचौर सेरबानी सेवकका सेवनले सेवापछि सेवाहरू सैतानको सैनिकका सैनिकको सैनिकमा सैनिकले सोचेपछि सोडियम सोनेराले सोपानमा सोमबार सोरेनका सोरेनले सोर्हौँले सोलुतिर सोसायटी स्क्रिनको स्ट्रोकका स्ट्रोकमा स्ट्रोकले स्वभावका स्वभावकी स्वभावको स्वभावमा स्वभावले स्वभाविक स्वरदेखि स्वरूपको स्वरूपमा स्वरूपले स्वर्गका स्वर्गको स्वर्गमा स्वर्गीय स्वर्णिम ७००को
2	354	पँखेटा पँहेलो पकला पकाना पकिर पकौडी पखाला पखाली पखेटा पचासी पचासौँ पचौरी पछाडि पछाडी पछारे पछिका पछिको पछुतो पजारु पटक पटका पटना पटर पटले पटासी पटुका पटुकी पटौटी पठाको पठायो पठार पठारी पडाव पढदा पढेका पढेकी पढेको पढेमा पढेर पणेना पताका पतिको पतिले पतेरे पतौरा पथको पथमा पथरा पथरी पथिक पथेरा पदक पदका पदको पदम पदमा पदवी पदिय पदीय पनाती पनामा पनिर पनौती पन्ध्र पन्ध्रौँ पपडी पपिहा पफर पमिता परम परशु परासी परिधि परेका परेकि परेको परेछ परेझैँ परेमा परेर परेरै परेलि परेवा परोहा पर्च पर्चा पर्छ पर्छे पर्ट पर्ण पर्ती पर्थे पर्दा पर्दै पर्न पर्ने पर्नै पर्ब पर्यो पर्ल पर्ला पर्वत पर्सा पलक पलको पलना पलमा पलायो पलेटी पल्लो पवार पशिका पशुको पसिना पसेका पसेर पहरा पहरी पहले पहाडी पहिरो पहिला पहिली पहिले पहिलै पहिलो पहेँला पहेँलो पहेले पहेलो पाँगर पाँचौँमा पाँडेको पाइएका पाइएको पाइएता पाइएन पाइएमा पाइएला पाकेको पाखामा पाखुरा पाखोमा पाङमा पाचक पाटनी पाटलि पाटली पाटीका पाटीकी पाटीको पाटीले पाठक पाठको पाठमा पाणिनि पातका पातको पातमा पातले पातलो पाताले पानको पानमा पानाको पानामा पानीका पानीको पानीझैँ पानीमा पानीले पापले पापीको पापीले पामर पारखी पारणा पारमा पारसी पाराम पाराले पारियो पारीका पारेका पारेकी पारेको पारेर पार्क पार्छ पार्ट पार्टी पार्थे पार्दा पार्दै पार्न पार्ने पार्यो पार्श्व पालना पालाम पालामा पालिखे पालिता पालिने पालेका पालेको पालेर पावर पासर पाहडी पाहिलो पाहुना पिँडाली पिँडालु पिँढीको पिँधमा पिँधेर पिङको पिजडा पिजिडि पिटर पिटेकी पिटेर पिठोको पिठोमा पिडालु पिडोको पिढीको पिताका पिताको पिताजी पिताले पिनेर पिपला पियानो पियारो पिरको पिर्छे पिर्ने पिसिमा पिसेर पीठका पीठको पीठमा पीडाको पीडामा पीडाले पीढीको पीसेर पुकार पुगेँछु पुगेका पुगेकी पुगेको पुगेछ पुगेछु पुगेर पुजक पुजाको पुजारी पुजिने पुजेर पुणेको पुणेमा पुतली पुनले पुरक पुराना पुरानै पुरानो पुरिने पुरीको पुरेर पुरैना पुर्खा पुर्जी पुर्न पुर्ने पुलका पुलको पुलमा पुलले पुलेसा पुवार पुसमा पूँजीमा पूजाको पूजामा पूजारी पूजाले पूरक पूर्ण पूर्णा पूर्णी पूर्ति पूर्वज पूर्वल पूर्वी पेचेक पेजको पेजमा पेजमै पेजले पेजेका पेटका पेटको पेटमा पेटिका पेपर पेयको पेयमा पेरुकी पेरुको पेरूमा पेर्रि पेलेको पेलेर पेलेले पेशको पेशेका पैठारी पैताला पैपिला पैसाका पैसाको पैसाले पोकली पोखर पोखरा पोखरी पोखरे पोखेको पोगटी पोटर पोतको पोथीले पोपकी पोपको पोर्ट पोर्न पोलेको पोलेमा पोलेर पोशाक पोषक पोषिलो पोसाक पोसिला पोसिलो पौडिने पौराही १५ ५मा ८५
3	348	ककरु कचुर कचौरा कछारी कटारी कटिँदै कटौती कठोर कडीको कणको कतार कतिको कतिमा कतिले कथाका कथाको कथामा कथाले कदको कदम कदर कदली कदापि कनर कनार कनेरी कपको कपडा कपमा कपर कपाली कपुर कपुरी कपूर कपेला कफीको कबिर कभर कभार कमको कममा कमला कमलो कमिक कमिटी कमिला कमिलो कमीका कमीको कमीले कमेडि कमेडी कमेरो कमैया करनी करम कराँची कराते करार करिना करिव करुड़ करुणा करूणा करेँगे करेती करैया करोडौँ करौँती करौता करौली कलना कलम कलमी कलर कलह कलाँती कलाका कलाको कलाम कलामा कलामै कलिली कलिलो कलेजी कलेजो कलेरा कलैया कवर कवाली कविका कविको कविता कविले कवीर कसको कसम कसमे कसरी कसले कसार कसीमा कसेनी कसेर कसैको कसैमा कसैले कसैलो कसौटी कसौडी कहना कहनू कहानि कहिले काँगडा काँचको काँचुली काँचोमा काँतरे काँधमा काँसको काँसाको काकडा काकाका काकाको काकाले काकीको काखमा काखीमा काखैमा कागको कागति कागती काजमा काजीको काटनु काटिँदै काटेका काटेको काटेर काठका काठकै काठको काठमा काठले कातामा कातेर कानको कानमा कानाको कानिया कानूनी कापीमा काबेली कामका कामको कामदा कामना कामपा काममा कामरू कामला कामले कामुक कायम कायमै कायला कायिक कारक कारको कारमा कारीले कालका कालकै कालको कालमा कालमै कालिका कालिको कालीका कालीको कालोमा कावेरी काशीका काशीको काशीमा काहुले किचक किचेर किटेर किताबी किनकि किनकी किनको किनार किनारा किनारी किनेका किनेमा किनेर किमका किमकी किमको किमले किमिको किमीको किमीमा कियानी किराँती किराती किराना किराले किरावा किरिया किलामा किलोका किशोर किशोरी किसिम कीटाणु कीराले कुँदेर कुँवर कुकको कुकले कुकुर कुकोर कुखुरा कुखुरी कुचर कुटिया कुटिला कुटीका कुटीमा कुटीर कुटुकी कुटुली कुटेर कुडवा कुडारी कुडिया कुनामा कुनैको कुनैमा कुबाचा कुबेर कुभलो कुमार कुमारी कुमारै कुराका कुराको कुरामा कुरारी कुराले कुरिया कुरिलो कुरेको कुलका कुलको कुलमा कुलादि कुलिक कुलीमा कुवाको कुवामा कुसहा कुसाहा कुसिक कुसिलो कुसुम कुहिने कुहिरो कूपया केटको केटले केटाले केटीले केतुको केदार केनरा केनरी केनिया केपमा केमैन केराको केरामा केरौजा केशर केशरी केशव केसीका केसीले केहिले केहीको केहीमा केहीले कैकटि कैदमा कैदीको कैलको कैलाली कैलेको कैसर कोखकी कोखमा कोचको कोचले कोचिला कोजिरो कोटका कोटको कोटमा कोटाका कोटामा कोटिका कोटिको कोटिमा कोटीका कोठाको कोठामा कोडमा कोणमा कोणीय कोतका कोतको कोतमा कोदोको कोपिला कोरमा कोराक कोरिया कोरेर कोलीय कोलोनी कोवमा कोशिका कोशीमा कोषका कोषको कोषडा कोसेली कोहीको कोहीले कौरव कौशिकि कौशिकी कौसीमा
4	328	सकिने सकियो सकेका सकेको सकेमा सकेर सखडा सखर सचिव सजाय सजिला सजिलै सजिलो सजीव सटर सटले सटिक सटीक सडक सतह सतही सतायो सदर सदैव सधैँका सधैँको सनीमा सपना सपने सफाया सफारी सबका सबको सबले सबारी सबेरै सबैका सबैकी सबैको सबैमा सबैले सभाका सभाको सभामा समती समते समय समर समाती समाधि समाय समायो समिति समुह समूह समोरा सयको सरको सरले सरह सराह सरिक सरेको सरेर सलाका सलाफी सलाम सलामि सलामी सलेबी सवार सवारी ससाना ससानो सहको सहजै सहनु सहने सहर सहरी सहरे सहसा सहारा साँखुका साँगुरो साँघुरा साँघुरो साँचेकी साँझको साँझमा साँढेको साँदेर साँधमा साँपका साँपमा साँवरी साकार साकेला साकेवा साखेवा सागर साङगा साङवा साझाले साटियो साठीको साताको सातामा सातौँमा साथको साथमा साथीको साथीले साधक साधना सानको सानिया सानोमा सापको साफमा साभार सामना सामानी सायक सायदै सायामा सारका सारथि सारथी सारियो सारेका सारेको सारेमा सालक सालका सालकै सालको सालमा सालमै साविक साशक सासनी साहना साहसी साहिँली साहिबी साहुजी साहुले सिकागो सिकार सिकारी सिकारु सिकेका सिकेकै सिकेको सिकेर सिङको सिङगे सिजर सिजीका सिजीले सिटको सिटमा सिटीको सिटीमा सिटोको सिडनी सितारा सिनेमा सिनेरा सिपालु सिपाही सिमसा सिमाना सिमामा सिमाली सिमीको सियाला सियोको सियोले सिरक सिरको सिरहा सिराहा सिरिमा सिरेमा सिरोही सिलिका सिलिबु सिलीमा सिलौटो सिवाय सीकरी सीताका सीताको सीपको सीपमा सीपले सीमाको सीमाना सीमामा सुँगुर सुँघेको सुँघेर सुकीका सुकीको सुकीले सुकेका सुकेको सुकेर सुकौरा सुखका सुखको सुखमा सुखले सुगम सुगर सुगुरे सुगौली सुचारु सुचीमा सुजाक सुझाव सुतक सुतेको सुतेर सुदुर सुदूर सुधार सुधारी सुधिर सुनका सुनकै सुनको सुनमा सुनले सुनार सुनिने सुनियो सुनेका सुनेको सुनेर सुनौला सुनौलो सुपको सुपर सुपले सुबह सुमको सुमति सुरमा सुराकी सुरीले सुरुका सुरुको सुरुचि सुरुमा सुरूमा सुरौदी सुशीला सुसारे सुसुम सूचक सूचना सूचीका सूचीको सूचीमा सूदुर सूरीको सेटको सेटमा सेटले सेटिभा सेठको सेतीको सेतीमा सेतुको सेनका सेनकी सेनको सेनाका सेनाकै सेनाको सेनानी सेनामा सेनाले सेफको सेमिको सेयर सेरको सेरामा सेरिना सेरेना सेलर सेलायो सेवाका सेवाको सेवामा सेवाले सैँबुमा सैतानी सैनिक सैलामा सोखले सोचको सोचेको सोधिने सोधियो सोधेका सोधेकी सोधेको सोधेछ सोरठी सोलुको सोवको सोवेटो सौखका सौखले सौतेनी सौदाको सौराहा स्वभाव स्वयम स्वरका स्वरको स्वरमा स्वरले ८७
5	318	मँहगो मककु मकनै मकर मकैको मगर मगही मचाहिँ मजाक मजुरे मझौला मटर मठका मठको मठमा मणिक मणिको मतका मतको मतमा मतले मत्सुया मथुरा मदानी मदिरा मदीना मदुरै मदेखि मधिसे मधुर मधेशी मधेसी मनका मनको मनमा मनले मनसा मनामा मनिला मनुको ममता ममाथि मराठी मरेका मरेकी मरेकै मरेको मरेमा मरेर मर्का मर्छ मर्छु मर्जी मर्द मर्दा मर्दी मर्न मर्ने मर्म मर्यो मलका मलको मलमा मलय मलाम मलामी मलाया मलायो मलावी मलिक मलिलो मलीको मलेखु मल्ल मल्लु मशाला मसँगै मसला मसिना मसिनो मसुर मसूडे मसोली महँगा महँगो महको महगो महतो महत्व महमा महिना महिने महिनौँ महिमा महिला महीना महोबा माँगको माकुरा मागका मागको मागावा मागेका मागेको मागेमा मागेर माघमा माछाका माछाको माछामा माछाले माझका माझमा माझीको माझीले माटाको माटोका माटोको माटोमा माटोले माणिक मातमा माताका माताको माथको माथिका माथिको माथुर माथेमा मादक माधव मानक मानको मानव मानिँदै मानिदैँ मानिने मानियो मानेका मानेकी मानेको मानेमा मानेर मानेरै मापमा माफिक माफिया माफीमा मामाका मामाको मामाले मामिला मायाका मायाको मायामा मारमा मारिँदा मारिने मारिया मारियो मारेका मारेको मारेर मार्क मार्को मार्ग मार्च मार्छ मार्न मार्ने मार्यो मार्स मार्सी मालका मालर मालाका मालामा मालिक मालिनी मालेको मालेमा मालेले मावली माविको मासिक मासुको मासुमा माहिर माहिला माहिली माहिलो मिङमा मिटर मिडिया मितिले मिथिला मिनार मिरर मिरिक मिर्जा मिलको मिलर मिलले मिलिया मिलेका मिलेको मिलेर मिसिँदै मिसिदा मिसिदै मिसिने मीराले मुकाम मुकासा मुखको मुखमा मुखले मुखिया मुगाबे मुटुको मुटुमा मुडमा मुडेर मुनको मुनरो मुनाफा मुनिका मुनिको मुनिले मुभिमा मुरको मुरडो मुरली मुरले मुरीको मुर्छा मुर्ति मुलका मुलकी मुलकै मुलाको मुलुक मुल्ला मुसाको मुसुरो मूर्ख मूर्त मूर्ति मूर्ती मूलक मूलका मूलकी मूलको मूलमा मेघका मेघोली मेचीका मेजर मेटामा मेटायो मेटिने मेटियो मेथीको मेदेखि मेधावी मेनका मेनपा मेयर मेरीका मेरीको मेलको मेलले मेलाको मेलामा मेलिक मेलिया मेषको मेसीले मेहर मेहसि मैथिली मैदानी मैदाने मैनको मैनझैँ मैनाली मैनाले मोगली मोजेक मोटर मोडमा मोडेम मोडेर मोरिया मोरेको मोरेर मोर्चा मोर्स मोलेरै मोहका मोहको मोहडा मोहमा मोहर मोहोडा मौकामा मौखिक मौजामा मौजुदा मौजूदा मौनका मौरीको मौर्य मौलायो मौलिक मौलोको मौसम मौसमी
6	316	बँचियो बकैया बगर बगायो बगाले बगेकी बगेको बगेडी बगेर बगैँचा बघिनी बघेला बचेका बचेकै बचेको बचेर बजार बजारी बजेका बजेको बटनी बटुको बटुले बटुवा बढती बढायो बढावा बढीका बढीको बढीमा बढीले बढेका बढेको बढेछ बढेर बतायो बतासे बतौर बदर बदला बदली बदले बधको बनाइए बनाम बनायो बनायौ बनिने बनेका बनेकी बनेको बनेगा बनेपा बनेमा बनेर बबर बबुचा बमको बममा बयर बरखी बराजु बराठे बराम बराह बरिया बरुवा बलका बलको बलमा बलर बलले बलिका बलिको बलिया बलियो बलिले बलीमा बलौटे बलौटो बल्ल बल्ला बसको बसमा बसले बसाना बसाली बसाले बसाहा बसुँला बसुको बसुले बसेका बसेकी बसेको बसेर बसेरा बहना बहने बहार बहाली बहिनी बहिरा बहिरी बहिरो बहुतै बहुधा बाँकीका बाँकेका बाँकेको बाँचेका बाँचेको बाँचेर बाँडेको बाँडेर बाँदर बाँधमा बाँधिने बाँधेर बाँसका बाँसको बाँसमा बागको बाघको बाघमा बाछिटा बाछीमा बाजाका बाजाको बाजामा बाजाले बाजुरा बाजेको बाजेले बाटनै बाटामा बाटुलो बाटैमा बाटोको बाटोमा बाठोको बाढीको बाणले बादक बाधक बाधेको बानियाँ बानीले बाबर बाबरी बाबाका बाबाको बाबुका बाबुको बाबुले बाबूको बारको बारमा बारह बाराकी बाराही बारीका बारीको बारीमा बारेको बारेमा बालक बालकै बालाजु बालिने बालीको बालीमा बालुवा बालेको बालेर बालोमा बासरा बासीमा बासुकी बासेको बाहिर बाहिरी बाहुला बाहुले बाहेक बिगहा बिगारी बिजया बिजुली बिजोर बिताको बितेका बितेकी बितेको बितेर बिदाका बिदाको बिनाको बिनायो बिपिले बिबिसी बिमला बिमार बिमारी बिमिरा बियर बियोको बियोमा बियोले बिरला बिरलै बिरानो बिरामी बिरालो बिरुवा बिलका बिलको बिलमा बिलय बिलरी बिषय बिषालु बिसेक बिहानै बिहार बिहारी बिहेमा बीकम बीचको बीचमा बीचमै बीजको बीजमा बीनाको बीमाको बुकमा बुझायो बुझेका बुझेर बुढाका बुढाको बुढाजी बुधको बुनेर बुबाको बुबाले बुहारी बेँसीमा बेकामी बेकार बेकारी बेगम बेगर बेगारी बेचियो बेचेको बेचेर बेडाको बेतार बेतिया बेथिति बेनामी बेनीमा बेबीको बेयर बेरेको बेरेर बेलको बेलले बेलाका बेलाको बेलामा बेलुका बेलुकी बेलैमा बेसमा बेसरी बेसिक बेसीका बेहुली बैँसैमा बैङक बैजनी बैठक बैतडा बैतडी बैरागी बोकाको बोकिने बोकेका बोकेकी बोकेको बोकेर बोगटी बोटको बोटमा बोडीको बोडेका बोथाले बोधक बोधमा बोयर बोरका बोरामा बोलको बोलझै बोलायो बोलिने बोलीको बोलीने बोलेको बोसकी बोसको बोसले बोहरा बोहोरा
7	313	कचिडेमा कछडिया कटहर कटानको कटारका कटिहार कटुताको कटौतीमा कणादका कतिखेर कतिबेला कतैकतै कथकली कथाकार कथानक कथानाक कथाहरू कदमका कदमको कदममा कनरको कपडाका कपडाको कपडामा कपडाले कपासमा कपुरको कफनमा कफलीले कफीदेखि कबिलासी कमजोर कमजोरी कमनमा कमनर कमरमा कमलको कमलर कमलरी कमलाको कमलाजी कमलामा कमलाले कमाइएको कमानको कमानमा कमिटिको कमिटिला कमिटीको कमिटीमा कमिटीले कमिसार कमेटीले कमेडिया कमेडीमा कमेरोको कमेरोले कमैयाका करताली करफोक कराँचीको करातेमा करातोया कराहीको करिडोर करियर करुणाकी करुणाको करुणाले करूणाको करोडको कलमको कलममा कलरको कलवार कलशको कलशमा कलाकार कलाघर कलादेखि कलामको कलामले कलेजको कलेजमा कलेजले कलेजोका कलेजोको कवचका कविताका कविताको कवितामा कविताले कवित्वको कविलासी कवीरका कवीरको कवीरले कशेरुकी कसारको कहरवा कहलिने कहलियो कहानिको कहीँकतै कहीँकहीँ काँडाघारी काँडादार काकताली काकतीय कागजमा कागजले कागतीको कागबेनी कागभेला कागहरू काटेपछि काठफोर काठमाडौ काठमाडौँ काणपाते कानकैले कानपाते कानपुर कानूनमै कानूनले काफलको काबुलमा कामकाजी कामतुर कामदार कामदेखि कामनाका कामनाले कामरूपा कामहरु कामहरू कामातुर कामेश्वर कारकत्व कारखाना कारगर कारणका कारणको कारणमा कारणले कारधनी कारबाही कारभोटे कारवाही कारहरू कारागार कारिगरी कारिबको कारुणिक कारोबार कारोवार कार्बाही कार्वाही कालजनि कालदेखि कालबाटै कालापानी कालाहरु कालाहादा कालिकाको कालिकोटे कालिगडी कालिमाटी कालीखोला कालीजुरे कालीबोर कालीमाटी कालेगाँडा कालेश्वर कालोढाडे कालोपोतो किचलोको किटिङले किताबको किताबमा किताबले किननको किनभने किनारका किनारको किनारमा किनारमै किनाराका किनाराको किनारामा किन्ड्रेक किपटको किपरको किमडाँडा किरणका किरणको किरणले किरदार किराँतकै किराँतको किराँतमा किराहरू किरीटमा किलादेखि किलाहरू किलेदार किलेनुमा किसिमका किसिमको किसिमले कीचकको कुँवरको कुँवरले कुकुरका कुकुरको कुकुरमा कुकुरले कुखुराको कुखुराले कुचिपुडी कुटीहरू कुतकुती कुदेशमा कुनातिर कुनैकुनै कुनैदिन कुनैपनि कुबाचाका कुबाचाको कुबाचाले कुमारका कुमारको कुमारजी कुमारले कुमारीका कुमारीको कुमुदिनी कुरबानी कुराकानी कुरानको कुरानमा कुराहरु कुराहरू कुरियर कुरीकुरी कुरीतिले कुरूपको कुलनाम कुलपति कुवेतमा कुशलता कुशेचौरी कुशेश्वर कुहिरोले केटाहरू केदारजी केन्द्रका केन्द्रको केन्द्रमा केन्द्रले केन्द्रीय केबुलको केबुलले केरकार केरलका केरलकै केरलको केरलमा केरलमै केरलामा केरवानी केराबारी केरावारी केरूङको केसरिया केसरीको केसारिया केहीहरू कैदीहरू कैनमर कैलपछि कैलालीको कैलोपेटे कोकाकोला कोखाजोर कोटहरू कोटायक कोटेश्वर कोठरीमा कोणधारी कोदारिया कोदालोको कोपिलाको कोमलता कोरसका कोरसले कोरियली कोरियाका कोरियाको कोरियामा कोरियाली कोरियाले कोलकाता कोलाकुली कोलोनका कोलोनीमा कोलोराडो कोशिकाको कोशिकामा कोसेलीको कोहवारा कौरियाला कौशलको
8	269	पँधेरोमा पकानको पकेटको पखालामा पखालेको पखेटामा पगालियो पगालेर पचमुखे पछाडिका पछाडिको पछिदेखि पछिपछि पटकको पटकथा पटकमा पटखौली पटनाका पटनाको पटनामा पटियाला पटिहानि पटुकाको पठाइएका पठाइएको पडरिया पडसरी पणेनामा पतझर पतनको पतनुका पतरिया पथरिया पथरैया पथलैया पथिकको पदकका पदनाहा पदभार पदहरू पदुमका पनिरको पनिरमा पनौतीका पनौतीको पनौतीमा पन्द्रमा पन्ध्रमा परकीय परकोटे परगना परजीवि परजीवी परपर परपोती परभणी परमाणु परलोक परवाह परसौनी पराजय पराजुली परालको पराशर परासीकै परासीमा परिकथा परिकार परिकौली परिचय परिणति परिणाम परिपक्व परिपाक परिपाटी परिभाषा परिमेय परियार परिवार परिसर परिहालेँ परेकाले परेकोमा परेडका परेपछि परेलमा परेवाका परेशानी पर्चाको पर्छिने पर्टीका पर्टेवा पर्थको पर्दछ पर्दथे पर्दाका पर्दामा पर्दैन पर्नाले पर्नुका पर्नुमा पर्नेको पर्नेछ पर्नेमा पर्बते पर्याय पर्रोहा पर्वाह पर्साको पलासको पशुहरू पसलका पसलको पसलमा पसलेले पसिनाको पसिनाले पहरामा पहराले पहलमा पहाडका पहाडको पहाडमा पहाडले पहाडीको पहाडीया पहिराका पहिरिने पहिरोले पहिलाका पहिलाकै पहिलाको पहिलेका पहिलेकै पहिलेको पहुँचमा पाँचजना पाँचथर पाँचदेखि पाँचपछि पाँचमुखे पाँचवटा पाँचवटी पाँचवटै पाँचसय पाँचैवटा पाकडको पाकरीको पाकेपछि पाखाहरू पाचवटा पाटकर पाटनका पाटनकै पाटनको पाटनमा पाठकको पाठकले पाठनको पाठनमा पाठशाला पाठहरू पातहरू पातेमेला पाथिभरा पाथीभरा पादरीका पानाहरू पानीजति पानीमाथि पानीमुनि पानीवाला पारसले पारहरू पारिणाम पारिरहे पारेकाले पारेकोले पारेपछि पार्कको पार्कमा पार्टिका पार्टिला पार्टीका पार्टीकै पार्टीको पार्टीमा पार्टीले पार्नका पार्नको पालनमा पालादेखि पालाहरू पालैपालो पिँजराको पिकनिक पितलले पिताजीको पिताजीले पिनासले पिपलको पीडाहरू पीडितका पीडितको पीतोदर पीपलको पुकारियो पुगेपछि पुछारमा पुजारीको पुतनाको पुतलीका पुराणका पुराणको पुराणमा पुराणमै पुराणले पुरानको पुरीहरू पुरुषको पुरुषले पुरूषको पुरूषले पुरैनीया पुर्खाका पुर्खाको पुर्खामा पुर्खाले पुर्खौली पुर्चौडी पुर्यायो पुलचोक पुलतीको पुलहरू पुलिसको पुलिसले पूरकको पूरापुर पूर्णता पूर्णिमा पूर्णिया पूर्णीमा पूर्तिका पूर्वीय पूर्वेली पेकिङमा पेटकैले पेटभरि पेरियार पेरिसका पेरिसको पेरिसमा पैठारीमा पैतालाको पैसादेखि पोकलीको पोखराका पोखराको पोखरामा पोखरिया पोखरीको पोखरीमा पोतहरू पोथीहरू पौडेलको पौडेलजी पौडेलले पौराणिक १५मा
9	257	मकबरा मकवानी मकानमा मखनको मखमली मगजमा मगरका मगरकी मगरको मगरले मगहर मचानका मजदुर मजदूर मजबुर मटरको मटरमा मतदाता मतलव मतहरू मतैकता मत्सुकाता मथुराको मथुरामा मदरको मदीनाका मधुबाला मधुमाता मधुमेह मधेशको मधेसको मनतातो मनमनै मनमाया मनसाय मनहरी मनिलामा मनेरको मनोदशा मनोरम मनोहर मनोहरा ममताकी ममलूक मरणमा मरिचको मरियम मरिसके मर्केको मर्जमा मर्डर मर्दछ मर्दैन मर्फीले मर्यादा मलहम मशालका मसलाको मसालको मसालमा मसीहको महकुमा महतले महतोले महत्वको महबारी महमति महलका महलको महलमा महाकवि महाकाय महाकाली महागौरी महादेव महानदी महानिले महाबली महामाया महामारी महायानी महारथी महाराजा महारानी महावीर महिनाका महिनाको महिनामा महिनामै महिलाका महिलाकी महिलाको महिलामा महिलाले महिषीका महोत्सव महोदय माकुराको मागहरू माछादेखि माछाहरू माटामुनि माटीकोरे माडवारी माडेलको माथितिर माधापुर मानदेव मानपुर मानवको मानवता मानवमा मानवले मानविकी मानवीकि मानवीय मानसिक मानिनेछ मानिसका मानिसको मानिसमा मानिसले मामलका मामलाको मामलामा मामलाले मामलेमा मामाघर मामाहरू मामिलामा मायरले मारियाना मारियोले मार्कोनी मार्गको मार्गमा मार्गरी मार्गले मार्गीको मार्चको मार्चमा मार्दछ मार्नको मार्मिक मार्सेमा मालवाका मालिकको मालिकले मालेमाको मावलामा मावलीले मासिकको मासुमाछा माहदेव मिटरको मिटरमा मिडवेको मिडियामा मिडियाले मिथिलाको मिनटोकु मिनातोमा मिनिनको मिनेटका मिनेटको मिनेटमा मिर्चैया मिलनका मिलवकी मिलानको मिलितेर मिसनका मिसनको मीडियाका मुकाबला मुकासाले मुखहरू मुखियाको मुखियाले मुताबिक मुताविक मुनाहरू मुबारक मुरलीको मुर्तिको मुर्तिले मुलककी मुलरको मुलरले मुलुकका मुलुकको मुलुकमा मुलुकले मुसहर मुसोकेले मुहानमा मुहारमा मूर्खता मूर्तिको मूर्तिमा मूर्तिले मूलखोला मूलघर मूलढोका मूलथर मूलथलो मूलाधार मेचीदेखि मेजबानी मेजरका मेजरमा मेटिँदैन मेटिदिने मेटिनेछ मेनकाकी मेनकाजी मेनकाले मेरठमा मेलेनोमा मेसनर मेसिनको मेसिनमा मेसिनरी मेहनती मेहसिमा मैथुनको मैथुनिक मैदानको मैदानमा मैदानमै मैनालीको मोटरको मोटरमा मोटामोटी मोडलका मोडलको मोडेमको मोडेलको मोतिहरू मोतिहारी मोतीराम मोनलम मोनासका मोनिकाको मोरङको मोर्चाका मोर्चाको मोर्चामा मोर्चाले मोहडाको मौजाहरू मौनतामा मौर्यको मौलसिरी मौलिकता मौसमको मौसममा
10	244	नकुलको नकुलले नगरका नगरको नगरमा नगरले नगराको नगराले नगरिने नगरीको नगरीमा नगरीय नगरेका नगरेको नगरेर नगरेरै नगलेको नगारिक नचलेको नचाहँदा नचाहँदै नचाहने नजरमा नजरमै नजरले नजानेका नजिकका नजिकको नजिकिँदै नजिकैको नजिकैमा नजीकको नजीकैको नदिनाले नदिहरू नदीदेखि नदीनाला नदीपारी नदीमाथि नदीहरू नदेखेर ननासिने नपरेको नपरेर नपाकेको नपुगेका नबदली नबिनका नबिनको नबिनले नबुझेको नबुझेर नभेटिने नभेटेर नमाजका नमाजको नमानेको नमानेमा नमिलेका नमिलेको नमिलेर नमुनाका नमुनाको नमुनामा नरकको नरकमा नरविर नरहने नरहरि नरहेका नरहेको नरायणी नरोकिदा नर्कमा नर्डिक नर्तकी नर्फोक नर्भिक नर्मदा नर्वेको नर्सका नर्सको नर्सरी नलागेको नलागेमा नलेखेर नलेनले नवमीका नवमीमा नवाफका नवीनकै नवीनले नसकिने नसकेका नसकेको नसकेता नसकेमा नसकेर नसमाती नसुनेका नहरको नहुनुको नहेरेको नागदह नागपुर नागबेली नागरिक नागरीक नागरीका नागरीले नाङपाला नाचघर नाचहरू नाटकका नाटकको नाटकमा नाटकले नाटकीय नातागोता नाताहरू नातिनीको नातेदार नानीहरू नाफाखोर नाबालक नाभिकको नाभिकमा नाभिकीय नामहरू नायकका नायकको नायडूले नायिकाका नायिकाको नारकीय नारदका नारदले नारयणी नाराजगी नारायणी नारीमाथि नारीवादी नालामाथि नालाहरू नासपाती निऋतिको निकटका निकायका निकायको निकायमा निकायले निकालामा निकालियो निकालेका निकालेको निकालेर निकासको निकोबार निगमको निगमले निगमीय निगरानी निगाहमा निचोरेको निचोरेर निजहरू निजादती निजामति निजामती निदानका निदानको निधनमा निधारमा निधिपति निपातमा निभाइएको निभाडाको निमाविको निमाविमा नियमका नियमको नियममा नियामक नियालेका नियोगका नियोजक निरमती निरालाको निराशाको निराहार निरोधक निर्जीव निर्णय निर्दयी निर्भर निर्भाह निर्भिक निर्मम निर्मला निर्मली निर्माता निर्वाह निवारक निवासमा निवासीको निशानको निषेधमा निषेधले नीतिकथा नीतिहरू नीलतभा नेजियम नेताहरू नेपलीमा नेपालका नेपालकी नेपालकै नेपालको नेपालमा नेपालमै नेपालय नेपालले नेपालीका नेपालीको नेपालीमा नेपालीमै नेपालीले नेबुलाका नेवारको नेवारले नेहरुको नेहरुले नैपालमै नोकरको नोकरीका नोकरीमा नोकियाको नौकरीमा नौबेडेका नौवहरू नौसेनाका नौसेनाले नौसैनिक न्युअरले
11	221	बखतमा बगुचीको बगैँचाको बगैँचामा बघिनीको बघिनीले बचावका बजाजले बजारका बजारको बजारमा बजारले बजारिँदै बजेटमा बजेतिर बझाङको बटार्दै बटुलेर बटुलोमा बढाइएको बढाइएयो बढार्न बताइएका बताइएको बदनाम बदलाको बदलामा बदलाव बदलिँदो बदलियो बदलेर बदामको बनाइएका बनाइएको बनियाँको बनेकोले बनेपामा बनोटको बनौटको बनौधिया बफादार बबासिर बयानको बयानमा बयानले बरनाला बरफको बरफले बरमुडा बरसाती बराँठको बराबर बराबरी बराबरै बरामदा बरालका बरालको बरालले बराहको बर्थका बर्थडे बर्दिया बर्बर बर्माका बर्माको बर्मामा बर्मेली बर्सेनी बर्सेर बलदेव बलबिना बलरले बलराम बलशाली बलिदानी बलिदिने बलेसीका बससेवा बसहरू बसाइएको बसालेका बसालेर बसाहाको बसेकाले बसेकोमा बसेकोले बहरको बहादुर बहानामा बहावको बहिनीमा बहिनीले बहुलाह बाँधहरू बाँसगाढी बाँसपानी बाँसबारी बाकसको बाकसमा बागडोर बागमती बाचाहरू बाजरामा बाजाहरू बाजुराको बाटाहरू बाटोतिर बाटोहरू बाणहरू बादलका बादलले बाबरले बाबुराम बारपेटा बारबरा बारबार बारादरी बाराहीको बारुदको बारूदमा बालकका बालकको बालकथा बालसखा बालाजुको बालाजुमा बालिहरू बालीनाली बालीहरू बासकोटा बासमढी बासीहरू बासुदेव बाहदुर बाहनमा बाहिरक बाहिरका बाहिरको बाहिरिँदा बाहिरिने बाहुनको बाहुहरू बाहेकका बिगारेको बिगार्न बिजलीको बिजुलीका बिजुलीको बिजुलीमा बिनाजरी बिमारीका बियरको बिरपारा बिरहमा बिरामीको बिरामीमा बिरामीले बिरालोले बिर्सेको बिषयमा बिहानको बिहानाको बिहारको बिहारमा बीचहरू बीचारमा बीजेपीको बीबरले बीबीसीले बुँदाहरू बुकरका बुढाबारे बुढिचौर बुधतुला बुधबार बुधबारे बुधराम बुधवार बुलबुले बुलाकीको बुलाकीमा बेकारमा बेगमको बेगमले बेचनीका बेजेराले बेतनको बेदखली बेलहरू बेलहारे बेलाहारे बेलुकाको बेलुकीको बेसारको बेसिनमा बेसीतिर बेसीहरू बेहुलाले बेहुलीको बेहोराले बेहोरेको बेहोर्दै बैठकका बैठकमा बैठकले बैभवले बोगटीको बोटबाटै बोटहरू बोटानीमा बोतलमा बोर्डको बोर्डमा बोर्नियो बोलबाला बोलवाला बोलिदिने बोलीचाली बोहराका बोहराले १२बाट
12	218	नआउँदै नआउने नकिम नखाने नगदे नगर नगरा नगरी नगरे नचारु नचाही नचाहे नजमा नजर नजाँदा नजानी नजाने नजारा नजिक नजिकै नजिता नजीक नजीकै नजोडी नठोसी नतासा नतिजा नदिँदै नदिको नदिने नदिमा नदिया नदीका नदीको नदीमा नदीले नदेखे नपर नपाइए नपामा नपुगी नफसी नफाली नफिसा नबढी नभनी नभर्इ नमरी नमानी नमार नमुना नमूना नरक नरम नरहे नराखी नरिता नर्थ नर्बु नर्म नर्स नलागी नलिने नलेखी नलेखौँ नवम नवमी नवाह नवौँमा नशालु नसकी नसके नसामा नसुनी नसुने नसोचा नहर नहुँदा नहुँदै नहुँदो नहुने नहेरी नहोला नाकको नाकमा नाकले नाकैमा नागको नागले नागाकी नाघेको नाघेर नाचका नाचको नाचमा नाचिने नाचेको नाचेर नाजुक नाटक नाडुमा नाताले नातिनी नातीना नाथमा नादिर नानीको नानोका नानोको नानोमा नाफामा नाभिक नामक नामका नामको नाममा नामले नायक नायव नायिका नारङी नारीकै नारीको नारीले नारेर नावहि नाविक नाशक नासाको नासाले नासिने नासुके नासोका नाहिमा निऋति निकाय निकाला निकाली निकाले निकालौँ निकासी निकोला निखार निगम निगाली निगाले निगालो निगौली निचली निचोरी निजको निजले निटक निधार निपाने निभाडा निभायो निमको निमुखा नियति नियम निरमा निराला निराशा निरुता निरोधी निरौला निर्धो निलाजी निलेछ निवारो निवासी निशाना निशानी निशामा नीतिका नीतिको नीतिले नीमको नीलम नूटका नेकपा नेकाका नेकाको नेटिव नेटोका नेटोको नेताका नेताको नेताजी नेतामा नेपार नेपाला नेपाली नेपाले नेबुला नेभर नेभारो नेयुमा नेर्पा नेवार नेवारी नेविली नेवीको नेहरू नैगम नैतिक नैतिको नैनीमा नोकरी नोकिया नोवामा नौकाको नौनीमा नौबिसे नौमति नौमती नौसेना
13	212	जकाया जगतै जगमा जगर जगेडा जगेरा जडेर जतिकै जतिको जतिनै जनक जनका जनको जनता जननी जनमा जनाको जनाले जफर जबकि जबकी जमाना जमुना जमुनी जमेको जमेर जराको जरामा जरायो जरुर जरुरी जरूरी जलका जलको जलमा जलले जलाइए जलिय जलीय जलेको जलेर जवडी जवानी जसका जसको जसमा जसरी जसले जहदा जहदी जहारी जहिले जाँगर जाँचको जाँचियो जाँडको जाँतामा जाँदैछ जाँदैछौ जाकिया जाकिर जागर जागिर जागिरे जागीर जागीरे जागेर जाङपो जाडोको जाडोमा जातक जातका जातको जातमा जातले जातिका जातिको जातिमा जातिले जातीका जातीको जातीय जादुको जानका जानकी जानको जानाको जानाले जानिने जानेका जानेको जानेछ जानेछु जानेछौँ जानेभो जानेर जानेरै जापानी जामको जामिया जालना जालपा जालमा जालीको जालीमा जालौर जावीले जाहेर जिकिर जितको जितिया जितियो जितीया जितुले जितुवा जितेका जितेकै जितेको जितेर जिनको जिनले जिमाली जियम जिराका जिरीको जिरीमा जिलामा जिवाजी जिहुलि जीतका जीतको जीनको जीवनी जीवनै जीवमा जीवले जीवाणु जीवितै जुकती जुकाको जुकाले जुगको जुगाँर जुगेडी जुझारु जुटको जुटुने जुटेका जुटेको जुठोको जुडुवा जुडोको जुडोमा जुनको जुनमा जुनले जुनाको जुनिया जुनेली जुरेछ जुरेली जुलका जुलाहा जुलाहे जुलिया जुवाडे जुवामा जूनका जेठको जेठमा जेठोले जेनानी जेफरी जेफाले जेबमा जेरेमी जेलका जेलको जेलमा जेलमै जेलर जेलूपा जेवाना जेसुकै जैकीको जैनका जैसीका जैसीले जोखिम जोगिने जोगियो जोगीको जोगीनी जोडने जोडले जोडिँदै जोडिने जोडीले जोडेका जोडेको जोडेर जोतरा जोरको जोशीको जोशीजी जोशीले जोसुकै जौहर जौहरा ज्वरमा ज्वरोको ज्वरोमा
14	206	ऋचीक ऋणले ऋतुका ऋतुको ऋतुमा ऋषिका ऋषिकी ऋषिको ऋषिमा ऋषिले ऋषीको रकम रङका रङको रङमा रचना रचने रचियो रचेका रचेको रचेर रजर रजौटा रटेको रतुवा रथको रथमा रनको रनमा रनवे रफीले रबर रमका रमिता रमेर रयला रसको रसमा रसले रसिला रसिलो रसुवा रहँदा रहँदै रहको रहनु रहने रहयो रहर रहेक रहेका रहेकी रहेकै रहेको रहेछ रहेझैँ रहेता रहेमा रहेर राँगाको राकम राखने राखिने राखियो राखुँला राखेका राखेकी राखेको राखेमा राखेर रागको रागिला राजका राजको राजमा राजाका राजाकै राजाको राजामे राजाले राणाका राणाको राणाजी राणाले रातका रातको रातमा रातिको रातिमा रातीको राथले रादेक राधाको राधिका रानाको रानाले रानीका रानीको रानीले रामका रामको रामजी रामले रायको रायमा राशिका राशिको राशिमा राशीको राशीमा रासक रासोमा राहुका राहुको राहुले रिँगटा रिजको रिटाम रिडीमा रितार रिनेम रिभर रिमाले रिवर रिसले रीजको रीतिले रुकुम रुखका रुखको रुखमा रुखले रुचिको रुचिमा रुसका रुसको रुसमा रूकुम रूखका रूखको रूखमा रूडको रूडले रूपक रूपका रूपको रूपमा रूपमै रूपले रूसमा रूसोको रेखाको रेखामा रेगिना रेटौला रेडियो रेणुका रेणुको रेलको रेलमा रेलवे रेशम रेहको रोकाकी रोकाको रोकियो रोकेका रोकेको रोकेर रोगका रोगको रोगमा रोगले रोगीका रोगीको रोगीमा रोगीले रोङजी रोचक रोजको रोजर रोजले रोजिशा रोजेका रोजेर रोटको रोटरी रोटीको रोटीले रोडमा रोदीमा रोपनि रोपवे रोपिने रोपेको रोपेर रोमक रोमको रोलको रोलर रोवर रोशीको रोशीले रोसीको रोहिणी रौताको
15	205	गङको गजाको गजुर गजुरी गजोले गठिलो गडौली गढीको गढीमा गणक गणको गणना गणले गणाना गतिका गतिको गतिमा गतिले गतिलो गतेका गतेको गधामा गनिने गनेका गमला गयाको गयामा गरकै गरको गरने गरम गरले गराने गरायो गरार गरिँदा गरिँदै गरिने गरिबी गरिमा गरियो गरीना गरीबी गरेका गरेकी गरेकै गरेको गरेझैँ गरेता गरेमा गरेर गरेरै गरौँला गर्छ गर्छु गर्छे गर्छौ गर्छौँ गर्जा गर्थे गर्थेँ गर्द गर्दा गर्दै गर्दो गर्न गर्ने गर्नै गर्म गर्मी गर्यो गर्यौ गर्यौँ गर्ल गल्ली गहना गहमा गहरा गहिरा गहिरे गहिरो गहुँमा गाँसियो गाँसेकै गाँसेको गागिया गाडको गाडामा गाडीमा गाडेको गाडेर गाडौली गाथाका गाथामा गाभियो गायक गायिका गारोको गार्ड गालको गालमा गालाको गालामा गालीका गिँडेर गिगर गिटार गितार गिनीका गियर गिरिको गिरिह गिरीले गिरेको गिर्ने गीतका गीतको गीतमा गीतले गीतव गीताको गुँदरी गुजर गुजारा गुठली गुठीका गुठीकी गुठीको गुठीले गुडेका गुणका गुणको गुणले गुदीमा गुनिया गुफाको गुफामा गुमायो गुमेको गुरुको गुरुजी गुरुले गुर्जा गुर्जो गुलाफी गुलाम गुलिया गुलियो गुलेली गेटको गेटवे गेटेले गेडही गेडामा गेडाले गेदले गेमको गेरेका गेलुक गोगने गोठमा गोठादी गोठाला गोठाले गोठालो गोडाको गोडामा गोडाले गोतामे गोदक गोदबा गोदवा गोदार गोधरा गोधुली गोपीको गोबर गोबरै गोमती गोमाको गोमायु गोरको गोरखा गोरीका गोरीले गोरुको गोरेटो गोर्खा गोर्खे गोलको गोलमा गोलले गोलाको गोलोमा गोवाको गोवामा गोहीको गौँडाको गौँथली गौणता गौतम गौतमी गौरमा गौरव गौसका
16	186	गजनीका गजबको गजरौला गजलम गजुरमा गठनका गडबडी गणनाका गणनाको गणनामा गणितका गणितको गणितमा गणितले गणितिय गणितीय गणेशका गणेशको गणेशजी गणेशले गतिकीको गतेदेखि गरकोमा गरवाना गराइएका गराइएको गरिँदैन गरिदिन गरिदिने गरिदियो गरिनमा गरिनाले गरिनुका गरिनेछ गरिबीको गरिमाको गरिरही गरिरहे गरिसके गरिसकेँ गरिहेका गरिहेको गरीबीमा गरुडको गरूडमा गरेकामा गरेकाले गरेकोछ गरेकोमा गरेपछि गरेपनि गर्दछ गर्दछु गर्दछौँ गर्दछ्न् गर्दथे गर्दाको गर्दिन गर्दैछ गर्दैछु गर्दैन गर्दैमा गर्नका गर्नको गर्नमा गर्नमै गर्नाका गर्नाको गर्नाले गर्नुका गर्नुको गर्नुले गर्नेको गर्नेछ गर्नेछु गर्नेछौ गर्नेमा गर्नेले गर्भमा गर्भिणी गर्मीका गर्मीको गर्मीमा गर्योको गर्लको गलकोटे गलतमा गलैँचामा गल्लीको गहकिलो गहतको गहनाको गहनाले गहिरियो गह्वरीय गाँठाहरू गाथाहरू गायकको गायकले गायनका गायनको गायनले गायनामा गायिकाका गारतको गारदमा गाविसका गाविसको गाविसमा गाविसले गिरवारी गिरिदेखि गिर्खाले गिलनको गीतकार गीतदेखि गीतहरू गुगलको गुगलले गुठीबारे गुणकारी गुणहरू गुनासोको गुनासोमा गुबारको गुराँसको गुराँसले गुरुङका गुरुङको गुरुङले गुरुचेला गुरुहरू गुरूजीको गुरूसम गुरूहरू गुर्जोको गुलजारी गुलिमरी गेटदेखि गेलालले गेसरको गैमेजको गैरहनु गैरहेका गैरहेको गोकर्ण गोकर्णी गोकर्णे गोचरमा गोठपानी गोठाटार गोठालाको गोठालाले गोदावरी गोपर्मा गोपालको गोपालजी गोपीराना गोपीहरू गोबरको गोबरमा गोबरले गोमनको गोरखाका गोरखाकै गोरखाको गोरखामा गोरखाली गोराहरू गोरुसिङे गोर्खाका गोर्खाली गोलाकार गोलीबारी गोहीहरू गौँथलीको गौकोटमा गौचनले गौतमका गौतमको गौतमजी गौतमले गौतमीको गौतमीले गौरवको गौहाटीमा
17	181	दङनी दमक दमकु दमको दमिनी दमौली दयाका दयाको दरको दरमा दरले दरिने दरिलो दरौदी दर्ज दर्जा दर्जी दर्ता दर्मा दलका दलको दलमा दलले दलीय दलेर दवाडी दशक दशम दशमी दशाका दशामा दशैँको दशैँमा दशैको दशौँमा दहमा दहीमा दाँजेको दाँजोमा दाँतको दाँतमा दाखिला दागडा दागमा दाङको दाङमा दाजुको दादर दानीका दापमा दाममा दायक दायर दायरा दालको दावीमा दासका दासको दासले दाहिने दिइएका दिइएको दिइएछ दिइएन दिइन्छ दिईएको दिएन दिङरी दिदीको दिदीले दिनका दिनको दिनमा दिनमै दिनले दिनहुँ दिनहूँ दिनाले दिनुका दिनेछ दिनेछु दिपक दिपिका दियोको दिलेर दिवाना दिशाका दिशाको दिशामा दिशाले दीपक दीपको दीर्घ दुखका दुखको दुखमा दुखेको दुखेमा दुखेर दुगुना दुधको दुबैका दुबैको दुबैमा दुबैले दुरिमा दुरीमा दुर्ग दुर्गा दुर्वल दुर्वा दुलहा दुलही दुलीको दुवाडी दुवैको दुवैमा दुवैले दुवोको दुहाबी दूतका दूतले दूधको दूधमा दूरिमा दूरीका दूरीको दूरीमा देखायो देखिँदा देखिँदै देखिँदो देखिका देखिकि देखिको देखिने देखिनै देखियो देखेका देखेकी देखेको देखेछ देखेमा देखेर देवका देवता देवले देवानी देवाली देवीका देवीकै देवीको देवीमा देवीले देशका देशकै देशको देशमा देशमै देशले देसका दैनिक दैनिकी दैविक दैवीय दोखाम दोखामा दोदोमा दोर्जे दोलखा दोषको दोहली दोहोरी दोहोरो दौडँदै दौडको दौडमा दौडेर दौरमा दौरेका दौरेमा
18	178	संकाय संगम संगालो संचार संजीव संदेह संयम संसार संहार संहिता सकाएका सकिएको सकृय सक्कली सक्खर सक्तैन सक्तैनौँ सक्दछ सक्दछु सक्दछौँ सक्दथे सक्दिन सक्दैन सक्दैनौ सक्दैनौँ सक्नेछ सक्नेछौँ सक्नेमा सक्नेले सक्रिय सक्षम सख्खर सङ्गति सङ्गम सङ्घका सङ्घकै सङ्घको सङ्घमा सङ्घले सङ्घीय सजिएका सजिएको सञ्चय सञ्चार सञ्जम सट्टामा सड्दैन सताएको सत्कार सत्तरी सत्ताका सत्ताको सत्तामा सत्यको सत्यता सत्रको सत्रमा सन्जम सन्जिता सन्तति सन्तती सन्तले सन्दुक सन्देह सन्धिका सन्धिको सन्धिमा सन्धिले सन्नाटा सन्सार सप्तम सप्तमी सप्तरी सप्ताह सप्रेको सब्जीको सब्सिडी सभ्यता सम्झँदा सम्झना सम्झने सम्झेको सम्झेर सम्झौता सम्पति सम्पदा सम्भार सम्मका सम्मको सम्ममा सम्शेर सम्हाली सम्हाले सल्फर सस्तोमा साक्षर साध्यको सान्तोसा सान्दिनो सान्नानी सारिएका सारिएको सिंघको सिंहका सिंहको सिंहले सिकाएका सिकाएकी सिकाएको सिक्कामा सिक्किम सिक्दैछु सिक्नका सिङ्गर सिज्मिक सिज्वेका सित्तैमा सिद्दिका सिद्दिकी सिद्धको सिद्धिका सिद्धिमा सिन्दुर सिन्दूर सिन्धुली सिम्कौली सिम्थली सिम्पाली सिलाइको सिल्भर सिस्टको सिस्टम सिस्नुको सुक्दैन सुत्केरी सुत्नाले सुत्रमा सुद्रीमा सुनाइयो सुनाएका सुनाएकी सुनिएकै सुन्तला सुन्तले सुन्दर सुन्दरी सुन्नको सुन्नमा सुन्नाले सुन्निने सुन्सरी सुप्रिम सुम्निमा सुम्पनु सुम्पने सुम्पिने सुम्पियो सुम्पेका सुम्पेको सुम्पेर सूत्रका सूत्रको सूत्रमा सूत्रीय सेक्टर सेन्चुरी सेन्टर सेन्टरी सेन्टीगो सोचाइका सोच्दैनौ सोद्धछ सोधिएको सोधिएछ स्वप्नमा स्वप्नामा ७जना ७०
19	162	सकी सकूँ सके सकेँ सकौँ सडी सडे सती सदा सधा सधै सधैँ सफा सबै सभा सम समा सय सयौँ सर सरी सरे सवा सवै सह सहि सही सहे साँखु साँगा साँचै साँचो साँझा साँढे सागा साझा साझी साटो साठी साडी साढे साता सातु सातै सातौँ साथी साथै सादा साधु साना सानी सानै सानो साफा साबि साम सामु सारा सारी सारे सारेँ सारै सारौँ साली सालो साह सिँसिँ सिक सिके सिकेँ सिङे सिजी सिटि सिटी सिटो सिठी सिडी सित सिता सितै सिधा सिधे सिधै सिधैँ सिपी सिम सिमा सिमि सिमी सिमे सिर सिली सिसा सिसी सिसौ सीको सीता सीधा सीमा सीवी सुकी सुकै सुख सुखा सुखी सुखै सुगा सुघा सुते सुने सुनेँ सुफि सुफी सुम सुमो सुर सुरु सुरू सूचि सूची सूफी सेता सेती सेतै सेतो सेना सेमि सेमी सेर सेरा सेलो सेवा सेवी सैन सैम सैला सोको सोची सोचे सोझा सोझी सोझै सोझो सोधे सोना सोनि सोनी सोम सोमा सोली सोलु सोव सोहि सोही सौम सौर सौरि स्वको स्वर स्वरे १६ ६०
20	162	पकाउँदा पकाउनु पकाउने पकाएको पकाएर पक्रने पक्रेर पक्षका पक्षको पक्षमा पक्षले पक्षीको पग्लने पग्लिने पग्लेर पचाएर पछाउनी पट्टर पट्टिको पट्टीमा पट्टेक पट्मारा पठाइने पठाइयो पठाउँछ पठाउँदै पठाउनु पठाउने पठाएका पठाएको पठाएमा पठाएर पढाइका पढाइको पढाइने पढाइमा पढाउँथे पढाउँदा पढाउनु पढाउने पढाएको पढाएर पढिएकै पढ्नका पढ्नाले पढ्नेको पत्थर पत्नीका पत्नीको पत्नीले पत्रक पत्रमा पत्रले पत्रिका पथ्यमा पद्दति पद्धति पद्यको पद्यमा पन्तको पन्तले पन्थमा पब्लिक पराउँदा पराउने परिएका पलाएका पलाएको पलाएझैँ पलाएर पल्टमा पल्टिँदा पल्सर पव्लिक पस्कँदै पस्कने पस्दैन पाइनुको पाइनेछ पाइलाको पाउनका पाउनको पाउनमा पाउनुका पाउनुछ पाउनेछ पाउनेछौ पाएनछ पाएपछि पाक्षिक पाण्डव पाण्डुकी पाण्डुय पाण्डेका पाण्डेको पाण्डेय पाण्डेले पात्रको पात्रमा पात्रले पात्रोमा पान्थरे पान्नाले पारिएका पारिएको पालिएका पालिएको पाल्नुको पाल्पाकै पाल्पाको पाल्पामा पाल्मर पाल्मेर पिक्चर पिक्निक पिज्जाको पिण्डको पिण्डमा पिण्डले पितृको पिनिएको पिप्राको पिसिएको पिस्तीमा पुगिएको पुग्दछ पुग्दथे पुग्दैन पुग्नका पुग्नमा पुग्नेछ पुच्छर पुञ्जको पुण्यको पुत्रका पुत्रको पुत्रदा पुत्रमा पुत्रले पुश्कर पुष्कर पुष्टिको पुष्पले पुस्कर पुस्तक पुस्ताका पुस्ताको पुस्तामा पुस्ताले पुस्तिका पेट्रिक पेत्राका पेत्राको पेल्नको पैट्रिक पैतृक पोट्लाको पोत्लाको पोम्सको पोस्टको पोस्टमा पौष्टिक
21	162	हँगेरी हँसायो हकका हकको हकमा हकरा हकले हकीको हजमा हजार हजारा हजारी हजारे हजारौ हजारौँ हजुर हटको हटले हटेर हठका हडिया हतार हतारी हदका हदमा हदैन हमला हरफे हराम हरायो हरिया हरियो हरूको हरूमा हरूले हरेक हर्के हर्दा हर्न हर्रा हर्ष हर्षा हलको हलमा हलले हलीले हलुका हलोको हल्ला हवारी हाँगाका हाँगामा हाँसका हाँसीका हाँसेर हाकिम हातका हातको हातमा हातले हाथमा हानिको हानियो हानेको हानेमा हामीमा हामीले हायर हारको हारेका हारेको हार्दै हार्ने हालका हालको हालमा हालाकि हालिने हालेको हालेमा हालेर हालैका हालैको हालैमा हावडा हावाका हावाको हावामा हावामै हावाले हिँडनु हिँडने हिँडेका हिँडेकै हिँडेको हिँडेर हिजरी हिजोको हिटको हितका हितको हितमा हिनोक हिमाली हियर हिराको हिरोका हिरोको हिलारी हिलोमा हीतमा हुँदाका हुँदाको हुँदैछ हुँदैन हुदैन हुनका हुनको हुनमा हुनाका हुनाको हुनाले हुनुका हुनुको हुनुमा हुनुले हुनेका हुनेको हुनेछ हुनेछु हुनेछौ हुनेमा हुनेले हुर्के हुलमा हुलाक हेतुको हेतुले हेथाम हेनरी हेयर हेरिने हेरेका हेरेको हेरेर हेर्छ हेर्छु हेर्थे हेर्दा हेर्दै हेर्न हेर्ने हेर्यो हेलेना हेल्लो हैकम हैजाले होमिने होलको होलीमा होसमा हौसला
22	156	संकटका संकलक संकायको संकायमा संकीर्ण संगममा संगीतका संगीतको संगीतमा संगीतले संचारका संचारको संचारमा संजमले संजालको संजीवनी संदशीय संभारको संभोगको संयोगले संयोजक संरचना संविधिका संवेगका संवेदना संसदका संसदकी संसदको संसदमा संसदले संसदीय संसारका संसारकै संसारको संसारमा संसारमै संसारले संहिताका संहितामा सकृयता सक्खरमा सक्पर्क सक्रियता सङ्कटका सङ्कटको सङ्कटमा सङ्कटाको सङ्कीर्ण सङ्खाकार सङ्गममा सङ्गालेका सङ्गालेर सङ्गितको सङ्गीतका सङ्गीतको सङ्गीतमा सङ्घटक सङ्घर्ष सङ्घीयता सज्जनले सञ्चारका सञ्चारको सञ्चारमा सञ्चालक सञ्जालमा सञ्जीवनी सत्तरीको सत्यतपा सत्यताको सत्रुताको सद्भावको सद्भावना सन्जालको सन्जासमा सन्तपना सन्तबीर सन्तानका सन्तानको सन्तानमा सन्तानले सन्तोषजी सन्देशको सन्देशमा सन्यासीको सप्तमीका सप्तरीमा सप्ताहको सभ्यताका सभ्यताको सम्झनाका सम्झनाको सम्झनामा सम्झनाले सम्झाइएको सम्झौताका सम्झौताको सम्झौतामा सम्झौताले सम्दनको सम्पदाका सम्पदाको सम्पर्क सम्पादक सम्पूरक सम्पूर्ण सम्भावना सम्भोगको सम्मानका सम्मानको सम्मानमा सम्मानीय सम्राटको सम्शेरका सम्शेरको सम्शेरले सम्हतिको सम्हालेका सम्हालेर सल्यानकी सल्यानीको सांसदको सांसारिक साक्षरता सान्सारिक साप्ताहिक सिंगारेको सिंगासैन सिंहतिर सिंहलिला सिंहासैन सिक्किमका सिक्किमको सिक्किममा सिक्किमेली सिग्देलको सिग्नलको सिग्नलमा सिङ्हासैन सिन्थेटिक सिन्दुरको सिन्दुरमा सिन्धुलीका सिन्धुलीको सिन्धुलीमा सिस्टमको सिस्टममा सुन्दरता सुन्दरीको सुन्धाराको सुम्निमाको सुम्निमाले सुल्तानले सेक्टरमा सेन्टरको सेन्विचको “सम्पूर्ण
23	155	भँगेरा भएन भगोडा भतिजा भतिजी भतेर भतौडा भदौमा भदौरे भनिछ भनिने भनियो भनेका भनेकी भनेकै भनेको भनेछ भनेझैँ भनेर भनेरै भमरा भयका भयकै भयले भयोका भरणी भरमा भरिका भरिको भरिणी भरिने भरिमा भरिला भरेको भरेर भरोसा भवानी भाँचिने भाँचेको भाँचेर भाँडाको भाँडामा भाँडोको भाँतिका भाँतीका भाकपा भाकामा भागका भागको भागमा भागले भागेको भागेछ भागेर भाडामा भातको भातमा भादुडी भानुले भाबर भारती भारमा भारोले भालाका भालाको भालेको भालेले भावका भावको भावना भावमा भावर भावाना भाषाका भाषाकी भाषाकै भाषाको भाषामा भाषाले भाषिक भाषीले भासको भिजेको भिटोको भिडिक भिडियो भिराला भिरालो भिरेर भिसामा भीडमा भीमले भीरको भीरमा भुटानी भुटिया भुटेको भुटेर भुतले भुमिका भुरेर भुलेकी भुलेछ भुवाना भुवाले भूकिका भूटानी भूमिका भूमिको भूमिमा भूमीमा भूमीले भूलले भेकको भेकमा भेगका भेगको भेगमा भेटको भेटने भेटले भेटिने भेटियो भेटेका भेटेको भेटेर भेटौँला भेडाको भेदका भेनेको भेरीको भेलामा भेषमा भैँसीको भैपरि भैरम भैरव भैरवि भैरहे भैसको भोककै भोकको भोगको भोगेका भोगेको भोजमा भोजले भोटका भोटको भोटाको भोलिका भोलिको भौतिक भौतिकी भौमिक
24	152	जगतका जगतको जगतमा जगदेव जटहारा जटामशी जटामसी जडिबुटी जडीबुटी जताततै जतासुकै जतिखेर जतिजति जतिबेला जतिसुकै जनकका जनककी जनकको जनकले जनकारी जनजाति जनजाती जनताका जनताको जनतामा जनताले जननेको जननेता जनभाषा जनमुखी जनवरी जनवादी जनसभा जनसुखी जनसेवा जनसेवी जनावर जनावरी जबराको जमर्को जमलको जमातका जमातले जमानमा जमानाका जमानामा जमिनको जमिनमा जमीनमा जमुनाकै जमेकोले जयकार जयदेव जयपुर जरिवाना जरेखोला जलदेवी जलनको जलाधार जलोदर जवानको जवानीका जवानीमा जवाफको जवाफमा जसताको जसदेखि जसपछि जसमाथि जहदाको जहदीको जहाँनिया जहाँसुकै जहाजका जहाजको जहाजमा जाँगरको जाँदाजाँदै जागरको जागरुक जागिरको जागिरमा जागीरको जातकको जातकमा जातकले जातजाति जातिदेखि जातिहरू जातीमाथि जादुगर जादुमय जानकार जानकारी जानकीको जानुभयो जानेदेखि जानेमाने जानेहरू जापानका जापानको जापानमा जापानले जामुनको जामुनोको जालपाको जावतको जिजानको जितपुर जितहरू जितेपछि जिवनमा जीतपुर जीतपुरे जीवणुको जीवनका जीवनको जीवनमा जीवनीका जीवनीमा जीवहरू जीवाणुका जीवाणुको जुडिबेला जुनकीरी जुनदेखि जुनबेला जुनसुकै जुनियर जुरेचरा जुरेपछि जुलियाले जूनियर जेठदेखि जेठलको जेतेमेते जेनानीले जेनिफर जेनेटिक जेनेभामा जेभियर जेलपछि जेलहरू जेसपर जेसवार जोखानामा जोखिममा जोगनिया जोगिनका जोडदार जोडनको जोसमनी
25	151	चकटि चटनी चढेका चढेको चढेर चतरा चतुर चनाखी चपटा चपली चमक चमर चमेना चमेरे चमेरो चरम चराका चराको चर्को चर्च चर्चा चर्ने चर्पी चर्म चर्या चलाखी चलेका चलेको चलेर चल्ला चवरा चाँचर चाँचरी चाँदनी चाँदिका चाँदीका चाँदीको चाकडी चाकुरा चाखम चाखुरा चाखेको चाटेको चाडको चाडमा चारमा चार्ट चालक चालको चालेको चावला चासोका चाहना चाहनु चाहने चाहिने चाहेका चाहेकै चाहेको चाहेमा चाहेर चिजको चिठीको चितामा चिनको चिनामा चिनारी चिनिने चिनिया चिनियाँ चिनियो चिनीया चिनेका चिनेकी चिनोका चिपको चियाका चियाको चियोदा चिरेर चिर्को चिर्दै चिलको चिलले चिल्लो चिसोले चीजको चीजले चीनका चीनको चीनमा चुचुरा चुचुरो चुतरा चुदरी चुनको चुनिने चुनियो चुनेका चुनेको चुनैती चुनौति चुनौती चुरेको चुलियो चुलेसी चुसेर चूर्ण चेकमा चेतना चेलीको चेहेरे चैतको चैतमा चैतमै चोकको चोकमा चोकिला चोटले चोटिलो चोटीमा चोपडा चोभार चोरीमा चोर्न चोर्नी चौँथोमा चौँरीको चौकमा चौकीको चौकीमा चौकोर चौखम चौखाम चौघरा चौघरे चौतारा चौतारी चौतारो चौथौको चौधमा चौधरी चौधारी चौमाला चौरमा चौरीको चौलानि चौलाने चौहाको ४मा ८४
26	146	बँच्न बक्खु बक्स बख्खु बग्छ बग्दै बग्दो बग्न बग्ने बग्यो बच्चा बच्ची बच्न बच्ने बच्यो बज्ने बज्यै बज्र बढ्छ बढ्ता बढ्थे बढ्दा बढ्दै बढ्दो बढ्न बढ्ने बढ्यो बत्ति बत्ती बत्रा बद्ला बन्छ बन्छौँ बन्टी बन्द बन्दी बन्दै बन्ध बन्धु बन्न बन्ना बन्ने बन्नै बन्यो बप्पा बब्ली बम्बे बल्ने बस्छ बस्छु बस्ती बस्थे बस्दा बस्दै बस्न बस्ना बस्ने बस्यो बस्री बाँच्न बाँच्ने बाँच्यो बाँडिए बाँड्दै बाँड्न बाँड्ने बाँधिए बाँध्न बाँध्ने बाँध्नै बाइसे बाइसौँ बाईसे बाउला बाउले बाक्ला बाक्लै बाक्लो बाख्रा बाख्रो बाङ्गा बाङ्गो बाच्न बाट्न बाध्य बान्की बान्ता बाल्न बाल्ने बाल्मो बाल्य बाल्यौ बाह्य बाह्र बाह्रै बाह्रौँ बिक्ने बिक्रि बिक्री बित्ता बित्दा बित्दै बित्ने बित्यो बिन्ती बिन्दु बिम्ब बुझ्छ बुझ्थे बुझ्दा बुझ्दै बुझ्न बुझ्ने बुझ्नै बुझ्यो बुट्टे बुड्स बुद्ध बुद्धि बुन्दा बुन्ने बेग्लै बेच्न बेच्ने बेत्ता बेन्ज बेब्स बेल्ट बेल्ने बेस्ट बैंक बैङ्क बोक्न बोक्ने बोक्रा बोक्रे बोन्बो बोल्छ बोल्ड बोल्दा बोल्न बोल्ने बोल्यो बौद्घ बौद्ध २०मा
27	146	मंगली मक्कर मक्काका मक्काको मगाएको मङ्गली मङ्सिर मङ्सीर मच्चायो मज्जाले मञ्चका मञ्चमा मण्डला मण्डली मण्डेला मत्थर मध्यका मध्यको मध्यम मध्यमा मध्येका मध्येको मध्येमा मनग्गे मनग्ये मनाइँदै मनाइने मनाइयो मनाईने मनाउँछ मनाउँदा मनाउने मनाएको मनागुआ मन्जुरी मन्तर मन्थली मन्दिर मन्दिरै मन्दीका मन्दीको मन्दीर मन्दीले मन्नाडे मन्सुली मम्मेरी मस्कोमा मस्तक मस्ताना महङ्गा महङ्गी महङ्गो मह्कुमा मागिएको माग्नमा माग्नुमा मातङ्गी मातृका मात्रका मात्रको मात्रमा मात्रले मात्राको मात्रामा माद्रीका माध्यम मानिएका मानिएको मान्छेका मान्छेकै मान्छेको मान्छेले मान्दछ मान्दछु मान्दथे मान्दार मान्दैन मान्नाले मान्नुले मान्नेछ मान्यता मारिएका मारिएकी मारिएको मावईको मास्टर मिचिएका मित्रता मित्रले मिलाउँदै मिलाउनु मिलाउने मिलाएका मिलाएर मिलोङ्गा मिल्दछ मिल्दैन मिश्रका मिश्रकी मिश्रको मिश्रमा मिश्रले मिश्रीमा मिसाउँछौ मिसाउँदा मिसाउनु मिसाउने मिसाएको मिसाएर मिसिएका मिसिएको मिसिएर मिस्टर मिस्रको मुक्तिका मुक्तिको मुङ्गेर मुछिएको मुण्डको मुद्दाका मुद्दाको मुद्दामा मुद्रामा मुनक्का मुन्टाको मुल्यमा मूल्यका मूल्यमा मेक्सिको मेटाइने मेटाउनु मेटाउने मेटाएर मेटिएका मेटिएको मेट्नेमा मेट्राका मेट्रोको मेत्तर मेन्डोजा मेम्बर मेस्सीको मोबाइले मोस्टाले मौद्रिक मौलाएको
28	143	वकिमि वगर वटाको वडाको वडामा वडार वधको वनका वनकै वनको वनमा वनले वनिता वरको वराह वरौला वर्ग वर्ट वर्ण वर्ष वर्षा वर्षे वर्षै वलय वशमा वषको वषीय वहाँको वहाँले वहाने वाइल्ड वाचक वाचर वाणले वाणीमा वादक वादीले वानीरा वामको वायर वाराही वारेमा वार्ड वार्ता वालुवा वासना वासीदा वाहक वाहेक विकको विकले विकार विकासे विकिको विकिमा विकिया विकिले विकीका विकीको विकीमा विकीले विगाहा विचरा विचार विजय विजया विजयी विजुली विजेता वितर विदुर विदेशी विदेसी विदेह विधवा विधाका विधामा विधायी विधिक विधिका विधिको विधिमा विधिले विधुवा विनको विनय विनयी विनले विपदा विपीको वियोगी विरगो विरह विरही विराम विरुवा विरूपी विरोधी विर्को विलय विलासी विलेम विलौना विवाह विवेक विवेकी विशाखा विश्वका विश्वकै विश्वको विश्वमा विश्वमै विश्वले विषम विषय विषलु विषले विषाणु विषादी विषालु विषैले विसिकु विहार वीपीले वीरता वीर्य वुडुवा वेगमा वेदका वेदको वेदना वेदमा वेदीको वेबको वेसारे वैगुणी वैजनी वैठक वैतडी वैदिक वैधता वैभव वैशाली
29	143	कटु कठै कडा कडी कण्व कता कति कतै कथा कपि कपी कफी कभी कम कमा कमि कमी कमै कर कला कलि कसै कसो कहाँ कही कहीँ काँचै काँचो काँटी काँडा काँडे काँढा काँढै काँसी काँसे काँही काँहु काँहू काक काका काखा काखी काजी काटी काठे काडाँ काढा काति काने कापी काफी काबा काम कामी कामै कार कारा काला काली कालु कालो काशी काहीँ काहुँ किटु किनी किने किबो किम किमि किमी किया किरा किरी किरो किला किलो किहूँ कीनो कीरा कुक कुकी कुचा कुची कुचो कुछ कुटी कुडी कुती कुना कुनै कुनो कुम कुर कुरा कुरी कुरु कुरै कुरो कुला कुली कुशे कुसु केक केजि केजी केटा केटी केटु केटो केतु केपी केरा केली केसी केहि केही कैडी कैथी कैदी कैरा कैले कैलो कोको कोटा कोटि कोटी कोटो कोठा कोठी कोता कोदो कोफी कोर कोरा कोलि कोली कोशी कोसा कोसी कोही कौजी कौडा
30	141	ऋचीकले ऋतुहरू ऋषिहरू रकमका रकमको रकमले रगडेर रगतको रगतमा रगतले रङदेखि रङहरू रचनाका रचनाको रचनामा रजश्वला रजस्वला रजहर रजौटाको रजौटामा रणनीति रथहरू रमेशको रमेशजी रहँदछ रहँदाको रहँदैन रहनको रहनमा रहनाले रहनुका रहनुमा रहनेका रहनेको रहनेछ रहनेछु रहनेछ्न् रहिआएको रहिरहे रहीआएको रहेकामा रहेकाले रहेकोछ रहेकोमा रहेकोले रहेनछ रहेपछि राखिदिँदा राखिदियो राखिसके राखिसकेँ राखेकोमा राखेकोले राखेपछि राजकीय राजघर राजधानि राजधानी राजनीति राजनेता राजपानी राजपुरा राजसभा राजापुर राजारानी राजाराम राजाहरू राजिनामा राजीनामा राजेशजी राजेशले राजेश्वर रातटारी रातभर रातभरि रातमाटा रातमाटे रातमाटो रानीचुरी रानीहरू रामटेक रामनाम रामपुर रामबाबु राममाढी रामसँगै रामसार रामहरू रामुदामु रामेश्वर रायठौर रायपुर रायमाझि रायमाझी रावणको रावणले रावतजी रावलका रावलको रावलले राशिहरू राशीहरू राहदानी राहुलले रिकापीको रिजालको रिजालले रिमालकी रिमालको रियालमा रियालिटी रिवरको रिवरमा रीमैनको रुकुमका रुकुमकी रुकुमको रुकुममा रुमालको रूखहरू रूपकको रूपमामा रूपहरू रूपियाँमा रूपैयाँको रूपैयाँमा रेखाहरू रेगिनाको रेगुलर रेभेलको रेसाहरू रोकटोक रोगहरू रोगीलार्ई रोगीहरू रोजगार रोजगारी रोपनिमा रोबोटको रोमनकै रोषमती
31	141	सकल सकिँन सकिन सकुन सकून् सकेन सकोस सकोस् सखाप सगुण सघन सघाउ सचिन सचिब सचेत सजग सटल सतल सदन सधैं सनत सनद सनाई सपथ सफल सफाइ सफाई सबल समझ समन समाई समाए समाज समान समिट समित समिप समूल समेत समोआ सम्वत सम्वत् सयौं सरल सरस सराप सरूप सरोज सलाई सलाद सवाई सवाल सहज सहन सहित सहीद सागौन साटिन् सातौं साधन सापिङ साबित साबुन सामान सामिल सामेल सायद सारण सारल सारौं सावित साहब साहस साहिब साहेब साहोन सिँगान सिँचाइ सिँचाई सिकाइ सिकाए सितल सिनान सिनिङ सिनेट सिपिङ सिभिल सिमल सिमित सिमोन सिरान सिरास सिरिप सिलाइ सिलाई सिवान सिविल सिसप सीमित सुकाई सुखद सुचित सुजन सुजान सुझाउ सुटिङ सुतथ सुतिन् सुनाए सुनिन सुनिन् सुनिल सुपथ सुमन सुरज सुरथ सुरेल सुरेश सुलभ सूचित सेटिङ सेढाई सेभेन सेवन सेवेन सैयद सोखिन सोचाइ सोचाई सोपान सोरेन सोसन सोसल सोहोन सौखिन सौरन सौरभ स्वदेश स्वयं स्वयम् स्वरूप
32	140	बगे बची बचे बजे बडा बडी बडे बडो बढि बढी बढे बढौँ बनि बनी बने बबै बम बर बरु बरू बलि बली बसि बसी बसु बसे बहु बाँका बाँकी बाँके बाँचे बाँझी बाँझो बाँडे बाँधि बाँधी बाको बागी बागे बाचा बाछा बाछी बाछे बाछो बाजा बाजी बाजे बाट बाटा बाटै बाटो बाठा बाठो बाधा बानि बानी बापू बाबा बाबु बाबू बाबै बाम बायाँ बार बारा बारी बारे बारो बाला बाली बासी बाहु बिँडो बिक बिटा बिडी बिते बिदा बिना बिपि बिपी बिमा बिसि बिसौँ बिहे बीपी बीर बीसौँ बुँदे बुक बुकी बुको बुझी बुझे बुझेँ बुटी बुडो बुढा बुढी बुढो बुबा बुम बूढी बूढो बेँसी बेको बेचि बेची बेचे बेटी बेठी बेडा बेदी बेनी बेबी बेमा बेर बेरी बेला बेसी बैँक बैक बैरी बोका बोकी बोके बोगी बोझो बोटे बोडे बोता बोबी बोर बोलि बोली बोले बोसो वन १२ २०औँ
33	136	मकबरेको मगहरमा मजदुरका मजदुरको मजदूरले मजाकपछि मठहरूका मणिपुरको मतगणना मतदाताको मतदाताले मतदानका मतदानको मतदानमा मतपेटिका मतभेदका मतहरूमा मथुरादेखि मधुपर्क मधुवनको मधुवनमा मधेसीहरू मनकामना मनपरेको मनपर्छ मनपर्दो मनपर्ने मनसुनको मनोकामना मरियमको मर्दानमा महाकायका महादीपका महादीपले महादेवका महादेवको महादेवले महादेशका महादेशको महादेशमा महादेशीय महानगर महानतम महानवमी महानायक महामायाले महामारीका महामारीको महामारीले महाराजका महारानीका महारानीको महारानीले महाशयजी महासत्वले महासयले महासागर महिनाजति महिनातिर महिनादेखि महिनापछि महिनाभर महिनाभरि महिनावारी महिनाहरू महिनौँदेखि महिमाशाली महिलाहरू महिषासुर महीनापछि महेशपुर महोत्सवका महोत्सवको महोत्सवमा महोदयका माछाहरूको माटोबारेको मातहतका मातहतमा मातापिताका मातापिताको मानदेवको मानदेवले मानवताको मानवतामा मानसुनको मानिसहरू माभारतमा मारपिटमा मारिसकेको मार्गहरू मार्शलले मालिकहरू मासिसकेको माहादेशकै माहासयको मिटरदेखि मिनेटदेखि मिनेटपछि मिलनपछि मिलपार्क मिलहरूको मिलियनको मिसिनहरू मिहिनेतकै मुखभरिको मुगलहरू मुजुराहरू मुर्तिहरू मुलथरका मुलुकहरू मूर्तिकार मूर्तिहरू मूलधारमा मेकिसनले मेगजिनका मेगजिनमा मेघदूतको मेघदूतमा मेघालयको मेदहरूले मेलबर्न मेलाभर्न मेसिनहरू मेहनतको मेहराबको मैदानदेखि मोटोपनाको मोटोपनाले मोडेलहरू मोतिहारीमा मोतिहारीले मोरिसनको मोरिसनले मोर्चाहरू मौलसिरीको
34	133	कटहरको कणहरूको कणहरूले कतरनाक कतिपटक कथकलीको कथाकारको कथाकारमा कथाकारले कथाहरूका कथाहरूको कथाहरूमा कथाहरूले कदमपछि कमजोरीका कमजोरीको कमजोरीमा कमलरीका कमलरीको कमलाजीको कमलाजीले कमिसनले कमिसारको करनालमा करफोकको कराकोरम करिडोरको करियरका करियरको कर्कोटक कर्णालीको कर्णालीमा कर्तादेखि कर्थलीको कर्नाटक कर्नेलको कलरबको कलवलको कलवारको कलाकारका कलाकारको कलाहरूको कलियुगको कलियुगमा कविहरूका कविहरूको कसैकसैमा कसैकसैले काजहरुमा काठमाडौँका काठमाडौँको काठमाडौँमा काठमाडौँमै काठमाडौको काठमुढामा कानपुरमा कानयनको कामदारको कामदारले कामधेनुको कामहरुको कामहरुले कामहरूका कामहरूको कारखानामा कारगिलका कारबाहीको काराकोरम कारागारको कारागारमा कारावासका कारावासको कारोबारका कारोबारको कार्टरले कार्टुनमा कार्तिकको कार्तिकमा कार्तिकेय कार्बनका कार्बनको कार्बनमा कार्लोसले कालपेचक कालहनको कालहरूमा कालापानीको कालाहरुका कालाहरूको कालिकोटको कालिदासका कालिदासकी कालिदासको कालिदासले कालिमाटीको कालीकटमा कालीकोटको कालीकोटमा कालीखोलाको किनलोकका किनलोकको किराहरूको किराहरूले किलोमिटको किलोमिटर किलोमीटर किलोवाटको किल्लादेखि कुनाहरूमा कुरबानीको कुरामाथिको कुराहरुमा कुराहरूको कुराहरूमा कुराहरूले केटीहरूको केमरूनको केलटोलमा कैथरीनको कैदीहरूले कैमरूनको कैलरीजको कोटबाहेक कोटिकरमा कोटीहोममा कोठाहरूको कोठीहरूमा कोर्सिकाको कोलकाताको कोलकातामा कोशहरूमा कोहिररको कौडीहरूको
35	129	प्रकारका प्रकारको प्रकारमा प्रकारले प्रकाशक प्रकाशका प्रकाशको प्रकाशम प्रकाशमा प्रकाशले प्रकाशिनी प्रकियामा प्रकोपका प्रकोपमा प्रगतिको प्रगतिमा प्रचारक प्रचारका प्रचारको प्रचारमा प्रजातिका प्रजातिको प्रजातिमा प्रजातिले प्रजापति प्रजापती प्रणयीले प्रणामीमा प्रणालिमा प्रणालीका प्रणालीको प्रणालीमा प्रणालीले प्रतिकका प्रतिकको प्रतिकर प्रतिकार प्रतिगामी प्रतिदिन प्रतिनीधि प्रतिपदा प्रतिभाका प्रतिभाको प्रतिलिपि प्रतिवादी प्रतिहरू प्रतीकका प्रतीकको प्रथमका प्रथमको प्रथमले प्रथाहरू प्रदिपका प्रदिपले प्रदूषक प्रदेशका प्रदेशको प्रदेशमा प्रदेशले प्रदेशीय प्रधानका प्रधानले प्रभाकर प्रभावका प्रभावको प्रभावमा प्रभावले प्रमाणका प्रमाणको प्रमाणले प्रमाणिक प्रमेयको प्रयागमा प्रयासका प्रयासको प्रयासजी प्रयासमा प्रयासले प्रयोगका प्रयोगको प्रयोगमा प्रयोगले प्रलयका प्रलयको प्रलेसका प्रवासमा प्रवाहक प्रवाहमा प्रवेशका प्रवेशको प्रवेशमा प्रवेशले प्रवेशिका प्रशानिक प्रशासक प्रसवको प्रसादका प्रसादको प्रसादजी प्रसादमा प्रसाधक प्रसारक प्रसारको प्रहरीको प्रहरीले प्रहारको प्रहारमा प्राणीहरू प्राथमिक प्रादेशिक प्रामाणिक प्रायजसो प्रायोगिक प्रायोजक प्रारूपका प्रासादमा प्रियतमा प्रेमीहरू प्रेरणाका प्रेरणाको प्रेरणाले प्रेषकले प्रोटोनका प्रोफेसर प्रोसेसर प्र्याटले प्लाटिनम प्लाटुनको प्लेटहरू
36	125	लगतै लगानी लगाम लगाया लगायो लगाव लगिने लगियो लगेको लगेमा लगेर लगौँटी लचिलो लडाकु लडाकू लडेका लडेकी लडेको लडेर लताको ललरी लसीका लहर लहरा लहरी लहरे लहरै लाखको लाखमा लाखौँको लागिको लागियो लागिरा लागेका लागेकी लागेको लागेछ लागेमा लागेर लाचार लाजको लानाले लाभका लाभको लाभले लाभाडो लामाको लामाले लायक लायकु लायरा लासका लासको लासमा लाहुरे लाहोर लिकर लिगको लिगमा लिगले लिटर लिनका लिनको लिनाले लिपिका लिपिको लिपिमा लिपिले लिपेको लिपेर लिबिया लिभर लियर लियोनी लीगामा लुकेको लुकेर लुगामा लुङको लुटाया लुटेर लुनर लुनार लुबरो लुभाना लूटका लेकको लेकमा लेकाली लेखक लेखका लेखको लेखनी लेखमा लेखले लेखामा लेखिका लेखिने लेखियो लेखेका लेखेको लेखेथेँ लेखेर लेजर लेबर लेबालो लैजाने लोकका लोकको लोकमा लोगोको लोतामा लोथर लोदीले लोधीले लोभले लोभाटो लोयोला लोहडी लोहनी लोहार लोहोरे लोहोरो लौकाको लौकिक
37	122	मकै मघा मजा मडै मणि मधु मनु मनै ममा ममी मरी मरे मसी माको मागी मागे मागेँ माघी माघे माछा माछी माझी माटा माटो माडी माढी माता माथि मादी मानी माने मानो मानौँ माफि माफी माम मामा माय माया मारे माला माली माले मावा मावि माशा मासु मिको मिठा मिठो मिडी मिति मिबु मिमि मिमी मिया मियाँ मिला मिली मिले मीजी मीठो मुक मुखै मुगा मुगु मुझे मुटु मुडा मुना मुनि मुनी मुर मुरी मुरे मुला मुसा मुसि मुसी मुसे मुसो मूरे मूसा मेघा मेची मेचे मेजा मेटि मेटी मेटे मेटेँ मेढो मेम मेमा मेमे मेरा मेरी मेरे मेरै मेरो मेला मेवा मैँले मैक मैदा मैदी मैने मैबो मैरी मैले मोटा मोटे मोटो मोती मोदी मोम मोर मौका मौजा मौरो मौला मौलो
38	121	फटाहा फडानी फतेह फरक फरसा फराक फरिया फरेव फर्की फर्के फर्जी फर्ड फर्न फर्म फर्सी फलका फलको फलमा फलले फलाम फलामे फसेको फहरू फाँटका फाँटको फाँटमा फाँडेको फाँसीको फाँसीमा फादर फापर फायर फारम फारसी फार्म फालेमा फालेर फाहोर फिचर फिटको फिटेर फिडले फितर फितलो फिदिम फिफाको फिफाले फियर फिर्ता फिर्ती फिर्ने फिलिम फिवर फिसको फिसर फुकाली फुकेको फुकेर फुटको फुटेकै फुटेको फुटेमा फुटेर फुपूको फुरेको फुर्बा फुलीकै फुलीमा फुलेक फुलेको फूपूको फूलका फूलको फूलमा फेडोरा फेदको फेदमा फेदापे फेदीमा फेममा फेमिली फेयर फेरमा फेरियो फेरेर फेरेरी फेरोको फेर्छ फेर्दै फेर्न फेर्ने फेसमा फेसोका फैनको फैलने फैलायो फैलिँदै फैलिको फैलियो फैलेको फैलेर फैसला फोडेर फोनको फोनमा फोनले फोरम फोरेर फोर्ज फोर्ट फोर्स फोलिक फोहर फोहरा फोहोर फोहोरी फौजको फौजमा फौजले फौजीका फौजीले
39	121	दखलका दनुवार दबाइएका दबाबमा दबावका दबावको दबावमा दमदम दमनका दमनको दयनीय दरगाह दरबार दरवार दराजको दर्जनौ दर्जनौँ दर्जाका दर्जाको दर्जामा दर्ताको दर्लामी दर्शक दर्शनी दलदेखि दलहरू दवाबमा दवावका दशकका दशकको दशकमा दशदेखि दशमीको दशमीमा दशवटा दशहरा दशाहरू दहरूको दहहरू दाजुहरू दानवको दानविय दानहरू दामोदर दायरामा दार्चुला दावेदार दासहरू दाहालको दाहिनेमा दिगमको दिनदेखि दिनपछि दिनभर दिनभरि दिनहरु दिनहरू दिमागमा दिमागले दियालेको दिलायका दिवसका दिवसको दिवसमा दिवसीय दिवानाका दिशातिर दिशाहरू दिसपुर दीनदुखी दीपावली दुरदुर दुर्गति दुर्गम दुर्गाकै दुर्गाको दुर्गाले दुर्गौली दुर्वासा दूरीदेखि दूर्गम दूषणको देखाइएका देखाइएको देखिँदैन देखिनमा देखिनुका देखिनुमा देवकोटा देवताका देवताकै देवताको देवताले देवदत्व देवदह देवदेवी देवनिया देवमाला देवलमा देवालय देवीमाया देशभर देशभरी देशहरू देसवार देहलीको देहायका देहायको दैनिकको दैनिकमा दैलेखका दैलेखको दैलेखमा दोधौलीमा दोभानको दोभानमा दोर्जेको दोर्जेले दोसाँधमा दोसाधमा दौरानमा
40	119	वकिलका वकिलले वचनको वजनका वमोजिम वयानका वहसका वापसीका वाहनको विकाशमा विकासका विकासको विकासजी विकासमा विकासले विकेटको विकेटले विगतका विगतमा विचारक विचारका विचारको विचारमा विचारले विछोडको विजयको विजयमा विजयले विजयीको विजेताले वितरक विदरमा विदेशको विदेशमा विदेशीको विदेशीमा विद्वताको विधानको विधानमा विधानले विधायक विधायकी विधायिका विधेयक विनायक विनाशको विनोदको विफलता विभागका विभागको विभागमा विभागले विभाजक विभूतिका विभेदका विभेदको विमानमा विमोचना वियोगका वियोगमा विरहको विराटकी विराटको विरेचक विरोधका विरोधको विरोधमा विरोधले विरोधीको विलायक विलासिता विलियम विवादको विवादमा विवादले विवाहका विवाहको विवाहमा विवाहादी विविधता विवेचना विशाखाको विशालता विशेषको विशेषता विशेषमा विशेषले विषमता विषयक विषयका विषयको विषयमा विषयले विषादीको विषेशता विहारको विहारमा विहारले वीकलीको वीरताका वीरताको वेगासमा वेतनको वेतनमा वेयरको वेयरमा वैचारिक वैठकका वैठकमा वैतनिक वैतरणी वैदेशिक वैधताको वैधानिक वैभवको वैमानिक वैवाहिक वैशाखमा वैशेषिक
41	118	पछि पटि पटी पढि पढी पढे पढेँ पता पति पनि पय पर परि परी परे परेँ परौँ पाँगो पाँचौ पाँचौँ पाँडे पाइए पाका पाके पाको पाखा पाखो पाचौँ पाछा पाटा पाटी पाटे पाटो पाठी पाडा पाना पानी पापी पामे पायो पायौँ पार पारा पारि पारी पारे पारो पारौँ पाली पालै पालो पाव पिके पिछा पिटी पिटे पिठो पिडा पिता पिने पिर पिरे पिरो पिलो पीडा पीला पुँगी पुँजी पुगी पुगे पुछ पुजा पुटि पुटी पुथा पुना पुमा पुरा पुरी पुरै पुली पुवा पुषा पुसे पूँजी पूजा पूमा पूरा पूरै पेटी पेठे पेडा पेमा पेय पेरु पेले पेशा पेसा पैदा पैसा पोका पोकु पोको पोडे पोते पोतो पोथी पोमी पोया पोलो पौँदी पौडी पौदी पौने पौभा पौरी पौवा पौषे
42	117	पंक पक्का पक्की पक्कै पक्ष पक्षी पच्छ पच्यु पञ्च पट्टा पट्टि पट्टी पड्दै पढ्छ पढ्थे पढ्थेँ पढ्दा पढ्दै पढ्न पढ्ने पढ्यो पण्डा पत्ता पत्तै पत्तो पत्नी पत्र पद्म पद्य पन्जा पन्टा पन्त पन्थ पन्थी पन्ना पप्पी पम्फा पल्ट पल्स पस्छ पस्छु पस्न पस्ने पस्यो पस्यौ पस्यौँ पाक्छ पाक्न पाक्ने पाक्यो पाख्रा पाख्री पाठ्य पाण्डु पाण्डे पात्र पात्रो पान्डु पाप्रो पाल्तु पाल्तू पाल्न पाल्ने पाल्पा पास्नी पिजिए पिज्जा पिट्दा पिण्ड पितृ पित्त पिन्च पिसिओ पिस्ता पिस्ती पिस्न पुग्छ पुग्छे पुग्थे पुग्दा पुग्दै पुग्दो पुग्न पुग्ने पुग्यो पुग्यौँ पुज्ने पुञ्ज पुण्य पुत्र पुत्री पुन्य पुष्ट पुष्टि पुष्प पुष्पा पुष्य पुस्ता पुस्वा पूज्न पूज्य पेत्रा पेद्रो पेन्नी पेप्सी पेल्ने पेष्ट पेस्ट पोख्त पोथ्रा पोल्ने पोष्ट पोस्ट पौड्न पौड्ने पौत्र पौन्ड
43	116	तकिया तगडा तटका तटमा तटीय ततायो तत्सम तपका तपसी तबला तमाम तमारे तमासा तमुले तमोर तमौरा तयार तयारी तराजु तरिका तरूनी तरेर तरेली तलका तलको तलमा तलाको तलाखु तलामा तलेजु तलैया तहका तहको तहमा ताकेर ताङबे ताजको ताजिक ताजिमा तानमा तानेको तानेर तापनि तापमा तामाका तामाको तामाले तायक तारको तारमा ताराको ताराले तारिक तारिणी तारेर तालका तालको तालमा तालिक तालिका तालिम तालीम तालुमा तासिले तिगरी तितर तिथिका तिथिको तिथिमा तिनका तिनको तिनमा तिनले तिनैको तिमीको तिमीला तिमीले तिरमा तिरेर तिलक तिलको तिलरे तिलाठी तिहार तीजको तीजमा तीनका तीनमा तुरही तुलना तुलनै तुलसी तेजीला तेलको तेलगु तेलमा तेलिया तेलीले तेलुगु तैपनि तैरँदै तैरता तैरने तैराकी तैलीय तोकियो तोकेका तोकेको तोडियो तोडेका तोपको तोमर तोरीको तौलको तौलमी तौलिया
44	116	संगै सक्छ सक्छु सक्छौँ सक्थे सक्थेँ सक्दा सक्दो सक्ने सक्यो सक्यौँ सक्ला सख्त सङ्ग सङ्घ सङ्लो सच्चा सजिए सज्जा सट्टा सट्स सत्ता सत्य सत्र सत्रौँ सन्जा सन्डे सन्त सन्धि सन्मा सब्जि सब्जी सभ्य सम्झी सम्धी सम्म सम्मै सस्ता सस्तो सस्था साँच्चै साक्षी साङ्ची साध्य सान्त सान्ता साम्मी सास्ती सिंढी सिंह सिउँडी सिउने सिक्का सिक्ख सिक्थ सिक्न सिक्ने सिङ्ग सिङ्गै सिङ्गो सिञ्जा सिट्ठी सिड्नी सिद्ध सिद्धि सिन्का सिन्ध सिन्धी सिन्धु सिन्हा सिफ्ट सिल्क सिल्कु सिल्ड सिस्ने सुँघ्ने सुक्खा सुक्दै सुक्न सुख्खा सुत्थे सुत्दा सुत्न सुत्ने सुत्यौँ सुद्र सुन्छौ सुन्दा सुन्न सुन्नी सुन्ने सुन्यो सुब्बा सुस्त सूत्र सेक्ने सेक्स सेन्ट सेन्डी सैन्डी सैन्य सोच्दै सोच्न सोच्ने सोध्छ सोध्दा सोध्ने सोध्यो सोल्टी स्युना स्वच्छ स्वप्न स्वस्ति स्वस्थ १७ ६०औँ
45	106	कटवाल कटुवाल कठताल कठिनाइ कठिनाई कडीलाई कताबाट कतिलाई कथालाई कमतौल कमिसन करतब करताल करनाल कर्कट कर्टेन कर्णेल कर्नल कर्नाल कर्निङ कर्नेल कर्पस कर्मठ कर्मस कलकल कलभोज कलरब कलवेल कलुषित कविबाट कविलाई कविलास कसमस कसरत कसलाई कसैबाट कसैलाई कसैसित कहलाए कहलिए कहाँबाट कहित्यै कहिल्यै काँसबाट काखबाट कागजात कागलाई काजबाङ काजीसित काठबाट काठलाई कानेगाड कानेघाँस कामकाज कामबाट कामलाई कारगिल कारबाट कारमेन कार्कोट कार्टिज कार्टुन कार्बन कार्मेन कार्मेल कार्यात् कार्लोट कार्लोस कार्सन कालबाट काललाई कालसित कालिकोट कालिगड कालिदास कालीकोट कालोलाई किनबेच किनमेल किमलाई किर्तन किसलाई कीरालाई कुटपीट कुतीबाट कुराबाट कुरालाई कुर्टस कुललाई केटीलाई केतुलाई केसीलाई केहीलाई कैचीबाट कैलपाल कोखबाट कोटाबाट कोडलाई कोणबाट कोणलाई कोतवाल कोर्छन् कोषपाल कोषलाई कोहीलाई कौर्मन
46	105	छँदैछ छटाले छठको छतरा छतोना छनक छपका छपरा छपरी छपली छयासी छरितो छरिने छरियो छर्क छर्दै छर्न छर्ने छलको छलमा छलेर छहरा छहारी छाँटको छाइएको छाङको छाडियो छाडेका छाडेको छाडेर छाड्यो छाताको छातीको छातीमा छानाको छानामा छानेको छानेर छापको छापमा छापरि छापिने छापियो छापेका छायाँमा छायाँले छायामा छालको छालाका छालाको छालामा छालाले छिछिको छिटको छिटाहा छिट्यै छितर छिनमा छिनेको छिमेक छिमेकि छिमेकी छिरेका छिरेर छिर्के छिर्छ छिर्ने छुँदैन छुटेका छुटेर छुट्टाइ छुट्टीई छुट्यो छुरिम छेकेर छेडेको छेडेर छेदक छेनाको छेपाडी छेपारा छेपारो छैठको छैठौँको छैमले छोडनु छोडिदे छोडिने छोडियो छोडेका छोडेको छोडेर छोतकी छोपेको छोपेर छोराका छोराको छोराले छोरीकी छोरीको छोरीमा छोरीले छोरोले छोसेर ८६
47	102	खगेरी खजाना खटमा खटिरा खडेरी खतरा खनेर खबर खमारी खयर खरको खरानी खराबी खरीको खसरा खसिया खसेको खसेमा खसेर खाँचोका खाँडामा खाकीको खाटमा खाडीमा खाताको खातामा खानको खानमा खानले खानाका खानाको खानामा खानाले खानीमा खानीले खापर खापामा खामका खामको खारिँदै खारेजी खालका खालको खासमा खिचेका खिचेको खिलजी खुदाको खुदिमा खुबीको खुमरी खुलेको खुलेर खुसरो खुसीका खुसीमा खेतको खेतमा खेतमै खेतिका खेतीको खेतीमा खेपेर खेरिको खेलको खेलमा खेलले खेलाडी खेलिँदै खेलिने खेलेका खेलेको खेलेर खेलौँला खेलौना खैराना खोँचमा खोकीमा खोजका खोजको खोजमा खोजले खोजिने खोजियो खोजीको खोजीमा खोजेका खोजेको खोजेर खोपीको खोपीमा खोरिया खोलले खोलाको खोलामा खोलाले खोलियो खोलेका खोलेको खोलेमा खोलेर खौरने
48	100	कक्ष कक्षा कच्चा कच्ची कच्छु कट्ने कट्स कण्ठ कत्ति कन्जी कन्या कब्जा कब्र कम्दी कम्ब कल्कि कल्की कल्प कष्ट कस्ता कस्तो काँक्रा काँक्री काँक्रो काँप्छ काक्री काक्रे काग्ती काञ्ची काटिए काट्छ काट्टो काट्ता काट्दै काट्न काट्ने काण्ड कात्रे कान्छा कान्छी कान्छो कान्टै कान्ति कान्ती कान्तो काप्चा काप्यो काप्रो काफ्ले काब्रो काभ्रा काभ्रे काम्ले काम्लो काष्ट काष्ठ कास्की कास्ट किग्रा किट्च किट्स किन्जी किन्तु किन्दै किन्न किन्ने किन्यो किप्स किब्स किम्ती किम्बु किस्ट किस्ता किस्ती किस्सा कुक्कु कुञ्जी कुञ्जो कुट्की कुट्दा कुट्न कुट्ने कुण्ठा कुण्ड कुण्डा कुद्न कुन्छा कुन्टा कुन्ती कुन्दे कुन्नि कुम्भै कुष्ठ कुस्ती केन्या कोत्रे कोप्चा कोल्टो कोष्ट कोस्ट
49	97	बंगला बक्सको बक्समा बक्सामा बक्सियो बक्सेको बक्सेला बख्शीको बग्दछ बङ्गाली बच्चाको बच्नको बच्नुको बज्रको बञ्चरो बट्टामा बढ्दछ बढ्नका बढ्नमा बढ्नेछ बढ्नेछौँ बण्डाली बत्तीमा बन्चरो बन्जर बन्दको बन्दछ बन्दना बन्दुक बन्दैछ बन्धक बन्नका बन्नेका बन्नेछ बन्नेमा बल्दछ बल्दैन बस्तिको बस्तीका बस्तीको बस्तीमा बस्दछ बस्दथे बस्दाको बस्दिन बस्दैन बस्नको बस्नेछु बस्नेले बाँच्दिन बाँच्नुमा बाँड्दछ बाँध्नाले बाईसमा बाख्राको बाल्टिक बाल्मीकि बाह्रमा बाह्रौँमा बिक्रीका बिक्रीको बिग्रँदो बिग्रियो बिग्रेको बित्तिकै बित्तीय बिन्दुको बिष्टकी बुज्रुक बुझ्नका बुट्टीको बुड्सको बुद्धका बुद्धको बेउरमा बेच्नमा बेल्टको बैंकक बैंकका बैंकको बैंकमा बैंकले बैङ्कको बैङ्कमा बोक्नको बोक्नमा बोक्राको बोट्समा बोल्दामा बोल्दैछ बोल्नका बोल्नमा बोल्नेको बौद्धका बौद्धमा बौद्धिक ब्युरोमा
50	96	सजावटका सजावटको सडेगलेको सतरूपाका सनपाटका सफलताका सफलताको सफलताले सबैजनाको सबैजसोले सभापतिको सभापतित्व सभासदमा समजदारी समझदारी समझौताको समझौतामा समतलमा समन्वयको समभावको समभूमिको समयतिर समाचारका समाचारको समाधानको समाधानमा समानताको समावेशको समुदायका समुदायको समुदायमा समुदायले समुदायिक सरकारका सरकारकै सरकारको सरकारमा सरकारले सरगर्मी सरदारको सरहदमा सरोकारको सरोबरमा सर्कलको सर्किटको सर्भरमा सर्भरले सर्भिसको सहकारीका सहकालको सहगलको सहगायक सहजताको सहनायिका सहभागिता सहमतिको सहमतिमा सहमतिले सहयोगका सहयोगको सहयोगमा सहयोगले सहवासको सहायकका सहायकको सहायतको सहायताका सहायताको सहायतामा सहायताले साँगाचोकको सामुदायले सामुदायिक साहयताको सिफारिसमा सिमीकोटमा सियाटलमा सिरूबारीको सिर्जनाका सिर्जनाजी सिर्जनामा सिसाकलम सीमसारको सुनकोसीको सुनकोसीमा सुनकोसीले सुनखानीको सुनखानीमा सुनचाँदीको सुनपानीको सुर्खेतका सुर्खेतको सेनानायक सेनापतिको सेरबानीको सेरोफेरोमा
51	96	चढाइएका चढाइएकी चढाइएको चढावको चतुराले चपेटामा चमेलिया चमेलीको चयनका चयनको चयनले चरणका चरणको चरणमा चरनीमा चरममा चराचर चराहरू चरेसको चर्कायो चर्किदै चर्कियो चर्केको चर्चको चर्चाको चर्चामा चर्बीको चलनको चलनमा चलाइएका चलाइएको चलाखीको चलिआएको चाँचरीमा चानचुने चामलको चामेटार चारकुने चारकोसे चारखोला चारचार चारतारे चारनाले चारैतिर चार्टको चार्टमा चार्टर चाहँदैमा चाहदैनौँ चिजहरू चिनाइएको चिनारीका चिनारीको चिनियाँको चिफलीको चिफलीले चिमालको चिहानको चिहानमा चीजहरू चीफलीको चुनावका चुनावको चुनावमा चुनौतीका चुनौतीको चुरोटको चुसानमा चूर्णको चेतनाका चेतनामा चेतनाले चोपडाको चोपडाले चोभारको चोरमारा चोर्नीको चौकेटार चौकोसको चौखमको चौघरेको चौतरिया चौतारामा चौतारीको चौतारीमा चौतारीया चौधरीको चौधरीले चौपायाको चौपारीको चौबाटोमा चौबीसमा चौभानमै चौरसिया चौलाहीको ४००
52	95	जटा जता जति जना जनि जनी जने जय जया जरा जरो जसै जसो जाँते जाँतो जाँदा जाँदै जाँदो जाकी जाडो जाता जाति जाते जादु जाना जानी जाने जाभा जाम जामा जामे जारी जारे जाली जासो जिता जिती जितु जिते जिना जिम जिमी जिया जिरा जिरी जिरे जिरो जीतु जीरा जीरो जीले जीव जीवा जुका जुटी जुटे जुठा जुठी जुठो जुडी जुडो जुता जुनि जुनै जुरे जुली जुवा जेठा जेठी जेठो जेना जेनी जेपी जेमा जेमी जेली जेव जैकी जैन जैव जैशी जैसा जैसी जोखा जोगी जोडी जोडे जोया जोर जोरे जोशी जोसे जौव ज्वर ज्वरो
53	95	पटकथाको पटकथामा पटनापछि पटिगनमा पटियालाका पटियालाको पटियालामा पडोसनमा पतझडमा पतनपछि पदयोगमा परदेशको परदेशमा परमाणुका परमाणुको परमाणुमा परलोकका परलोकको परलौकिक परवानामा पराजयका पराजयको पराबैगनी परावैजनी परिचयका परिचर्चा परिचायक परिचालक परिचितका परिणामका परिणामको परिणामले परितारिका परिपाटिको परिपाटीका परिभाषाका परिभाषाको परिभाषामा परिभाषाले परिमाणको परिमाणमा परियारले परियोजना परिवारका परिवारकै परिवारको परिवारमा परिवारले परिवेशको परिवेशमा परिवेशले परिसरका परिसरमा परेवाडाँडा परेवादिन परोपकार परोपकारी पर्खँदैन पर्खालमा पर्खालले पर्यटक पर्यायका पर्यायमा पहचानका पहिचानको पहिचानमा पहिरनको पहिरनमा पाटनकाले पाठशालाका पाठशालाको पाठशालामा पादपीठमा पारपाचुके पारलौकिक पारसिकेकी पारावैजनी पारिजातका पारिभाषिक पारिवारिक पालनकार पालनहार पुर्याइएको पुर्याइएन पुर्याइन्छ पेरियोडिक पोखरणमा पोखराथोक पोखरापछि पोखरीकाँडा पोखरीसँगै पोखरेलको पोजिसनमा पौड्यालको पौड्यालजी
54	94	सकाउनु सकिएन सकिएला सकिन्छ सकिन्न सगोत्री सघाउने सङख्या सङग्य सचित्र सजाउने सजाएर सजिएर सजिन्छे सताउँछ सताउने सदश्य समक्ष समग्र समष्टि समस्त समस्थ समस्या समाउने समाएर समाग्री समातिए समात्दा समात्न समात्ने समात्यो समान्था समाप्त समीक्षा समुद्ध समुद्र समुद्री समेट्छ समेट्दै समेट्न समेट्ने सराप्न सहस्र साकिन्छ सापेक्ष साफल्य सामग्री सामन्त सामन्ती सामान्य सामुन्ने सारिन्छ सिकाइमा सिकाउँछ सिकाउँथे सिकाउँदा सिकाउछ सिकाउनु सिकाउने सिकिस्त सिमेन्ट सीमान्त सुँघाउदा सुँघाउने सुकाइने सुकाउनु सुकाउने सुकाएर सुगन्ध सुताएर सुनाउँछ सुनाउँदा सुनाउँदै सुनाउने सुनाएर सुनिन्छ सुपुत्र सुपुत्री सुमात्रा सुयोग्य सुसाउने सुहाउँदो सुहाउने सेकिएर सेकिन्छ सेकेन्ड सेमेट्री सेलाइने सेलाएर सोकोट्रा सोचाइले सोभन्दा सोमध्ये सोसाइटी
55	94	मक्का मक्खी मग्न मग्मा मङ्क मज्जा मञ्च मट्टा मण्ड मत्यु मत्स्य मथ्न मथ्ने मध्य मध्ये मन्च मन्द मन्दी मन्ना मन्स मल्खु मल्खे मल्ता मस्की मस्को मस्टो मस्त मह्ल माग्छ माग्छु माग्थे माग्दा माग्दै माग्न माग्ने माङ्खा मातृ मात्र मात्रा मात्रै माथ्यु मानिई मानिए मान्चा मान्छे मान्छौँ मान्थे मान्दा मान्दै मान्न मान्ने मान्य मारिए माल्टा माल्या मास्के मिग्रा मिङ्ग मित्र मित्रा मिल्क मिल्की मिल्छ मिल्दा मिल्दै मिल्दो मिल्न मिल्ने मिल्यो मिल्स मिश्र मिश्री मिस्ड मिस्र मिस्री मुक्त मुक्ति मुग्ध मुछ्ने मुण्डा मुद्दा मुद्रा मुन्टा मुन्टो मूल्य मेट्न मेट्ने मेट्रो मैग्ना मैत्री मोक्ष मोड्न मोल्ने मोस्ट
56	93	गगौ गजो गडी गढी गति गते गदा गधा गफै गम गया गयो गयौ गयौँ गर गरि गरी गरे गरेँ गरौँ गला गाँठो गाँधी गागा गाजा गाडी गाडे गाढा गाथा गाधि गाना गानो गाभे गामा गारो गाला गाली गिक गिजा गिना गिनी गिरी गिलो गीता गीति गीती गीतै गुठी गुणा गुदा गुदी गुदे गुना गुने गुफा गुमे गुरु गुरू गुहँ गुहा गेझा गेटा गेडा गेडो गेम गेय गेलाँ गेलु गैँडा गैर गैरी गैरे गोठे गोडा गोथा गोपी गोबी गोमा गोमो गोरा गोरी गोरु गोरू गोला गोली गोले गोलो गोवा गोवे गौँडा गौडा गौर गौरी
57	90	कछाड कटान कठिन कठीन कणप कणाद कथन कथित कनट कपन कपाल कपास कबाब कमन कमल कमाइ कमाई कमान कमाल कमिज करङ करन करिब करीब करुण करेन करोड कलन कलश कलिन कलेज कवोल कहीं कागज काटन कानन कानून काफल काबिज काबुल कारण कालिज कालीन किटान किताब किपट किरण किरन किराँत किरात किरीट किशन किसान कुकिज कुटिल कुमाउ कुमाउँ कुमाल कुरान कुरिल कुलिग कुलीन कुलुङ कुलुङ् कुवेत कुशल कुहिन केनेथ केबुल केरल केरूङ केलाङ केवल केविन कैथल कैयन कैलाश कैसल कोकिन कोगन कोचिङ कोबाट कोमल कोरल कोलान कोवान कोवेन कोशिश कोसिस कौशल
58	89	बँदेल बखत बखान बचत बचन बचाई बचाउ बचाऊ बजाई बजाए बजेट बझाङ बटन बढाइ बढाए बढोस् बताई बताऊँ बताए बतास; बदल बधाइ बधाई बनाइ बनाई बनाऊँ बनाए बनाएँ बनाऔँ बनिन् बनोट बनोस् बबइ बबई बबल बयड बयल बयान बराल बरैल बसाइ बसाइँ बसाई बसिन् बसोस् बहन बहस बहाई बहाब बहाल बहुत बहुन बहुल बाँधिन् बाकस बागान बादल बाबुल बालन बाहन बाहिड बाहुन बिकट बिछोड बिजोस बिताए बिताएँ बिताओ बितिन् बिनोद बिमल बिराए बिरोध बिरोध? बिहान बिहीन बुझाइ बुझाएँ बुझिँन बुझिन बुनाइ बेजोड बेथान बेमेल बेसल बेहद बैटेन बोलाए बोलिन
59	87	ऋणी ऋतु ऋषि ऋषी रक रको रघु रची रचे रथी रम रहि रही रहु रहे रहेँ राँके राँको राँगा राँगो राँची राखी राखे राखेँ राजा राजी राडी राणा राता राति राती रातो राधा राना रानी रानू राम रारा राले राशि राहु रिको रिडी रिम रिमा रिया रियो रिहा रीति रीमा रुखो रुघा रुचि रुबी रुमा रुसी रूचि रूची रूपा रूपी रूमी रूसी रेखा रेजा रेटि रेमा रेले रेशा रेसा रैका रैती रोक रोका रोके रोगा रोगी रोजा रोजे रोटी रोपी रोपे रोमी रोशी रोसी रौँका रौँले रौता
60	87	जंगी जग्गा जङ्ग जङ्गी जज्बा जत्रै जत्रो जन्त जन्ती जन्तु जन्म जन्मी जन्मे जन्मेँ जन्य जप्छ जप्तै जप्ने जम्ने जम्मा जम्मु जम्मू जम्मै जल्दी जल्न जल्यै जस्ता जस्ती जस्तै जस्तो जस्ले जाँच्दा जाँच्न जाग्न जात्रा जान्चु जान्छ जान्छु जान्डी जान्थे जान्थेँ जान्दै जान्न जान्ने जिग्मे जित्छ जित्दा जित्दै जित्न जित्ने जिद्दी जिन्सी जिब्रो जिम्बा जिम्मा जिम्मी जुंगु जुंगे जुट्दै जुट्न जुट्ने जुत्ता जुद्ध जुध्ने जुन्को जुन्ता जुम्रा जुम्ला जुम्ली जुल्दा जुल्दो जुल्फे जेन्टु जेन्नी जेब्रा जेम्स जेष्ठ जेस्ट जेस्सी जोङ्खा जोड्छ जोड्छौँ जोड्दै जोड्न जोड्ने जोत्दा जोस्तो
61	86	चढी चढे चना चरा चरी चरु चरो चला चलि चली चले चाँडै चाँडो चाँदी चाँर चाँहि चाडै चामे चाय चार चारु चारू चारै चारो चालु चालू चासो चाहा चाहिँ चाहे चिक चिची चिठी चिता चिनी चिने चिनो चिबे चिम चिया चिर चिरा चिसा चिसो चीनी चीर चुक चुने चुर चुरे चुलो चूक चेक चेपे चेर चेरी चेरे चेला चेली चेलो चैते चोक चोखो चोगे चोटि चोटी चोया चोयु चोर चोरी चोला चोली चोलो चोसो चौँथो चौँरी चौक चौका चौकी चौडा चौथा चौथे चौथो चौधौँ चौर चौहा
62	85	लखेटेको लगधको लगनमा लगाइएका लगाइएको लगाइएछ लगाइन्छ लगाईएको लगातार लगानीका लगानीको लगानीमा लघुकथा लटरीका लडेकाले लपेटेर लमहीमा ललिताका ललिताले लहरमा लहरामा लाखौँदेखि लागतमा लागिरहे लागेकाले लागेपछि लागेपनि लाजोङले लाभकारी लाभदायी लाभहरू लाभिछाने लामिछाने लायकका लालकिला लालचमा लावादेखि लाससँगै लाहुरेकै लाहुरेको लाहुरेमा लाहौरमा लिपिदेखि लिपिपछि लिपिहरू लुकाइएको लुकुममा लुगाहरू लेखकका लेखकको लेखकले लेखकीय लेखनका लेखनको लेखनमा लेखनमै लेखनीमा लेखसँगै लेखहरु लेखहरू लेखाइएको लेखाइन्छ लेखाजोखा लेखिँदैन लेखिकाले लेखिदिने लेखिरहे लेखेकाले लेखेपछि लेखौटको लेगाटोले लेबरको लेबलमा लेबालोको लेभलमा लेहदेखि लेहलका लैजानका लैबरीमा लोककथा लोकसभा लोकेटर लोकेश्वर लोभदेखि लोसनको
63	84	संगठनका संगठनको संगठनमा संगठनले संगीतकार संचरनामा संयोगदेखि संयोजनको संरचनाका संरचनाको संरचनामा संशोधनको सङ्कटबारे सङ्कलनमा सङ्कलितले सङ्केतहरू सङ्गठनका सङ्गठनको सङ्गठनमा सङ्गठनले सङ्गीतकार सङ्गीतमय सञ्चालकको सञ्चालकले सञ्चालनका सञ्चालनको सञ्चालनमा सञ्जीवनीमा सत्रहरूमा सन्ततिहरू सन्तहरूको सन्तहरूमा सन्तानहरू सन्तुलनको सन्तुलनमा सन्दर्भका सन्दर्भको सन्दर्भमा सन्देशहरू सन्धिहरूको सन्धिहरूले सभ्यताहरू सम्झौताहरू सम्पदाहरू सम्पर्कको सम्पर्कमा सम्पादकका सम्पादकको सम्पादकमा सम्पादकले सम्पादकीय सम्पादनका सम्पादनमा सम्पूर्णको सम्बोधनका सम्बोधनमा सम्बोधनले सम्भावनाको सम्भावनामा सम्भाषीहरू सम्माननीय सम्मानहरु सम्मानहरू सम्मेलनका सम्मेलनको सम्मेलनमा सम्मेलनले सल्तनतको साइटहरूमा साइडबारमा सान्दर्भिक सिंहासनको सिंहासनमा सिक्खहरूका सिक्खहरूको सिस्टर्सको सुन्दरतम सुन्दरताका सुन्दरताको सुन्दरताले सौन्दर्यको सौन्दर्यमा सौन्दर्यले स्नचालनमा
64	81	अङगोलमा अणुहरूको अतिवादीको अथरिटीले अधिकताले अधिकाधिक अधिकारका अधिकारको अधिकारमा अधिकारीक अधिकारीका अधिकारीको अधिकारीले अधिसूचना अनजानमा अनिकालको अनुदानमा अनुपातका अनुपातको अनुपातमा अनुभूतिको अनुमतिका अनुमतिको अनुमतिले अनुमानका अनुमानको अनुमानमा अनुयायीको अनुयायीले अनुराधाका अनुराधाको अनुरूपका अनुरोधमा अनुवादक अनुवादको अनुसारका अनुसारको अनुसूचीमा अनुहारको अनुहारमा अनेकखाले अनेकानेक अपकारको अपराजिता अपराधको अपराधमा अपराधीले अपवादका अफगानको अभिजातीय अभिजालोको अभिनेताका अभिनेताको अभिभाकले अभियानका अभियानको अभियानमा अभियोगमा अभियोजक अभिरूचिमा अभिलेखका अभिलेखमा अभिलेखले अभिषेकको अभिषेकजी अमेयोकोमा अमेरिकाका अमेरिकाको अमेरिकामा अमेरिकाली अमेरिकाले अमेरीकामा अमोनियामा अवतारका अवतारको अवतारमा अवधारणा अवरोधको अवरोधले अवरोहमा अवैधानिक
65	81	सकिनन् सकेनन् सचेतन सतबिज सतलज सतवीज सदाकत सधैँलाई सनपाट सनाखत सनातन सपलाई सबबाट सबलाई सबैबाट सबैमाझ सबैलाई सभाबाट सभासद सभासद् समकोण समतल समथल समाधान समापन समाहित समीचीन समुचित समुराइ सरापिन सहनाई सहमत सहादत साँचालाई सागपात साङपाङ साझालाई साटिभस साथीबाट साथीभाइ साथीलाई साथैलाई साधुलाई सानालाई सारलाई सालनाल सालबाट साहलाई सिङलाई सिदेनुन सिपबाट सिपाघाट सिमाबाट सिलिकन सिलिकेट सीतालाई सीमाबाट सीमालाई सुकीलाई सुजनन सुनबाट सुनसान सुनेनन् सुलतान सुलेखन सूचिबाट सूचीबाट सूचीलाई सेनाबाट सेनाबीच सेनालाई सेवाबाट सेवारत सेवालाई सोङचान सोचलाई सोचिछन् सोचेनन् सोधेछन् सौरीबाट स्वरलाई
66	79	भजनका भजनमा भटकेको भनेपछि भयानक भरखरै भरणीको भरतकै भरपुर भरपूर भरमार भरसक भरिणीको भरिभरि भरेपछि भर्खर भर्खरै भवनका भवनको भवनमा भवनाको भवानीको भवानीजी भागतिर भागदेखि भागमुनि भागहरू भागीदार भागीदारी भागेपछि भारतका भारतकी भारतकै भारतको भारतमा भारतमै भारतले भारतीय भारदार भावदेखि भावनाको भावनामा भावनाले भावहरू भाषणको भाषणमा भाषाहरु भाषाहरू भाषिकाको भाषीहरू भिरपाखा भुजाहरू भूगोलका भूगोलको भेकतिर भेटेपछि भेदहरू भेलाहरू भेषधारी भैरवका भैरवको भैरवले भैरहेका भैरहेको भैसकेका भैसकेकी भैसकेको भोकभोकै भोकमरी भोकहरू भोगीपुर भोगेपछि भोजनका भोजनको भोजपुर भोजपुरी भौगिलिक भौगोलिक भौतिकीको
67	77	आइएको आइएन आकार आकासे आखिर आखिरी आगम आगरा आगामी आगोको आगोमा आगोले आचार आजका आजको आजाका आजैको आठौँमा आडमा आदर आदिका आदिको आदिम आदिमा आदिले आधार आनियो आनेको आपती आपसि आपसी आफनै आफनो आफुले आफूमा आफूले आफैँमा आफैँले आफैमा आफैले आबादि आबादी आभामा आभार आभारी आमको आमना आमाका आमाको आमाले आमिर आमुको आमैले आयको आयाम आयुका आयुको आयुमा आरगो आरती आरपी आराम आरोह आरोही आलीमा आलुको आलोक आवादी आशाको आशामा आशाले आशोको आसाम आसामी आहार आहारा आहाले
68	77	बकाइनो बगाउँछ बगाउने बचाउँछ बचाउनु बचाउने बचाएको बजाइने बजाउँदा बजाउँदै बजाउदै बजाउनु बजाउने बढाइयो बढाउँछ बढाउँदै बढाउनु बढाउने बढाएका बढाएको बताउँछ बताउँदै बताउनु बताउने बताएका बताएको बनाइदै बनाइनु बनाइने बनाइयो बनाईने बनाउँछ बनाउँदा बनाउँदै बनाउदै बनाउनु बनाउने बनाएका बनाएकै बनाएको बनाएमा बनिएको बराइली बसाइले बसाउने बसाएका बसाएको बाँडिएका बाँडिएको बाँडीएको बाँधिएका बाँधिएकी बाँधिएको बिताउँछ बिताउँदा बिताउनु बिताउने बिताएका बिताएकी बिताएको बिराएकै बिसाउँदा बिसाएकै बुझाइको बुझाउँछ बुझाउँदा बुझाउनु बुझाउने बुझाएको बेचिएका बोलाइने बोलाइयो बोलाईमा बोलाउँछु बोलाउँछौ बोलाउँथे बोलाउने
69	77	जटामसीका जटामसीको जडीबुटीको जतिपटक जनकहरू जनगणना जनचाहना जनचेतना जनजातिका जनजातिको जनजातीय जनताहरू जनधारणा जनबोलीमा जनमतका जनमतमा जनवरीका जनवरीमा जनवादको जनसागरै जनहरूको जनहिताय जनावरको जनावरमा जराहरूले जलचरको जलधारामा जलराशिको जलवायुका जलवायुको जलवायुमा जलाधारको जवानहरू जहाजहरू जाँचहरूको जातजातिका जातजातिले जातिपछिको जातिपातिमा जातिभेदको जातिहरुमा जातिहरूका जातिहरूको जातिहरूमा जातिहरूले जातीयताका जातीहरूको जानकारीका जानकारीको जानकारीमा जानकारीले जानेहरूमा जिनहरूमा जिलियनको जीवनकथा जीवनदाता जीवनदेखि जीवनपछि जीवनपुर जीवनबुटी जीवनभर जीवनभरि जीवनराम जीवनरेखा जीवनशैली जीवहरूका जीवहरूको जीवहरूमा जीवहरूले जीवाणुहरू जुलहिनको जेलहरूको जैसवारको जोगिदहको जोडजोडले जोडहरूमा जोडिसकेको
70	76	नँया नगि नदि नदी नपा नबि नबी नभै नम नमो नया नयाँ नयैँ नली नव नवै नवौँ नशा नसा नही नाक नाका नागी नाचे नाजी नाडी नाता नाति नाती नाना नानी नानो नापी नाफा नाभि नाम नामी नामै नारा नारी नाला नाली नासा नासो निक निकै निको निजि निजी निधि निधो निम नियो निर निला निलो निशा निसी निस्व नीजि नीति नीम नीयो नीलो नेकी नेटा नेटो नेता नेती नेरा नेली नेवा नेवी नोभा नौमा नौलो
71	75	मखन मगध मचान मछाड मडल मदत मदन मधेश मधेस मनन मबाट मरण मरिच मरिन मरिस मरेस् मसान मसाल मसित मसेल महज महत महल महान महान् मादल मानस मानिन मानिस मानेन मापन मारन मालिश मालिस मासिफ माहौल मिचेल मिथुन मिनट मिनेट मिलन मिलान मिलाप मिलेन मिलोस् मिसन मिसाल मिसिन मिहिन मीलान मुगल मुग़ल मुनिस मुलत मुसल मुहान मूलत मेटिन मेमन मेयल मेसिन मैथिल मैथुन मैदान मोचन मोडल मोडुल मोडेल मोनाल मोरङ मोहन मोहित मौजुद मौजूद मौरिस
72	74	खडा खती खनी खर खरी खसि खसी खसे खाँक खाँको खाँचो खाँटी खाँडो खाँदा खाँदै खाँले खाक खाका खाकी खाजा खाडी खाता खादी खाना खानि खानी खाने खापा खाम खायो खायौँ खालि खाली खाले खासा खासी खासै खिया खिर खीर खुदा खुबी खुबै खुम खुर खुला खुले खुशी खुसि खुसी खूबै खेति खेती खेर खेरि खेला खेली खेले खैर खैरा खैरो खोकी खोजी खोजे खोजेँ खोटे खोपी खोया खोला खोली खोले खोलो खोसे खौरी
73	72	हक हकि हकी हटे हनी हने हबी हर हरि हरू हरे हली हलो हाकु हाडे हाता हाते हानि हाबु हाम हामी हाय हायु हायू हार हारी हारे हाली हाले हालेँ हालै हिँडे हिजै हिजो हिटी हिम हिमा हिरा हिरो हिलो हिसी हीमा हीरा हुँदा हुँदै हुँदो हुडी हुदाँ हुदै हुन हुने हुनै हेतु हेमा हेर हेरि हेरी हेरे हेरौँ हेलु हेलो हैजा हैन होगी होचा होचो होडा होते होने होम होला होली
74	72	पिएफको पृथक प्रकार प्रखर प्रगति प्रचार प्रचुर प्रचूर प्रजाको प्रजाति प्रणय प्रणाम प्रणामी प्रणाली प्रणेता प्रतापी प्रतिको प्रतिभा प्रतिमा प्रतीक प्रथम प्रथमा प्रथाका प्रथाकै प्रथाको प्रदर प्रनानि प्रनिको प्रभाको प्रभाती प्रभाव प्रभावी प्रभुको प्रभुत्व प्रमुक प्रलय प्रवासी प्रवाह प्रविधि प्रविधी प्रसार प्रहरी प्रहार प्राचीर प्राणीको प्राणीमा प्रातमा प्रायले प्रालिको प्राविका प्रिनिया प्रियका प्रेतका प्रेमका प्रेमको प्रेमिका प्रेमीका प्रेमीको प्रेरक प्रेरणा प्रेसका प्रेसको प्रेसमा प्लसको प्लसमा प्लाजाको प्लेगका प्लेटमा प्लेटोको प्लेनमा प्लेयर प्लेसमा
75	72	चंखु चंगा चक्का चक्कु चङ्खे चङ्गा चट्टै चड्डा चढ्छ चढ्छु चढ्दो चढ्न चढ्ने चण्ड चण्डी चन्द चन्दा चम्चा चम्पे चम्बा चल्छ चल्दा चल्दै चल्दो चल्न चल्ने चस्स चाउरी चाउलो चाक्लो चाख्दै चाख्नै चाट्ने चाल्दा चिउरा चिउरी चिक्ड चिट्ठी चित्त चित्र चित्रा चिन्छु चिन्ता चिन्न चिन्ने चिन्ह चिप्लो चिप्स चिम्टी चिम्डी चिम्नी चिम्पु चिस्ती चिह्न चुक्ता चुक्ने चुच्चो चुट्की चुड्का चुत्रो चुन्न चुन्ने चुस्दै चुस्न चुस्ने चेन्दु चेप्छ चेप्टा चेप्टो चेष्टा चैत्य चैत्र
76	71	आकारका आकारको आकारमा आकारले आकाशका आकाशको आकाशमा आकाशियो आकाशीय आकासका आकासीय आगनमा आगमको आगराका आगराको आगरामा आगरेको आगलागी आगोकोको आङदिम आचारको आजादीको आदितम आदेशको आदेशमा आधारको आधारमा आधारमै आधारले आपसका आपसमा आबादीको आमसभा आयकर आयनमा आयातमा आयोगका आयोगको आयोगले आयोजक आयोजना आरनमा आरनले आराधना आरोपका आरोपको आरोपमा आलामको आलोकमा आलोचक आलोचना आवजले आवाजको आवाजमा आवाजले आवादीको आवासका आवासको आवासिय आवासीय आवेगको आवेगमा आवेशमा आशोचको आषाढको आसनमा आसामको आहारका आहारको आहाराका आहाराको
77	71	रंदोरी रक्तको रक्षक रक्षाका रक्षाको रक्षामा रक्सीका रक्सीको रक्सीमा रङ्गका रङ्गको रङ्गमा रङ्गले रङ्गायौ रचिएका रचिएको रटाइमा रत्नको रन्कोमा रन्कोले रन्भाती राखएको राखिएका राखिएकी राखिएकै राखिएको राखिएन राख्दछ राख्दछु राख्दथे राख्नको राख्नमा राख्नाले राख्नुका राख्नेमा राज्यका राज्यको राज्यमा राज्यले रात्रिको रात्रिमा रात्रीका रिक्साको रिक्सामा रिङ्गटा रिट्ठोको रिसाएका रिसाएको रिहाइका रिहाइको रिहाईको रुचाएका रेग्मिको रेग्मीकी रेग्मीको रेग्मीले रेन्जमा रेफ्रीको रोकिएको रोकिएन रोकिएमा रोकिएर रोक्दछ रोक्नका रोक्नको रोजिएका रोड्नीको रोपाइँको रोपाइँमा रोपिएका रोपिएको
78	70	ऋषिकेश ऋषिबाट ऋषिराज ऋषिलाई रथलाई रनबास रविदास रविलाल रसपान रसलाई रहँदैन् रहछन रहबास रहमान रहामीन रहेछन् रहेछिन् रहेनन् राखेछन् राखेनन् राखेबाट राजकाज राजगढ राजघाट राजदूत राजपथ राजपूत राजभोग राजलाई राजाबाट राजाबीच राजालाई राजासँग राणाबाट राणालाई रानीलाई रामदल रामनाथ रामबाग रामलाई रामलाल रामसँग रायसँग रार्ईलाई राशिलाई राहुघाट राहुलाई रिकासँग रिचजन रुखलाई रुनलाई रुससँग रूखलाई रूपबाट रूपलाई रूपलाल रूपसँग रूपाताल रूसलाई रेखालाई रेखासँग रेलबाट रेललाई रेसालाई रोगबाट रोगलाई रोगीलाई रोजलाई रोमसँग रोशीलाई
79	70	स्कटको स्किमको स्किममा स्किमर स्कुलको स्कुलमा स्कूलमा स्केलमा स्कोरमा स्कोरर स्टाफका स्टारका स्टालले स्टीलका स्टुडियो स्टेनली स्टैनली स्टोनले स्टोरमा स्तरका स्तरको स्तरमा स्तरीय स्तुतिका स्तुतीमा स्तूपको स्थनको स्थनमा स्थलका स्थलको स्थलमा स्थलले स्थानका स्थानको स्थानमा स्थानिय स्थानीय स्थापक स्थापना स्थितिका स्थितिको स्थितिमा स्थितिले स्थिरता स्नातक स्नानले स्पटको स्पेनका स्पेनको स्पेनले स्पेनिया स्फोटको स्मारक स्मारिका स्मिथले स्यालको स्यालले स्रोतका स्रोतको स्रोताका स्लेमका स्वातिको स्वादको स्वादमा स्वादले स्वादिला स्वादिलो स्वामिको स्वामित्व स्वामीले
80	68	कपडाहरूमा कर्मचारीको कर्मचारीले कर्मफलको कर्महरूको कलेजहरूमा कविताहरूको कविताहरूले कारकहरूको कारणहरूको कारणहरूमा कारणहरूले कार्यकर्ता कार्यकारिणी कार्यकालको कार्यकालमा कार्यदिशाका कार्यपालिका कार्यबलको कार्यबलमा कार्यबाहीका कार्ययोजना कार्यरतका कार्यरूपमा कार्यलयका कार्यलयले कार्यवाहक कार्यवाहीका कार्यहरूका कार्यहरूको कार्यहरूमा कार्यालयका कार्यालयको कार्यालयमा कार्यालयले किताबहरूको किताबहरूमा किनारहरूमा किरणहरूको किरणहरूले किराँतहरूको किराँतहरूले किराँतीहरूकै किराँतीहरूको किरातहरूको किरातीहरूको किरातीहरूले किलोमिटरका किलोमिटरको किलोमीटरको किसानहरूको किसानहरूमा किसानहरूले कुकुरहरूको कुकुरहरूमा कुननहरूको कुमारीहरूको केन्द्रहरूका केन्द्रहरूमा केन्द्रीयतामा केरलीहरूले कोलीयहरूका कोलोनीहरूको कोशिकाहरूको कोशिकाहरूमा कौरवहरूका कौरवहरूको कौरवहरूले
81	68	लगाइनु लगाइने लगाइयो लगाउँछ लगाउँथे लगाउँदा लगाउँदै लगाउदा लगाउनु लगाउने लगाएका लगाएको लगाएमा लगाएर लगाएरै लगिएको लग्नका लग्नको लग्नमा लज्जाको लज्जाले लठ्ठामा लडाईँका लडाईँको लडाईँमा लडाईँयो लडाउँछ लड्नमा लन्गको लाइकको लाइनको लाइनमा लागाइयो लागाएका लागिएको लाग्दछ लाग्दैछ लाग्दैन लाग्दोछ लाग्नाले लाग्नेछ लिङ्कको लिङ्कमा लिङ्कले लिङ्गको लिङ्गमा लिङ्गिय लिस्टमा लुकाउँदै लुकाउने लुकाएर लुटिएको लेखएको लेखाइमा लेखिएका लेखिएको लेख्दछ लेख्दछु लेख्दैछु लेख्नका लेख्नको लेख्नेमा लेङ्गका लेङ्गले लेन्सको लेपिएको लेप्चाले लैङ्गिक
82	67	शचीले शतक शतीका शतीको शनिका शनिको शनिले शनीको शमीको शरपा शशीको शहर शहरी शाखाका शाखाकी शाखाको शाखामा शानको शानले शायदै शारदा शालिक शासक शाहका शाहकै शाहको शाहले शाहीको शाहीजी शाहीले शिकार शिखर शिखाले शितोको शिरको शिरमा शिलाको शिवका शिवको शिवजी शिवमा शिवले शिविर शिशिर शिशुका शिशुको शीलता शीशाको शुभको शुरुको शूलको शेखर शेषको शैलीका शैलीको शैलीमा शैलीय शैलीले शोकको शोकगो शोकमा शोखका शोधकै शोधको शोलेको शोषक सँगालो
83	67	तक तथा तना तय तर तरु तला तले तह तहै ताका ताकि ताकी ताकु ताजा ताजै ताडो तातो ताथा ताना तामा तार तारा तारो ताला ताली तालु तासी तासे तिखा तिखो तितु तितो तिथि तिनै तिनो तिमी तिर तिरी तिरै तिरो तिला तीखो तीते तीतो तीनै तीर तुक तुना तुला तुलु तेक तेरा तेरी तेरे तेरो तेलि तेली तेसु तेही तैले तोकी तोडी तोडौँ तोरी तोला “तर
84	67	खट्का खड्का खण्ड खत्म खत्री खन्दा खन्दै खन्ना खन्ने खप्ने खम्पा खम्बु खम्बे खस्छ खस्दा खस्न खस्ने खस्रो खाइने खाद्य खान्की खान्छ खान्छु खान्छे खान्छौँ खान्थेँ खाल्टा खाल्टे खाल्टो खाल्डो खास्टे खास्टो खिच्न खिच्ने खिच्रो खिड्की खिन्न खुट्टा खुम्बु खुम्वु खुल्छ खुल्टो खुल्दा खुल्यो खेल्छौँ खेल्दा खेल्दै खेल्न खेल्ने खेल्यो खोइरो खोक्रा खोक्रो खोज्छु खोज्छे खोज्छौँ खोज्दा खोज्दै खोज्न खोज्ने खोज्यो खोल्छ खोल्दा खोल्न खोल्ने खोल्यो खोस्न
85	66	मंगलको मङ्गलको मङ्गलमा मङ्गोलको मङ्गोलिया मङ्सिरमा मच्छरको मच्छरले मण्डलका मण्डलको मण्डलमा मण्डलीका मण्डलीमा मण्डेलाका मण्डेलाको मण्डेलामा मण्डेलाले मद्दतको मद्दतले मन्डयाली मन्तरका मन्तरको मन्तरमा मन्दारका मन्दिरका मन्दिरकै मन्दिरको मन्दिरमा मन्दिरले मस्जितको मस्जिदको मस्जिदमा मस्जिदले मस्यौदामा माङ्गलिक माण्डवीमा माध्यमका माध्यमको माध्यममा माध्यमले माध्यमिक मान्दिरको मान्दैनथे मान्यताका मान्यताको मान्यतामा मास्टरको मास्टरले मित्रताका मित्रताको मिश्रणको मिश्रणले मुग्लिनको मुद्रणको मुल्तबीको मुल्तानका मुस्किलले मुस्ताङको मेन्केनको मेन्जिसका मेन्जिसले मेल्करको मेस्किकोको मोक्तानका मोक्तानको मोन्टानामा
86	66	लक लकी लगि लगी लगे लगेँ लघु लछि लडे लडौँ लय लाखो लाखौ लाखौँ लागि लागी लागु लागू लागे लागेँ लागौँ लाटो लाने लाभा लाम लामा लामो लाली लासा लिँक लिँदा लिँदै लिखु लिचि लिची लिथो लिदा लिने लिपि लिबी लिमा लिया लियु लियो लिसा लीको लीले लुँडे लुगा लेक लेखा लेखी लेखुँ लेखे लेखेँ लेडि लेडी लेदो लेने लेह लैजा लोक लोगो लोदी लोधी लौह
87	65	पकड पकान पचाँस पचाल पचास पटेल पठन पतन पदेन परम् पराग परिन् परिस् परेन पसल पसाङ पहल पहाड पाँचौं पागल पाचन पाटन पाटिल पाठन पापड पायौं पारस पारित पारोस् पालन पालित पालुन पाविल पाषाण पासाङ पिजन पिडित पिपल पिपुल पीडित पीपल पुकोट पुगिन् पुगेन पुराण पुरिन पुरुष पुरूष पुरेत पुलिस पूजन पेदाङ पेरिल पेरिस पेशल पैदल पोडोल पोषण पोषित पौडीन पौडेल पौरख २५ ३५ ५०
88	64	भइआएको भक्तको भक्ताको भक्तिको भक्तिमा भगाउने भट्टको भट्टीमा भण्डार भण्डारी भत्केका भत्केको भनाइको भनाइयो भनाईमा भनाएका भनिएका भनिएकै भनिएको भन्ठानी भन्दछ भन्दछु भन्दथे भन्दैमा भन्नाले भन्नुको भन्नुभा भन्नुमा भन्नेछु भन्नेमा भन्नेले भरिएका भरिएको भलाइको भलाइमा भलाक्चा भल्चर भाँचिएको भाग्यको भाग्यमा भाग्यले भाद्रमा भान्सामा भाष्कर भाष्यमा भास्कर भिक्टर भिक्षामा भित्तामा भित्रका भित्रकै भित्रको भित्रमा भित्रिने भित्रियो भित्रीय भिन्नता भेक्टर भेटिएका भेटिएको भेट्नका भेन्टर भोगाइमा भोल्टको
89	64	संकट संकेत संगत संगीत संजाल संभोग संवत संवाद संसद सक्छन् सक्छस् सक्छौं सक्थें सक्यौं सङ्केत सङ्कोश सङ्गत सङ्गीत सज्जन सञ्चित सञ्जाल सत्तल सत्याल सन्जाल सन्तल सन्तान सन्तोष सन्थाल सन्दीप सन्देश सन्याल सन्यास सम्झन सम्झाए सम्झाएँ सम्झिए सम्झिन सम्झेस् सम्पन सम्पाद सम्भाग सम्भिए सम्भोग सम्मान सम्वाद सल्यान सांसद सान्टोस सिंचित सिक्तेल सिग्देल सिग्नल सिङ्गल सिञ्चन सिञ्चित सिन्चित सिम्बोल सुक्दैन् सुन्नोस् सुम्पन सुल्तान सेन्दाङ सोध्छन् सोध्छौं
90	63	यङले यतिका यतिको यमक यमुना यरबा यशुको यसका यसकै यसको यसमा यसरी यसले यसैका यसैको यसैमा यसैले यसैसे यहाँका यहाँको यहाँमा यहाँले यहाका याकको याचना यातना यादमा याममा यामयो यामहा यामाहा याहुमा यिनका यिनकी यिनकै यिनको यिनमा यिनले यिनीको यिनैले युकेका युगका युगकी युगको युगमा युतिका युरिक युरिका युवक युवती युवाको युवाले योगका योगको योगमा योगले योगिता योगिनी योजना योनिको योनिमा यौनको यौनिक
91	63	छँदा छँदै छदा छदाँ छदै छली छले छाँया छाडी छाडे छाडेँ छाता छाति छाती छाते छाना छाने छानो छापा छापी छापे छाम छाया छायाँ छायो छारे छाला छिछि छिटै छिटो छिरी छुँदा छुटे छुटेँ छुन छुने छुरा छुरी छेडी छेडे छेना छैँठो छैटौ छैटौँ छैठौ छैठौँ छैन छैन? छैनौँ छोटा छोटे छोटो छोडि छोडी छोडे छोडो छोयो छोरा छोरी छोरै छोरो १४ ६मा
92	63	अंशका अंशको अक्बर अक्षता अक्षम अक्षय अक्षर अक्सर अख्तर अग्निमा अग्रणी अग्रता अङ्कको अङ्कमा अङ्गका अङ्गको अङ्गमा अङ्गले अङ्गुठा अङ्गुर अञ्जुली अञ्लमा अड्डाका अड्डाको अड्डामा अत्तर अन्डर अन्तको अन्तमा अन्तर अन्तरा अन्तिम अन्नका अन्नको अन्नाका अन्नाकी अन्नाको अन्नादि अन्नाले अन्यको अन्यथा अन्यमा अन्यले अप्सरा अम्लमा अलिअलि अल्बम अल्सर अष्टम अष्ठाना अस्थिर अस्सर ऐनको ऐनमा ऐनामा ऐनाले ऐबक औजार औभर औलाको औलामा औसीमा औसीले
93	62	जंजीर जग्गाको जग्गामा जङ्गको जङ्गम जङ्गली जङ्गलै जङ्गिँदै जङ्गिर जत्तिको जन्तर जन्तरे जन्मँदा जन्मँदै जन्मका जन्मको जन्मना जन्मनु जन्मने जन्ममा जन्मले जन्मायो जन्मिँदा जन्मिने जन्मियो जन्मेका जन्मेकी जन्मेको जन्मेर जम्मूमा जल्दथे जस्ताको जस्तोको जाग्नको जाग्राम जात्राका जात्राको जात्रामा जान्दछौँ जान्दथे जान्दिन जान्नका जाम्बिया जाम्बेजी जिंगमा जित्दछ जित्नका जित्नको जिद्दीको जिद्दीमा जिन्जर जिन्दगी जिम्मामा जीन्दगी जुत्ताको जुम्लाको जुम्लामा जुम्लीका जोड्दछ जोड्नका जोड्नको जोड्नेछ
94	62	जकात जगत जगत् जगाइ जगाऊ जजान जटिल जटील जडाउ जडान जनन जनाई जनाए जनित जफत जबान जबाफ जबाल जमाए जमात जमाल जमिन जमीन जलन जलप जवान जवाफ जवाब जाकेस जानिन जापान जाभान जामुन जायज जायस जावत जावाफ जिघौल जिजान जिराफ जिलेट जिवित जिविस जीनत जीवन जीवित जुकोट जुगल जुटाए जुधाइ जुफाल जुलाई जुलाफ जेठल जेनिथ जेनेट जेहोस जोगाई जोगिन जोडिन जोताइ जोहान
95	62	कक्षका कक्षको कक्षमा कक्षले कक्षाको कक्षामा कक्षाले कङ्गारु कङ्गारू कट्टर कन्तुर कप्टेरा कम्जोरी कम्तिमा कम्तीमा कम्पनी कम्मर कल्चर कल्पका कल्पको कल्पना कश्मिर कश्मिरी कश्मीर कश्मीरी कष्टको कष्टमा कस्टार कस्टेलो कस्तुरी कस्दरी कस्मिक कांकेर काङ्कीर काण्डका काण्डको काण्डमा काण्डले कात्तिक कात्तिके कान्छोले काम्बले काश्मिरी कास्कीको कास्कीमा कास्केली किन्नको किन्नमा किन्नर किन्नौर किस्डमा किस्ताका किस्ताको कुण्ठाले कुण्डको कुण्डमा कुण्डली कुन्तीले कुम्टोली कुम्भमा केन्नर कोट्सीले
96	62	भदै भदौ भनि भनी भनुँ भने भनेँ भनौँ भर भरि भरी भरे भरेँ भलो भाँचो भाँडो भाँति भाका भाको भागी भागे भाजी भाडा भाडो भातै भामा भार भारा भारी भारु भाला भालु भाले भाषा भाषी भिर भुरा भुरे भेगा भेटी भेटे भेटौँ भेडा भेडो भेदी भेना भेरि भेरी भेला भैरी भैलो भोक भोकै भोको भोगी भोगे भोगेँ भोटे भोटो भोला भोलि भ्एको
97	60	लक्कि लग्न लग्यो लज्जा लड्की लड्डु लड्दै लड्न लड्ने लढ्ने लत्ता लन्च लप्सी लब्ध लम्की लस्ट लस्सी लाग्छ लाग्थे लाग्दा लाग्दै लाग्दो लाग्न लाग्ने लाग्यो लाग्ला लाद्न लाद्ने लान्छौँ लाम्चा लास्ट लिंदै लिङ्क लिङ्ग लिड्ग लिन्च लिन्छ लिन्डा लिन्थे लिप्त लिप्न लिस्ती लिस्ने लुक्दै लुक्न लुक्यो लुप्त लेख्थे लेख्दा लेख्दै लेख्न लेख्ने लेख्य लेख्यो लेग्ड लेङ्ग लेङ्गा लेप्चा लेप्थे लोग्ने
98	60	पंचपदी पक्डनेको पञ्चकुले पञ्चकुवा पञ्चकोशी पञ्चकोसी पञ्चमले पञ्चमीका पञ्चमीमा पञ्चासेको पञ्चेबाजा पञ्जाबीमा पड्तालका पण्डितका पण्डितकी पण्डितजी पण्डितले पत्तिमीलो पत्थरका पत्थरको पत्थरमा पत्थरिलो पत्रकका पत्रकको पत्रकार पत्राचार पत्रिकाका पत्रिकाको पत्रिकामा पत्रिकाले पत्रेदार पद्धतिका पद्धतिको पद्धतिमा पन्चकोशी पन्चबली पन्चेबाजा पन्चैबाजा पन्जाबका पन्जाबको पन्जाबमा पन्जाबीको पल्टनको पाण्डेजीको पिक्चरको पिङ्गलले पिङ्गलाय पित्तलको पुच्छरका पुच्छारमा पुल्चोकमा पुस्करमा पुस्तकका पुस्तकको पुस्तकमा पुस्तकले पेक्रिनको पेन्सनको पैट्रिकको पोस्टिङका
99	59	भक्त भक्ति भट्ट भट्टी भत्ता भद्दा भद्र भनाइ भनाई भनाए भनिए भन्छ भन्छे भन्छौँ भन्थे भन्दा भन्दै भन्न भन्ने भन्नै भन्यो भब्य भलाइ भव्य भष्म भाँच्न भाग्दा भाग्न भाग्य भाग्यो भातृ भाद्र भान्जा भान्सा भाष्य भिज्दै भित्ता भित्ति भित्ते भित्तो भित्र भित्री भित्रै भिन्ची भिन्दै भिन्न भिन्नै भुक्ने भुन्ग भुल्के भुल्न भुल्ने भेटिए भेट्छे भेट्दा भेट्न भेट्ने भोक्ता भोग्न
100	59	रखवारीको रङशालामा रचनादेखि रचनापछि रणनीतिका रणनीतिमा रनबासका रमजानका रमजानको रमझमका रहिरहँदा रहिरहने रहिरहेका रहिसकेका रहिसकेको राखिछाडेको राखिरहनु राखिरहेको राखिसकेको राजकाजका राजदूतको राजधानीका राजधानीको राजधानीमा राजनीतिक राजनीतिका राजनीतिको राजनीतिमा राजनैतिक राजपुतकी राजपुरमा राजभोगको राजयोगको राजवाड़ेको राजिनामाको राणाकालको राणाकालमा राणाशासक राणाशाहीको रातोपुलमा रामजानकी रामटारमा रामशाहका रामसँगको रामेछापको रामेछापमा रायमाझीका रायमाझीको रिटथोकमा रेखदेखको रेखदेखमा रोगकालमा रोजगारका रोजगारको रोजगारीका रोजगारीको रोजगारीमा रोहबरमा रोहमतीको
101	58	प्रकरणमा प्रकारकका प्रकारकोको प्रकारदेखि प्रकाशकको प्रकाशनका प्रकाशनको प्रकाशनमा प्रकाशनले प्रकाशपुर प्रकाशमय प्रकाशिकीमा प्रचलनको प्रचलनमा प्रचलनले प्रजननका प्रजननको प्रजापतिका प्रणालीदेखि प्रतिकारक प्रतिदिनको प्रतिनीधिक प्रतिनीधिको प्रतिनीधित्व प्रतिनीधिले प्रतिरोधक प्रतिरोधको प्रतिवादीको प्रतिशतको प्रतिशतमा प्रतिशतले प्रतिशोधका प्रतिशोधको प्रदायकको प्रबर्धक प्रबलतम प्रयागपुर प्रयोगनीय प्रयोगबारे प्रयोगबिना प्रयोगशाला प्रयोगसँगै प्रयोजनका प्रयोजनले प्रवर्तक प्रशासकको प्रशासकीय प्रशासनका प्रशासनको प्रशासनमा प्रशासनले प्रशासनिक प्रसाशनिक प्रहरीकहाँ प्राचीनतम प्रियजनको प्रोत्साहनका प्रोफेसरका
102	58	वकालतका वजहदेखि वनपाखाको वनभोजका वनहरूको वनहरूले वरदानको वरपरको वरिपरिका वरिपरिको वहाँहरूको वातारणमा वामहरूको वारपारको वालहरूको वालाहरूमा विकिरणको विकिरणले विचलनका वितरणका वितरणको वितरणमा विधानदेखि विधाहरूमा विधिहरूमा विनिधानका विनिमयका विभागदेखि विभाजनका विभाजनको विभाजनमा विभाजनले विरहिणीका विरहिणीले विरहीचरी विरोचनका विलासिताका विवरणको विवरणमा विविधताका विविधताको विविधतामा विविधताले विवेचनाको विशालकाय विशालताका विशेषतया विशेषताका विशेषताको विशेषतामा विषहरूले वीरहरूको वीरहरूले वेदहरूका वेदहरूको वेदहरूमा वैँसहरूको वैशाखदेखि
103	57	पकवान पछिबाट पढेनन् पतझड पदबाट पदयोग पदवाट परणित परबल परवाट परविन पराजित पराजुल परायण परिचित परिणत परिपथ परिमाण परिमित परिवेश परिषद परिषद् परेनन् पर्खाल पर्खिन पर्छन पर्छन् पर्पज पर्पल पर्सन पलायन पशुबध पशुबाट पाइन्छन पाइन्छन् पाखाबाट पातबाट पानीबाट पापबाट पार्किङ पार्छन् पाशुपत पासवान पिठोबाट पिताबाट पीँधबाट पीडाबाट पुँजीबाट पुरातन पुर्कोट पूजापाठ पूजाबाट पूर्णत पूर्णात पैसाबाट पोर्टल पौडवाल
104	57	वकिल वचन वजन वरण वरद वरुण वहन वाचन वादन वामन वाहन वाहिद वि.सं विकट विकल विकाश विकास विकेट विकेड विगत विगल विछोड विजेल विजोड विडाल विदित विदेश विद्वत विधान विधुत विनाश विनीत विनोद विपत विफल विभाग विभेद विमल विमान वियोग विराज विराट विरोध विलाप विवाद विविध विशद विशाल विशेष विषाद विषेश विहान विहीन वुमन वेगास वेतन वेहोस
105	55	नखेल्ने नगन्य नचल्ने नचिन्ने नछाप्ने नजान्ने नडुब्ने नदेख्दा नदेख्ने नपच्ला नपढ्दा नपस्ने नपुग्दै नपुग्ने नफल्ने नफाप्ने नफुल्ने नबस्नू नबित्दै नबोक्ने नभन्दै नमस्ते नमान्न नमान्ने नमिल्ने नराख्ने नलाग्ने नसकिए नसक्दा नसक्ने नसुक्ने निकल्छ निकाल्छ निकाल्छु निकाल्थे निकाल्दै निकाल्न निकाल्ने निकुञ्ज निकुन्ज निकोल्स नितम्ब नितान्त निपत्र निबन्ध निमग्न निमित्त नियात्रा नियाल्दा नियाल्न नियाल्ने निवन्ध निशब्द निषिद्ध निहाल्न
106	54	दनुवारको दरबारका दरबारको दरबारमा दरबारिया दरवारको दरवारमा दरहरूका दर्जनको दर्दनाक दर्नालका दर्शकले दर्शनको दर्शनमा दर्शनले दर्शनिक दर्शनीय दलबलका दलहरूको दलहरूले दाजुहरूले दायाँतर्फ दार्जिलिङे दार्जीलिङे दार्शनिक दासहरूमा दिनचर्या दिनहरूको दिनहरूमा दिनुपरेमा दिनुपर्छ दिनुपर्ने दिनुपर्यो दिनुपर्ला दिनैपर्छ दिशातर्फ दुखहरूको दुबैतर्फ दुर्गौलीको दुवैतर्फ दूरबिनमा दूरबिनले देवीहरूको देशबासीको देशभरका देशभरको देशभरमा देशहरुले देशहरूका देशहरूको देशहरूमा देशहरूले दौरतर्फ दौरहरूका
107	54	चढाइको चढाइने चढाउँछ चढाउँदा चढाउँदै चढाउदा चढाउनु चढाउने चढाएका चढाएको चढाएमा चढाएर चपाउँदा चपाउने चपाएर चराउँदै चराउने चलाइने चलाइयो चलाउँदा चलाउँदै चलाउने चलाएका चलाएको चलाएता चलाएर चाहिएको चाहिएमा चिताउनु चिताएको चिनाइने चिनाउने चिनाएको चिनिएका चिनिएको चिराइतो चिलाउने चिसिएको चुँडिएको चुकाइने चुकाउँदा चुकाउनु चुडाउँदा चुनाइयो चुनाउमा चुनिएका चुनिएकी चुनिएको चुलिएको चुसाउँदा चुसाउनु चेपिएका चेपिएको चौडाइको
108	54	रक्त रक्षा रक्सी रग्बी रङ्को रङ्ग रङ्गी रच्ने रच्यो रत्न रद्द रम्दै रम्न रह्यो राक्षी राख्छ राख्छु राख्छौ राख्छौँ राख्थे राख्दा राख्दै राख्न राख्ने राख्यो राङ्सी राज्य रात्री राप्ती राम्चे राम्जा राम्रा राम्रै राम्रो रिक्सा रुच्दै रुद्र रुद्री रेग्मी रेञ्ज रेफ्री रोक्छ रोक्दै रोक्न रोक्ने रोज्छौ रोज्न रोज्ने रोप्दा रोप्दै रोप्न रोप्ने रोप्यो रौंका
109	53	मगरहरूको मगरहरूमा मगरहरूले मनिसहरूको मनीषीहरूले मन्त्रहरूमा मन्त्रिहरूको मन्त्रीहरूका मलामीहरूले मल्लकालको मल्लकालमा मल्लहरूको मसिनहरूको महलहरूमा महिनावारीको महिनावारीमा महिनाहरूको महिनाहरूमा महिलाहरूका महिलाहरूको महिलाहरूमा महिलाहरूले मानवहरूले मानसिकतामा मानिसहरुमा मानिसहरूका मानिसहरूको मानिसहरूमा मानिसहरूले मामलाहरूको मामलाहरूमा मायिनीहरूमा मार्गहरूमा मालिकहरूको मालिकहरूले मिडियाहरूले मितिसहितको मिथकहरूका मिसिनहरूको मुगलहरुका मुगलहरूको मुलुकहरूमा मूर्खहरूको मूर्तिकलाको मूर्तिकारका मूलुकहरूमा मेसिनहरूको मेसिनहरूमा मैदानहरूमा मोन्ट्रियलको मोर्चाहरूको मौर्यकालको मौर्यहरूको
110	52	हँगेरीको हजारको हजारमा हजारीमा हजारेका हजारेको हजारेले हजारौँको हजारौँले हजुरको हजुरबा हजुरमा हजुरले हटाइएको हटियाको हतारको हतारमा हमलाका हमलाको हमलामा हमलाले हमालको हमेसाको हरदम हराइएका हवारीको हसराका हाकिमले हालतमा हालिदिने हिमरेखा हिमालको हिमालमा हिमालय हिमालीमा हिरोदको हिरोवाला हिलारीको हिसाबमा हिसाबले हिसारमा हिसावले हुनेबेला हुनेवाला हेगनले हेगिसले हेडरको हेनरिक हेनरिटा हेनरीले होटलका होटलमा
111	51	तरकारी तरखर तरबार तरवार तरहले तरिकाका तरिकाको तरिकामा तरिकाले तर्कका तर्कना तर्कले तर्जुमा तर्फकी तर्फको तर्सनु तर्सिँदा तर्सेर तलतिर तलवार तहहरू तारकीय तारहरू ताराहरू तारिकका तारिखका तारिखको तारिखमा तारुकाको तारुकामा तार्किक तालहरू तालिकाको तालिकामा तिथिहरू तिनगिरे तिनीहरू तिरैतिर तिर्खाले तिर्सना तिलहरी तिलाहार तीनकुने तीनथरी तीनहरू तीर्थका तीर्थको तीर्थमा तुलाधर तोपहरू तोरीगाँडा
112	50	पृथक् प्रकट प्रकाश प्रकोप प्रचीन प्रज्वल प्रताप प्रतीत प्रदत प्रदान प्रदिप प्रदीप प्रदेश प्रधान प्रनिथ प्रबल प्रभाग प्रभात प्रभास प्रभेद प्रमाण प्रमिस प्रमोद प्रयाग प्रयास प्रयोग प्रयोग् प्रलेस प्रलोभ प्रवल प्रवास प्रविन प्रवेश प्रसाई प्रसाईँ प्रसाद प्राचन प्राचीन प्रितिश प्रीतिश प्रेमिल प्रेरित प्रेषण प्रेषित प्रेसित प्रोटिन प्रोटीन प्रोटोन प्लाटुन प्लेबिल
113	50	प्रकरण प्रकाशन प्रकाशित प्रचलन प्रचलित प्रजनन प्रजनन् प्रज्वलित प्रताडित प्रतावित प्रतिकूल प्रतिफल प्रतिबोट प्रतिरूप प्रतिरोध प्रतिशत प्रतिशोध प्रदापण प्रदूषण प्रदूषित प्रपोजल प्रबधन प्रभावित प्रमाणित प्रयोजन प्रलचन प्रलोभन प्रवचन प्रवधान प्रवासन प्रवासिए प्रवाहित प्रशारण प्रशासन प्रशासित प्रशोधन प्रसाधन प्रसारण प्रसारित प्राणनाथ प्राणीबाट प्रायोजन प्रावधान प्राविबाट प्राशासित प्रेजुडिस प्रेसबाट प्रोटोकल प्रोत्साहन प्रोत्साहित
114	50	थकनी थकाली थकुरी थङका थङिमा थपना थपिँदा थपिँदै थपियो थपेका थपेको थपेमा थपेर थरका थरको थरिका थरीका थरीको थरीले थलोका थानमा थापाका थापाकी थापाकै थापाको थापाजी थापाले थापेर थारुका थारुको थारुले थारूको थारूले थालनी थालियो थालेका थालेकी थालेको थालेमा थिचेर थुनामा थुनिने थुनियो थुमनि थुममा थैलीमा थोनाक थोरेको थोरैमा थोरैले
115	50	शनिबार शपथको शरणको शरणमा शररमा शरीरका शरीरको शरीरमा शरीरले शर्तको शर्तमा शर्माका शर्माकै शर्माको शर्माले शहरको शहरमा शानदार शारदाको शारदामा शारिरीक शारीरिक शाश्वतले शासकका शासकको शासकले शासकीय शासनका शासनको शासनमा शासनले शाहजनी शाहजहाँ शाहदरा शाहलार्इ शिकारको शिखरमा शिखरले शिरीषको शिविरका शिविरमा शीर्षक शीर्षमा शेर्पाका शेर्पाको शेर्पाली शेर्पाले शोषणको शोषणले सँगीतको
116	49	दरबान दरलाई दर्जन दर्शन दर्सिङ दर्सित दललाई दाङबाट दाङलाई दाजुभाइ दाजुभाई दाजुलाई दानालाई दारीलाई दासबाट दासलाई दिदीबाट दिदीलाई दिनबाट दिनलाई दियोलाई दिशाबाट दिशालाई दिसाबाट दुखबाट दुधबाट दुबैलाई दुर्गुण दुर्बल दुवैलाई दूधलाई दूरपीन दूरबिन दूरबीन दूरीलाई दूर्बिन देवघाट देवदास देवदूत देवराज देवलाई देवीबाट देवीलाई देशबाट देशलाई दैवलाई दोषबाट दोषीलाई दौरबाट
117	48	टक टका टम टाँडी टाँडु टाटा टाटे टाडी टाढा टाढै टापु टार टाले टिका टिकी टिची टिटा टिना टिभि टिभी टिम टीका टुँगो टुँडो टुकी टुना टुनी टुपी टुमा टुर टुसा टेके टेको टेडी टेढो टेमु टेर टेरा टेरी टोखा टोटे टोटो टोनी टोपी टोबी टोम टोरी टोली
118	48	दगु दम दमै दर दरो दशा दशै दशैँ दशौँ दाँती दाजु दाना दानी दानो दाबी दाम दामु दार दारा दारी दासी दिँदा दिँदै दिदी दिदै दिने दिनै दिम दिशा दिसा दुनी दुबी दुबै दुमी दुर दुरी दुर्इ दुली दुले दुलो दूर दूरी देला देशी देसो दोषी दौरा १०औँ
119	48	कृतिका कृतिमा कृपया कृपालु कृपाले कृषक कृषिका कृषिमा कृषिमै कृषिले क्रममा क्रमिक क्रिकमा क्रिजमा क्रिपर क्रिमको क्रिममा क्रियाका क्रियाको क्रियामा क्रूजर क्रूजले क्रूसमा क्रेनले क्रोधका क्रोधको क्रोधमा क्लबका क्लबको क्लबमा क्लबले क्लासकै क्लासको क्लासमा क्लासिक क्लियर क्लेयर क्षणको क्षणमा क्षणिक क्षतमा क्षतिको क्षतिमा क्षमता क्षमाको क्षयका क्षयको क्षारको
120	48	पिउठानाबाट प्रकारबाट प्रकाशबाट प्रकाशमान प्रकाशलाई प्रकाशसँग प्रकोपबाट प्रगतिलाई प्रचारलाई प्रजातिलाई प्रणालीबाट प्रणालीलाई प्रतापबाट प्रतिगमन प्रतिपादन प्रतिपादित प्रतिभाबाट प्रतिभालाई प्रतिभावान प्रतिमालाई प्रतिरोपण प्रतिलोमन प्रतिवेदन प्रदेशबाट प्रधानसँग प्रभावबाट प्रभावलाई प्रमुखबाट प्रमुखलाई प्रयागबाट प्रयोगलाई प्रवालवाद प्रवासबाट प्रवाहलाई प्रविधिबाट प्रविधिलाई प्रविधिसँग प्रवेशबाट प्रसादलाई प्रहरीलाई प्रहारबाट प्रहारलाई प्राथनाबाट प्राधिकरण प्रेमिकालाई प्रेरणाबाट प्लुथानबाट प्लेयरबाट
121	46	खजानमा खटाइएको खडखडे खडेरीको खडेरीमा खतराको खतरामा खननको खनालका खनालको खनालले खनिजको खपतको खबरले खयरको खरानीको खराबीको खरिदका खरिदको खरिदमा खरीदाहा खरेलका खर्कको खर्चका खर्चको खर्चिलो खलकका खसालेका खसालेको खसालेर खहरेको खातुनको खारेजीमा खालिपना खुसरोकी खुसरोको खेतालाको खेलाडीका खेलाडीको खेलाडीले खोटाङकै खोटाङको खोटाङमा खोलानाला खोलिदियो खोलेकाले
122	46	अणुबाट अदालत अधारित अनजान अनजान् अनमोल अनरूप अनागत अनामीत अनाहत अनुचित अनुदान अनुपात अनुभाग अनुमान अनुमित अनुरूप अनुरोध अनुवाद अनुवान अनेकन अनेकौं अनैकोट अपडेट अपमान अपराध अपरेट अपलोड अपवाद अफगान अफबाट अफसेट अफसोस अभिजात अभिमान अभियान अभियोग अभिशाप अभिषाप अमानत अमिताभ अमेजन अरबौं अरमान अरूबाट असमान
123	46	हट्न हट्ने हड्डी हप्ता हप्तौँ हफ्ता हम्मे हल्का हल्दी हस्ता हस्ती हाँक्ने हाँस्दै हाँस्न हाँस्य हात्ती हान्दा हान्न हान्ने हान्यो हाम्रा हाम्रै हाम्रो हाल्छ हाल्दा हाल्दै हाल्न हाल्ने हाल्यो हास्य हिँड्दा हिँड्दै हिँड्न हिँड्ने हिंसा हिड्न हिन्द हिन्दी हिन्दु हिन्दू हिल्स हिस्सा हुन्न हुन्न? हेल्प होल्ट
124	45	रकेट रगत रचित रजत रतें रबिन रबेन रमन रमित रमेश रयल रवान रविन रसेल रहन रहित रहिन रहिन् रहेन रहोस् राकेश राखिन् राखेन राजन राजेश रापस रायन रावण राहत रिकन रिजाल रिनल रिमाल रिमोट रियल रियाद रिवाज रेबिज रैबिट रोगन रोबिन रोबोट रोमन रोयल रोशन
125	44	सं सत् सन सन् सब सम् साँझ साँध साख साग सात साथ सान साफ साल सास सिं सिख सिङ सिट सिप सिल सीप सुट सुत सुन सुप सूख सेख सेज सेट सेन सेप सेफ सेभ सेल सैफ सोच सोट सोध सोन सोल स्वत ७
126	44	संकरण संकुचित संगठन संगठीत संजालङ संयोजन संयोजित संशोधन संशोधित संसाधन संसोधन सकिएछन् सक्तछन् सक्तैनन् सक्दछन् सक्दैनन् सक्नेछन् सङ्कलन सङ्कलित सङ्कुचित सङ्गठन सङ्गठित सङ्घबाट सजिन्छन् सञ्चारित सञ्चालन सञ्चालित सत्यजीत सन्चालन सन्तुलन सन्तुलित सम्पाटन सम्पादन सम्बोधन सम्बोधित सम्मलित सम्मानित सम्मिलन सम्मिलित सम्मेलन सम्मोहन सिंहासन सिक्काबाट सुनिन्छन्
127	44	फरकमा फरसाको फर्कँदा फर्कँदै फर्कदै फर्कने फर्किने फर्कियो फर्केँदै फर्केका फर्केको फर्केछ फर्केर फर्मका फर्मुला फलानाको फलामको फसलको फसलोको फापरको फाफरको फारमको फारसको फारसमा फारसीमा फार्ममा फिर्ताका फिर्तीको फुर्दछ फूर्तिलो फूलमाला फेरिसको फेरिसले फेर्छम फेर्दाको फेर्दैछ फेसनको फेसबुक फोरमका फोरमको फोरमले फोर्सको फोर्समा फोर्सले
128	44	वक वटा वटै वडा वत्स वफा वर वरि वरी वषे वहाँ वाक वाचा वाणि वाणी वादी वादे वानी वाम वार वाला वाली वाह विकि विकी विकु विधा विधि विधी विना विपि विम विर विषे विहे वीपी वीर वेक वेको वेदी वेधी वेला वेशी वैन
129	44	सजीवहरूका सडकहरूको सडकहरूमा सडकहरूले सदनहरूका सदनहरूमा सपेराहरूले समतामुलक समतामूलक समसामयिक समाजहरूले समाधीहरूमा समितिहरूमा समितिहरूले समूहहरूका समूहहरूको समूहहरूमा समूहहरूले सहनुपरेको सहरहरूका सहरहरूको सहरहरूमा सागरहरूको साधकहरूको साधनहरूको साधनहरूमा साधनाहरूको सारणिहरूका सारणीहरूमा सिताराहरूका सिपाहीहरूले सुधारहरूका सुविधाजनक सुविधाहरूको सुविधाहरूले सूचनापरक सूचनामूलक सूचनाहरूका सूचनाहरूको सेवकहरूको सेवकहरूले सैनिकहरूको सैनिकहरूले स्वरूपहरूका
130	44	गगन गजब गजल गजुल गठन गठित गणन गणित गणेश गराई गराए गरिए गरिन गरिन् गरिब गरुड गरूड गरून् गरेँन गरें गरेन गरोस् गरौं गऱ्यो गलत गहन गाँसिन गायन गायब गिनेस गिलास गुगल गुणन गुराँस गेगन गेनिथ गोकुल गोमन गोमेज गोमेद गोरस गोरौल गोलाइ गौचन
131	43	बग बट बढ बध बब बल बस बाँच बाँध बाँस बाग बाघ बाज बाण बाथ बाफ बाल बास बिँड बिग बिट बिन बिल बिस बीच बीज बीस बुच बुझ बुट बुध बुश बेन बेल बेस बैध बोझ बोट बोध बोल बोस बौध २०
132	43	पट पढ पद पन पप पब पल पस पाँच पाच पाठ पात पाद पान पाप पाल पास पिँध पिङ पिच पिन पिप पीठ पीत पीप पीस पुन पुल पुष पुस पून पेङ पेच पेज पेट पेन पेप पेश पेस पोग पोप पोल पौष
133	42	टनका टनमा टनिक टमेका टाडीको टाढाको टालेको टालेर टिकेको टिचीको टिपेर टिपोका टिभिमा टिमका टिमकी टिमको टिममा टिमले टिमुर टिमुरे टिमोर टुडेमा टुरको टुरमा टेकेको टेकेर टेरीले टेरेसा टेलक टेलर टेलिया टैगोर टोकियो टोकेको टोकेर टोपीका टोलका टोलमा टोलीका टोलीको टोलीमा टोलीले
134	42	मच मठ मत मन मब मल माँग माँझ माँड माग माघ माझ माध मान माप माफ माल मास मिट मिड मित मिथ मिल मिस मीन मील मुख मुठ मुड मुल मूल मेघ मेच मेट मेन मेल मेष मैप मैल मोड मोल मौन
135	41	बगाउँदैछ बचाउँदछ बचाउनका बचाउनको बजाउनको बजाउनमा बढाइदियो बढाइरहे बढाउनका बढाउनको बढाउनमा बढाउनुका बढाउनुले बताइदिने बताइदियौँ बदलिएकै बदलिएको बदलिन्छ बदल्दछ बदल्नको बदल्नेछ बनाइदिने बनाइदियो बनाइनेछ बनाइन्थ्यो बनाउँदछ बनाउदछ बनाउनका बनाउनको बनाउनमा बनाउनाले बनाउनुका बनाउनुको बनाउनुभो बनाउनेका बनाउनेछ बनाउनेले बिछाउनाले बिताउनका बुझाउनका बुझाउनेछु
136	41	कदमहरू कपडाहरू कमिकहरू कर्णपाली कर्ताहरू कर्पुटार कर्मचारी कर्मतिर कर्मथलो कर्मबारे कर्मभूमि कर्मयोगी कर्मवीर कर्महरू कलमहरू कलमीहरू कलेजहरू कविताहरू कानूनहरू कारणहरू कार्यकारी कार्यभार कार्यहरू कार्सियर किटाणुहरू किताबहरू किरणहरू किराँतहरू किरातहरू किरातीहरू किर्नेटार कुरिनटार कुरीतिहरू कुर्सीहरू केन्द्रहरू कोर्सहरू कोलोनीहरू कोशिकाहरू कोषिकाहरू कोसेलीहरू कौरवहरू
137	41	डक डटे डनी डफा डम डर डली डाँछी डाँडा डाँडो डाँफे डाके डाटा डाडाँ डाढा डाना डाफे डाम डार डाहा डिको डिनो डीको डुम डेको डेजी डेडी डेम डेमी डेरा डेले डैन डोको डोटी डोडा डोना डोम डोय डोर डोरा डोरी
138	40	थपे थमे थयो थर थरी थला थलो थाती थाना थापा थापी थापे थाबो थाम थामा थामी थारा थारु थारू थाली थाले थालेँ थालौँ थाह थाहा थाहै थिम थियो थियो? थियौँ थुम थेगो थेबे थैलो थोक थोचो थोपा थोपो थोर थोरै
139	40	धनका धनको धनजी धनले धनीको धनौरा धनौरी धमला धमारी धमिलो धमोली धरती धराना धरौटी धागोमा धाङमा धातुका धातुको धातुमा धातुले धानका धानको धानमा धानेको धामको धारक धारणा धारमा धारले धाराको धारामा धारिला धारिलो धारीको धावक धेरैको धेरैले धोबीको धोयीको धोलक
140	40	पटकाहरूको परयाहरूको पर्यटककै पर्यटकको पर्यटकमा पर्यटकले पर्यटकीय पर्यटनका पर्यटनको पर्यटनमा पर्यटनिक पसलहरूमा पहाडहरूमा पहाडहरूले पाठकहरुको पाठकहरूको पाठकहरूले पारखीहरूका पार्कहरूमा पार्टनरका पार्टीहरूका पार्टीहरूको पीडितहरूका पुजारीहरूले पुराणहरूका पुराणहरूको पुराणहरूमा पुरुषहरूका पुरुषहरूको पुरुषहरूले पुरूषहरूको पुरूषहरूले पुरेतहरूको पुर्खाहरूको पुर्खाहरूले पूजारीहरूले पोखरीरहेको पोखरीहरूको पौडेलहरूको पौडेलहरूले
141	40	संस्कारका संस्कारको संस्कारमा संस्थानका संस्थानको संस्थानमा संस्थानले संस्थापक संस्थापिका संस्थाहरू सडकहरू सदनहरू समाजहरू समाधिहरू समानहरू समितिहरू समूहहरू सर्तहरू सवारीहरू सवालहरू सहरहरू साधनहरू सामानहरू सिकारीहरू सिताराहरू सिपाहीहरू सिमानाहरू सुझावहरू सुधानीहरू सुधारहरू सुविधाहरु सुविधाहरू सुसारेहरू सूचनाहरू सूर्यहरू सेटिङहरू सेवकहरू सैनिकहरू स्वदेशीहरू स्वभावहरू
142	40	गद्यको गनिएको गनिन्छ गराइना गराइने गराइयो गराउँछ गराउँछु गराउँदा गराउँदै गराउनु गराउने गराएका गराएकी गराएको गराएन गराएर गरिएका गरिएकै गरिएको गरिएछ गरिएता गरिएन गरिएमा गरिन्छ गलाएर गह्रमा गाँसिएको गाडिएको गाडिन्छ गाभिएको गारिएको गुमाउँछ गुमाउदै गुमाउनु गुमाएकी गुमाएको गोत्रका गोत्रको गोत्रमा
143	40	नकद नकल नकुल नखेल नगद नजान नदिन नबिन नयन नरेश नलिन नविन नवीन नहान नहुन नहोस् नामित नामुद निकट निकास निकोल निखिल निचोड निदान निधन निमिष निमिस निमेष नियत निराश निरेश निवास निशान निषेध निहित निहोन् नीतिश नेसन नोटिस नौबिस
144	40	बटवाराका बमहरूको बरदानका बराबरको बराबरीका बराबरीमा बलवानका बलवानको बलहरूका बलहरूको बलिदानका बलिवुडका बलीवुडका बसोबासका बसोबासको बसोवासको बागहरूको बाछाहरूको बाटाहरूको बाटाहरूमा बाणहरूले बायोमासको बारीहरूमा बालबाटिका बालबालिका बालीहरूको बासीहरूले बीसजनाको बुधबारका बुधवारको बेसबलका बैटमैनका बोटहरूमा बोराहरूमा बोलचालको बोलहरूमा बोलिचालीको बोलिचालीमा बोलीहरूका बोलीहरूको
145	40	अघिपछि अतिथिको अधिकका अधिकको अधिकता अधिनमा अधिपति अपिलको अपिलमा अफिमको अफिसका अफिसको अफिसमा अफिसले अबधिमा अभिरुचि अमडुबा अमलमा अमिरको अमिरजी अरनिको अरबका अरबको अरबमा अरुचिमा अर्खला अर्चना अर्थका अर्थको अर्थमा अर्थिक अर्दली अर्बको अलिकति अवदिमा अवधिका अवधिको अवधिमा असमको असममा
146	39	जग जज जड जन जप जफ जब जल जस जाँघ जाँच जाँड जाङ जाट जात जान जाप जाल जिग जित जिन जिल जीत जीन जीप जुन जुल जुस जूट जून जेट जेठ जेन जेल जोङ जोड जोन जोश जोस
147	39	वकिलहरूले वर्गहरूको वर्गीयताको वर्णपटमा वर्णमालाको वर्णमालामा वर्णहरूका वर्णहरूमा वर्तमानका वर्तमानको वर्तमानमा वर्षजतिको वर्षपहिले वर्षभरिमा वर्षमुनिका वर्षहरूको वर्षहरूमा वर्षायाममा वस्त्रहरूको वार्डहरूको वार्डहरूमा वार्तालापको वार्तालापमा वाहनहरूको विकारहरूमा विचारधाराको विचारधाराले विचारहरको विचारहरूको विजेताहरूले विदेशीहरूले विभागहरूका विभागहरूको विभागहरूमा विरोधिहरूको विरोधीहरूले विषयहरूमा विषाणुहरूको विहारहरूको
148	38	गरिनेछन् गरिबलाई गरिमालाई गरीबलाई गरूडलाई गरेकोबाट गरेबापत गरेवापत गर्गबाट गर्दछन गर्दछन् गर्दथिए गर्दथिन् गर्दथ्यो गर्दैछन् गर्दैनन् गर्नबाट गर्नलाई गर्नासाथ गर्नुभए गर्नुलाई गर्नेछन् गर्नेबाट गर्नेलाई गर्भपात गर्भबाट गर्भाधान गर्मफल गर्मीबाट गलतलाई गल्लीबाट गायनलाई गाविसलाई गुरुजीलाई गोबरलाई गोरखनाथ गोरखानाथ गोरखाबाट
149	38	बकवास बढीलाई बरदान बर्बाद बर्मन बर्लिन बलबाट बललाई बलिदान बलिलाई बसबाट बसोबास बसोवास बाँडफाँड बाँडफाट बाँसबाट बाछोलाई बाजालाई बाटाबाट बाटोबाट बाणलाई बाबुलाई बायाँबाट बारबाट बारलाई बार्बेट बालतोड बालरोग बालालाई बियाँलाई बियोलाई बिलबाट बुकलाई बुढालाई बुधलाई बुशलाई बेरलान बोटलाई
150	37	अखबारहरूका अखवारहरूका अङ्ग्रेजहरूको अङ्ग्रेजहरूले अतिवादीहरूको अतिवादीहरूले अदालतहरूको अधिकारकर्मी अधिकारहरूका अधिकारहरूको अधिकारहरूमा अधिकारीहरूका अधिकारीहरूले अनुपातहरूको अनुभवहरूको अनुयायीहरूको अनुवादहरूको अपडेडहरूमा अपराधहरूमा अपराधीहरूका अपराधीहरूको अपराधीहरूमा अफगानीहरूको अफगानीहरूले अभिनयहरूमा अभिनेताहरूको अभियानहरूको अभियानहरूमा अभियोगीहरूले अभिलेखहरूमा अभिलेखालयमा अमेरिकीहरूले अवतारहरूमा अवरोधहरूको अवशेषहरूका अवसरहरूको अवसरहरूमा
151	36	कं कट कठ कण कल काँच काँध काँस काख काग काज काठ काण कान काल किन कुट कुन कुल कूच कूल केट केन केस कैद कैल कोच कोट कोड कोण कोत कोल कोश कोष कोस कौन
152	36	उठायो उठायौँ उठेका उठेको उठेर उडिया उडेको उतम उतार उतिकै उत्सव उदय उदायो उदार उधारो उनका उनकी उनकै उनको उनमा उनेको उनेर उनैका उनैको उनैमा उपको उपमा उपर उपाय उमर उमेर उसका उसकी उसको उसमा ऊनको
153	36	चक्काको चक्रको चक्रमा चक्षुको चञ्चले चट्टको चढ्नको चद्रमा चन्दले चम्किला चम्किलो चम्चाले चल्तिको चल्तीका चल्तीको चल्तीमा चल्दछ चल्दैछ चाल्नाले चित्रको चित्रेमा चिन्डोकै चिन्तक चिन्तामा चिन्दथेँ चुट्किला चुन्दछ चुन्नका चुम्बक चुल्ठोमा चुल्होमा चेन्समा चेल्सीका चेल्सीको चैत्यमा चैत्रमा
154	36	कर्कलो कर्चना कर्टको कर्णको कर्णले कर्णाली कर्ताको कर्थली कर्मका कर्मको कर्ममा कर्मिक कर्मैया काउन्टर कार्कीको कार्कीले कार्गोको कार्टर कार्डमा कार्तिक कार्थक कार्मिक कार्यका कार्यको कार्यमा कार्यले किर्नाले कुर्चीको कुर्सीका कुर्सीको कुर्सीमा कोर्टमा कोर्डमा कोर्नर कोर्राले कोर्समा
155	36	वर्गका वर्गकी वर्गको वर्गमा वर्गले वर्गीय वर्डमा वर्णका वर्णको वर्णमा वर्णोका वर्दिया वर्धक वर्माको वर्माले वर्षका वर्षकी वर्षकै वर्षको वर्षछि वर्षझैँ वर्षमा वर्षमै वर्षाका वर्षाको वर्षीय वर्षीया वर्षेनि वर्षेनी वार्णिक वार्ताको वार्तामा वार्ताले वार्नर वार्षिक विर्ताको
156	36	गठ्ठा गद्दि गद्दी गन्ती गन्दा गन्ध गन्न गम्प गल्छी गल्ति गल्ती गल्फ गस्ती गाड्दा गाड्ने गान्धी गिद्ध गिन्ती गिल्ड गुम्बा गुम्वा गुल्म गुल्मी गेम्स गेस्ट गैंडा गोड्डा गोड्ने गोत्र गोत्री गोब्रे गोम्पा गोल्ड गोल्फ गोष्ठि गोष्ठी
157	35	ऋण रङ रड रथ रन रब रस राख राग राज रात राल रिङ रिज रिट रिन रिस रुख रुट रुन रुस रूख रूढ रून रूप रूस रेट रेड रेन रेल रोग रोज रोट रोड रोप
158	35	नकाटीन नयाँपन नराखौं नर्तिन नर्मन नर्सिङ नर्सेज नारायण निकेतन नियमन नियमित नियोजन नियोजित निराजन निरूपण निर्गुण निर्जन निर्देश निर्दोष निर्धन निर्बल निर्मल निर्माण निर्माल निर्मित निर्मुल निर्मूल निर्यात निर्वात निवारण निवेदन निश्चल निश्चित निषेचित निषेधित
159	35	फड्को फन्को फन्ट फन्ड फन्दा फल्छ फल्ने फस्ट फाइदा फाट्छ फाट्ने फाप्ने फाल्दा फाल्ने फिट्ने फिन्च फिल्ड फिल्म फिल्मी फिस्टा फिस्टो फुच्चे फुट्न फुट्ने फुत्के फुल्का फुल्छ फुल्दा फुल्न फुल्ने फुस्रा फुस्रे फुस्रो फेइनी फोल्ड
160	35	नखाएर नगएर नदिएका नदिएको नपाइने नपाईने नपाउँदा नपाउँदै नपाउने नपाएका नपाएको नपाएर नपाएरै नब्बेको नभएका नभएकै नभएको नभएता नभएमा नभएर नलिएका नलिएकी नाजिआको नापिएको निदाएकै निभाउँछ निभाउँथे निभाउँदै निभाएका निभाएकी निभाएको नुहाउने नुहाएका नुहाएमा नुहाएर
161	35	लकबाट लचेनल लतपत लयलाई लसपस लाखबाट लाखमान लाखेलाई लाचेनल लामालाई लायोनल लायोनेल लालटिन लासलाई लिनलाई लिपपोत लिपिलाई लिबरल लियोनल लिवरल लुगाबाट लुटपाट लेखनाथ लेखपढ लेखबाट लेखराज लेखलाई लेखसित लेखेनन् लेनदेन लेबनान लोकगीत लोकपाल लोकलाई लोकहित
162	35	घटक घटना घटिया घटीमा घटेका घटेको घटेमा घडामा घडीको घडीमा घरका घरकै घरको घरमा घरमै घरले घराना घाँटीको घाँटीमा घाँसका घाटको घाटमा घाटीमा घातक घाममा घामले घुनको घुमेका घुमेको घेरामा घोचक घोडाको घोडामा घोषको घोषणा
163	34	मटिखान मतदात मतदान मतभेद मलजल मलबाट मलमास मलायन महाँकाल महाचील महायान महीबाट माछागढ माछाबाट माझिकन माथिबाट मालपोत माविबाट मियाबाट मिलियन मिसिगन मुखगत मुखबाट मुखरित मुखसित मुटुबाट मुठभेड मुनिबाट मूलभूत मेगजिन मेगेजिन मेडिकल मेलबाट मोतीबाग
164	34	दखिन्छ दबिएको दलिन्छ दुखाइको दुखाउनु दुखाउने दुख्दैन दुबईको दुबईमा देखाइँदै देखाइने देखाइयो देखाउँछ देखाउँछु देखाउँदा देखाउँदै देखाउनु देखाउने देखाएका देखाएको देखाएर देखिएका देखिएकी देखिएको देखिएछ देखिएन देखिन्छ देखिन्थे देखिन्न देख्दछ देख्दछु देख्दछौँ देख्दैन देख्नेछ
165	34	दफा दया दह दहि दही दाखा दाफा दाय दायाँ दायी दावा दावी दाह दिइए दिगो दियो दियौँ दिवा दुःख दुखी देखा देखि देखी देखे देखेँ देव देवा देवी देवी! देह दैव दैवी दोचा दोहा
166	33	गएकाले गङ्गाको गङ्गाजी गङ्गामा गङ्गाले गण्डक गण्डकी गद्दीको गद्दीमा गम्पको गल्तीको गस्तीको गाईकाने गाङ्गुली गान्धीकी गान्धीको गाम्पोको गिन्तीमा गुम्नुको गुम्बाका गुम्बाको गुम्बामा गुम्बामै गुल्मीका गुल्मीको गैंडाको गोन्पाको गोम्पाको गोल्फका गोल्फको गोल्फमा गोल्फर गोष्ठीमा
167	33	नगरकोटको नगरकोटमा नगरपलिका नगरपालिका नगरवधुको नगरहररू नगरहरूको नगरहरूमा नर्सहरूको नसेडीहरूले नहुनेहरूले नागरिकहरू नाटकहरूमा नायकहरूका निकायहरूको नियमहरूका नियमहरूको नियमहरूमा नियमहरूले नियमावलिमा नियमावलीमा निर्णहरूको निवासीहरूका निवासीहरूको निवासीहरूमा निवासीहरूले नेपालीहरुको नेपालीहरूका नेपालीहरूको नेपालीहरूले नेपोलियनले नेवारहरूको नेवारहरूमा
168	33	वंशी वंसी वक्ता वक्र वक्स वग्ने वङ्ग वन्स वल्ट वल्ड वस्ती वस्तु वाग्ले वान्ता वाष्प वास्ता वास्तु विघ्न विङ्ड वित्त वित्दै विन्डो विन्ती विन्दु विन्नी विष्ट वुड्स वेत्ता वेल्थ वेल्स वेस्ट वेस्टी वोल्ट
169	33	छत्रे छन्द छल्दी छल्न छाड्दो छाड्न छाड्ने छात्र छान्न छाप्दा छाप्न छाप्ने छाप्री छाप्रे छाप्रो छाब्दी छिट्टै छिन्न छिप्रा छुट्टा छुट्टी छुट्टै छुट्ने छेक्ने छेड्ने छेत्री छोड्दै छोड्न छोड्ने छोड्नै छोप्दा छोप्न छोप्ने
170	32	वंशका वंशकी वंशको वंशमा वन्डको वन्दना वस्तीको वस्तुका वस्तुको वस्तुमा वस्तुले वाम्बुले विन्दुको विन्दुमा विन्दुले विन्नीको विल्कुलै विल्सका विष्टको विष्णुका विष्णुकै विष्णुको विष्णुले विस्टामा विस्तार विस्तारै विस्तारो वुड्सका वुड्सको वेल्सका वेल्सको वेल्समा
171	32	कदमलाई कनरलाई कपासलाई कमलराज कमलामाई कमानीलाई करणीलाई कर्णदास कर्णलाई कर्णसेन कर्मलाई कलामलाई कलेजोलाई कवितालाई कवीरलाई कसाहीलाई कामचलाउ कामनालाई कारणलाई कार्कीलाई कार्यलाई किनारलाई किनारालाई किराँतलाई किसानलाई कुकुरलाई कुखुरालाई कुबाचालाई कुबेतलाई कुमारलाई कुरीतिलाई केरललाई
172	32	बचिरहने बजारतिर बजारहरू बढिरहँदा बढिरहेको बनिरहेको बनिसकेका बनिसकेकी बनिसकेको बसिरहनु बसिरहने बसिरहेका बसिरहेकी बसिरहेको बसिराखेको बसिसकेका बसिसकेको बहिनीहरू बाँचिरहेका बाँचिरहेको बाँचिरहेछ बाँदरचरी बादलहरू बालकहरू बाहनहरू बाहिरतिर बिकिसकेको बिमारीहरू बुझिरहेको बेचिरहेको बेलकातरी बोलिरहनु
173	32	उखेलेर उखेलेरै उचालिँदै उचालेकै उचालेको उछालले उठानका उडानका उडानमा उतातिर उतारेका उदासीले उधौलीका उनलार्इ उपकार उपचार उपजाति उपथर उपधारा उपबोली उपसाला उपहार उपाधिले उपासना उभारले उमरिया उमालेको उमालेर उमेरका उमेरको उमेरमा उमेरमै
174	31	कर्खा कर्जा कर्ण कर्ता कर्द कर्म कर्मी कर्रा कार्की कार्के कार्टा कार्ड कार्य कार्ल कार्लो किर्ति किर्ती कीर्ति कुर्घा कुर्ता कुर्था कुर्म कुर्मा कुर्मी कुर्यौँ कोर्ट कोर्थे कोर्दा कोर्न कोर्ने कोर्स
175	31	जनपथ जनपद जनमत जनरल जनवाद जनहीत जमघट जरखान जलयान जसबाट जहाँबाट जाँदैछन् जातिगत जातिबाट जातिवाद जातैजात जानेछन् जामबाट जालबाट जिरिबाट जुरेबाज जुलियन जुलियस जेनरल जेनेरल जेलबाट जोडबाट जोडिकन जोनाथन जोयाबाट ज्वरोबाट
176	30	हटन हटात हताश हनन हनन् हमाल हमिद हरण हरिण हलाल हसन हाँसिन् हाँसिल हारुन हालन हालिन् हासिल हिँडन हिमाल हिरण हुनत हुसेन हेडेड हेरिन हेलेन हैनन् हैरान होटल होटेल होलान्
177	30	तनमनले तमुहरूका तरकारीको तरकारीमा तरबारको तरवारको तरवारले तर्कारीको तलकोटकै तलकोटमा तातोपानीको तानसेनको तानसेनमा ताराहरूका ताराहरूको ताराहरूमा ताराहरूले तालकटोरा तालमेलको तालिबानको तालिबानले तिथिहरूका तिनपटक तिनीहरूको तिनीहरूमा तिनीहरूले तिमीहरूले तिलपतको तीनघरेमा तेलकोटमा
178	30	गणेशजीको गणेशजीले गरगहना गरिबहरू गरिरहनु गरिरहने गरिरहेका गरिरहेकी गरिरहेकै गरिरहेको गरिरहेछ गरिरहेछु गरिराखेका गरिराखेको गरिसकेका गरिसकेकि गरिसकेको गरीरहेका गर्दाखेरि गर्नेछैन गर्नेतिर गर्नेहरू गर्मिहरू गायकहरू गाविसहरू गुनासाहरू गोठालाहरू गोपालपुर गोपालहरू गोरेटाहरू
179	30	पक्षहरूको पक्षिहरूको पञ्चशीलका पञ्चशीलको पञ्चशीलमा पञ्चहरूको पढ्नेहरूमा पत्रकारको पत्रकारिता पत्रहरूको पत्रहरूमा पन्छीहरूको पर्वतारोही पर्वहरूको पर्वहरूमा पात्रहरूको पात्रहरूले पिण्डहरूका पिण्डहरूको पिण्डहरूमा पितृहरूको पुग्नेहरूको पुत्रहरूको पुत्रहरूले पुस्ताहरूले प्रथाहरूको प्राणीहरूको प्राणीहरूमा प्रेसहरूको प्वालहरूको
180	30	पाउन्डका पाउन्डको पृष्ठको पृष्ठझैँ पृष्ठमा पृष्ठले प्रकृया प्रक्रिया प्रत्यय प्रत्याशी प्रत्यासी प्रत्येक प्रश्नको प्रश्नमा प्रश्रय प्रस्तर प्रस्तुति प्रस्तुती प्रस्तोता प्रान्तको प्रान्तमा प्रान्तीय प्राप्तको प्राप्तिका प्राप्तिको प्राप्तिमा प्राप्तीको प्रिन्टको प्रिन्टर प्लास्टिक
181	30	डगौरा डचर डटेर डढेलो डबली डमरु डमरू डरले डलर डाँफला डाबर डायना डायरी डाहले डाहाले डिनर डियर डुबेर डुवेर डुसेरा डुहरे डेगरी डेजीले डेहरी डोगडी डोगरी डोगरे डोजोले डोटेली डोरीले
182	30	छन्दका छन्दको छन्दमा छपाएको छम्पीको छरिएका छाड्नका छात्रको छानिएको छापिएका छापिएको छाप्रोमा छिस्तीको छुट्टियो छुट्टीको छुट्दछ छेडिएको छेत्रमा छेत्रीको छेन्डुमा छेलिएका छोडिएका छोडिएको छोडीएको छोड्दछौँ छोड्दैछु छोपिएका छोपिएको छोप्नैका छोप्राक
183	30	ऋषिहरूले रथहरूको राजहरूको राजाहरूका राजाहरूको राजाहरूले राणाविरोधी राणाहरूको राणाहरूमा राणाहरूले रानीहरूको राशिहरूको रुखहरूको रूखहरूले रूपहरुमा रूपहरूका रूपहरूमा रेखाहरूको रेखाहरूमा रेलहरूको रेलहरूले रोगहरूका रोगहरूको रोगहरूमा रोगिहरूको रोगीहरूका रोगीहरूको रोगीहरूमा रोगीहरूले रौतहतको
184	30	लग लङ लज लट लत लभ लस लाँख लाख लाज लान लाभ लाल लाश लास लिग लिङ लिन लिफ लुङ लुप लुभ लेख लेट लेन लेप लेस लोड लोप लोभ
185	29	पाइँदो पाइनु पाइने पाइयो पाइला पाइलो पाईको पाउँछ पाउँछु पाउँछौ पाउँथे पाउँदा पाउँदै पाउनु पाउने पाउनै पाउमा पाएका पाएकी पाएको पाएन पाएमा पाएर पाएरै पिउँदा पिउनु पिउने पिउरा पिएको
186	29	सदिहरूबाट सनपाटबाट सफलतालाई सबैजनालाई समाचारलाई समानतालाई समुदायबाट समुदायलाई सरकारबाट सरकारबीच सरकारलाई सरकारसँग सरलताबाट सरलतालाई सर्जमलाई सहयोगबाट सहायताबाट साथीहरुलाई साथीहरूबाट साथीहरूलाई साथीहरूसँग सानाहरूलाई सिरहरूबाट सिर्जनालाई सिलिकनलाई सेनाहरूलाई स्त्रीहरूलाई स्त्रीहरूसँग स्वरहरूलाई
187	29	दाइका दाइकी दाइको दाइजी दाइजो दाइले दाउरा दिइयो दिईयो दिउँला दिउँसो दिउसो दिएका दिएकी दिएकै दिएको दिएमा दुईको दुईटा दुईटी दुईटै दुईले देउकी देउडा देउता देउरा देउसा देउसी २को
188	29	प्रचण्डका प्रचण्डकै प्रचण्डको प्रचण्डले प्रतिज्ञामा प्रतिष्ठामा प्रतीक्षामा प्रदक्षिणा प्रबन्धक प्रबन्धमा प्रयत्नले प्रयोक्तामा प्रवक्ताले प्रशंसक प्रशान्तका प्रशान्तको प्रशान्तमा प्रशिक्षक प्रसङ्गको प्रसङ्गमा प्रसङ्गले प्रसिद्धिको प्रारम्भका प्रारम्भमा प्रारम्भिक प्रोजेक्टको प्रोजेक्टमा प्रोजेक्टले प्रोटेक्टर
189	28	अकाबा अकेरा अगाडि अगाथा अगाबै अगावै अगेना अघोर अचार अछाम अछामी अठार अठारौँ अडेर अथाह अधेरी अपार अपूरो अपोलो अबेर अभाव अमाव अमीर असार असारे असीम असीर अहोम
190	28	सखिहरूले सतगुरूको सभाहरूका सभाहरूको समहरूमा साथिहरूका साथिहरूको साथीहरूका साथीहरूको साथीहरूमा साथीहरूले सिटहरूका सिटहरूको सिटहरूमा सीटहरूको सीमाहरूको सुरहरूको सूचीहरूको सेटहरूमा सेनाहरूका सेनाहरूको सेनाहरूमा सेनाहरूले सेवाहरूका सेवाहरूमा सेवाहरूले स्वरहरूका स्वरहरूको
191	28	लगत लगन लगान लगिन् लडोस् लयड लवज लाखौं लागत लागिन् लागेन लागोस् लाचन लानोस् लिखत लिखित लिपिड लीवान लुकोस् लेखन लेखित लेखिन् लेविन लैजान लोकल लोकेट लोछेन लोटस
192	28	वकालत वचपन वटकिन वनकस वनवास वनावट विकराल विकसित विकिथन विकिथोन विकिरण विकिसत विघटन विघटित विचरण विचलित वितरण वितरित विदरित विपथन विपरित विपरीत विरासत विलायत विलासम् विवरण विशेषण विशेषत
193	28	झगडा झमक झरणा झरना झरिया झरेका झरेको झरेमा झर्को झर्छ झर्न झर्ने झर्यो झलक झाँकीको झागको झाङको झाडीका झापाको झापामा झारको झार्दै झुकेको झेनाम झेलम झेलेको झोडाको झोलामा
194	27	अकाबाको अकालमा अकोलवा अखडाको अगाडिका अगाडिकै अगाडिको अचानक अचारको अचारमा अछामका अछाममा अछामीको अजीजको अठारमा अधीनमा अनामक अनाहक अनेकका अनेकौँको अशोकको असामको असारको असारमा असुरैना असोजको असोजमा
195	27	फर फरि फरो फाँडो फाली फालेँ फिजी फिनी फिबी फुटे फुली फुलु फुले फूलो फेदि फेदी फेर फेरि फेरी फेला फेसो फोको फोटा फोटो फोर फोली फौजी
196	26	ठाँटी ठाक ठाडा ठाडी ठाडै ठाडो ठाणे ठाना ठानी ठानेँ ठिक ठीक ठुटा ठुटे ठुटो ठुला ठुली ठुलो ठूला ठूली ठूलै ठूलो ठेकी ठेचो ठोकी ठोरी
197	26	वरिष्ठ वसन्त वसन्ती वहन्छ वितस्ता विनम्र विनष्ट विपक्षी विपत्ति विपन्न विभक्त विभिन्न विरुद्द विरुद्ध विरुध्द विरूद्ध विलम्ब विलुप्त विशिष्ट विशिष्ठ विशुद्ध विश्वस्त विषक्त विषाक्त वेदाङ्ग वेदान्त
198	26	गड गढ गण गत गफ गल गाँस गाथ गाद गित गीत गीन गुँड गुज गुड गुण गूढ गेट गेल गेस गोङ गोठ गोफ गोल गौड गौण
199	26	प्रकाण्ड प्रखण्ड प्रचण्ड प्रदत्त प्रबन्ध प्रबुद्ध प्रयत्न प्रयुक्त प्रवक्ता प्रवुद्ध प्रशंसा प्रशन्न प्रशस्त प्रशस्तै प्रशान्त प्रशिद्ध प्रसंशा प्रसङ्ग प्रसड्ढ प्रसन्न प्रसिद्द प्रसिद्ध प्रसिद्धि प्रसुप्त प्रिजन्स प्रोभिन्स
200	26	उक्त उक्ति उग्र उच्च उच्छ उठ्थे उठ्दा उठ्न उठ्ने उड्छ उड्दा उड्दै उड्न उड्ने उत्ति उत्रे उल्टा उल्टी उल्टै उल्टो उल्था उल्फा उष्ण उस्तै उस्तो ऊक्त
201	26	अक्षरका अक्षरको अक्षरमा अक्षरले अङ्गुरको अङ्गुरमा अञ्चलका अञ्चलको अञ्चलमा अत्तरिया अन्जनको अन्जनले अन्ततिर अन्तरका अन्तरमा अन्तरले अन्तरिम अन्तिमको अन्तिममा अप्रतिम अप्रियको अप्रिलका अप्रिलको अप्रिलमा अप्सनमा अभ्रकको
202	25	शक्तिका शक्तिकी शक्तिको शक्तिमा शक्तिले शब्दका शब्दको शब्दमा शब्दले शम्भुको शान्तिका शान्तिको शान्तिमा शाब्दिक शाव्दिक शिक्षक शिक्षाका शिक्षाको शिक्षामा शिक्षाले शिक्षिका शुक्रको शुक्रले शुक्लाले शैक्षिक
203	25	मगरलाई मदानीलाई मन्त्रदान मन्त्रलाई मन्त्रीलाई मलामीलाई मल्ललाई मल्लुलाई महललाई महिनालाई महिमालाई महिलालाई माधवराज माधवलाई मानिसलाई मार्गलाई मासिकलाई मुलुकलाई मूर्तिलाई मेमनलाई मेलोडीलाई मोडललाई मोरेटीलाई मौलिकलाई मौसमलाई
204	25	आटा आठै आठौँ आता आदि आदी आधा आधी आना आनी आने आफै आफैँ आम आमा आमै आर आरु आरू आलु आले आलो आशा आसा आसी
205	25	पदहरूका पदहरूको पदहरूमा पशुहरूका पशुहरूको पशुहरूमा पशुहरूले पाँचथरका पाँचथरको पाखाहरूको पाटहरूमा पाठेघरको पातहरूका पातहरूको पातहरूमा पातोहरूको पानाहरूमा पालाहरूले पिताहरूको पुमाहरूको पुलहरूको पुलहरूमा पेयहरूमा पोतहरूमा पोथीहरूको
206	25	प्रकारहरूका प्रगतिहरूका प्रगतिहरूको प्रजातिहरूमा प्रजातीहरूका प्रणालीहरूको प्रणालीहरूमा प्रतिभाहरूमा प्रदेशहरूको प्रदेशहरूमा प्रदेशहरूले प्रभागहरूको प्रभावकारिता प्रभावहरूका प्रभावहरूको प्रभावहरूमा प्रभावोहरूको प्रमाणहरूका प्रमुखहरूका प्रमुखहरूको प्रमुखहरूमा प्रयासहरूले प्रवासीहरूले प्रविधिहरूमा प्रोटोनहरूको
207	25	जगजीत जगदीप जगदीश जगनाथ जनलाई जनालाई जयराज जसराज जसलाई जाडोलाई जातलाई जातिलाई जानलाई जालीलाई जिरादेई जिरालाई जीरादेई जीवनाथ जीवराज जीवलाई जैसीलाई जोडीलाई जोललाई ज्वरोलाई ‎जसलाई
208	25	धधे धनी धनु धरा धरै धातु धाम धामी धार धारा धारो धिर धीर धुनी धुपी धुरा धुरी धुलो धूलो धेर धेरे धेरै धैरै धोती धोबी
209	24	हँसाउने हटाइँदा हटाइने हटाइयो हटाउँछ हटाउनु हटाउने हटाएका हटाएको हटाएर हत्याका हत्याको हराउँछ हराउँदै हराउनु हराउने हराएका हराएको हराएर हरिएको हालिएको हेराइमा हेरिएको होमिएका
210	24	आगमनका आगमनको आगमनले आचरणका आचरणको आयतनका आयतनको आयोजनको आयोजनाका आयोजनाकै आयोजनाको आयोजनामा आयोजनाले आयोडिनको आराधनमा आराधनामा आराधनाले आलोचनाको आवरणमा आवरणले आसपासका आसपासको आसपासमा आसमानको
211	24	उघ्रने उत्तम उत्तर उत्तरा उत्तरी उत्तरे उत्तानो उत्रिने उत्रियो उत्रेका उत्रेर उद्गम उद्दार उद्दिन उद्धार उद्यम उद्यमी उफ्रने उब्जनी उम्रने उम्रियो उम्रेको उम्लने उम्लेको
212	24	यता यति यतै यदि यदी यम यसै यसो यादै याना यानि याम यार याला यिनी यिनै युगौँ युजि युति येशे योगी योनि योनी यौटा
213	24	हट हद हल हाँस हाट हाड हात हान हाफ हाल हिट हित हिथ हिल हुन् हेड हेद होड होप होल होस होस् हौं हौज
214	24	गृहका गृहको गृहणी गृहमा गृहिणी ग्याँसको ग्यात्सोको ग्यासका ग्रहका ग्रहको ग्रहमा ग्रहले ग्राफिक ग्रामका ग्रामको ग्राममा ग्राहक ग्राहम ग्रिसको ग्रिसमा ग्रेडको ग्लासको ग्लोबको ग्वालाका
215	24	खञ्जरी खड्काको खड्काले खड्गले खण्डको खण्डमा खण्डले खत्तम खद्दर खल्तीमा खाल्टोमा खाल्डोको खाल्डोमा खिन्नता खुट्टाका खुट्टाको खुट्टामा खुट्टाले खुड्किलो खेद्नका खेल्दथे खेल्नकै खेल्नको खैंजडी
216	24	हटेनन् हडताल हमबाट हरपल हरसाल हरिलाल हलचल हातपात हातबाट हामीबाट हामीमाझ हारबाट हालेछन् हितबाट हिमताल हिमदूत हिमाचल हिलेबाट हुँदैछन् हुँदैनन् हुनबाट हुनेछन् हेमपाल होमनाथ
217	24	सर्ग सर्च सर्ट सर्त सर्न सर्ने सर्प सर्वे सार्क सार्की सार्छौ सार्थ सार्दी सार्दै सार्न सार्ने सिर्फ सुर्को सुर्ती सूर्य सौर्य स्वर्ग स्वर्ड स्वर्ण
218	24	नक्सा नग्न नत्थी नत्र नन्द नन्दा नन्दी नष्ट नस्ल नाच्दा नाच्दै नाच्ने नाप्न नाप्ने निद्रा निन्दा निभ्न निम्ति निम्तो निम्न निम्स निष्ठा नेक्ड नेत्र
219	24	चल चाँप चाट चाड चाप चाल चिं चिज चिन चिप चिफ चिफ् चिल चीज चीन चील चुन चुप चेस चैत चोट चोप चोल चौध
220	23	नदिहरूले नदीहरूको नदीहरूमा नदीहरूले नबिहरूको नाचहरूको नानीहरूका नामहरूका नामहरूमा नामहरूले नारीहरूका नारीहरूको नारीहरूले नालाहरूले निजहरूका निजहरूको निजहरूले नीतिहरूका नीतिहरूको नेताहरूका नेताहरूको नेताहरूमा नेताहरूले
221	23	तन्ना तस्तै तान्दै तान्न तिघ्रा तिङ्ला तित्रा तिब्र तिम्रा तिम्री तिम्रो तिस्ता तीब्र तेश्रो तेस्रा तेस्री तेस्रो तोक्न तोड्न तोड्ने त्वष्टा ३मा ३०मा
222	23	अंडी अट्छ अट्न अड्डा अत्तो अन्डा अन्त अन्तु अन्तै अन्धा अन्धो अन्न अन्ना अम्ल अल्ट अल्प अल्फा अष्ट अस्त अस्ति अस्तु अस्थि अस्सी
223	23	कन्दरमा कप्तानका कप्तानको कम्पनीका कम्पनीको कम्पनीमा कम्पनीले कम्पासले कम्मरका कम्मरको कम्मरमा करिअरमा कल्पनाका कल्पनाको कल्पनामा कल्पनाले काल्पनिक कास्मिरमा कुण्डलीकै कुण्डलीको कुण्डलीमा केप्लेरका कोल्भरको
224	23	बगरदेखि बजारदेखि बजारमुखी बजारसँगै बडादशैँको बडादशैँमा बदलिनको बदलिनेछ बनारसका बनारसको बनारसमा बनावटको बसालेपछि बहालीपछि बिहानैदेखि बुलेटिनको बेचैनीदेखि बेलायतका बेलायतकी बेलायतको बेलायतमा बेलायतमै बेलायतले
225	23	धरतीका धरतीको धरतीमा धरहरा धरानको धरानमा धरापमा धरोहर धर्तीमा धर्मका धर्मकै धर्मको धर्ममा धर्ममैँ धर्मले धादिङको धारणले धारणाको धारणामा धाराहरू धार्नीको धार्मिक धोदेनीको
226	22	उचाइका उचाइको उचाइमा उचाइले उचाईँमा उचाईमा उछाउनी उठाउँछ उठाउँछौँ उठाउँदै उठाउदै उठाउनु उठाउने उठाएका उठाएको उडाइयो उडाउँदै उडाउनु उदाउँदै उदाउँदो उदाउने उदाएकी
227	22	संदिग्ध संबद्ध संलग्न सङ्लग्न सत्रुघ्न सन्तप्त सन्तुष्ट समृद्ध समृद्धि सम्झन्छु सम्झन्छौ सम्झिन्छ सम्पत्ति सम्पन्न सम्बद्ध सम्बन्ध सम्बन्धि सम्बन्धी सम्बुद्ध सम्भान्त सम्मान्य सिद्धान्त
228	22	जनताहरूको जनताहरूमा जनताहरूले जहाजहरूको जहाजहरूले जातकहरूले जापानीहरूको जापानीहरूले जावलाखेलको जावलाखेलमा जिल्लाभरका जिल्लाहरूका जिल्लाहरूको जिल्लाहरूनै जिल्लाहरूमा जिल्लाहरूले जिवनीहरूको जीवनकालका जीवनकालमा जीवनशैलीको जीवाणुहरूको जोर्नीहरूमा
229	22	१२००सम्म १२१७ १२२४ १२३४ १३२८ १९११ १९१३ १९१७ १९१८ १९२०मा १९२४ १९२८ १९३२ १९३४ १९३५ १९३७ १९३८ १९४० १९५० १९७९ १९८१ १९९०
230	22	पत्थरहरूको पत्रकहरूको पत्रकारिताको पत्रकारितामा पत्रिकाहरूको पत्रिकाहरूमा पत्रिकाहरूले पद्धतिहरूका परीक्षाहरूमा पर्वतहरूमा पल्टनहरूको पाण्डवहरूका पाण्डवहरूको पाण्डवहरूले पुत्रकारूपमा पुस्तकहरुको पुस्तकहरूको पुस्तकहरूमा पुस्तकालयका पुस्तकालयको पुस्तकालयमा पूर्वजहरूको
231	22	गढीमाई गणलाई गतिलाई गहिराई गिरिराज गिरीलाई गीतलाई गुजरात गुडगाउँ गुडबाई गुणराज गुणलाई गुफालाई गेडालाई गेमलाई गोठगाउँ गोठलाई गोरुलाई गोरेलाई गोलालाई गोवालाई गोहीलाई
232	22	आइपरेको आइपुगेका आइपुगेको आइपुगेछ आइफोनको आइरनको आइरहेका आइरहेको आईफोनका आकृतिका आकृतिको आकृतिमा आकृतिले आक्रमक आक्रामक आख्यानका आख्यानको आख्यानमा आग्रहको आश्रमको आश्रममा आश्रमिक
233	22	गएका गएकी गएको गएमा गाइने गाईका गाईको गाईने गाईले गाउँका गाउँकै गाउँको गाउँछ गाउँथे गाउँदा गाउँदै गाउँमा गाउँले गाउको गाउने गाएका गाएको
234	22	गरिदिए गरिदिएँ गरिदेऊ गरिनन् गरिनु गरेनन् गर्छन गर्छन् गर्छस् गर्छिन् गर्छौं गर्जन गर्टिन गर्तङ गर्थिन् गर्दन गर्देन गर्धन गर्नु गार्डन गार्डेन गोर्टन
235	22	पढ्छन् पढ्थिन् पस्किन पस्छन् पस्तुन पाइनन् पाउँछन् पाउँदिन पाउछन् पाएनन् पाञ्चल पान्छन् पाल्छन् पित्तल पिम्पल पुग्छन पुग्छन् पुग्छौं पेन्सन पेस्तोल पोंगल पोइजन
236	22	पक्षलाई पक्षसँग पढाइलाई पढ्नलाई पत्नीसँग पन्तलाई पाउनलाई पाठ्यलाई पात्रलाई पिट्टसँग पिण्डदान पिण्डलाई पितृलाई पित्तरोग पित्तलाई पुग्नलाई पुत्रलाई पुस्तालाई पेत्रालाई पोथ्रालाई पोस्टलाई पौन्डलाई
237	22	आकाश आकास आखत आगत आघात आजाद आजित आदान आधात आपत आपद आपद् आफैं आबास आभाष आभास आयात आरान् आवत आवाज आवात आवास
238	22	पँखेटालाई पटासीलाई पटुकालाई पनिरलाई पनौतीलाई परेकालाई पहाडलाई पहुँचलाई पाङमालाई पाटनलाई पाठकलाइ पाठकलाई पाणिनीलाई पारसनाथ पारसलाई पाहुनालाई पिताजीलाई पुरुषलाई पुरूषलाई पोखरालाई पोखरीलाई पौडेललाई
239	21	पटकथालाई पटवर्धन पटियालालाई परमाणुलाई परावर्तन परावर्तित परिणामलाई परिमार्जन परिमार्जित परिवर्तन परिवर्तित परिवर्धन परिवारजन परिवारबाट परिवारलाई परिवारसँग परिवेशबाट परिवेशलाई पर्खाललाई पहिचानलाई पौड्याललाई
240	21	जगतलाई जनकराज जनकलाल जनतादल जनतामाझ जनतालाई जबजलाई जबरालाई जमनालाल जमातलाई जमिनबाट जहाजलाई जातकलाई जापानबाट जापानलाई जीवनदास जीवनबाट जीवनलाइ जीवनलाई जीवाणुलाई जोसुकैलाई
241	21	खट खत खस खाट खात खान खान‏ खास खिन खील खुब खुस खूब खेत खेद खेल खोज खोट खोप खोल ख्वप
242	21	संग्रह संज्ञक संज्ञाका संज्ञाको सङ्ख्यका सङ्ख्याका सङ्ख्याको सङ्ख्यामा सङ्ख्याले सङ्ग्रह सङ्ग्राम सन्ध्याको सल्किएको सस्तिएको सुन्निएका सुन्निएको सुन्निएमा सुन्निएर सुम्पिएका सुम्पिएको सेंग्रेमा
243	21	नं नं. नङ नट नन नल नस नाग नाच नाथ नाद नाप नाल नाश नास नीच नुन नेट नेस नैं नैस
244	21	वध वष वाङ वाड वाण वाथ वान वाल वास विग विथ विन विष विस वुड वेग वेज वेद वेब वैध वोट
245	21	तताउँछ तताउने तनङ्गु तपाईँका तपाईँकै तपाईँको तपाईँमा तपाईँले तमन्क तरङ्ग तरङ्गा तराइका तराइको तराईका तराईको तराईमा तलाउको तलाउमा तवाङ्ग ताबेईले तैरन्छ
246	21	बटुल्न बदल्दै बदल्न बदल्ने बरण्डा बसन्त बसाल्ने बसाल्यो बसिन्छ बसिन्दा बहन्छ बाँडिन्छ बालिन्छ बासिन्दा बिटल्स बिनम्र बिलम्ब बुझिन्छ बुनिन्छ बुलन्द बोलिन्छ
247	21	त्यतिकै त्यतिनै त्यतिले त्यसका त्यसकै त्यसको त्यसतै त्यसमा त्यसरी त्यसले त्यसैका त्यसैको त्यसैमा त्यसैले त्यहाँका त्यहाँको त्यहिँका त्यहीँका त्यहीको त्यागको त्यागेका
248	21	चडन चढिन् चयन चरण चरन चरित चरेस चलन चलान चलेन चालीस चिनिन चुटन चुरेन चुरोट चेतन चेरोन चौधौं चौभान चौहान ४०
249	21	जिउँदै जिउँदो जिउनु जिउने जिउला जीउमा जेआर जेएन ज्ञाता ज्ञानी ज्यादा ज्यादै ज्यानै ज्याला ज्युले ज्यूला ज्यूले ज्योति ज्वानो ज्वार ज्वाला
250	21	सजायलाई सटरलाई सडकलाई समयलाई समाजलाई समितिलाई समुहलाई समूहलाई समेतलाई सरकालाई सहरलाई सागरलाई साधनलाई साहबलाई सिकारीलाई सिजनलाई सिपाहीलाई सिलामलाई सुझावलाई सूचनालाई सैनिकलाई
251	21	खदान खनन खनाल खनिज खरब खराब खरिद खरेल खलल खाडल खातुन खापिङ खारिज खारिन खारेज खालिङ खिलाफ खुलाल खेतान खेलिन् खोलिन्
252	21	पतिलाई पशुलाई पाटोलाई पाठलाई पाठीलाई पातलाई पानालाई पानीलाई पिँढीलाई पिठोलाई पिढीलाई पितालाई पिलोलाई पुललाई पेजलाई पेटलाई पेलेलाई पेसालाई पोकोलाई पोथीलाई पोपलाई
253	20	अटेका अडेका अनीता अनुठा अनेक अनेकौँ अनोखा अनौँठो अनौठो अमोढा अरूका अरूको अरूणा अरूले अलीको अलेही अलैची अलैहि अशोक अशोका
254	20	मन्त्रहरूबाट मन्त्रालयबाट मन्त्रालयलाई मन्त्रालयसँग मन्त्रीहरूलाई मलामीहरूलाई मसलाहरूलाई मसालहरूलाई महलहरूलाई महिलाहरूलाई मानिसहरुलाई मानिसहरूबाट मानिसहरूलाई मानिसहरूसँग मार्गहरूबाट मार्गहरूलाई मालिकहरूबाट मिसिनहरूलाई मूर्तिहरूलाई मेसिनहरूलाई
255	20	भटमास भयबाट भयभित भयभीत भरिबाट भलिबल भागबाट भाषाबाट भिडभाड भुलगत भुलवश भूमिगत भूमिबाट भूलवश भेटघाट भेटबाट भेडीगोठ भेदभाद भोलिबाट भोलेनाथ
256	20	तलकोट तलछट तलबाट तलैबाट तहबाट ताडासन तातोपन तानबाट तानसेन तानातान तापमान तामाबाट तालिबान तिनबाट तिरबाट तिलडेढ तिलबाट तेरतोन तोडफोड तोपबाट
257	20	हट्नुमा हड्डीको हड्डीमा हप्ताको हप्तामा हप्तामै हात्तीमा हान्नको हाल्नको हिंसाका हिंसाको हिंसामा हिंसाले हिन्दीको हिन्दीमा हिन्दीमै हिन्दूको हिन्दूमा होल्टका होल्टको
258	20	ककनीबाट कटानबाट कपडाबाट कलेजबाट कविताबाट कागजबाट कारणबाट कार्यकाल कार्यदल कार्यबाट कार्यरत कार्यरूप कार्याकाल कालिखबाट किनारबाट किनाराबाट किसिमबाट केदारनाथ कोरियाबाट कोर्चबाङ
259	20	निर्जनता निर्णयको निर्णयमा निर्णायक निर्दलिय निर्दलीय निर्देशक निर्धारक निर्मलले निर्माणका निर्माणको निर्माणमा निर्माणले निर्माताका निर्माताले निर्यातको निर्यातमा निर्वाचक निर्वाहका निर्वाहको
260	20	भगत भजन भरत भवः भवन भाकल भारण भारत भाषण भिडन भिलेन भिषण भीषण भुजेल भुवन भुषण भूगोल भूषण भोगोस भोजन
261	20	नखोलिकनै नगरदेखि नगरिकनै नगरेपछि नजरदेखि नमिलेपछि नागदहको नागदेवता नागराजकी नागरिकका नागरिकको नागरिकता नागरिकले नाघिसकेको नाचिरहेका निधनपछि निधनसँगै नेपालसँगै नेपालसंग नेवारसँगै
262	20	१६०३मा १६२०मा १६३४ १६३८ १६५० १७१७ १७९० १८०७मा १८१३ १८१७ १८१८ १८२४ १८२५ १८३४ १८३५ १८३७ १८४० १८५० १८८१ १८९०
263	20	यतिकैमा यतिखेर यतिबेला यशोदाको यशोदाले यशोधरा यसदेखि यसपछि यसबार यसबारे यसबेला यसमाथि यसलार्इ यसैगरी यहाँदेखि यादगार यासुनारी यिनीमाथि युगदेखि युगौँदेखि
264	20	चढाइ चढाई चढाए चलाई चलाए चल्यो चालिए चाहिए चिनाइ चिनाए चिनिई चिनिए चुनिए चुन्यो चुल्या चुल्हो चौडाइ चौडाई चौथाइ चौलाइ
265	19	समग्रमा समस्थली समुद्रका समुद्रको समुद्रमा समुद्रले सम्वन्धमा सामग्रीका सामग्रीको सामग्रीमा सामुद्रिक सामुद्रीक सामुन्नेमा सालाग्रामा सालीग्राम सालीग्रामा सुपुत्रका सुपुत्रको सुभद्राका
266	19	१९३३मा १९४३ १९४६ १९५२ १९५३ १९५४ १९५५ १९५६ १९५९ १९६१ १९६२ १९६३ १९७४ १९७५ १९८४मा १९८६मा १९८८मा १९८९ १९९१
267	19	१२३६ १३२६ १९१५ १९१९ १९२१ १९२३मा १९२६ १९२७ १९३१ १९३३ १९३६ १९६०को १९८०मा १९८२ १९८४ १९८५ १९८६ १९८७ १९८८
268	19	तट तत् तन तप तब तर् तल ताज ताप ताल तिज तिन तिल तीन तेज तेल तोप तौल ३
269	19	नफुट्नुको नबन्नुको नमस्तेको निकुञ्जको निकुन्जको निघण्टुको नितम्बको नितम्बमा निनाम्माको निपत्रका निबन्धका निबन्धको निबन्धमा निबन्धले नियात्राका निशुम्भको नैघण्टुक नैबन्धिक नैमित्तिक
270	19	झनै झर झरे झार झारा झारो झाले झुटा झुठा झुठो झुमा झुला झुले झुसी झुसे झोडा झोर झोला झोसा
271	19	प्रकारहरू प्रजातिहरू प्रतिभाशाली प्रतिभाहरू प्रतीकहरू प्रदेशहरू प्रधानहरू प्रभावकरी प्रभावकारी प्रभावशाली प्रभावसाली प्रभावहरू प्रमाणहरू प्रमुखहरू प्रमेयहरू प्रयासहरू प्रयोगहरू प्रविधिहरू प्रसादहरू
272	19	छतराको छतवाको छतोनाको छथामको छपराका छपरीको छपलीको छमेलको छहराको छाबडाको छिचोलेको छितहाको छिनामखु छुसाङको छेपाराका छेपारोको छोकडाको छोसेरको १४वटा
273	19	पृथु प्रजा प्रति प्रथा प्रने प्रभु प्रमु प्रह प्राणी प्राय प्रालि प्रावि प्रिती प्रिय प्रिया प्रिवी प्रेम प्रेमी प्लाजा
274	18	एकछिन एकजुट एकडेढ एकदिन एकबाट एकभाग एकमत एकरात एकलाई एकलाख एकसाथ एकसित एकैछिन एकैनास एकैसाथ एपलाइ एसलाई ३१
275	18	संक्षेपमा संग्रहका संग्रहको संग्रहमा संग्रह‎मा संग्रौलाको सकिरहेको सङ्क्षेपमा सङ्ग्रहको सङ्ग्रहमा सङ्ग्रामको सङ्ग्राममा सङ्ग्रामले सङ्ग्राहक सिङ्ज्यागको सुकिसकेका सुनिसकेको सोचिरहेका
276	18	पकवानहरूको परमाणुहरूको परमाणुहरूमा परिणामहरूको परिणामहरूमा परिमाणहरूको परिवर्तनका परिवर्तनको परिवर्तनमा परिवर्तनले परिवर्धनको परिवारजनको परिवारहरूको परिवारहरूमा परिसीमाहरूमा पर्खालहरूमा पोखरेलहरूको पोर्टलहरूमा
277	18	उनबारेमा उपकारका उपकारको उपचारका उपचारको उपचारमा उपचारले उपचारिका उपथरको उपथरमा उपदेशमा उपदेशले उपधारामा उपनाममा उपनामले उपवासको उपवासम उपहारको
278	18	हडतालका हडतालको हडतालमा हरितालिका हरिदासको हलहरूमा हातहरूमा हाथपैरमा हामीहरुले हामीहरूको हामीहरूले हालसालका हितहरूको हिमतालमा हिमपातको हुनेहरूमा हुनेहरूले हौजखासमा
279	18	भइगो भएक भएका भएकी भएकै भएकॊ भएको भएछ भएता भएमा भाइका भाइको भाइमा भाउजू भुइँको भुइँमा भुइमा भोएसे
280	18	वंगालको विच्छेदको विज्ञताको विज्ञनले विज्ञानका विज्ञानको विज्ञानमा विज्ञानले विद्वानले विन्यासका विन्यासको विश्वासका विश्वासकै विश्वासको विश्वासमा विश्वासले विश्वासिलो वैज्ञानिक
281	18	बर्के बर्को बर्खे बर्ग बर्ड बर्डी बर्ता बर्मा बर्मी बर्रो बार्ट बार्ता बार्न बार्ने बिर्ता बिर्सी बेर्ना बोर्ड
282	18	सजायबाट सडकबाट सतहबाट समयबाट समाजबाट समाजवाद समितिबाट समूहगत समूहबाट सवाहबाट सहनबाट सहरबाट साधनबाट साधनभूत सिमानाबाट सूचनाबाट सेटलमाट सेटिङबाट
283	18	झट्का झण्डा झण्डै झन्डा झन्डै झन्नै झम्को झम्टे झस्का झिल्का झिल्के झिल्को झुट्टा झुण्ड झुन्ड झुम्का झुल्का झुल्ने
284	18	घडा घडी घना घर घले घाँटी घाँडो घाँसे घागो घाटा घाटी घाटु घुँडा घेरा घोडा घोडी घोडे घोर
285	18	गडबड गडीकोट गतिबाट गतिमान गतेबाट गदगद गरेबाट गलकोट गलगाँड गाँजाबाट गुठीबाट गुफाबाट गुरुबाट गैँडाकोट गैराखेत गोठबाट गोलाघाट गौडपाद
286	18	मङ्गललाई मण्डललाई मण्डेलालाई मद्दतबाट मध्यमबाट मध्यमलाई मन्दिरबाट मन्दिरलाई मस्यौदालाई मातृकालाई माध्यमबाट माध्यमलाई मान्यताबाट मान्यतालाई मान्यतावाद मारिएकालाई मेक्सिकोलाई मेन्जीसलाई
287	18	संकटकालको संकटकालमा संकेतहरूले संवेगहरूको सङ्कटकालमा सङ्कटहरूको सङ्गीतकारको सन्ततिहरूको सन्तानहरूमा सन्थालहरूले सभ्यताहरूको सभ्यताहरूमा सम्पदाहरूको सम्पादकत्वमा सम्राटहरूले सुल्तानहरूका सुल्तानहरूको सुल्तानहरूले
288	18	मठलाई मतलाई मनलाई मनुलाई मललाई मागलाई माङलाङ माछालाई मातालाई मानलाई मुगलई मुटुलाई मुनिलाई मुरलाई मुसालाई मूललाई मेलालाई मैदालाई
289	18	कटाउने कडाइका कमाइका कमाइले कमाउँछु कमाउँथे कमाउने कमाएका कमाएको कराइना कुमाउँको कुमाउँनी कुमाउँले कुमाउनी कुराउनी केलाउँदै केलाउनु केलाउने
290	17	यमनको यमुनाको यमुनामा यलमाया यागनको याङरीको यातनाका यातनाकै यामानको यामानोते योकोहामा योगदानी योगमाया योजनको योजनाका योजनाको योजनामा
291	17	टकटक टाकटुके टाकुरामा टावरको टावरमा टिकटको टिकटमा टिकोलाको टिकौलीमा टिमटिमा टिमोरमा टेबलमा टोकरीमा टोकियोको टोकियोमा टोकियोले टौमडीमा
292	17	गणहरूका गीतहरूको गीतहरूमा गीतहरूले गुठियारले गुठीहरूले गुणहरूको गुणहरूमा गुरुकुलको गुरुकुलमा गुरुहरुको गुरुहरूको गुरुहरूमा गोपहरूले गोपीहरूका गोपीहरूले गोराहरूको
293	17	तडपको तनमुना तलबको तलबमा तातोपानी तानाबाना तारपेडो तालबाजा तालिमका तालिमको तालिममा तालीमका तालीमको तुलनाको तुलनामा तुलसीको तोरणमा
294	17	गराइनाका गराउँदछ गराउँदछौँ गराउँदैछ गराउँदैछु गराउनका गराउनको गराउनमा गराउनाले गराउनुका गराउनेछ गराएपछि गरिएकोछ गरिएकोले गरिएपछि गरीएकोले गुमाएपछि
295	17	पङ्क्तिकार पङ्क्तिहरू परेकाहरू पलकहरू पसलहरू पहराहरू पहाडतिर पहाडहरू पहेनहारा पहेलीहरू पाङ्ग्राहरू पाठकहरू पारखीहरू पार्टीहरू पिशाचहरु पुजारीहरू पौडेलहरू
296	17	मजबुत मजबूत मनोदूत मनोनित मनोनीत मनोरथ महमुद महमूद महारत महारथ महाराज मानिनन् मानेनन् मिनरल मिहिनेत मेघदूत मेहनत
297	17	चन्द्रकोटे चन्द्रगढी चन्द्रमती चन्द्रमाका चन्द्रमाकी चन्द्रमाको चन्द्रमामा चन्द्रमाले चन्द्रमौली चन्द्रहरू चन्द्राकार चन्द्रागिरी चबरहरू चरणहरू चुचुराहरू चेपाङहरू चौरजहरी
298	17	उच्चदरले उच्चरणमा उच्चारणका उच्चारणमा उड्डयनको उड्डयनमा उत्खननको उत्तेजनाका उत्पादनका उत्पादनको उत्पादनमा उत्पीडनले उद्घाटनका उद्घाटनको उद्घाटनले उद्घोषणको उन्मुलनका
299	17	अधिकारलाई अधिकारसँग अधिकारीलाई अधिकारीसँग अनुभूतिलाई अनुमानलाई अनुरागलाई अनुरोधलाई अनुसारलाई अनुहारलाई अनुहारसँग अभिजितलाई अभियानकस अभियानलाई अभियानसँग अभियानसग अरूहरूलाई
300	17	आगोसित आदतन आफूसित आभूषण आमरण आयतन आयातित आयातीत आयोजन आयोजित आयोडिन आरोपित आलोकित आलोचित आवरण आवेदन आसाजित
301	17	डग डच डट डन डप डल डाँग डाँठ डाँस डाग डात डान डिन डेट डेड डेढ डेथ
302	17	कमन्स कमाण्ड कमान्ड कमान्डो कमिङ्ग कमेङ्ग कमेन्ट करेन्ट कलिङ्ग कारुण्या किपिङ्ग कुकुन्द कुगल्स कुटुम्ब केबल्स केरुङ्ग केरुङ्गा
303	16	मर्छन् मर्मत मारेछन् मार्कस मार्गन मार्छन् मार्टिन मार्फत मार्फत् मार्शल मार्सल मुर्छित मूर्छित मैराथन मोर्गथ मोर्गन
304	16	नखानेबाट नगरकोट नगरबाट नगरिकन नगरीकन नचलाकोट नजिकबाट नजीकबाट नदीकटान नबाँडिकन नासिरबाट निकायबाट नेपालगढ नेपालबाट नेपालीपन नेपोलियन
305	16	वाहनहरू विकासहरू विचारहरू विदेशहरू विदेशीहरू विधानहरू विनाशकारी विभागहरू विभेदहरू विमानहरू विरोधहरू विवाहहरू विशेताहरू विशेषगरी विषयहरू विषेशगरी
306	16	दल दश दाँत दाद दान दाल दास दिन दिल दीन देन देल देश दोष दौड १०
307	16	नखाई नगई नछोई नजाऊ नदिई नपाई नपाए नभई नभए नरोऊ नलिई नलिए नलेउ नसाउ निभाई निभाए
308	16	अंहिसाको अक्षताका अक्षताको अन्तदेखि अन्धताको अप्रैलका अप्सराको अफ्रिकाका अफ्रिकाको अफ्रिकामा अफ्रिकाली अफ्रिकाले अमृतको अमृतले अमृताको अम्लिसोको
309	16	प्रज प्रण प्राग प्राण प्रात प्रेत प्रेस प्रोब प्रौढ प्लस प्लान प्लेग प्लेज प्लेट प्लेन प्लेस
310	16	दखल दयाल दहल दहाल दाखिल दाहाल दुखद दुखीत देखिँन देखिन देखिन् देहात दोलन दोहन दौडन दौरान
311	16	सजावट सजावाट सजीवन समावेश सरवन सिकायत सुनवल सुनुवाई सुरजीत सुरवात सुरुवात सुरुवाल सुरूवात सुरूवाल स्वरोचिष १६औं
312	16	एकचोटि एकजना एकडमा एकदम एकदमै एकपदी एकमाना एकलमा एकलौटी एकवटा एकसय एकसिङे एकाडेमी एकेडेमी एकैचोटि एघारौँमा
313	16	लिइएका लिइएको लिईएको ल्याइने ल्याइयो ल्याउँछ ल्याउँछु ल्याउँथे ल्याउँदा ल्याउँदै ल्याउथेँ ल्याउनु ल्याउने ल्याउला ल्याएका ल्याएको
314	16	बचाउन बजाउन बढाउन बताइन् बताउन बनाइन् बनाउन बनाउन् बिताइन् बिताउन बिराउन बिसाइन् बुझाउन बोभाइन बोलाउन २०औं
315	16	व्यवसथामा व्यवसायका व्यवसायको व्यवसायमा व्यवसायले व्यवसायिक व्यवसायीक व्यवहारका व्यवहारको व्यवहारमा व्यवहारले व्यवहारिक व्यावसायका व्यावसायको व्यावसायिक व्यावहारिक
316	16	डनका डनको डरका डरको डसेको डाँठको डाँडाको डाटाको डुँढको डुङगा डुबेका डुबेको डेटको डोजोको डोटीका डोरीको
317	16	खरघारी खसहरू खाँदबारी खाडीहरू खादवारी खानाहरू खानेपानी खासगरि खासगरी खेतिपाती खेतीपाती खेलहरू खैरहनी खोजेहरू खोपीमाथि खोलाहरू
318	16	नगदेबाली नविनतम नवीनतम नाचगानको निकटतम निकटताको निकटताले निकलसका निजगढका निजगढको निजगढमा नियोजनको निवारणका निवारणमा निवेदनको निवेदनमा
319	16	अगली अदर अनर अनिता अभिजी अमर अमला अमले अमिटी अमिता अमिला अमिलो असर असलि असुली अहिले
320	16	डगरिया डबलीमा डाकिनीका डामनिक डायनिया डिजलको डिबडिबे डिभिडिको डिभिडीको डुमरिया डुमरीया डोगरीका डोगरीको डोगरीमा डोमिनिका डोमोनिक
321	16	अकबरका अकबरको अकबरले अडिगलको अदलतको अधिनियम अनसनको अनसनमा अपतनको अभिजनको अभिनयका अभिनयको अभिनयमा अवसरका अवसरको अवसरमा
322	15	तर्क तर्न तर्फ तर्बु तार्न तिर्खा तिर्थ तिर्था तिर्थे तिर्दै तिर्न तीर्थ तुर्क तुर्की तेर्सो
323	15	छटौल छतौल छनोट छनौट छापिन छेदन छैटौं छैठौं छैनन् छैनस् छैनौं छैमल छोडिन् छोडेन छोदन
324	15	वृक्षको वृक्षले वृत्तमा वृत्तिमा वृत्तिले वृद्घाका वृद्घाले वृद्धाको वृद्धाले वृद्धिका वृद्धिको वृद्धिमा वृन्दाको वृन्दामा वृन्दाले
325	15	स्कुल स्कूल स्केल स्टल स्टिल स्टील स्टोन स्तन स्थल स्थान स्थूल स्नान स्पात स्पेन स्पेस
326	15	स्कार स्कोर स्टार स्टिर स्टोर स्टोरी स्तर स्तुति स्थला स्थिति स्थिती स्थिर स्पीडी स्पेनी स्योर
327	15	छठ छड छत छद छन छन् छल छाड् छाल छिन् छुट छुत छैन् छोड छौं
328	15	राजकुललाई राजधानीलाई राजपुतलाई राजारानीलाई राजाहरूलाई राजाहरूसँग रातहरूलाई रुखहरूबाट रुखहरूलाई रोगहरुलाई रोगहरूबाट रोगहरूसँग रोगीहरूलाई रोजगारलाई रोजगारीलाई
329	15	भन भन् भाड भात भान भाल भिड भीड भूत भूल भूस भेट भेद भेष भोट
330	15	दबाइ दबाई दबाब दमाई दमाईँ दमाउ दवाई दवाब दियौं दिवश दिवस दिवान देवल देवान दैवत
331	15	आत्मको आत्मजा आत्माको आत्मामा आत्माले आत्मिक आत्मीय आत्रय आत्रेय आश्रम आश्रय आस्थाका आस्थाको आस्थामा ८००
332	15	फल फाँट फाल फिट फिस फीट फुट फुल फूल फेट फेथ फेद फेल फेस फोन
333	15	अर्क अर्का अर्की अर्के अर्कै अर्को अर्घ अर्जे अर्थ अर्थी अर्ध अर्ना अर्ब अर्मा अर्ल
334	15	नदबाई नदीलाई नबजाई नबोलाऊ नयराज नवराज नसताऊ नागराज नागलाई नाचलाई नानीलाई नामलाई नारीलाई निकोलाइ नीतिलाई
335	15	जगाउँछ जगाउनु जनाउँछ जनाउँदा जनाउँदै जनाउनु जनाउने जमाउनु जमाउने जलाउने जुटाउँछ जुटाउने जुधाउने जोगाउँछ जोगाउने
336	15	स्कुलहरूका स्कुलहरूको स्कुलहरूमा स्टारहरूले स्तरहरूको स्तरहरूमा स्थलहरुको स्थलहरूको स्थलहरूमा स्थानहरूको स्थानहरूमा स्थितिहरूका स्थितिहरूको स्रोतहरूका स्रोतहरूको
337	15	फक्सको फन्टको फन्दामा फल्दछ फल्सको फाल्नेमा फिन्चको फिल्डमा फिल्मका फिल्मको फिल्ममा फिल्माया फुल्नेमा फोक्सोको फोक्सोमा
338	15	बीएस बृष ब्याग ब्याङ ब्याज ब्याट ब्याड ब्यास ब्युस् ब्रत ब्राड ब्रुस ब्रेड ब्रेन ब्लेन
339	15	कमन्सको कमन्समा कमाण्डर कमान्डर कमान्डले करेन्टको करेन्टमा करेन्टले कलङ्कले कलान्तर कलेक्टर कसिङ्गर कालिन्चोक कालिन्जर किरान्चोक
340	14	भागहरुमा भागहरूको भागहरूमा भावहरूको भाषाशैलीको भाषाशैलीमा भाषाशैलीय भाषाहरूका भाषाहरूको भाषाहरूमा भाषाहरूले भाषीहरूको भूतहरूको भोटहरूको
341	14	अखबार अजमेर अतवारी अतिवादी अतिसार अधिकार अधिकारी अनुसार अनुहार अपकार अफगानी अबिजालो अभिजालो अभिभारा
342	14	घट्छ घट्टा घट्दै घट्दो घट्न घट्ने घण्ट घण्टा घन्टे घन्टौँ घोच्छ घोट्दै घोप्टे घोप्पा
343	14	दबाबहरू दवानगेरे दवाबहरू दुबैतिरको दुवैतिरको देवताहरू देवदहका देवदहको देवदहमा देवदारको देवदेवीको देवनागरी देवीदेवता दोकानहरू
344	14	थप्दै थप्न थप्ने थाँक्रा थाक्ले थाप्ले थाम्दै थाम्ने थिच्न थुप्रै थुप्रो थोत्रा थोप्ला थोप्लो
345	14	खतरनाक खानदानका खानपानका खानपानको खानपिनमा खानेपानीको खामतिरको खेतबारीका खेतबारीको खेतबारीमा खेतिपातीमै खेतीपातीको खेतीपातीमा खेदजनक
346	14	खटिएका खनिउको खनिएका खनिएको खापिएको खिचिएको खुलाएका खुलाएको खेलिएको खोजिएका खोजिएको खोपिएको खोलिएको खोसिएको
347	14	नकार्दै नकार्न नकार्ने नगर्दा नगर्दै नगर्न नगर्ने नछिर्ने नपर्ने नमार्न नमार्ने निपूर्ण निवार्ता निशर्त
348	14	पराक्रमको पराक्रममा परिक्रमाको परिक्षणको परिश्रमको परिस्थितिका परिस्थितिमा परिस्थितिले परीक्षणका परीक्षणमा परीक्षणले परीक्षितको परीक्षितले पारिश्रमिक
349	14	लडीरहेका लागिपरेका लागिपरेकी लागिपरेको लागिरहेका लागिरहेको लागिसकेकी लागिसकेको लेखिरहेका लेखिरहेको लेखिसकेका लेखिसकेको लोककलाका लोकसभाका
350	14	छटाहरूको छलहरूको छविहरूका छानाहरूको छापाहिलेको छोटकरिमा छोटकरीमा छोरहरूमा छोराछोरीको छोराहरूको छोराहरूमा छोराहरूले छोरीहरुले छोरीहरूले
351	14	प्रकारकहरूका प्रकाशकहरूको प्रतिचालहरूका प्रतिनीधिहरूका प्रतिनीधिहरूको प्रतिनीधीहरूले प्रतियोगीहरूको प्रतिलिपिहरूको प्रदायकहरूले प्रभावितहरूले प्रयोजनहरूको प्रवचनहरूका प्रशासकहरूले प्रावधानहरूको
352	14	लक्षण लक्षित लग्छिन् लज्जित लन्डन लप्टन लम्कन लाग्छन् लिङ्कन लिङ्किङ लिन्छन् लिन्टन लिन्डन लेख्छन्
353	14	बजारहरूमा बनेकाहरूको बलरहरूले बसेकाहरूको बहिनीहरूमा बाँदरहरूको बागानहरूमा बालकहरूको बालिकाहरूले बाहनहरूको बिरामीहरूको बिरुवाहरूको बिरुवाहरूमा बीजाणुहरूको
354	14	त्यतिखेर त्यतिबेला त्यतिबेलै त्यसताक त्यसताका त्यसपछि त्यसबेला त्यसमाथि त्यसरीनै त्यसलार्इ त्यसैगरि त्यसैगरी त्यसैबेला त्यहीबेला
355	14	१९११मा १९३२मा १९३४मा १९३५मा १९३८मा १९५०मा १९६४ १९६५ १९६६ १९६७ १९६८ १९७० १९९०को १९९०मा
356	14	कथाहरूलाई कमीहरूलाई कलाकारलाई कामदारलाई कामधेनुलाई कामहरुलाई किरदारलाई कुराहरूलाई कुलायनलाई केटीहरूलाई केटीहरूसँग कैदिहरूलाई कैदीहरुलाई कैदीहरूलाई
357	14	संगठनबाट संरचनालाई संरचनासँग संरचनासित संविधानलाई संवेदनालाई संशोधनबाट सन्तुलनलाई सम्पादनलाई सम्भावनालाई सम्मिलनबाट सम्मेलनबाट सम्मेलनलाई सिङ्गलिलाबाट
358	14	तमिल तरन तरल तरुण तरुल तरूण तरूल तलब तातिन तामिन तामिल तामेस तारन तोरण
359	13	दण्ड दण्डी दन्डी दन्त दन्ते दम्ति दम्भी दल्दा दिन्छ दिन्छु दिन्छौँ दिन्थे दुम्सी
360	13	श्रमको श्रमिक श्रापकै श्रापको श्रावक श्रीतिमा श्रेणीका श्रेणीको श्रेणीमा श्रोतको श्रोताका श्लोकका श्लोकमा
361	13	पखेटाबाट पछाडिबाट पटनाबाट पनौतीबाट पहाडबाट पहुँचबाट पाटनमास पाटोसमेत पादरीबाट पिताजीबाट पिनासबाट पोखराबाट पोखरीबाट
362	13	जगदीशलाई जनजातिलाई जनरललाई जनवारलाई जनादेशलाई जनावरबाट जनावरलाई जलयानलाई जातजातिलाई जातिहरूबाट जातिहरूलाई जानकारीलाई जितहरूबाट
363	13	अखिल अचल अटल अतुल अनिल अपन अपिल अफिस अबुल अमल असन असल असित
364	13	बघिनीलाई बजारलाई बधिनीलाई बनरलाई बनियाँलाई बनेपालाई बराहलाई बहिनीलाई बालकलाई बालिकालाई बिरामीलाई बिहारलाई बेहुलीलाई
365	13	कृति कृपा कृमि कृषि क्रम क्रय क्रिम क्रिया क्रीम क्रेक क्लक क्लव क्लिक
366	13	वंशहरूको वंशहरूले वक्ताहरूले वस्तीहरूमा वस्तुपरक वस्तुहरूका वस्तुहरूको वस्तुहरूमा वास्तुकलाका वास्तुकलाको वास्तुकलामा वास्तुकारका विज्ञहरूले
367	13	विकल्पका विकल्पको विकल्पमा विकल्पीको विकिप्रति विचित्रको विचित्रता विडम्बना विनम्रता विपत्तिका विपन्नता विभिन्नता वैकल्पिक
368	13	रमाइला रमाइलो रमाईलो रमाउनु रमाउने रमाएर रिसाउँदा रिसाउँदै रिसाउनु रिसाउने रिसाएर रुचाउनु रुचाउने
369	13	शक शची शशि शाक शाखा शाह शाही शिखा शेशी शोक शोको सँगै सँधै
370	13	अडिसन अनपढ अनशन अनसन अनिमित अपतन अफजल अभिजन अभिजित अभिनित अभिमत अभिहित अमजद
371	13	११२७ १७२७ १७८४ १७८६ १७८८ १८२१ १८२७ १८३१ १८३३ १८३६ १८८४ १८८७ १८८८
372	13	जडीबुटीहरूमा जनजातिहरूको जनपदहरूले जनभाषाहरूमा जनसरकारकै जनसरकारको जनावरहरूको जनावरहरूमा जानकारहरूको जानकारीहरुको जानकारीहरूले जानकीनगरको जानेवालहरूमा
373	13	बगाएर बचाएर बजाएर बढाएन बढाएर बताएर बनाएर बनाएरै बसाएर बिलाएर बेचिएर बोकाएर बोलाएर
374	13	ढली ढले ढाँडे ढाडे ढिँडो ढिला ढिलै ढिलो ढुँडी ढुटो ढोडे ढोरे ढोला
375	13	यतैबाट यसबाट यसबीच यसैबाट यसैबीच यहाँबाट यहीँबाट युगबाट युगबोध योगदान योगफल योगबाट योनिबाट
376	13	साइज साइट साइड साइत साइन साईट साईत साउथ साउन सुइज स्वाद स्वान स्वेज
377	13	कन्याको कन्यामा कब्जामा कल्यणी कल्याणी कसिएको काटिएका काटिएको कुँदिएका कुँदिएको कुदिएका कोरिएका कोरिएको
378	13	नगरवधु नगरहरू नमूनाहरू नहरहरू नहुनेहरू नाटककार नाटकहरू नाविकहरू निकायहरू नियमहरू नियमावली नियोगहरू निरौलाहरू
379	13	शनि शर शिया शिर शिरा शिला शिलु शैली शोना शोभा शोमा शोले शौरी
380	13	बक्रहरूका बच्चाहरूको बच्चाहरूमा बन्धुहरूको बस्तीहरूका बस्तीहरूमा बिन्दुहरूमा बिम्बहरूमा बैंकहरूका बैङ्कहरूको बोल्नेहरूको बौद्धहरूको बौद्धहरूले
381	13	अंशलाई अग्निबाट अग्नीलाई अग्रबाण अग्रभाग अग्रराज अङ्गराज अङ्गलाई अन्तराल अन्तलाई अन्नलाई अन्नालाई अम्ललाई
382	13	गरिनुपर्छ गर्दागर्दै गर्नतर्फ गर्नुपरेका गर्नुपरेको गर्नुपरेमा गर्नुपर्छ गर्नुपर्ने गर्नुपर्यो गर्नुपर्ला गर्नुहुन्थ्यो गर्नेतर्फ गर्नैपर्ने
383	13	आइइ आइए आगा आगो आज आजा आजु आजै आय आयी आयु आयो आव
384	13	संस्थाहरूबाट संस्थाहरूलाई सजायहरूलाई समुदाहरूलाई समूहहरूलाई साधनहरूलाई सिपाहीहरूलाई सुझावहरूलाई सुधारहरुलाई सुधारहरूलाई सैकडौहरूलाई स्रष्टाहरूलाई स्वरूपहरूलाई
385	12	खरिबोट खाडीबाट खाताबाट खानपान खानपिन खानाबाट खेतीबाट खेलबाट खोजबाट खोपीबाट खोलाखेत खोलाबाट
386	12	उनिहरूको उनिहरूले उनीहरुका उनीहरुको उनीहरुले उनीहरूका उनीहरूकै उनीहरूको उनीहरूमा उनीहरूले उहाँहरूको उहाँहरूले
387	12	समृद्धिका समृद्धिको सम्पत्तिको सम्पत्तिमा सम्पन्नता सम्बद्धता सम्बन्धका सम्बन्धको सम्बन्धमा सम्बन्धले सम्बन्धीका सम्बन्धीको
388	12	लक्षणका लक्षणीय लच्छिनको लण्डनको लन्डनका लन्डनको लन्डनले लाक्षणिक लिंकनका लिंकनले लिङ्कनको लिङ्कनले
389	12	चरालाई चाँदीलाई चाँपलाई चाडलाई चिजलाई चिललाई चुलालाई चेनलाई चेलीलाई चैतलाई चोरलाई चौँरीलाई
390	12	अदक्ष अपेक्षा अभक्त अशक्त अशक्य अशान्त अशान्ति असत्य असह्य असाध्य असाध्यै असान्ज
391	12	मक्खन मङ्गल मङ्गोल मञ्चन मण्डन मण्डप मण्डल मद्दत मन्डप मन्थन मान्छन् मिल्छन्
392	12	यत यश यस याट यात याद यान यिन युथ येन येल यौन
393	12	अघिका अघिको अधिक अबका अबको अमिक अरुका अरुको अरुचि अरुणा अलिक अलिको
394	12	वंशजका वंशजको वंशजले वंशहरू वंशाणुको वंशावली वक्ताहरू वस्तुहरू वास्तुकला वास्तुकार वास्नदार विन्दुहरू
395	12	अधिकहीन अधिकाशं अधिवेशन अनुकूलन अनुगमन अनुशरण अनुशासन अनुशासित अनुशीलन अनुसरण अभिशासन अमितासित
396	12	कलकारखानाले कलाकारहरूका कलाकारहरूको कलाकारहरूमा कलाकारहरूले कागजातहरुको कागजातहरुले कामदारहरूको कारखानहरूमा कारखानाहरूका कालिगढहरूको केटाकेटीहरूको
397	12	व्यतिले व्याधिकी व्यापक व्यासका व्यासमा व्यासीका व्यूहमा व्रतका व्रतको व्रतमा व्रतले व्रतालु
398	12	एकका एकको एकता एकमा एकाकी एचको एचजि एचडी एलजी एलबि एसको एसडी
399	12	व्यापकता व्यापरका व्यापारका व्यापारको व्यापारमा व्यापारले व्यापारिक व्यापारीक व्यापारीका व्यापारीको व्यापारीले व्रतकथा
400	12	काव्यहरूको काव्यहरूमा कृतिहरूमा कृयापदको क्रियाफलको क्रियाहरूका क्रियाहरूको क्रियाहरूमा क्लबहरूको क्लबहरूले क्लबहैडको क्षणहरूको
401	12	उठी उठे उता उति उतै उना उनि उनी उनै उमा उषा उसो
402	12	कृतिकार कृतिबाटै कृतिहरू कृतीहरू कृषकले कृषिबाली क्रिकेटको क्रिकेटर क्रियटर क्रियाहरू क्रीडाहरू क्लबहरू
403	12	२०११ २०१८ २०२४ २०२५ २०२८ २०३२ २०३४ २०३५ २०३७ २०३८ २०४० २०५०
404	12	हतियार हरिचौर हरिमाने हरियाना हरियाली हरिहर हलगोरु हिलियम हुरहुर हुलियामा होनहार होसियार
405	12	संसारलाई सङ्गमलाई सङ्गीतलाई सञ्जयलाई सन्तानलाई सन्देशलाई सन्यासीलाई सम्पतिलाई सान्चेजलाई सिक्किमलाई सिस्टमलाई सुन्धारालाई
406	12	ओखरका ओखरको ओखरमा ओझलमै ओझेलमा ओपनका ओपनको ओपनमा ओपनर ओबामाको ओभरमा ओमानका
407	12	नगरलाई नजमालाई नजरलाई नतिजालाई नरेशलाई नाटकलाई नाभिकलाई नारदलाई नियमलाई नेपाललाई नेपालीलाई नौसेनालाई
408	12	पर्छदन् पर्दछन् पर्दैछन् पर्दैनन् पर्यटन पर्सनल पर्सियस पार्टीगत पार्टीबाट पार्थियन पार्नेछस् पूर्तिबाट
409	12	क्षत्रिय क्षेत्रका क्षेत्रकी क्षेत्रकै क्षेत्रको क्षेत्रमा क्षेत्रमै क्षेत्रले क्षेत्रिय क्षेत्रीको क्षेत्रीय क्षेत्रीले
410	12	कर्मकारलाई कर्मचारीलाई कर्महरूलाई कारणहरूबाट कार्यहरूलाई कार्यालयबाट कार्यालयलाई किनारहरूलाई किराँतहरूबाट किराँतहरूलाई कुकुरहरूलाई कौरवहरूबाट
411	12	मजदुरलाई मतदातालाई मतदानबाट मतदानलाई महामारीबाट महारानीबाट मातापितालाई मुठभेडबाट मुसिकोटबाट मूलगुठीबाट मूलघरबाट मोटोपनबाट
412	12	चाडबाड चिदीबास चिनजान चिनबाट चिपबाट चिसोबाट चीनबाट चुनाफाँट चुलोबाट चेलीबाट चोकबाट चोयाबाट
413	12	भइरहने भइरहेका भइरहेको भइरहेछ भइराखेको भइसकेका भइसकेको भएपछिका भएपछिको भएरहेका भाइरसको भाइरसले
414	12	राष्ट्रपतिका राष्ट्रपतिको राष्ट्रपतित्व राष्ट्रपतिमा राष्ट्रपतिले राष्ट्रपतीय राष्ट्रभाषाको राष्ट्रवादको राष्ट्रहरूको राष्ट्रहरूमा राष्ट्रहरूले राष्ट्रियताको
415	12	शर्तहरूमा शहीदहरूको शासकहरूको शासकहरूमा शासकहरूले शास्त्रहरूका शास्त्रहरूमा शिविरहरूको शिविरहरूमा शेर्पाहरूका शेर्पाहरूको शेर्पाहरूले
416	12	सबभन्दा सबैभन्दा सयपत्री सयभन्दा सवैभन्दा सहबद्ध साताभित्र सानोभन्दा सिजीभित्रै सूचीबद्ध सूचीभित्र सोचेभन्दा
417	12	फलफुल फलफूल फलबाट फलिफाप फलीभूत फिरबाट फूलडाँठ फूलबाट फेदबाट फेदीबाट फैजाबाद फोनबाट
418	12	घटकको घटनाका घटनाको घटनामा घटनाले घटेकाले घनाकार घरानाका घोटालाको घोरलको घोषणाको घोषणाले
419	12	पर्वतको पर्वतमा पर्वतीय पर्वपछि पार्वतीका पार्वतीको पूर्वकथा पूर्वकारी पूर्वतिर पूर्वदेखि पूर्वभेव पोत्नुदेखि
420	12	उत्तरका उत्तरको उत्तरमा उत्तरीय उत्तेजक उत्थानका उत्थानको उत्पातको उत्पादक उद्धारक उद्धारको उद्धारमा
421	12	पचपन्न पछिसम्म पतिपत्नी परचक्री परपौत्र परमात्मा परमान्द परिपत्र पलिबोथ्रा पानीभित्र पारीपट्टि पिढीसम्म
422	11	११२२ १६८० १७०४ १७२२ १७६० १७८० १८०४ १८१४ १८२३ १८६० १८८०
423	11	रबर्ट रिकर्ड रिचर्ड रिचार्ड रिपोर्ट रिभर्ट रिभर्स रिसर्च रिसोर्ट रेकर्ड रोबर्ट
424	11	फरवरी फलहरू फलाहार फलाहारी फाँटहरू फुलवारी फुलहरू फूलवारी फूलहरू फोटाहरू फोटोहरू
425	11	पृष्ठ प्रप्त प्रश्न प्रष्ट प्रस्ट प्रान्त प्राप्त प्राप्ति प्रिस्का प्रेस्ट प्लान्ट
426	11	भइहाले भएकामा भएकाले भएकैले भएकोको भएकोछ भएकोमा भएकोले भएदेखि भएपछि भएपनि
427	11	चराचरको चराहरूको चराहरूले चर्चिलको चारैतिरका चारैतिरको चिजहरूको चिजहरूमा चेलाहरूले चोरहरूले चोलाहरूले
428	11	भन्नपर्ला भन्नुपरेछ भन्नुपर्छ भन्नुपर्दा भन्नुपर्ने भन्नुबाहेक भाग्नुपरेको भोग्नुपरेको भोग्नुपर्छ भोग्नुपर्ने भोग्नुपर्यो
429	11	मनाइनुका मनाउनका मलाइकाको मिलाइयको मिसाइलको मेटाइनेछ मेटाउनको मोबाइलको मोबाइलमा मोबाइलले मोवाइलमा
430	11	इराकका इराकको इरानका इरानको इरानमा इलाकाको इलाकामा इलाकोको इलामको इलाममा इसपको
431	11	समाचारहरू समुदायसामु समुदायहरू सरकारतिर सरकारदेखि सरकारहरू सर्जकहरू सर्जनहरू सिर्जनाहरू सुनखानीहरू सोमबारदेखि
432	11	लगाइ लगाई लगाउ लगाए लगाएँ लगाऔँ लडाई लडाईँ लीलाई लुकाए लेखाए
433	11	त्यतिखेरको त्यतिबेलाको त्यसताकाको त्यसपछिका त्यसपछिको त्यसपटक त्यसबारेमा त्यसबाहेक त्यसबेलाका त्यसबेलाको त्यसबेलामा
434	11	रसियाको रसुवाको रसुवामा रातिदेखि राधिकाकी रूपदेखि रूपरेखा रेडियोको रेडियोमा रेलवेको रोपवेका
435	11	उच्चपद उच्चारण उच्चारित उच्छेदन उत्खनन उत्खनन् उत्तेजित उत्पादन उत्पादित उत्पीडित उद्घाटन
436	11	२०००देखि २००४ २००५ २००६मा २०१२ २०१२‎ २०१४ २०१६ २०२२ २०२३ २०६०
437	11	बच्चनका बच्चनको बच्चनले बन्देजको बन्धकमा बन्धनको बन्धनमा बल्थलीमा बाल्टिनमा बोल्टनको बोस्टनमा
438	11	जिएसटिको ज्याकेटमा ज्यामितिका ज्यामितिको ज्यामितिमा ज्यामितिय ज्यामितीय ज्योतिषको ज्योतिषमा ज्योतिषीको ज्योतिषीय
439	11	ब्याजको ब्याजमा ब्यापक ब्यारेक ब्रिजका ब्रेडमा ब्लकको ब्लकमा ब्लगमा ब्लगर ब्लेयर
440	11	अक्कल अङ्कुश अङ्गुल अञ्चल अड्कल अड्चन अध्यन अन्जन अस्कल अस्टन अस्टिन
441	11	कन्चन कप्तान कम्पन कम्पित काट्छन् किन्डल कुण्ठित कुण्डल कुन्जल कोप्पल कोप्पेन
442	11	दिक्क दुखाइ दुख्छ दुख्यो दुग्ध देखाई देखाए देखिए देख्छौ देख्यो देख्यौ
443	11	समष्टिको समस्याका समस्याको समस्यामा समस्याले समाप्तिका समाप्तिको समेटिएका सामान्तिको सामान्याको सिमेन्टको
444	11	पढिरहेका पढेलिखेका पढेलेखेका परिरहेका परिरहेको पसिसकेका पारिरहेका पारिरहेको पुगिसकेका पुगिसकेको पुगीसकेको
445	11	भाँडोलाई भागलाई भातलाई भारलाई भाषालाई भिडलाई भूमिलाई भूमीलाई भूललाई भेडालाई भोटलाई
446	11	फजल फलत फलाँट फसल फारस फेसन फैरिस फैलन फैलिन फोकल फोकस
447	11	संकटबाट संगीतबाट संगीतसँग संसदबाट संसारबाट सङ्कटबाट सङ्गमबाट सञ्जालबाट सुन्दरवन सुन्दरीजल सुन्दरीबाट
448	11	बच्चन बञ्चित बढ्छन बढ्छन् बन्छन् बस्छन् बस्छौं बाँध्छन् बुझ्छन् बेच्थिन् बोल्छन्
449	11	हर्यक हर्षेले हार्दिक हेर्दामा हेर्नका हेर्नकै हेर्नको हेर्नमा हेर्नेको हेर्नेछौ हेर्नेले
450	11	कृत क्रस क्रास क्रिश क्रिस क्रिस् क्रेन क्रैब क्रोध क्लब क्लास
451	11	भरतलाई भवनलाई भवानीलाई भानिजलाई भारतलाई भारतीलाई भावनालाई भूभागलाई भूमिकालाई भैरवनाथ भैरवलाई
452	11	भजनपुरा भरतपुमा भरतपुर भरतमणी भरतमुनि भर्सटर भागलपुर भारततिर भारतभर भारतभरि भारतोदय
453	11	घचारो घटेर घाँगर घागरा घाघरा घुसारी घुसेर घेरेर घोकेर घोटेर घोलेर
454	11	मन्त्रका मन्त्रको मन्त्रमा मन्त्रले मन्त्रीको मन्त्रीले मल्लका मल्लको मल्लले मल्लिक मल्लिका
455	11	नभेम्बर नियुक्तिको निरक्षर निरन्तर निरीक्षक निरुक्तको निरुक्तमा निलाम्बर नीलाम्बर नोभेम्बर नोवेम्बेर
456	11	यस्तामा यस्तैमा यात्राका यात्राकै यात्राको यात्रामा यात्रुका युद्धका युद्धको युद्धमा योद्धाका
457	11	हकलाई हलोलाई हाडलाई हातलाई हातापाई हानिलाई हामीलाई हाललाई हिटीलाई हितलाई हीरालाई
458	11	वरपर वराचौर वरिपरि वरिपरी वषैभरि वारिपारि विश्वभर विश्वभरि विश्वभरी विश्वमाथि विषधर
459	11	एकथरीको एकदलीय एकदिनको एकपटक एकादशीका एकादशीको एकादशीमा एकैपटक एचभकक एडमिनको एनबिसिको
460	11	कृत्तिका कृत्यको कृष्णका कृष्णकी कृष्णको कृष्णजी कृष्णले क्रान्तिक क्रान्तिको क्रान्तिमा क्रान्तिले
461	11	ग्याँस ग्याप ग्यास ग्रास ग्रिन ग्रिस ग्रूप ग्रेट ग्रेब ग्लास ग्लोब
462	11	चालिन्छ चाहन्छ चाहन्छु चाहन्छौ चाहन्छौँ चाहन्थे चाहन्न चाहान्थे चाहिन्छ चिनिन्छ चुनिन्छ
463	11	पुर्याइने पुर्याइयो पुर्याउँछ पुर्याउँदै पुर्याउछ पुर्याउनु पुर्याउने पुर्याएका पुर्याएकै पुर्याएको पुर्याएछि
464	11	स्कुलबाट स्टारकिड स्टारशिप स्तरबाट स्तुतिबाट स्थलगत स्थलबाट स्थानबाट स्थितिबाट स्नानबाट स्रोतबाट
465	11	धर्मगुरु धर्मगुरू धर्मतिर धर्मनदी धर्मपानी धर्मपुर धर्मबारे धर्मभिरू धर्मशाला धर्महरू धर्साहरू
466	11	समाचारहरूमा समारोहहरूमा समुदायहरूको समुदायहरूमा समुदायहरूले सरकारहरूको सरकारहरूले सरदारहरूले सर्जकहरूको सर्जकहरूले सुनुवारहरूले
467	11	उडकक उत्सवको उत्सवमा उत्सुकता उदयको उपकथा उपजको उपविधा उपायको उपियाँको उपियाँमा
468	10	गँइ गइ गई गए गएँ गाइ गाई गाउँ गाए गाएँ
469	10	विश्वकपका विश्वकपको विश्वकपमा विश्वकर्मा विश्वकोशमा विश्वनाथको विश्वभरका विश्वभरमा विश्वभरिका विश्वभरिमा
470	10	मस्कट मस्किन मस्जित मस्जिद मुल्तान मुस्कान मुस्किल मुस्ताङ मुस्ताङ् मोस्कस
471	10	आगालाई आजलाई आटालाई आठराई आदिलाई आफुलाई आफूलाई आफैँलाई आमालाई आमैलाई
472	10	जर्के जर्ज जर्जी जर्सी जिर्ण जीर्ण जुर्न जोर्ज जोर्डी जोर्नी
473	10	९२४ ९२५ ९२८ ९३२ ९३४ ९३५ ९३७ ९३८ ९४० ९५०
474	10	भुटानका भुटानको भुटानमा भुटानले भुषालले भुसालको भुसालले भूगोलले भूटानको भूटानले
475	10	एकपट्टि एकपल्ट एकभन्दा एकमुष्ट एकमुस्ट एकापट्टि एकापट्टी एकैपल्ट एडमन्ड ६१
476	10	२०१३को २०१३मा २०१७मा २०३५मा २०६४ २०६५ २०६६ २०६७ २०६८ २०७०
477	10	ठकुरी ठहर ठाकरे ठाकुर ठेकारा ठेकीमा ठेगाना ठेलीमा ठोकिने ठोकेर
478	10	एकएक एकाइका एकाइको एकाईको एचआर एचएन एनएम एफएम एमएमा एसआर
479	10	क्षेत्रपाटीमा क्षेत्रफलको क्षेत्रफलमा क्षेत्रबाहिर क्षेत्रबाहेक क्षेत्रहरूका क्षेत्रहरूको क्षेत्रहरूमा क्षेत्रिहरूको क्षेत्रीहरूको
480	10	आकण्ठ आनन्द आनन्दै आपत्ति आफन्त आबद्ध आमुन्ने आरान्ते आवद्ध आसन्न
481	10	एकल एकोल एगोन एडेन एपल एफिल एबेल एलन एलिन एलेन
482	10	अति अदी अनि अनी अपी अब अबु अलि अली अलौ
483	10	शनिलाई शवलाई शाखालाई शाहलाई शिरलाई शिलालाई शिलालेख शिवलाई शैलीलाई शोभालाई
484	10	डङ्का डम्फु डम्बा डम्म डाम्बा डिङ्गो डिम्जो डिम्ब डुङ्गा डेङ्गु
485	10	पक्षहरूलाई पत्रकारमाझ पत्रकारलाई पत्रहरूलाई पाण्डहरूलाई पात्रहरूबीच पात्रहरूलाई पितृहरूबाट पितृहरूलाई पुत्रहरूलाई
486	10	एरियाका एरियाको एशियाका एशियामा एशियाली एसियाका एसियाकै एसियाको एसियामा एसियाली
487	10	स्कप स्केच स्टप स्टब स्टाफ स्टिभ स्टेज स्टेट स्टेप स्तूप
488	10	टारहरूमा टार्टरिक टिभिहरूमा टिभीहरूमा टिमहरूका टिमहरूको टिमहरूले टीकाहरूमा टेरिटरीको टोलीहरूको
489	10	कृपाबाट कृयाशील क्रियाफल क्रियाबाट क्रियाशील क्रियासित क्लबबाट क्षणभेद क्षमादान क्षमाबाट
490	10	हतियारका हतियारको हरियानाको हरियानामा हरियोनीलो हानिकारक हिलियमको हिलियममा हैसियतको हैसियतमा
491	10	स्टार्च स्टुर्ड स्पर्धा स्पर्श स्पार्टा स्फूर्ति स्मार्ट स्मार्त स्वार्थ स्वार्थी
492	10	मलाई मिठाई मिलाई मिलाऊँ मिलाए मिसाई मेटाई मोटाइ मोटाई मोलाइ
493	10	हटाइनेछ हटाउनका हटाउनको हटाउनमा हराउनमा हलिउडका हलिउडको हलिउडमा हलिउडले हल्विनको
494	10	धर्नाहरूको धर्मगुरुको धर्मगुरूले धर्मदासको धर्मदासले धर्मपुरको धर्मशालामा धर्महरूका धर्महरूको धर्महरूमा
495	10	मसानघाट मसालबाट महलबाट महिनाबाट मिसनबाट मुकामबाट मुहानबाट मैदानबाट मैनालीबाट मोहोडाबाट
496	10	पर्वका पर्वको पर्वमा पर्वले पार्वती पूर्वक पूर्वका पूर्वको पूर्वमा पूर्वमै
497	10	विकासलाई विचारलाई विजेतालाई विदेशीलाई विधानलाई विभागलाई विमानलाई विवादलाई विषयलाई विहारलाई
498	10	तँलाई तताई तनाउ तपाईँ तराई तलाई तलाउ तिहाइ तिहाई तीलाई
499	10	उपभोक्ता उपभोग्य उपयुक्त उपरान्त उपरोक्त उपलब्ध उपलब्धि उपलब्धी उपलव्ध उपसन्न
500	10	मताधिकारको महानगरको महानगरीय महानवमीका महानायकले महासचिवको महासागरको महासागरमा महासागरले महासागरीय
501	10	पण्डितद्वारा पद्धतिद्वारा पिंडालीद्वारा प्रणालीद्वारा प्रधानद्वारा प्रभातद्वारा प्रयोगद्वारा प्रवेशद्वार प्रसादद्वारा प्रहरीद्वारा
502	10	डाँठमा डाँडाँमा डाँडामा डाँडोमा डाटामा डालीमा डिकोमा डिलमा डेरामा डोजोमा
503	10	प्रचन्डताका प्रबन्धकको प्रबन्धकले प्रबन्धनको प्रमण्डलको प्रमण्डलीय प्रशंसनीय प्रशङ्सनिय प्रशान्तदेखि प्रसन्नतामा
504	10	उत्साहजनक उदघाटनका उदघाटनमा उदहारणको उदाहरणका उदाहरणको उदाहरणमा उदाहरणीय उपकरणमा उपकरणले
505	10	निर्दलियता निर्देशकका निर्देशकको निर्देशकले निर्देशनको निर्देशनमा निर्धारणको निर्भरताका निर्भरताले निर्मलीडाँडा
506	10	तनावहरूको तर्कहरूका तर्कहरूको तामाङहरूको तामाङहरूले तिर्थहरूको तीर्थहरूको तीर्थहरूमा तुर्कहरूका तोरणहरूको
507	10	निष्काम निष्ठामा निस्कँदा निस्कँदै निस्कनु निस्कने निस्कला निस्केका निस्केको निस्केर
508	10	यसलाई यसैलाई यहाँलाई यिनलाई यिनीलाई युएइलाई युगलाई युवालाई योगलाई योनिलाई
509	10	तकनिकी तटदेखि तबदेखि तबलाका तबलाको तमलुक तमसुक तमिलको तिनताका तिमीलाको
510	10	लखनपुर लाखेनाचको लाभदायक लेखनकला लेखनबारे लेखनाथको लेखनाथले लेखरचना लोकगायक लोकनायक
511	10	काँइली काइँला काइँली काइला काउली काउलो कुइने कोअली कोइला कोइली
512	10	अंशहरूमा अङ्गहरूको अङ्गहरूमा अड्डाहरूमा अण्डकोषको अण्डाहरूमा अन्धकारको अन्धकारमा अन्नबालीको अन्नहरूको
513	10	टयाक्सी टयाम्को ट्याक्सी ट्याग्ड ट्याङ्क ट्याङ्का ट्याङ्की ट्याम्के ट्याम्को ट्याम्बो
514	10	चन्दन चप्पल चम्कन चित्तल चित्रण चित्रित चिन्तन चिन्तित चिम्तन चुम्बन
515	10	टकिङ टिकट टिगन टिपन टिपोट टिबेट टेकन टेकेर् टेबल टोकिन
516	10	गरेकाहरूले गर्नेहरुका गर्नेहरुको गर्नेहरूको गर्नेहरूमा गर्नेहरूले गर्महरूमा गर्मिहरूको गल्लीहरूमा गुरुङहरूमा
517	10	क्याटेगोरी क्याथोलिक क्यानडाको क्यानडामा क्यानबरा क्यानाडाको क्यानाडामा क्यानेडाली क्यामेराको क्यालोरीको
518	9	फाइटर फाइदाका फाइदाको फाइबर फाइभको फाइभमा फाइलको फाइलमा फोइलको
519	9	पाइन्छ पाइन्छ्न् पाइन्ट पाइन्न पाइन्स पाईन्छ पाउण्ड पाउन्ड पोइन्ट
520	9	अजिर्ण अजीर्ण अथर्स अधर्म अनर्थ अनर्स अनार्य अपूर्ण अमूर्त
521	9	खटलाई खानलाई खानालाई खानीलाई खानेलाई खुसीलाई खेतलाई खेललाई खोजीलाई
522	9	डबल डिजल डिपिन डेनिस डेभन डेभिड डेभिल डेभिस डेभोन
523	9	विल्सनको विष्फोटक विस्तारको विस्तारमा विस्तारले विस्फोटक विस्फोटका विस्फोटको विस्फोटमा
524	9	विज्ञानहरूका विज्ञानहरूमा विद्धानहरूको विद्धानहरूले विद्यालहरूमा विद्रोहहरूको विद्वानहरूका विद्वानहरूको विद्वानहरूले
525	9	ज्ञाताले ज्याकले ज्यापुनी ज्यापुले ज्यापूले ज्यामिति ज्यामिरे ज्यामीर ज्यामीले
526	9	क्यान्टिनको क्यान्टिनमा क्यान्सरका क्यान्सरको क्यान्सरले क्याप्टेनको क्याप्टेनले क्याम्पसको क्याम्पसमा
527	9	शान्त शान्ता शान्ति शान्ती शिन्तो शुद्ध शुद्धा शुद्धि ०
528	9	पदपूर्ति पदमार्ग परमर्दी परवर्ती परामर्श परिपूर्ण परिपूर्ति पारदर्शी पासवर्ड
529	9	घटबढ घरबाट घाँटीबाट घाँसपात घाटबाट घाटाबाट घाटीबाट घानाबाट घामबाट
530	9	अकूत अगाध अगेन अचेत अचेल अडेस अतीत अधीन अरेस
531	9	न ना नि नि? ने नै नैँ नो नौ
532	9	कानभित्र काममात्र कालखण्ड कालछिद्र कालीकण्ठ कालीखुट्टे कालोकण्ठे कालोकल्की कोठाभित्र
533	9	टंक टक्क टुक्क टुक्रा टुङ्गा टुङ्गो टुङ्ना टोक्छ टोङ्क
534	9	प्रकृतिका प्रकृतिको प्रकृतिमा प्रकृतिले प्रवृतिका प्रवृतिमा प्रवृतिले प्राकृतमा प्राकृतिक
535	9	इजरायली इजलासका इजलासले इतिहासका इतिहासको इतिहासमा इतिहासमै इतिहासले इदगाहमा
536	9	चरणहरूको चरणहरूमा चालकहरूका चिनियाँहरूका चुनावहरूका चुनावहरूको चुनावहरूमा चुनौतीहरूको चौरजहरीको
537	9	जनाएका जनाएको जमाएका जमाएको जलाइयो जिताइयो जिताएको जुलाईका जुलाईमा
538	9	भागहरूबाट भागहरूसँग भावहरूलाई भाषाशैलीलाई भाषाहरूलाई भाषाहरूसँग भुजाहरूबाट भुजाहरूलाई भोकमरीबाट
539	9	पक्षहरु पक्षहरू पक्षिहरू पर्वहरू पाइलाहरू पाउनेहरू पात्रहरू पान्नाहरू पितृहरू
540	9	उधौँली उधौली उनले उनीले उनैले उभौँली उभौली उसले उसैले
541	9	खण्डन खण्डित खान्छन् खान्थिन् खिच्छन् खेल्छन् खेल्छिन् खोज्छन् खोल्छन्
542	9	अन्टार्कटिक अन्टार्कटिका अन्तर्कलह अन्तर्गतका अन्तर्गतको अन्तर्गतमा अन्तर्दशामा अन्तर्देशीय अन्तर्मनको
543	9	भक्तजनको भक्तजनले भक्तपुरका भक्तपुरको भक्तपुरमा भक्तहरूको भक्तहरूले भक्तिरसले भद्रपुरमा
544	9	ढकनी ढकने ढकमा ढकारी ढाँचामा ढाडमा ढिकामा ढोकामा ढोकैमा
545	9	ढाँक ढाँका ढाँचा ढाक ढाका ढाकी ढाकु ढिकी ढोका
546	9	१२००तिर १२१२ १९०८मा १९१४ १९१६ १९२२ १९२३ १९६० १९८०
547	9	पआ पाँए पाइ पाई पाउ पाउँ पाऊँ पाए पाएँ
548	9	संस्कृतका संस्कृतकै संस्कृतको संस्कृतमा संस्कृतिका संस्कृतिको संस्कृतिमा संस्कृतिले सांस्कृतिक
549	9	अमरोहा अमलाकै अमलाको अमेरिका अमेरिकी अमेरीका अहिलेका अहिलेकै अहिलेको
550	9	छाउने छाउमा छाएको छेउका छेउको छेउमा छेऊमा छोएको छोएमा
551	9	२००२मा २००३मा २००७को २००९मा २०१०को २०१०मा २०१३ २०१७ २०३०को
552	9	कङ्ग्रेसका कङ्ग्रेसको कङ्ग्रेसमा कङ्ग्रेसले काङ्ग्रेसका काङ्ग्रेसको काङ्ग्रेसमा काङ्ग्रेसमै काङ्ग्रेसले
553	9	सतर्क सपार्ने सपोर्ट समर्थ सहर्ष सुधार्दै सुधार्न सुधार्ने सुहार्तो
554	9	युरोपको युरोपमा युरोपले युरोपिय युरोपीय युरोपेली यूरेकाको यूरोपीय यूरोपेली
555	9	दिवसहरूमा दुकानहरूमा देवताहरूका देवताहरूको देवताहरूले देवनागरीको देवनागरीमा देवलहरूका देवलहरूमा
556	9	दरबन्दी दरवन्दी दशाभित्र दिनभन्दा दिनभित्र दिनभित्रै दियोबन्दी देशभक्त देशभित्र
557	9	पकाउनको पखालिएको पखाल्नको पचाउनमा पठाइनुको पठाउनका पिछडिएका पिछडिएको पुगाउनका
558	9	त्यह त्यहा त्यहाँ त्यहि त्यहिँ त्यही त्यहीँ त्यागी त्यागे
559	9	१२०७ १२१० १९०२ १९०३ १९०७ १९०९ १९१० १९२० १९३०
560	9	स्टेजोनमा स्टेनरले स्टेशनको स्टेसनको स्टेसनमा स्टेसनले स्थापनाका स्थापनाको स्थापनामा
561	9	अदालतहरू अपडेडहरू अपराधहरू अपराधीहरू अभिनेताहरू अभिलेखहरू अभिलेखागार अवतारहरू अवरोधहरू
562	9	कपडादेखि कहिलेकाँहि कहिलेकाँही कहिलेकाहिँ कहिलेकाही कहिलेकाहीँ कहिलेदेखि कुबाचादेखि केचनादेखि
563	9	सजिलैसँग सजिलैसित सजिलोसँग सडकसँग सतहसँग सपनासँग समाजसँग समूहसँग सहरसँग
564	9	फर्काउँदा फर्काउने फर्काएका फर्काएर फर्किएका फर्किएकी फर्किएको फर्किएन फर्किएर
565	9	लडनलाई ललितालाई लसनलाई लहरलाई लहरोलाई लादेनलाई लेखकलाई लेखनलाई लैजानलाई
566	9	खर्क खर्के खर्च खर्चे खर्ना खर्ब खार्ता खार्मी खिर्रो
567	9	जनताहरूलाई जनताहरूसँग जवानहरूलाई जहाजहरूलाई जापानीहरूलाई जिल्लाहरूबाट जिल्लाहरूसँग जीवाणुहरूबाट जीवाणुहरूलाई
568	9	धरहराको धरातलको धरातलीय धरोहरका धरोहरको धाराहरूको धाराहरूमा धेरायतको धेरैपटक
569	9	धनराज धनलाई धनलाभ धनीलाई धनीलाल धातुलाई धामीलाई धारलाई धेरैलाई
570	9	महापुराणका महापुरुषको महापुरूषको महाभारतका महाभारतकी महाभारतको महाभारतमा महामारीदेखि माहाभारतको
571	9	वृक्ष वृत्त वृत्ति वृद्घा वृद्ध वृद्धा वृद्धि वृद्धी वृष्टि
572	9	चट्टानको चट्टानमा चिन्तनको चिस्यानको चुम्बकको चुम्बकत्व चुम्बकिय चुम्बकीय चुम्बनका
573	9	प्रजालाई प्रथालाई प्रभुलाई प्राणलाई प्राणीलाई प्रियराज प्रेमराज प्रेमलाई प्लुटोलाई
574	9	दाइनीको दाउराका दाउराको दाउरेको दिउँसोको दिउसोको दिक्षाको देउताका देउताको
575	9	अतितलाई अतिथिलाई अनाजलाई अनेकलाई अभावलाई अर्कालाइ अर्कालाई अर्थलाई असमलाई
576	8	टन टान टिल टेट टेड टेन टेल टोल
577	8	शताब्दको शताब्दिको शताब्दिमा शताब्दीका शताब्दीको शताब्दीमा शताव्दीको शताव्दीय
578	8	प्रबलता प्रविणता प्रविधिका प्रविधिको प्रविधिमा प्रविधिले प्राचीनता प्राविधिक
579	8	गर्टिनको गर्टिनले गर्तौलाले गर्दथियो गर्दनमा गर्दैनथे गर्दैरहे गर्नुभयो
580	8	सतहदेखि समयदेखि समयपछि समयसँगै समेटेपछि सहरदेखि सागरदेखि सेगनदेखि
581	8	ब्रह्मका ब्रह्मको ब्रह्माको ब्रह्माजी ब्रह्माले ब्राइटर ब्राउनको ब्राउनले
582	8	यकिन यमन यहीं यापन युगल युगीन योजन यौवन
583	8	मंगलमय मङ्गलधनु मङ्गलबार मङ्गलमय मङ्गलवार मङ्गोलियाका मङ्गोलियामा मङ्गोलियाली
584	8	या यि यी यु यू ये यै यो
585	8	एनिमा एमिनो एरिना एरिया एरेना एलेना एशिया एसिया
586	8	तत्त्वहरुको तत्त्वहरुले तत्त्वहरूको तत्त्वहरूमा तथ्यहरूका तथ्यहरूको तपाईँहरूको तपाईँहरूले
587	8	१२७३ १३५१ १९५१ १९६६मा १९७१ १९७२ १९७३ १९७८
588	8	खदानहरूमा खनिजहरूको खनिजहरूले खिलाडीहरूमा खेलाड़ीहरूको खेलाडीहरुको खेलाडीहरूको खेलाडीहरूले
589	8	वक्रको वाक्यका वाक्यको वाक्यमा वाक्यले विद्याको वैद्यको वैश्यले
590	8	आकर्षक आचार्यकै आचार्यको आचार्यले आदर्शमा आयर्सका आयर्सको आयर्समा
591	8	ल ला लि ली लू ले लो लौ
592	8	यमहरूलाई यहाँहरूलाई यिनिहरूलाई यिनीहरूबाट यिनीहरूलाई युवाहरूबाट युवाहरूलाई योगहरूबाट
593	8	समर्थकका समर्थनका समर्थनको समर्थनमा समर्थनले समर्पणका समर्पणको समर्पणले
594	8	स्टिफन स्टीफन स्टेफन स्टेशन स्टेसन स्टेसन् स्पेशल स्पेसल
595	8	उपभोगका उपभोगको उपयोगका उपयोगको उपयोगमा उपयोगले उपयोगिता उपायोगिता
596	8	थपिएका थपिएको थापिएको थालिएको थिचिएका थिचिएको थुनिएका थुनिएको
597	8	हस्तकला हस्तिचौर हस्तिहरू हस्तीहरू हिँड्नेहरू हिन्दुहरू हिन्दूपना हिन्दूहरू
598	8	बाई बाए बिइ बिउ बिऊ बिए बीउ बीए
599	8	कप कफ कब काप केप केभ कैप कोप
600	8	नक्शाको नक्शामा नक्साको नक्सामा नक्साले निक्लेका निक्लेको नोक्सानी
601	8	ज जा जाँ जी जे जो जौ जौँ
602	8	वरीयताहरू विकासकहरू विकिरणहरू विचारकहरू विधायकहरू विधेयकहरू विवरणहरू विशेषताहरू
603	8	चित्रकथा चित्रकला चित्रकार चित्रकारी चित्रहरू चिन्ताहरू चिन्हहरू चिह्नहरू
604	8	परग्रही पराक्रम पराक्रमी परिक्रमा परिश्रम परीक्षाका परीक्षाको परीक्षामा
605	8	आगोबाट आजबाट आजैबाट आदिबाट आधाबाट आफूबाट आमाबाट आयुबाट
606	8	ढङ्गका ढङ्गको ढङ्गले ढुङ्गाका ढुङ्गाको ढुङ्गाना ढुङ्गामा ढुङ्गाले
607	8	साइतलाई स्कुललाई स्तरलाई स्थललाई स्थानलाई स्थितलाई स्थितिलाई स्याललाई
608	8	माइती माइला माइली माईती माईले माउरी माओले मेइजी
609	8	त्यत्ति त्यत्रै त्यत्रो त्यस्का त्यस्ता त्यस्तै त्यस्तो त्यस्मा
610	8	अक्सिजनका अक्सिजनको अग्रवनका अध्ययनका अध्ययनको अध्ययनमा अध्ययनमै अध्ययनले
611	8	आउँदैछ आउँदैन आउटको आउनका आउनाको आउनेको आउनेछ आउनेछु
612	8	बजेदेखि बढिबढि बनेपछि बलिपछि बसेपछि बितेपछि बेलादेखि बोलेपछि
613	8	जिल्लाका जिल्लाकै जिल्लाको जिल्लामा जिल्लामै जिल्लाले जिल्लुर जील्लाको
614	8	मात्राहरूको मान्छेहरूका मान्छेहरूको मान्छेहरूले मान्नेहरूका मित्रहरूको मित्रहरूले मूल्यहरूका
615	8	विकिपिडियाको विकिपिडियामा विकिपीडियाका विकिपीडियाको विकिपीडियामा विकिपीडियाले विकिमीडियाको विकिमीडियामा
616	8	रचनालाई रहनेलाई रावणलाई रिजाललाई रिमाललाई रेवतीलाई रोशनीलाई रोहनलाई
617	8	महाकाव्य महानन्द महानन्दा महाबौद्ध महाशक्ति महाशाक्य महासन्त महासन्धि
618	8	जटिलताहरू जडिबुटीहरू जनजातिहरू जनावरहरू जलधाराहरू जातजातिहरू जानकारीहरू जानवरहरू
619	8	उपनगरहरूका उपनगरहरूमा उपनिवेशहरूको उपनिवेशहरूमा उपनिवेशहरूले उपनिवेसहरूका उपनिवेसहरूको उपनिवेसहरूमा
620	8	वटालाई वधुलाई वनलाई वहाँलाई वादीलाई विकिलाई विकीलाई विश्वलाई
621	8	दमकबाट दमनबाट दमौलीबाट दशकबाट दिङरीबाट दैनिकबाट दोलनबाट दोलालघाट
622	8	जनगणनाका जनगणनाको जनगणनामा जनगणनाले जनजीवनको जनजीवनमा जलघनत्वको जातिगणनाको
623	8	परम्परा परस्पर परस्पुर पिताम्बर पीताम्बर पुरन्दर पुरस्कार पुरस्पार
624	8	दाग दाङ दिक् दिङ दिप दीप देख दोङ
625	8	मद्यपान मध्यकाल मध्यबाट मध्यभाग मध्येबाट मन्दीबाट मान्छेबाट मान्मबाट
626	8	प्रकृतिबाट प्रकृतिलाई प्रकृतीलाई प्रकृयालाई प्रक्रियागत प्रक्रियाबाट प्रक्रियालाई प्रस्तुतिलाई
627	8	छ छ? छि छे छो छौ छौँ ६
628	8	इटेका इडोको इनका इराक इलका इलकी इलाका इशाको
629	8	अफमा अफिम अरबी अरबौँ असम असमी असिम अहम
630	8	संगठनहरूका संरचनाहरूमा संसाधनहरूको संसाधनहरूमा संस्कृतिहरूको सङ्गठनहरूको सङ्गठनहरूले सङ्घर्षहरूले
631	8	हन्टर हम्सदा हाइटले हाम्सर हाल्नाले हेक्टर होल्टले होल्डर
632	8	फलदायक फलफुलको फलभोगको फुटबलका फुटबलको फुटबलमा फुटबलले फोलिकलको
633	8	क का काँ कि की के कै को
634	8	बच्नु बढ्नु बन्नु बस्नु बाँच्नु बाँध्नु बुझ्नु बोल्नु
635	8	प्रस्तरको प्रस्तावको प्रस्तावना प्रस्तावमा प्रस्तुतिको प्रस्तुतिमा प्रस्तुतीमा प्रस्थापना
636	8	आडम्बरी आनन्दका आनन्दको आनन्दले आफन्तको आरम्भको आरम्भमा आरम्भिक
637	8	उच्चतम उच्चहिम उज्जैनमा उद्यममा उद्योगका उद्योगको उद्योगमा ऊष्णतम
638	8	२०१०सम्म २०५२ २०५३ २०५४ २०५५ २०५६ २०६१ २०६३
639	8	ताजलाई तारालाई तिथिलाई तिनलाई तिमीलाई तुनालाई तेजराज तेजलाई
640	8	शक्तिशालि शक्तिशाली शक्तिसाली शाक्तिशाली शिक्षकका शिक्षकको शिक्षिकाको शिक्षिकाले
641	8	आँकको आँकडा आँखाका आँखाको आँखामा आँपका आँपको आँपमा
642	8	जर्नलमा जर्मनको जर्मनमा जर्मनीका जर्मनीको जर्मनीमा जर्मनीले जोर्डनको
643	8	अगस्टमा अगस्तमा अवस्थमा अवस्थाका अवस्थाको अवस्थामा अवस्थामै अवस्थाले
644	8	बहुजातीय बहुदलको बहुदलिय बहुदलीय बहुभाषिक बहुभुजको बहुमतका बहुमतमा
645	8	अर्काका अर्काकै अर्काको अर्कामा अर्काले अर्कैमा अर्छानी अर्थीमा
646	8	३२४ ३२५ ३२८ ३३२ ३३५ ३३८ ३४० ३५०
647	8	प्रतियोगिताहरूको प्रतियोगिताहरूमा प्रतियोगिताहरूले प्रतिवेदनहरुको प्रदर्शनकारीका प्रदर्शनहरूको प्रदर्शनहरूमा प्रदर्शनीहरूमा
648	8	शाहबाट शिरपोस शिरबाट शिवनाथ शिवबाट शेरचन शेरमान श्रृजन
649	8	आइओसबाट आकाशबाट आदेशबाट आधारबाट आधारभूत आवागमन आवाजबाट आहारबाट
650	7	लाई लिइ लिई लिए लिएँ लेइ लेऊ
651	7	जगाउनका जनाउँदछ जनाउँदछु जनाउनको जुराउँदछ जोगाउँदछ जोगाउनका
652	7	समद्वारा साथीद्वारा सुनद्वारा सेतुद्वारा सेनाद्वारा सेलद्वारा सोनीद्वारा
653	7	सप्तमीदेखि समाप्तिदेखि समाप्तिपछि समाप्तिसँगै समाप्तीपछि सम्मतिदेखि सम्हतिदेखि
654	7	महायुद्धको महालिङ्गका महासङ्घको महासन्धिका महासन्धिको महासन्धिमा महासन्धिले
655	7	पकाउन पचाउन पठाइन् पठाउन पढाउन पराउन पलाइन
656	7	कृयाकलापमा कृयाकलापले क्रियाकलपमा क्रियाकलापका क्रियाकलापको क्रियाकलापमा क्रियाकलापले
657	7	कमभन्दा कमिसन्ड कामभन्दा कालीबंगा कालोबंगा कालोभन्दा कोरभन्दा
658	7	बृगेड बृहत बृहत् ब्रिगेड ब्रिटिश ब्रिटिस ब्रिटेन
659	7	प्रकृयाका प्रकृयाको प्रकृयामा प्रक्रियाका प्रक्रियाको प्रक्रियामा प्रक्रियाले
660	7	भय भयो भयौ भयौँ भाव भावि भावी
661	7	यानहरूका यिनिहरूको यिनिहरूले यिनीहरूका यिनीहरूको यिनीहरूमा यिनीहरूले
662	7	उठेपछि उनीदेखि उनीपछि उनीमाथि उनेपछि उसपछि उसमाथि
663	7	बक्सेपछि बक्सेसको बताएपछि बनाएपछि बन्दापछि बसाइपछि बोलाएपछि
664	7	भइछिन् भएछन् भएनन् भन्छन् भन्छिन् भन्थिस् भन्नुस्
665	7	१००बाट १०४ १०५ ११२ १२२ १२३ १६०
666	7	विराटनगरका विराटनगरको विराटनगरमा विशालनगरको विशालनगरमा विशालबजारको विशेषाधिकारको
667	7	खसहरूको खेतीहरूको खेलहरूका खेलहरूको खेलहरूले खोजहरूको खोलाहरूको
668	7	इन्कार इन्जरी इन्टर इन्डिया इन्दिरा इन्दौर इस्टर
669	7	पाइँदैन पाइदैन पाउँदुर पाउँदैन पाउडर पाउतिर पिउँटर
670	7	शब्दहरूका शब्दहरूको शब्दहरूमा शब्दहरूले शब्दावलीको शिष्यहरूमा शिष्यहरूले
671	7	पाइड पाइन पाईप पाउन पाउल पिउठ पिउन
672	7	पकाई पठाई पठाए पढाइ पढाई पढाए पलाई
673	7	भनिन्छ भरिन्छ भाँचिन्छ भुटिन्छ भेटिन्छ भेटिन्छे भोटिङ्ग
674	7	२००२ २००३ २००७ २००९ २०१० २०२० २०३०
675	7	मजदुरहरूको मतदाताहरूका मतदाताहरूको मतभेदहरूका महायानीहरूको महायानीहरूले मेहराबहरूको
676	7	पाइरहने पाइरहेका पाइरहेको पाइलटका पाइलटको पाइसकेका पाइसकेको
677	7	पङ्खामा पङ्गेनी पञ्चम पञ्चमी पञ्चासे पञ्जाबी पन्जाबी
678	7	बक्सलाई बच्चालाई बच्नलाई बज्रलाई बाख्रालाई बिष्टलाई बोक्नलाई
679	7	उत्सवहरूको उत्सवहरूले उपमाहरूका उपमाहरूको उपायहरूको उपायहरूमा उभारहरूको
680	7	रिजोर्टमा रिपोर्टका रिपोर्टको रिपोर्टर रिसोर्टमा रेकर्डका रेकर्डको
681	7	जंजीरमा जङ्गलका जङ्गलको जङ्गलमा जङ्गलले जन्दौलको जुइकरले
682	7	श्राद्धमा श्रेष्ठका श्रेष्ठको श्रेष्ठजी श्रेष्ठता श्रेष्ठमा श्रेष्ठले
683	7	दुवाकोटको दुवागढीको दुवैजनाका देवकुमारी देवकोटाका देवकोटाले देवगणले
684	7	बचाउँछन् बजाउँछन् बताउँछन् बनाउँछन् बिताउँछन् बिसाउँछन् बुझाउँछन्
685	7	बन्दछन् बस्टियन बस्तछन् बस्दछन बाँच्नेछन् बाँध्दछन् बोल्दछन्
686	7	बनाइरहनु बनाइरहेको बनाइराखेको बनाइसकेको बनाईसकेको बिताइरहेकी बिताइरहेको
687	7	नदिएकाले नदिएकोले नपाएकाले नपाएकोमा नपाएकोले नभएकाले नभएकोले
688	7	ध्यानको ध्यानमा ध्वजाको ध्वनिका ध्वनिको ध्वनिमा ध्वनीको
689	7	विकिरणलाई विचलनलाई विधेयकलाई विभाजनलाई विवरणबाट विवरणलाई विविधतालाई
690	7	पलहरुलाई पाटाहरूलाई पाठेघरसँग पातहरूलाई पातहरूसँग पापीहरूलाई पोथीहरूलाई
691	7	बडखल बडिखेल बढचढ बातचित बाबजुद बावजुद बावजूद
692	7	प पँ पि पी पू पे पो
693	7	म मा मि मे मेँ मै मो
694	7	कमलद्वारा कर्मद्वारा कार्यद्वारा किरणद्वारा कुमारद्वारा कुमुदद्वारा केन्द्रद्वारा
695	7	हकहरू हाँगाहरू हातहरु हातहरू हामीहरू हायुहरू हावाहरू
696	7	हुनुपरेको हुनुपर्छ हुनुपर्ने हुनुबाहेक हुनेगर्छ हुनैपर्छ हुनैपर्ने
697	7	हिँड्छ हुड्के हुन्छ हुन्छ? हुन्छु हुन्छे हुन्थे
698	7	१९४२को १९४२मा १९४४मा १९९२ १९९४ १९९६ १९९८
699	7	इंकको इङ्काको इङ्डिगो इच्छाको इच्छुक इन्चको इन्टेक
700	7	चकित चौकोट चौखट चौपट चौबीस २४ ३४
701	7	इन्जिनको इन्डिगोको इन्डिजका इन्डियाका इन्दौरका इन्धनका इन्धनको
702	7	दिइछन् दिएछन् दिएनन् दिन्छन् दिन्छस् दिन्थिन् द्योतन
703	7	१६५२ १६५४ १६५५ १६६२ १८५४ १८५५ १८५६
704	7	आदिवासिहरूले आदिवासीहरूका आदिवासीहरूको आदिवासीहरूले आशावारहरूका आशावारहरूको आशावारहरूमा
705	7	भण्डारका भण्डारको भण्डारमा भण्डारीका भण्डारीको भण्डारीले भन्सारमा
706	7	दुर्घटनाका दुर्घटनाको दुर्घटनामा दुर्घटनाले दुर्योधनका दुर्योधनको दुर्योधनले
707	7	कथासँग कसैसँग किटुसँग किमसँग कुरासँग केटीसँग केयसँग
708	7	चलचित्रकर्मी चलचित्रघरको चलचित्रबाहेक चलचित्रहरूका चलचित्रहरूको चलचित्रहरूमा चलचित्रहरूले
709	7	अनन्त अनन्य अमान्छे अमान्य अमुल्य अमूल्य अरान्ते
710	7	उनलाई उनीलाई उनैलाई उसलाई उसैलाई उहाँलाइ उहाँलाई
711	7	परियोजनाहरूका परियोजनाहरूमा पर्यटकहरुका पर्यटकहरूका पर्यटकहरूको पर्यटकहरूमा पर्यटकहरूले
712	7	राष्ट्रका राष्ट्रकै राष्ट्रको राष्ट्रमा राष्ट्रले राष्ट्रिय रास्त्रोमा
713	7	पटेन्ट पढिन्छ पारिन्छ पिकेन्ट पुगिन्छ पुरिन्छ पेटेन्ट
714	7	प्रतिष्ठानका प्रतिष्ठानकी प्रतिष्ठानको प्रतिष्ठानमा प्रतिष्ठानले प्रतिष्ठितमा प्लोलेस्टानको
715	7	जडिएका जुडिएको जेलिएको जोड़िएका जोडिएका जोडिएको जोडीएको
716	7	शालीन शाश्वत शासन शासित शोधित शोषण शोषित
717	7	शस्त्रले शास्त्रका शास्त्रको शास्त्रमा शास्त्रले शास्त्रिय शास्त्रीय
718	7	विकृतिको विक्रमको विग्रहको विग्रहमा विद्रोहकै विद्रोहको विद्रोहमा
719	7	एकान्त एजेंसी एजेण्डा एजेन्ट एजेन्डा एजेन्सी एथेन्स
720	7	धर्का धर्के धर्ती धर्ना धर्म धर्मी धार्नी
721	7	दृश्यको दृश्यमा दृश्यले दृष्टिका दृष्टिको दृष्टिमा दृष्टिले
722	7	पाठकहरूलाई पारखिहरूलाई पारखीहरूलाई पुजारिहरूसँग पुरुषहरूलाई पुरुषहरूसँग पुरूषहरूलाई
723	7	आयुक्तका आयुक्तको आयुक्तमा आरक्षको आरक्षमा आर्ट्समा आर्म्समा
724	7	अनुमानित अनुमोदन अनुवादित अपमानित अपराजित अपहेलित असारेगीत
725	7	जगतगुरु जगतपुर जगतिपुर जगदीशले जगदीश्वर जनकपुर जबलपुर
726	7	नाइकी नाइके नाउँको नाङ्गा नाङ्गै नाङ्गो नाम्चे
727	7	हि हे है हो हो? हौ हौँ
728	7	म्यागको म्यागले म्याचका म्याचको म्याचमा म्युजिक म्यूजिक
729	7	मात्राहरु मात्राहरू मान्छेहरू मान्नेहरू मित्रवर मित्रहरू मुद्दाहरू
730	7	बच्नुपर्ने बढ्नुपर्ला बस्नुपरेको बस्नुपर्छ बस्नुपर्ने बस्नुपर्यो बुझ्नुपर्छ
731	7	दह्रो दातृ दास्रो दाह्री दोश्रो दोस्री दोस्रो
732	7	लगाउनको लगाउनुको लगाएतका लगाएपछि लडाईँपछि लडाउनमा लेखाउनको
733	7	एनआरटी एनएलडी एलएलडी एलएलबी एलएलवी एसएलसि एसएलसी
734	7	कागजसमेत कागजातबाट काठमाडौँबाट काठमाडौँलाई काठमाडौबाट कारखानाबाट कोलकाताबाट
735	7	आइडिमा आइडिया आइभीमा आईडिमा आउटमा आउनमा आउनुमा
736	7	फ्रान्सका फ्रान्सकै फ्रान्सको फ्रान्समा फ्रान्सले फ्रान्सिसी फ्रान्सेली
737	7	संबिधानसभामा संविधानसभाका संविधानसभाको संविधानसभामा संविधानसभाले सम्विधानसभाका सम्विधानसभामा
738	7	ल्याइदियो ल्याइन्थ्यो ल्याउँदछ ल्याउनका ल्याउनको ल्याउनमा ल्याउनेछ
739	7	अष्ट्रेलियाका अस्ट्रेलियाका अस्ट्रेलियाकी अस्ट्रेलियाको अस्ट्रेलियामा अस्ट्रेलियाली अस्ट्रेलियाले
740	7	वचनद्वारा विकलद्वारा विकासद्वारा विभागद्वारा विरहीद्वारा विवशद्वारा वोहराद्वारा
741	7	भुँडी भुडी भुपि भुमी भूमि भूमी भूमे
742	7	भनाइएको भलायोको भित्रिएका भित्रिएको भिनाजुको भेटाइएका भेटिइएको
743	7	चढाउन चपाउन चराउन चलाइन् चलाउन चलाओस् चिताउन
744	7	१९५२मा १९५४मा १९५६मा १९६१मा १९६२मा १९७५मा १९९१मा
745	7	ढलको ढलिगो ढिलिका ढोरेको ढोलक ढोलकी ढोलाको
746	7	भगवतीको भगवानका भगवानको भगवानले भागवतले भोकमरीले भोजघरले
747	7	स्कुलहरू स्टबहरू स्थलहरू स्थानतिर स्थानहरू स्थितिहरू स्रोतहरू
748	7	नगरून् नगरोस् नजरथ नपरोस् नमरुन् नमारोस् नागदोष
749	7	प्याकका प्याकले प्यागोडा प्याङका प्याङको प्याङमा प्याजले
750	7	वस्तुभाउ वस्तुलाई विन्दुलाई विन्नीलाई विष्णुदास विष्णुलाई विष्णुलाल
751	7	ग्रन्थ ग्रन्थि ग्रन्थी ग्रस्त ग्रान्ड ग्रान्डे ग्रैन्ड
752	7	पढ्नुभएका पढ्नुभएको पढ्नुभन्दा पाउनुभएको पाउनुभएन पुग्नुभएका पुग्नुभएको
753	7	साइटमा साइडमा साइतमा साइनोले साइबर साउदले साउनमा
754	7	यतिमात्र यसपल्ट यसभन्दा यसभित्र यसैभित्र यहाँभन्दा युगभन्दा
755	7	वडाहरू वनहरू वहाँहरू विधाहरू विधिहरू विषहरू वीरहरू
756	7	स्कन्द स्टन्ट स्तब्ध स्पन्ज स्पष्ट स्पष्ठ स्पस्ट
757	7	भुमिकामा भूमिकाको भूमिकामा भूमिडाँडा भूमिपूजा भूमिबाटै भूमिमाथि
758	7	रक्तबीजको रङ्गनाथका रङ्गभेदका रङ्गभेदकै रङ्गभेदको रङ्गशालाको रङ्गशालामा
759	7	टेलिकमको टेलिकमले टेलिफोनको टेलिफोनमा टेलिफोनले टेलीफोनको टोलटोलमा
760	7	दक्ष दीक्षा दुख्ने देख्दा देख्न देख्ने दोक्लै
761	7	यादवका यादवको यादवले यादहरू यिनीहरू युगसरू योगहरु
762	7	तयारीका तयारीको तयारीमा तवरमा तवरले तिमोरमा तिहारमा
763	7	ढकालकी ढकालको ढकालजी ढकालले ढलानको ढुङेलका ढुङेलको
764	7	छक्क छक्कै छड्के छन्को छिन्चु छुन्छ छोड्छ
765	7	संज्ञा सङ्ख्या सङ्ज्ञा सड्ख्या सन्ध्या सांख्य साङ्ख्य
766	7	इजलासबाट इजलासलाई इतिहासबाट इतिहासलाई इतिहासविद् इतिहाससँग इलियटलाई
767	7	नगरिएको नजिकिएको नदेखिएको नागालैन्ड निकालिएको निकालिन्छ निखारिएको
768	7	एडिट एडिथ एडिस एनिड एनेट एरिस एसिड
769	7	वसन्तमा वसन्तीको वसुन्धरा वासिन्दाका वेदान्तका वेदान्तको वेदान्तमा
770	7	युगबोधको योगदानका योगदानको योगदानमा योगदानले योगपीठका योगबलका
771	7	दुईचार दुईचोटि दुईतिर दुईसय २बाट २०० २०००००
772	6	एकताको एकदेखि एकाकार एकातिर एकाधिक एकोहोरो
773	6	छाँयालाई छानालाई छालालाई छोरालाई छोरीलाई छोरोलाई
774	6	तनावको तामाङको तामाङले तिनवटा तीनवटा तीनवटै
775	6	उर्जाका उर्दूमा उर्लेको ऊर्जाका ऊर्जाको ऊर्जामा
776	6	दर्पणहरूका दर्शकवर्ग दर्शकहरूका दर्शकहरूको दर्शकहरूमा दर्शकहरूले
777	6	बढाउनुभएको बताउनुभएछ बनाउनुभएका बनाउनुभएको बिताउनुभएका बिताउनुभएको
778	6	सङ्ख्याभन्दा सतहभन्दा समयखण्ड समयभन्दा समयभित्र सरिफभन्दा
779	6	शंकरजी शंकरले शङ्करकै शङ्करको शङ्करजी शङ्करले
780	6	त्यता त्यति त्यती त्यतै त्यसै त्यसो
781	6	डुब्दै डुब्न डुब्ने डुम्र डुम्री डुम्रे
782	6	पश्चातको पश्चिमका पश्चिमको पश्चिममा पश्चिमाको पश्चिमेली
783	6	भूकम्पका भूकम्पकी भूकम्पको भूकम्पमा भूकम्पले भूखण्डको
784	6	हजारदेखि हजारीमाथि हमलादेखि हिमालदेखि हेटौडादेखि होटलदेखि
785	6	पृथ्वीतल पृथ्वीबाट पृथ्वीराज पृथ्वीलाई पृथ्वीलाल पृथ्वीसँग
786	6	देखापरेका देखापरेको देखापर्छ देखापर्दा देखापर्न देखापर्यो
787	6	एडिसन एरियल एलियन एलिसन एलीसन एसियन
788	6	संरचनाहरूलाई संसाधनहरूलाई सन्दर्भहरूलाई सम्पादकहरूलाई सम्पादनहरूलाई सम्भावनाहरूलाई
789	6	कल्ली कल्लु कल्ले किल्ला कुल्ला कुल्ली
790	6	सानाठुला सानाठूला सानातिना सानासाना सानोतिनो सानोसानो
791	6	प्रधानमन्त्रित्व प्रधानमन्त्रीका प्रधानमन्त्रीको प्रधानमन्त्रीत्व प्रधानमन्त्रीमा प्रधानमन्त्रीले
792	6	जनमुक्ति जनशक्ति जमदग्नि जमदग्नी जलमग्न जेलमुक्त
793	6	वंशज वञ्चित वाञ्छित वान्छित वान्टेड वाल्टज
794	6	इस्टोनिया इस्लामको इस्लाममा इस्लामले इस्लामिक इस्लामिया
795	6	संक्रान्तिका संक्रान्तिको संक्रान्तिमा सङ्क्रान्तिका सङ्क्रान्तिको सङ्क्रान्तिमा
796	6	१६०३ १८०२ १८०३ १८१० १८२० १८३०
797	6	पच्नु पस्नु पाक्नु पिन्नु पिल्नु पुग्नु
798	6	ज्ञानलाई ज्यानलाई ज्यापुलाई ज्यामीलाई ज्वानोलाई ज्वालालाई
799	6	वर्जन वर्जित वर्णन वर्णित वर्मन वार्निङ
800	6	छनोटमा छनौटका छिमेकमा छिमेकले छिमेकीका छिमेकीको
801	6	मठसँग मतसँग मलसँग मुनिसँग मुरसँग मेससँग
802	6	ब्यान्ड ब्रान्ड ब्लन्ट ब्लन्ड ब्लास्ट ब्लेस्ड
803	6	भर्ति भर्ती भर्दा भर्न भर्ना भर्ने
804	6	आयुर्वेदका आयुर्वेदको आयुर्वेदमा आयुर्वेदले आयुर्वेदिक आयुर्वेदीय
805	6	व्यक्तिहरुको व्यक्तिहरूका व्यक्तिहरूको व्यक्तिहरूमा व्यक्तिहरूले व्याख्याहरूमा
806	6	आइ आई आऊ आए आएँ आओ
807	6	अधिकारदेखि अधिकारमाथि अधिकारवादी अधिकारसँगै अधिकारहरू अधिकारीहरू
808	6	१००२ १००३ १००७ १००९ १०१० १०२०
809	6	पञ्चतन्त्रका पञ्चतन्त्रको प्रजातन्त्रका प्रजातन्त्रको प्रजातन्त्रिक प्रजातान्त्रिक
810	6	त्यसबाट त्यसैबाट त्यहाँबाट त्यहीँबाट त्यहीबाट त्यागबाट
811	6	जगदम्बा जबसम्म जहाँसम्म जानेसम्म जेठसम्म जोडीसम्म
812	6	दिई दिए दिएँ दुआ दुई २
813	6	वंशलाई वाक्यलाई विद्यालाई वुड्सलाई वेल्सलाई वैद्यलाई
814	6	१०२ १०३ १०७ ११० १२० १३०
815	6	थमसको थापाथली थाबितको थाबितले थोमसमा थोमासको
816	6	डल्बे डाल्ने डेल्टा डेल्फी डोल्पा डोल्मा
817	6	जगाउन जनाउन जमाउन जुटाउन जुधाउन जोगाउन
818	6	भिमसेनका भिमसेनको भीमदेवको भीमसेनका भीमसेनले भेदभावको
819	6	धर्मपत्नी धर्मपुत्र धर्मपुत्री धर्मभक्त धर्मभित्र धर्मयुद्ध
820	6	भइ भई भए भएँ भाइ भाई
821	6	ब्राजिलका ब्राजिलको ब्राजिलमा ब्राजिलले ब्लेयरको ब्लेयरले
822	6	इङ्क इन्च इन्टु इन्ड इन्डी इन्डो
823	6	महिनासम्म महिनौसम्म मायलसम्म मिटरसम्म मिनेटसम्म मेजरसम्म
824	6	लाइट लाइन लाइफ लाउन लिइन् लेइट
825	6	दमन दमित दलित दिलिप दिलीप दोमट
826	6	१९२९ १९४१ १९४२ १९४४ १९४८ १९४९
827	6	हुँदाहुँदै हुदाहुँदै हुनुहुँदो हुनुहुने हुनुहोला हुनेहुँदा
828	6	यस्तालाई यस्तोलाई यात्रालाई यात्रीलाई यात्रुलाई यास्कलाई
829	6	उत्तरकाशी उत्तरगया उत्तरतिर उत्तरदायी उत्तरदेखि उत्तरपछि
830	6	यहा यहाँ यहि यहिँ यही यहीँ
831	6	९०२ ९०३ ९०७ ९०९ ९१० ९३०
832	6	चित्रकलाका चित्रकलाको चित्रकलामा चित्रहरूको चित्रहरूमा चैत्यहरूमा
833	6	छाई छाउ छुई छेउ छोई छोए
834	6	लालहरियो लासहरूको लिपिहरूको लिपिहरूमा लेखहरूको लेखहरूमा
835	6	शक्तिहरू शब्दहरू शव्दहरू शिल्पकला शिल्पकारी शिल्पहरू
836	6	लगइन लगाइन लगाइन् लगाउन लगाएत लुकाउन
837	6	टापुहरू टारहरू टिमहरू टुलहरु टोलहरू टौदहले
838	6	सकेसम्म सातासम्म सालसम्म सिमासम्म सीमासम्म सेमिसम्म
839	6	वातावरणका वातावरणको वातावरणमा वातावरणले वैयाकरणको वैयाकरणले
840	6	टाङाबाट टाढाबाट टाढैबाट टेलिफोन टेलीफोन टोलीबाट
841	6	राजदूतसँग राजनीतिबाट राजनीतिसँग राजपथसँग राजपरिषद् रामचरितम्
842	6	सम्प्रदायका सम्प्रदायको सम्प्रदायमा सम्प्रदायले सम्प्रदायेले साम्प्रदायिक
843	6	गन्थीहरूमा गल्तीहरूको गुच्छाहरूमा गुम्बाहरूमा गोत्रहरूको गोम्पाहरूमा
844	6	निर्वाचनका निर्वाचनको निर्वाचनमा निर्वाचनले निर्वाचिकाका निर्वासनले
845	6	सङ्गमरमरले सङ्गमर्मरका सङ्गमर्मरको सिंहदरबारको सिङ्गमरमरका सिङ्गमर्मरको
846	6	डन्डीको डन्डीमा डन्डीले डन्डेलि डेट्सको डेन्सको
847	6	जगलग्नको जनशक्तिले जमदग्निको जमदग्निले जमदग्नीको जमदग्नीले
848	6	नए नाई नाउँ न्यु न्यू ९
849	6	नानीहरूलाई नारीहरूलाई नालाहरूलाई निजहरूलाई नेताहरूबीच नेताहरूलाई
850	6	खम्पाचे खम्बाका खम्बाचे खम्बामा खाम्पाको खुम्चेको
851	6	७२४ ७२५ ७३२ ७३७ ७४० ७५०
852	6	जावीको जीवका जीवको जीविका जैविक जैविकी
853	6	सर्कल सर्किट सर्जन सर्भिस सिर्जित सुर्खेत
854	6	उचाइ उचाई उठाई उठाए उडाई उपाए
855	6	उकालो उखेली उखेले उहाँले उहाले उहिले
856	6	संविधानका संविधानको संविधानमा संविधानमै संविधानले संवैधानिक
857	6	१२४ १२५ १३४ १३५ १४० १५०
858	6	पूर्णिमाका पूर्णिमाको पूर्णिमामा पूर्णिमामै पूर्णीमामा पूर्णेमेला
859	6	उत्रिएका उत्रिएको उब्जिएको उभ्याएका उभ्याएको उम्रिएको
860	6	९५३ ९५४ ९५५ ९५६ ९६१ ९६३
861	6	सच्याउनु सम्झाउँथे सम्झाउँदै सम्झाउनु सम्झाउने सल्काउने
862	6	कार्यकर्ताका कार्यकर्ताको कार्यकर्ताले कार्यकारिणीका कार्यपालिकाका कार्यपालिकामा
863	6	टापुलाई टिभिलाई टिमलाई टीमलाई टोपीलाई टोलीलाई
864	6	विधायकको विधायिकाको विधायिकामा विधेयकका विधेयकको विधेयकमा
865	6	प्याजी प्यार प्यारा प्यारी प्यारो प्यासी
866	6	प्रतिष्ठान प्रतिष्ठित प्रदक्षिण प्रशिक्षण प्रशिक्षित प्रोडक्सन
867	6	यात्रीहरूको यात्रीहरूले यात्रुहरूले युद्धविराम युद्धहरूमा योद्धाहरूको
868	6	घरतिर घरदैलो घरधुरी घरमुसो घरमूली घरिघरि
869	6	दलहरूबाट दलहरूबीच दलहरूसँग दाजुहरूसँग दूतहरूसँग देशहरूसँग
870	6	आइपाड आइपोड आइफल आइफिल आइफोन आएफोन
871	6	अर्जुनक अर्जुनका अर्जुनकी अर्जुनको अर्जुनले अर्डिनरी
872	6	ग्राबिल ग्राभेल ग्रामिण ग्रामीण ग्रावेल ग्लोबल
873	6	शनिबारका शनिबारको शमशेरका शमशेरको शमशेरले शमाकरको
874	6	यन्त्रका यन्त्रको यन्त्रमा यन्त्रले यान्त्रिक यान्त्रिकी
875	6	शाकाहार शाकाहारी शाखाहरू शैयाहरू शैलिहरू शैलीहरू
876	6	भट्टले भड्कियो भड्किला भत्कने भात्तडी भिस्तीले
877	6	ब्रह्माजीको ब्रह्माजीले ब्राह्मणका ब्राह्मणकी ब्राह्मणको ब्राह्मणले
878	6	थपेपछि थानपाटी थानापाटी थारेपाटी थालेपछि थुनेपछि
879	6	डबलिनको डिभिजनको डिभीजनको डिलिसनको डिलेसनमा डेबियनको
880	6	गरिदिउँला गरिदिएका गरिदिएको गरिदिएमा गरिदिन्छ गरिदिन्थे
881	6	प्रशिक्षकको प्रशिक्षकमा प्रशिक्षकले प्रशिक्षणका प्रशिक्षणको प्रशिक्षणमा
882	6	जङ्गबगादुरका जङ्गबगादुरको जङ्गबहादुरकी जङ्गबहादुरकै जङ्गबहादुरको जङ्गबहादुरले
883	6	अहिंसक अहिंसाकै अहिंसाको अहिंसामा अहिल्याका अहिल्याको
884	6	फर्काए फर्किए फर्किन फर्क्यो फर्पिङ फेर्छन्
885	6	ब्राजिल ब्रायन ब्रेकिङ ब्रोकन ब्लगिङ ब्लगिङ्
886	6	गन्धले गल्तीले गान्धार गान्धीले गुण्डाले गौंथली
887	6	फइभ फाइन फाइभ फाइल फाउल फोइल
888	6	द दा दि दी दे दो
889	6	हटेपछि हातपटि हालेपछि हिँडेपछि हिँडेपनि होलीपछि
890	6	११८९ ११९१ १६८९ १७८९ १७९१ १८६१
891	6	जनामध्ये जनामात्र जसमध्ये जातिमध्ये जोडदथ्यो जोडीमध्ये
892	6	धर्मदास धर्मपथ धर्मपाल धर्मराज धर्मलाई धर्मसँग
893	6	भग भज भाग भेग भोग भोज
894	6	रहन्छ रहन्थे रहस्य राखिन्छ रोकिन्छ रोपिन्छ
895	6	जाई जाउ जाऊँ जिउ जीउ जोई
896	6	टर्की टर्च टर्न टर्यो टर्रो टार्ने
897	6	अपनाउँदा अपनाउँदै अपनाउनु अपनाउने अपनाएका अपनाएको
898	6	प्रतिघण्टा प्रतिबन्ध प्रतिबिम्ब प्रतिवद्ध प्रतिवन्ध प्रतिविम्ब
899	6	आदिबासी आदिवासी आनाकानी आनिबानी आमडाँडा आमदानी
900	6	हड्डीहरूका हाम्राहरूको हिँड्नेहरूका हिन्दुहरूको हिन्दूहरूका हिन्दूहरूको
901	6	पानीसँग पालैसँग पालोसँग पितासँग पीढीसँग पेमासँग
902	6	भवनहरूका भवनहरूको भवनहरूमा भावनाहरूले भाषणकलाका भाषणहरूमा
903	6	धन्दा धन्धा धन्न धन्य धान्दै धान्न
904	6	व्यक्तिका व्यक्तिको व्यक्तित्व व्यक्तिमा व्यक्तिले व्यष्टिको
905	6	यतायतमा यथार्थको यथार्थमा यातायातका यातायातको यातायातमा
906	6	बन्नुभएका बन्नुभएको बन्नुभन्दा बस्तुभाउको बस्नुभएका बाँच्नुभन्दा
907	6	तक्विर तत्पर तस्करी तस्बिर तस्बीर तस्वीर
908	6	टट्स टिष्टा टिस्टा टेल्स टेष्ट टेस्ट
909	6	भइदिन्छ भइहन्छ भइहाल्छ भइहाल्ने भईहाल्यो भत्कन्छ
910	6	एन्जलको एन्टनीको एन्थनीमा एप्पलको एप्पलले एल्टनको
911	6	पण्डितहरूलाई पत्रिकाहरूलाई पाउडरहरूलाई पाण्डवहरूलाई पुस्तकहरूलाई पुस्तकालयलाई
912	6	श्रीमतीको श्रीमानको श्रीरामकी श्रीरामको श्रीरामले श्रीहरिको
913	6	इस्माका इस्माको इस्मामा इस्लाम इस्लामी इस्लाह
914	6	ढङ्ग ढिक्का ढुक्क ढुङ्गा ढुङ्गे ढुङ्गो
915	6	सिकंदर सिकन्दर सिलिन्डर सेकन्डको सेकन्डमा सेकेन्डरी
916	6	गोतामकोट गोपालदास गोपालमान गोपालराज गोबरबाट गौतमबाट
917	5	माग्नु मान्नु मिल्नु मुछ्नु मेट्नु
918	5	इटि इटी इडा इदी इदो
919	5	रहन्छन रहन्छन् रहन्थिन् रहन्थ्यो राखिन्छन्
920	5	उनिहरूसित उनीहरूबाट उनीहरूबीच उनीहरूसँग उनीहरूसित
921	5	जिन्दगानी जिन्दगीका जिन्दगीको जिन्दगीमा जीन्दगीको
922	5	कष्टकर कष्टकार कष्टकारी कात्तिकमा काष्ठकला
923	5	आइपुग्छ आइपुग्दा आइपुग्न आइपुग्ने आइपुग्यो
924	5	लामबद्ध लिपिबद्ध लिपिवद्ध लेखबद्ध लोकभक्त
925	5	ढल ढाँड ढाड ढाल ढोल
926	5	पर्थलाई पार्कलाई पार्टिलाई पार्टीलाई पार्नलाई
927	5	क्यानाडा क्यापेली क्यामेरा क्यारेरा क्यालोरी
928	5	चलचित्रका चलचित्रकी चलचित्रको चलचित्रमा चलचित्रले
929	5	कार्यक्रमका कार्यक्रमको कार्यक्रममा कार्यक्रमले कार्यक्षमता
930	5	ऐट ऐड ऐन औं औद
931	5	हटाई हटाउ हटाए हराए हेराइ
932	5	साहित्यकारका साहित्यकारको साहित्यकाशमा साहित्याकाशका साहित्याकाशमा
933	5	दुत दुध दुब दूत दूध
934	5	१६६४ १८५०को १८६४ १८६५ १८६६
935	5	स्कुलहरूलाई स्थानहरूबाट स्थानहरूलाई स्रोताहरूलाई स्रोताहरूसँग
936	5	पदार्थका पदार्थको पदार्थमा पदार्थले पैटर्नको
937	5	संगठनहरू सङ्गठनहरू सम्पादनहरू सम्बोधनहरू सम्भावनाहरू
938	5	सङ्घद्वारा सत्रद्वारा सिंहद्वारा सिन्जीद्वारा सूत्रद्वारा
939	5	विकासशील विकाससँग विकाससित विचारशील विदेशसँग
940	5	काशीनाथ काशीराज केशराज कोशराज कोषराज
941	5	सन्तहरू सिद्धिहरू सुत्रहरू सूक्तिहरू सूत्रहरू
942	5	दराई दलाइ दलाई दिलाई दिलाए
943	5	एड्डी एण्ड एन्टि एन्ड एन्डी
944	5	धनुषको धनुषमा धनुषले धनुषामा धालिसको
945	5	दाजुहरूलाई दावीहरूलाई दासहरूलाई देशहरूलाई दोषहरूलाई
946	5	थालिए थाल्छ थाल्छु थाल्यो थाल्यौ
947	5	नकलबन्दा नजरबन्द नेपालगञ्ज नेपालगन्ज नेपालभन्दा
948	5	अर्थतन्त्रको अर्थतन्त्रमा अर्थमन्त्रीको अर्थशास्त्रको अर्थशास्त्रमा
949	5	इनाम इनामे इमाम इलम इलाम
950	5	किर्तीपुरको कीर्तिपुरका कीर्तिपुरको कीर्तिपुरमा कीर्तिबममा
951	5	पत्थरहरू पत्रिकाहरू पद्दतिहरू पद्धतिहरू पुस्तकहरू
952	5	कलकत्ताको कलकत्तामा कालखण्डमा कालिगण्डकी कालीगण्डकी
953	5	बच्चाहरु बच्चाहरू बिन्दुहरू बिम्बहरू बैङ्कहरू
954	5	ताराहरूलाई तिथिहरूलाई तिनीहरूबाट तिनीहरूलाई तिनीहरूसँग
955	5	भगवान्ले भागभन्दा भागवण्डा भातभान्सा भीमभन्दा
956	5	नवोढा नौयडा नौवटा नौवटी नौवटै
957	5	कष्टबाट काष्ठकुट कास्कीकोट कास्कीबाट कुण्डबाट
958	5	अङ्ग्रेजको अङ्ग्रेजीका अङ्ग्रेजीकै अङ्ग्रेजीको अङ्ग्रेजीमा
959	5	उपत्यकाका उपत्यकाकी उपत्यकाको उपत्यकामा उपत्यकाले
960	5	शकुन्तलाका शकुन्तलाको शकुन्तलामा शकुन्तलाले शाकुन्तलको
961	5	सबैसँग सिमासँग सीतासँग सेनसँग सेवासँग
962	5	स्कर्टको स्पर्धाको स्पार्कका स्वार्थका स्वार्थको
963	5	गङ्गटोक गङ्गाजीको गङ्गाजीमा गङ्गादेखि गङ्गादेव
964	5	सर्वजितको सार्वजनिक सार्वजानिक सार्वदेशिक सार्वभौमिक
965	5	महिनाभन्दा महिनाभित्र महिनाभित्रै मिटरभन्दा मिनेटभन्दा
966	5	रक्तलाई रक्सीलाई रङ्गलाई राज्यलाई राज्यालाई
967	5	स्कोरिङ स्कोरिङ् स्टडिज स्टोरिज स्टोरेज
968	5	तुरन्त तुरुन्त तुरुन्तै तुरून्त तुरून्तै
969	5	समारोहका समारोहको समारोहमा समालोचक समालोचना
970	5	फ्रन्ट फ्रान्स फ्रेङ्क फ्रेन्क फ्रेन्च
971	5	मात्राहरूलाई मान्छेहरूलाई मान्छेहरूसँग मित्रहरूलाई मुद्दाहरूलाई
972	5	उपलक्षमा उपलब्धता उपलब्धिका उपलब्धिको उपलब्धिमा
973	5	आँटी आँटो आँधी आँसी आँसु
974	5	पण्डितलाई पत्तनबाट पत्थरकोट पद्धतिबाट पद्धतिलाई
975	5	हप्ताहरूमा हस्तीहरूले हात्तीहरूमा हास्यहरूमा हिस्साहरूमा
976	5	सृष्टिका सृष्टिकी सृष्टिको सृष्टिमा स्रष्टाको
977	5	जुआन ज्ञात ज्ञान ज्याज ज्यान
978	5	दरसँग दहीसँग दिनसँग देवीसँग देशसँग
979	5	कृतिलाई कृषिलाई क्रमलाई क्रियालाई क्रोधलाई
980	5	पुनर्गठित पुनर्जीवन पुनर्जीवित पुनर्मिलन पुनर्लेखन
981	5	दुनियाँका दुनियाँको दुनियाँमा दुनियाका दुनियामा
982	5	अक्षरलाई अञ्चललाई अन्तिमलाई अन्साजलाई अप्सनलाई
983	5	वाटर्स वायर्न वाषिर्क विमर्श वियर्ड
984	5	न्यायधीशका न्यायलयका न्यायाधीशको न्यायाधीशले न्यायालयको
985	5	गृह ग्रह ग्रिक ग्रीक ग्लीको
986	5	ताछिएको तानिएका तानिएको तोकिएका तोकिएको
987	5	राष्ट्रपति राष्ट्रपिता राष्ट्रभाषा राष्ट्रवादी राष्ट्रियता
988	5	हजुरबाको हजुरबाबु हजुरबुबा हजुरबुबा! हुजुरबुवा
989	5	रत्नहरूको राख्नेहरूका राज्यकालमा राज्यहरूको राज्यहरूमा
990	5	रवि राय राव रोय रोयौ
991	5	दक्षताका दक्षिणका दक्षिणको दक्षिणमा दक्षिणामा
992	5	०२४ ०३२ ०३५ ०४० ०५०
993	5	उपनगरहरू उपनिवेशदेखि उपनिवेशपछि उपनिवेशवादी उपनिवेशहरू
994	5	हदशम्म हातसम्म हालसम्म हुँदासम्म हुनेसम्म
995	5	बर्दिबास बर्दीबास बर्धमान बिर्तामोड बोर्डबाट
996	5	लोकतन्त्रका लोकतन्त्रको लोकतन्त्रमा लोकतन्त्रिक लोकतान्त्रिक
997	5	डिग्रीको डिज्नीका डिज्नीको डुम्रिसे डुम्रीको
998	5	बिस्तार बिस्तारै बुस्टर बेल्टार बेल्फोर
999	5	वेबसाइटका वेबसाइटको वेबसाइटमा वेबसाइटले वेवसाइटमा
1000	5	सिलगडी सिलगढी सिलगुढी सिलिगुढी सिलीगुडी
1001	5	किटनाशक कीटनाशक कुटनीतिक कुटनैतिक कूटनीतिक
1002	5	हुइने होइन होइन? होइनौ होइनौँ
1003	5	८६४ ८६५ ८६६ ८६७ ८६८
1004	5	नपाएपछि नभएपछि नभएपनि नलिएपछि नुहाएपछि
1005	5	टिम्का टिम्की टेन्था टेम्पा टेम्पो
1006	5	खण्डहर खण्डहरू खाएकाहरू खाद्यहरू खाम्पाहरू
1007	5	१६४२ १६४४ १६४८ १८४२ १८४८
1008	5	अननोअन अनलाइन अपनाउन अफलाइन अफलाईन
1009	5	वाध्य विद्या वेश्या वैद्य वैश्य
1010	5	यक्ष यक्स युक्त युक्ति युग्म
1011	5	२००४को २०१२का २०१२मा २०१४मा २०१६मा
1012	5	श्रृङ्खलाका श्रृङ्खलाकै श्रृङ्खलाको श्रृङ्खलामा श्रृङ्गारको
1013	5	संस्थाहरूका संस्थाहरूको संस्थाहरूमा संस्थाहरूले स्रस्टाहरूको
1014	5	प्रदर्शन प्रदर्शित प्रवर्तन प्रवर्दन प्रवर्धन
1015	5	ग्रन्थका ग्रन्थको ग्रन्थमा ग्रन्थीका ग्रन्थीले
1016	5	मनोरञ्जनका मनोरञ्जनको मनोरञ्जनमा मनोविज्ञानमा मनोवैज्ञानिक
1017	5	ठुलठुला ठुलाठुला ठुलोठुलो ठूलठूला ठूलाठूला
1018	5	गर्नुभएका गर्नुभएकी गर्नुभएको गर्नुभएमा गर्नुभन्दा
1019	5	समयोचित समायोजन समायोजित समालोचित सुनियोजित
1020	5	कम्प्युटरका कम्प्युटरको कम्प्युटरमा कम्प्युटरमै कम्प्युटरले
1021	5	तत्कलिन तत्कालिन तत्कालीन तात्कालिन तात्कालीन
1022	5	बर्दियाको बर्दियामा बर्नियोका बर्लिनमा बिर्सिइएका
1023	5	अस्पतालका अस्पतालको अस्पतालमा अस्पतालमै अस्पतालले
1024	5	टिक्न टिप्न टेक्तै टोक्न टोक्ने
1025	5	सम्बन्धबिना सम्बन्धहरू सिद्धान्तकार सिद्धान्तहरु सिद्धान्तहरू
1026	5	टप्पु टुप्पा टुप्पी टुप्पो टुब्पी
1027	5	रणमार्गमा राजमार्गका राजमार्गको राजमार्गमा राजमार्गले
1028	5	हकहित हकिकत हजरत हजारौं हिजरत
1029	5	स्याहार्दै स्विकार्न स्वीकार्दै स्वीकार्नै स्वीकार्य
1030	5	परम्पराका परम्पराको परम्परामा पारम्परिक पारस्परिक
1031	5	१००४ १००५ १०१२ १०१४ १०१६
1032	5	त तँ ति ती तै
1033	5	निष्कासन निष्कासित निष्ठासाथ निष्पादन निष्पादित
1034	5	घर्ति घुर्ने घुर्मी घेर्न घेर्ने
1035	5	अगाडिसम्म अबेरसम्म अवधिसम्म असोजसम्म अहिलेसम्म
1036	5	व्यक्त व्यक्ति व्यस्त व्यस्थ व्याप्त
1037	5	उडानहरू उत्सवहरू उपमाहरू उपायहरू उबलहरू
1038	5	अदालतबाट अदालतलाई अदालतसँग अनसनसँग अवसानसँग
1039	5	उपकरणहरूका उपकरणहरूको उपकरणहरूमा उपकरणहरूले उपचारिकाहरूको
1040	5	फलहरूको फाँटहरूको फाँटहरूमा फुलहरूको फूलबारीको
1041	5	अभावका अभावको अभावमा अभावले अरावली
1042	5	जनतासँग जबरासँग जमिनसँग जापानसँग जीवनसँग
1043	5	दिल्लीका दिल्लीको दिल्लीमा दिल्लीले दुल्लुको
1044	5	आएका आएकी आएकै आएको आएझैँ
1045	5	जनमार्ग जनमोर्चा जलपूर्ण जलमार्ग जोशपूर्ण
1046	5	सक्नु सिक्नु सुन्नु सोच्नु सोध्नु
1047	5	जन्मदिनका जन्मदिनको जन्मदिनमा जन्मनुभयो जन्मसमय
1048	5	९०४ ९०५ ९१२ ९१४ ९६०
1049	5	वर्षदेखि वर्षपछि वर्षभरि वर्षातको वर्षोदेखि
1050	5	सिटरस सिफलिस सिफसिस सिफारिश सिफारिस
1051	5	प्रतिमुर्ति प्रतिमूर्ति प्रतिवर्ग प्रतिवर्ष प्रतिसर्ग
1052	5	वजिमयद्वारा विकिरणद्वारा विधेयकद्वारा विनिमयद्वारा विभाजनद्वारा
1053	5	सम्राज्यको साम्राज्ञीका साम्राज्यका साम्राज्यको साम्राज्यले
1054	5	चाहन्छन् चाहन्छौं चाहन्थिन् चाहन्थ्यो चाहान्थ्यो
1055	5	चितवनका चितवनको चितवनमा चिसोयाममा चेतावनीको
1056	5	बचाउनलाई बच्चनलाई बनाउनबाट बनाउनलाई बनाउनुलाई
1057	5	पृष्ठहरूका पृष्ठहरूको पृष्ठहरूमा प्रश्नहरूको प्रान्तहरूको
1058	5	सांगितीक सांगीतिक साङ्केतिक साङ्गीतिक साङ्गीतीक
1059	5	जससँग जातिसँग जोडसँग जोरसँग जोशीसँग
1060	5	मानिन्छ मानिन्छौँ मानिन्थे मिसिन्छ मोडिन्छ
1061	5	स्वयंका स्वयंको स्वयम्का स्वयम्भु स्वयम्भू
1062	5	कञ्चनपुर कन्चनपुर कल्याणकारी कल्याणपुर कल्यानपुर
1063	5	प्रचलनहरू प्रतिलिपिहरू प्रावधानहरू प्रोटोकलहरू प्रोफेसरहरू
1064	5	माओवादीका माओवादीकी माओवादीको माओवादीमा माओवादीले
1065	5	आर्किड आर्जन आर्टस् आर्यन आर्सन
1066	5	ढाँचाको ढाकाको ढाकेको ढोकाका ढोकाको
1067	5	चौबिसी चौबीसी चौबीसे चौबीसै चौबीसौँ
1068	5	बजारबाट बाहिरबाट बिहानबाट बिहारबाट बेमेलबाट
1069	5	अनुनय अनुपम अनुभव अनुभवि अनुभवी
1070	5	साइजको साइटको साइटिक साइनोको साउनको
1071	5	चन्द्रकोट चन्द्रदास चन्द्रदूत चन्द्रमास चन्द्रलाई
1072	5	आन्दोलनका आन्दोलनकै आन्दोलनको आन्दोलनमा आन्दोलनले
1073	5	आकारलाई आयोगलाई आवाजलाई आहारलाई आहारालाई
1074	5	परिचालन परिपूरण परिशीलन परेकाछन् पेरिफेरल
1075	5	कम्पनीबाट कम्पनीलाई कम्पनीसँग कम्पासलाई कल्पनालाई
1076	5	अधिकारीहरूलाई अपराधीहरूलाई अफगानहरूलाई अभियानहरूलाई अभिलेखहरूलाई
1077	5	औषधको औषधिका औषधिको औषधिमा औषधिय
1078	5	भित्तेचित्र भित्तेपात्रो भित्रपट्टि भित्रभित्रै भित्रमात्र
1079	5	नेपालभर नेपालभरि नेपालभाषा नेपालमाथि नेपालवाणी
1080	5	न्यायका न्यायकी न्यायको न्यायमा न्यायिक
1081	5	राइटको राइडर राइदक राइसको राउतजी
1082	5	प्रदर्शनका प्रदर्शनको प्रदर्शनमा प्रदर्शनीमा प्रवर्तनका
1083	5	आइडि आइडी आइपि आइपी आईपी
1084	5	लाग्नुभएका लाग्नुभएकी लाग्नुभएको लेख्नुभएका लेख्नुभएको
1085	5	प्रमुखका प्रमुखको प्रमुखता प्रमुखमा प्रमुखले
1086	5	क्षेत्रतिर क्षेत्रपनि क्षेत्रमाथि क्षेत्रहरु क्षेत्रहरू
1087	5	ठकुरीका ठाकरेले ठाकुरका ठाकुरको ठाकुरले
1088	5	छलफलका छलफलको छलफलमा छिनछिनमा छिनभरमा
1089	5	पार्करको पार्टीदेखि पार्टीमाथि पार्टीलेको पोर्टलको
1090	5	च्याउका च्याउको च्याउमा च्याउले च्याङ्बा
1091	5	अफगानस्तानकी अफगानिस्तानका अफगानिस्तानको अफगानिस्तानमा अफगानिस्तानले
1092	5	कृष्ण कृष्णा क्रस्ट क्रिस्का क्रिस्ले
1093	5	धनकुटाको धनकुटामा धनगढीमा धानखेतीको धानखेतीले
1094	5	शंकराचार्यका शंकराचार्यले शङ्कराचार्यका शङ्कराचार्यको शङ्कराचार्यले
1095	5	उपन्यासका उपन्यासकी उपन्यासको उपन्यासमा उपन्यासले
1096	5	भक्तलाल भट्टराई भट्टलाई भित्तालाई भिस्तीलाई
1097	5	सजाउनका समाउनका सिकाइनेछ सिकाउँदछ सिकाउनका
1098	5	गाइघाट गाइडेड गाईघाट गाईबाट गाउँबाट
1099	5	अत्याचारका अत्याचारको अत्याचारले अध्यापनको अध्यापनमा
1100	5	रजस्थलमा रजिस्टरमा राजस्थानका राजस्थानको राजस्थानमा
1101	5	दृश्य दृष्ट दृष्टि दृष्य द्रष्टा
1102	5	तन्जानियाको तस्मानियाका तस्मानियामा तान्जानियाको तान्जानियामा
1103	5	घुम्ती घुम्दै घुम्न घुम्ने घुम्र
1104	5	खिचडी खैँचडी खैँजडी खोपडी खोपासी
1105	5	शरीरलाई शर्मालाई शारदालाई शासनलाई शेर्पालाई
1106	5	संगीतकर्मी संहारकर्ता सङ्कायतर्फ सञ्चयकर्ता सञ्चारकर्मि
1107	5	निर्वाचन निर्वाचित निर्वासन निर्वासित निर्वाहित
1108	5	सक्रियताको सक्रियतामा सक्रियताले सङ्घीयताको साक्षरताको
1109	5	रक्षण रक्षित रक्सौल रब्सन राक्षस
1110	5	छेउछाउका छेउछाउको छेउछाउमा छेउछाउमै छेउछेउमा
1111	5	घरबारीमा घरहरूको घरहरूमा घरहरूले घाटीहरूको
1112	5	काजीद्वारा कारद्वारा कीनोद्वारा कुकद्वारा केसीद्वारा
1113	5	उखान उजाड उडान उदास ऊबाट
1114	5	भुटान भुषाल भुसाल भूटान भूषाल
1115	5	अडिने अतिथि अथिति अदिति अलिनो
1116	5	तथ्यभन्दा तपाईँजस्ता तपाईँभन्दा तिहाइभन्दा तिहाईभन्दा
1117	5	पर्दाभित्र पार्टीभित्र पार्टीभित्रै पेरिसभन्दा पेरिसभित्र
1118	5	अझसम्म अझैसम्म अबसम्म अबिलम्ब अविलम्ब
1119	5	विश्वकप विश्वकोश विश्वकोष विश्वनाथ विश्वबाट
1120	5	आँक आँखा आँखु आँखेँ आँखो
1121	5	रङ्गिन रङ्गीन रङ्गुन रत्नित रन्जित
1122	5	परम्परगत परम्परागत परम्पराबाट परम्परालाई परम्पारागत
1123	5	व वा वि वी वे
1124	5	गङ्गाजल गङ्गालाई गङ्गालाल गङ्नजल गिट्खालाई
1125	5	जन्मकाल जन्मकैद जन्मजात जन्मदिन जन्मबाट
1126	5	अकबर अकवर अकसर अनवर अवसर
1127	5	दार्जिलिङको दार्जिलिङमा दार्जीलिङको दार्जीलिङमा दार्शनिकका
1128	5	घटनाहरुका घटनाहरुले घटनाहरूको घटनाहरूले घायलहरूको
1129	5	टाइपको टाउकाको टाउकोको टाउकोमा टाम्पाको
1130	5	बस्तीहरू बस्नेतले बस्नेहरू बास्कोटाले बुस्केटले
1131	5	तमिलकमको तमिलनाडुका तमिलनाडुको तमिलनाडुमा तमिलहरूका
1132	5	सुरक्षण सुरक्षित सुशिक्षित सूचिकृत सूचीकृत
1133	5	सुसान्त स्वयंले स्वयत्त स्वयम्ले स्वरान्त
1134	5	प्रकृतिवादी प्रकृतिहरू प्रक्रियाहरू प्रस्तुतिहरू प्रोग्रामहरू
1135	5	प्रतिघण्टाको प्रतिबन्धको प्रतिबन्धले प्रतिबिम्बमा प्रतिवद्धता
1136	5	हाँगा हाँगो हाँवा हावा हेवी
1137	5	पक्षीहरूद्वारा पञ्चायतद्वारा पण्डाहरूद्वारा पत्रहरूद्वारा पन्चायतद्वारा
1138	5	चिकित्सालयको चिकित्साशैलीका चिकित्साहरूको चुचुराहरूका चुचुराहरूमा
1139	5	जन्माएका जन्मिएका जन्मिएकी जन्मिएको जन्मिएर
1140	5	राख्छन् राख्छिन् राख्छौं रोक्छन् रोप्छन्
1141	5	रडजर्स रसपूर्ण रितुपर्नो रुडयार्ड रेडफर्न
1142	5	दबायो दबाव दमाहा दिलाया दिलायो
1143	5	पंक्तिमा पंक्षीका पङ्क्तिको पङ्क्तिमा पङ्क्तिले
1144	5	भरतपुरका भरतपुरमा भरतमुनिको भारतबीचको भारतसँगको
1145	5	गतिभन्दा गरेजस्तो गरेभन्दा गुटबन्दी गोलबन्द
1146	5	यस्को यस्ता यस्तै यस्तो यास्क
1147	5	गुँडभित्रै गुदीभित्र गुफाभित्र गुफाभित्रै गोठभित्र
1148	5	स्याहार स्विकार स्वीकार स्वीकारे स्वीटर
1149	5	११९२ ११९४ ११९६ १८९४ १८९६
1150	5	युनिकोडको युनिकोडमा युनियनका युनियनको युनिसेफको
1151	5	साइँला साइला साउदी सेउली सोइला
1152	5	मनाउन मिलाउन मिसाइल मिसाउन मेटाउन
1153	5	अध्यक्षका अध्यक्षको अध्यक्षता अध्यक्षमा अध्यक्षले
1154	5	ख्याक ख्याति ख्याली ख्यालै ख्याहा
1155	5	अर्जित अर्जुन अर्थुन अर्पण अर्पित
1156	5	तपाईँबाट तपाईँसँग तपाईँसित तराईबाट तराईसँग
1157	5	बनाइदिए बनाइदिन बनाइदेऊ बनाएनन् बोलाएनन्
1158	5	विक्षेपित विज्ञापन विज्ञापित विद्यापिठ विद्यापीठ
1159	5	व्यवस्थापनका व्यवस्थापनको व्यवस्थापनमा व्यवस्थापिकामा व्यवस्थाहरूको
1160	5	उत्तेजहरूको उद्योगहरूका उद्योगहरूको उद्योगहरूले उप्रेतीहरूको
1161	5	पठानकोट पिपलकोट पीपलकोट पुरानकोट पुरानीकोट
1162	5	श्रवणका श्रवणले श्रावकको श्रावकले श्रावणमा
1163	5	ऐरी औटो और औले औलो
1164	5	जीवनद्वारा जीवनप्रति जीवनप्रेम जीवनस्तर जीवमध्येमा
1165	5	पराजयपछि परिचयपछि परिणामपछि परिसकेपछि पाकिसकेपछि
1166	5	२०२ २०७ २१० २२० २३०
1167	5	साटासाट सातसात साथसाथ सापराध सोमनाथ
1168	5	प्रचण्डलाई प्रचण्डसँग प्रसङ्गबाट प्रसङ्गसँग प्रसङ्गोचित
1169	5	लिइयो ल्याइएँ ल्याइन् ल्याउन ल्यायो
1170	5	अक्सपोर्ड अक्सफोर्ड अन्नपूर्ण अन्नपूर्णा अब्सपोर्ड
1171	5	कट्टरपन्थ कट्टरपन्थी कम्मरबन्दी कम्मरभन्दा कम्मरसम्म
1172	5	मताधिकार मतानुसार मोटरकार मोटरबाटो मोहनकाली
1173	5	सङ्घलाई सत्यलाई सत्रलाई सन्धिलाई सिंहलाई
1174	5	भत्काउँदै भत्काएको भत्काएर भेट्टाउँछ भेट्टाएको
1175	5	मगन्ते महत्ता महत्त्व महन्त महात्मा
1176	5	संस्कार संस्थाका संस्थाको संस्थामा संस्थाले
1177	5	बर्गनको बर्बरता बर्मनले बार्टलेको बार्दलीका
1178	5	१४१४ १४२२ १४२३ १५०५ १५२२
1179	5	पुण्डेमाता पुण्यमती पुण्यमाता पुण्यवती पुष्पवती
1180	5	मह महा मही मोह मोही
1181	5	ओटाको ओठमा ओडम ओसाका ओसामा
1182	5	वर्गमूल वर्णगत वर्तमान वर्षगाँठ वर्षबाट
1183	5	डाँकाबाट डाँडाबाट डाडाकोत डेटाबेस डोटीबाट
1184	5	भ्रममा भ्रमर भ्रामक भ्रौणिक भ्रौणिकी
1185	4	टाक्सिन टेक्सस टेक्सास टोक्सेल
1186	4	उनीसँग उनैसँग उससँग उहाँसँग
1187	4	नदीमध्ये नाचमध्ये नाडीमध्ये नीजिमध्ये
1188	4	विद्यालयका विद्यालयको विद्यालयमा विद्यालयले
1189	4	ट्याबमा ट्युबमा ट्युमर ट्यूडर
1190	4	परिभाषाभित्र परिवारभित्र परिवारमध्ये परिसरभित्रै
1191	4	त्यतिखेरसम्म त्यतिबेलासम्म त्यसताकासम्म त्यसबेलासम्म
1192	4	७०७ ७१० ७२० ७३०
1193	4	दाइ दाइँ देऊ देओ
1194	4	फ्लोरिडाको फ्लोरिडामा फ्लोरिशमा फ्लोरेसमा
1195	4	वैज्ञानिकहरुले वैज्ञानिकहरूका वैज्ञानिकहरूको वैज्ञानिकहरूले
1196	4	लामीडाँडामा लिमिटेडको लिमिटेडमा लिमिटेडले
1197	4	यत्रो यात्रा यात्री यात्रु
1198	4	बङ्गालका बङ्गालको बङ्गालमा बङ्गुरको
1199	4	झमेला झुपडी झुमरी झुमाले
1200	4	संस्करणका संस्करणको संस्करणमा संस्मरणमा
1201	4	इत्यादिका इत्यादिको इत्यादिमा इत्यादिले
1202	4	मनुष्यका मनुष्यको मनुष्यमा मनुष्यले
1203	4	कम्पनीहरुको कम्पनीहरूका कम्पनीहरूको कम्पनीहरूले
1204	4	उहाँका उहाँकी उहाँकै उहाँको
1205	4	गठबन्धनका गठबन्धनको गठबन्धनमा गठबन्धनले
1206	4	विशेषताहरूका विशेषताहरूको वेधशालाहरूका वेधशालाहरूको
1207	4	उडानपछि उदयपछि उदयसँगै उसिनेपछि
1208	4	राकेशद्वारा रिजालद्वारा रोबोटद्वारा रोशनद्वारा
1209	4	झन झन् झर् झैं
1210	4	क्यानडियन क्यानेडियन क्यानोनिकल क्यारेबियन
1211	4	परिचालनलाई परियोजनालाई पर्यटकलाई पर्यटनलाई
1212	4	आइनू आउनु आउनू आउने
1213	4	एकाकीपनमा एकीकरणका एकीकरणको एकीकरणमा
1214	4	अमरकोश अमरकोष अमरदास अमलाबास
1215	4	चतुर्दशीका चतुर्दशीको चतुर्भुजको चतुर्मासको
1216	4	समीक्षक समीक्षाका समीक्षामा समेट्दछ
1217	4	गरिनेसम्म गहनासम्म गहिरोसम्म गाविससम्म
1218	4	अगस्ट अगस्त अगस्तो अवस्था
1219	4	प्रवृत्तिका प्रवृत्तिको प्रवृत्तिमा प्रवृत्तिले
1220	4	क्षमताका क्षमताको क्षमतामा क्षमताले
1221	4	साह्रै साह्रो सोह्र सोह्रौँ
1222	4	भइन भइन् भइस् भएन्
1223	4	आगमहरूको आदतहरूको आरोपहरूका आरोपहरूको
1224	4	११९५ १८९३ १८९५ १८९७
1225	4	पकाइन्छ पठाइन्छ पठाइन्थे पढाइन्छ
1226	4	बढ्नुभयो बन्नुभयो बस्नुभयो बुझ्नुभयो
1227	4	तिब्बतका तिब्बतको तिब्बतमा तिब्बतले
1228	4	परिस्थितिहरूका परिस्थितिहरूको परिस्थितिहरूमा परीक्षणहरूको
1229	4	थिइँन थिइन थिइन् थिईन्
1230	4	लम्बाइका लम्बाइको लम्बाइमा लम्बिएको
1231	4	बटुवाको बिरुवाको बिरुवामा बिरूवाको
1232	4	मलेरियाको मानिरहेकी मिलिरहेको मेलोरकाको
1233	4	मापेहाङको मापेहोङका मापेहोङको मापेहोङले
1234	4	चारवटा चारवटै चारैवटा ४वटा
1235	4	वायुमण्डलका वायुमण्डलको वायुमण्डलमा वायुमण्डलीय
1236	4	उनहरूलाई उनिहरूलाई उनीहरुलाई उनीहरूलाई
1237	4	सम्बन्धहरूको सम्बन्धहरूमा सिद्धान्तहरूको सिद्धान्तहरूमा
1238	4	पढ्दछन् पुग्दछन् पुग्दछौं पुग्दैनन्
1239	4	रकमहरू रचनाकार रचनाहरु रचनाहरू
1240	4	कयौँ केयु कैयौँ कोयु
1241	4	डेविट डेविड डेविन डेवोन
1242	4	दिवसलाई दुवैकालाई देवकीलाई देवतालाई
1243	4	शिलाबहादुर शिवबहादुर शिवमहेश्वर शेरबहादुर
1244	4	राष्ट्रपतिलाई राष्ट्रवादलाई राष्ट्रहरूबाट राष्ट्रहरूलाई
1245	4	९२६ ९२७ ९३३ ९३६
1246	4	श्रीलङ्काका श्रीलङ्काको श्रीलङ्कामा श्रीलङ्काली
1247	4	रचनाहरूलाई रहनेहरूलाई रोबोटहरूलाई रोमनहरूलाई
1248	4	हेरिनुपर्छ हेर्नुपर्छ हेर्नुपर्दा हेर्नुपर्ने
1249	4	१२९५ १९९३ १९९५ १९९७
1250	4	इलेक्ट्रनिक इलेक्ट्रोनमा इलेक्ट्रोनिक इलैक्ट्रिसिटी
1251	4	परियोजनाका परियोजनाको परियोजनामा परियोजनाले
1252	4	तकबीर तकभर तकसेरा तखतामा
1253	4	पशुपतिनाथका पशुपतिनाथको पशुपतिनाथमा पशुपतिनाथले
1254	4	डक्टर डङ्गर डम्बर डाक्टर
1255	4	पुरस्कारका पुरस्कारको पुरस्कारमा पुरस्कारले
1256	4	लानुभएको लिनुभएका लिनुभएकी लिनुभएको
1257	4	क्षयरोगका क्षयरोगको क्षयरोगमा क्षयरोगले
1258	4	बिहिबार बिहिवारे बिहीबार बिहेबारी
1259	4	अस्पतालहरूका अस्पतालहरूको अस्पतालहरूमा अस्पतालाहरूको
1260	4	अगस्टलाई अभिष्टलाई अयस्कलाई अवस्थालाई
1261	4	पृथ्वीका पृथ्वीको पृथ्वीमा पृथ्वीले
1262	4	लिच्छविकालिन लिच्छविकालीन लिच्छवीकालिन लिच्छवीकालीन
1263	4	यथावत यथावत् यातायत यातायात
1264	4	माइक माईको माओका माओको
1265	4	सक्सिड साक्षत साक्षात साक्षात्
1266	4	बग्थ्यो बढ्थ्यो बद्ल्यो बस्थ्यो
1267	4	चलाइरहेका चलाइरहेको चलाइराखेको चिहाइरहेका
1268	4	योग्यताको योग्यतामा योञ्जनको योञ्जनले
1269	4	शक्तिहरूबाट शक्तिहरूलाई शब्दहरूबाट शब्दहरूलाई
1270	4	वातावरणबाट वातावरणलाई वातावरणविद् वातावरणसँग
1271	4	आत्मघात आत्मबाट आत्मसात आत्मसात्
1272	4	माछाबारे माछामासु माथिमाथि माथेमाले
1273	4	कावसोती कावाबाता कावासाकी कावासोती
1274	4	इन्तिजार इन्दिवर इन्दीवर इस्तिहार
1275	4	निर्वाचकलाई निर्वाचनबाट निर्वाचनलाई निर्वासनलाई
1276	4	भण्डारबाट भत्तासमेत भत्तासहित भन्दासमेत
1277	4	काउलोको केइलाक कोइलाको कोइलीको
1278	4	राष्ट्रसङ्घका राष्ट्रसङ्घको राष्ट्रसङ्घले राष्ट्रसङ्घीय
1279	4	पाइपबाट पाउनबाट पाउनासाथ पुग्नासाथ
1280	4	श्रृङ्खलाहरूका श्रृङ्खलाहरूको श्रृङ्खलाहरूमा श्रृङ्खलाहरूले
1281	4	५०२ ५०७ ५०९ ५१०
1282	4	एघार एघारैँ एघारौँ ११
1283	4	चन्द्रपथका चन्द्रमणिजी चन्द्रमासका चन्द्रसेनका
1284	4	लिबसेका लिबियाका लिबियाको लिबियामा
1285	4	कमोत्तेजक कामोत्तेजक कामोत्तेजना कामोद्दिपक
1286	4	वचनबाट वाचनबाट वाहिदबाट विचारबाट
1287	4	आफ्ना आफ्नी आफ्नै आफ्नो
1288	4	मठसम्म मितिसम्म मुखसम्म मुटुसम्म
1289	4	दिइरहेका दिइरहेको दिइसकेका दिइसकेको
1290	4	तन्त्रको तन्त्रमा तन्त्रले तान्त्रिक
1291	4	एमजिएम एमजीआर एसटिएम एसडीआर
1292	4	छुट्टिएका छुट्टिएको छुट्टिएर छुट्यायो
1293	4	आउँदछन् आउनजान आउनेछन् आव्रजन
1294	4	कार्यक्रमहरुमा कार्यक्रमहरूको कार्यक्रमहरूमा कार्यक्रमहरूले
1295	4	उपजातिहरूको उपथरहरूको उपधाराहरूले उपादानहरुको
1296	4	गतिसँग गुरुसँग गोरुसँग गौरीसँग
1297	4	विकिपिडिया विकिपीडिया विकिपेडिया विकिमीडिया
1298	4	फेवातालको फेवातालमा फेवातालले फैजाबादमा
1299	4	मतद्वारा मनद्वारा मसीद्वारा मूलद्वार
1300	4	धजो धाक धागो धोका
1301	4	उड उद् उन ऊन
1302	4	२०४१ २०४२ २०४४ २०४८
1303	4	हजार्ड हवर्ड हेवर्ड होवार्ड
1304	4	पाकिस्तानका पाकिस्तानको पाकिस्तानमा पाकिस्तानले
1305	4	छाडिदिए छोडदिए छोडिदिए छोडिदिएँ
1306	4	गह्रा गह्रौँ गाह्रो गैह्र
1307	4	प्रबन्धकहरूको प्रबन्धकहरूले प्रशंसकहरूको प्रशंसकहरूले
1308	4	मन्त्र मन्त्री मिस्त्री मुन्द्रे
1309	4	धातुबाट धामबाट धारबाट धेरैबाट
1310	4	अभिनेता अभिनेती अभिलाषा अरिनेटी
1311	4	ईदको ईशाको ईसाका ईसाको
1312	4	रमाउँछन् रिसाउँछन् रुचाउँछन् रूचाउँछन्
1313	4	आइन् आउट आउन आउल
1314	4	एमानिटा एमालेका एमालेको एमालेमा
1315	4	धनकुटा धनगढी धानखेती धूमकेतु
1316	4	जनयुद्धका जनयुद्धको जनयुद्धमा जनयुद्धमै
1317	4	मान्दछन् मान्दछिन् मान्दैनन् मिल्दछन्
1318	4	मजदुरहरूलाई मतदाताहरूलाई मदरसाहरूलाई महाजनहरूलाई
1319	4	कापुचिनोको कापुचीनोको कापुचीनोमा कामुकताको
1320	4	अजङ्गर अजिङ्गर अलङ्कार अहंकार
1321	4	बगिरहे बढीरही बनिरहे बसिरहे
1322	4	बचाइन्छ बजाइन्छ बताइन्छ बनाइन्छ
1323	4	श्रीखण्ड श्रीनन्द श्रीमान्को श्रीमान्ले
1324	4	स्थित स्पिड स्मित स्मिथ
1325	4	खुल्दछ खुल्दैन खोज्दछ खोज्दैछ
1326	4	यहाँहरूको युवाहरूको युवाहरूमा युवाहरूले
1327	4	बढाइदिएको बनाइदिएका बनाइदिएको बनाइदिन्छ
1328	4	कव्वालको कव्वालीका कव्वालीको कव्वालीमा
1329	4	निबन्धकारका निबन्धहरूको निबन्धहरूमा निबन्धहरूले
1330	4	दरबारहरू दरवारहरू दूरबीनहरू देशबासीहरू
1331	4	आएन आएमा आएर आओर
1332	4	गरमीहरूलाई गरीबहरूलाई गाविसहरूलाई गुटकहरूलाई
1333	4	अनुसन्धानका अनुसन्धानको अनुसन्धानमा अनुसन्धानले
1334	4	सिंहदरबार सिंहदरवार सिहंदरबार सिहंदरवार
1335	4	उपस्थितिका उपस्थितिको उपस्थितिमा उपस्थितिले
1336	4	क्रिस्टल क्रिस्टिन क्रिस्टेन क्रेस्टेड
1337	4	सुइँको सुईँको सुईको स्वेको
1338	4	कलाकारहरूबीच कलाकारहरूलाई कलाकारहरूसँग कामदारहरूलाई
1339	4	काँक्रोको काभ्रेका काभ्रेको काभ्रेमा
1340	4	इराकबाट इलामबाट इलाहाबाद इलाहावाद
1341	4	वर्षसम्म वर्षसम्मै वर्षौँसम्म वर्षौसम्म
1342	4	मृतकका मृतककी मृतकको मृतकले
1343	4	धेरथोर धेरैथरि धेरैपछि धेरैबेर
1344	4	क्षेत्रपाल क्षेत्रफल क्षेत्रबाट क्षेत्रबीच
1345	4	एउटा एउटी एउटै एउता
1346	4	कतिसम्म कलासम्म कालसम्म किलोसम्म
1347	4	राख्नुपर्छ राख्नुपर्ने रोक्नुपर्ने रोज्नुपर्ने
1348	4	आउँथे आउँदा आउँदै आउँदो
1349	4	खेप्नु खेल्नु खोज्नु खोल्नु
1350	4	लड्नु लाग्नु लिप्नु लेख्नु
1351	4	बार्सिलोनाका बार्सिलोनाको बार्सेलोनाको बार्सेलोनाले
1352	4	आनन्ददेव आनन्दमय आरध्यदेव आराध्यदेव
1353	4	आट आठ आड ८
1354	4	यिनिहरूमध्ये यिनीहरूमध्ये युवाहरूमध्ये योगहरूमध्ये
1355	4	ज्योतिषशास्त्रका ज्योतिषशास्त्रको ज्योतिषशास्त्रमा ज्योतिषीशास्त्रमा
1356	4	अधिराज्यका अधिराज्यकै अधिराज्यको अधिराज्यमा
1357	4	विशेषज्ञका विशेषज्ञको विशेषज्ञले विषेशज्ञको
1358	4	सूर्यदेखि सूर्यदेव सूर्यमती सूर्योदय
1359	4	आनुवंशिक आनुवंशिकी आनुवांशिक आनुवांशिकी
1360	4	गुणस्तरका गुणस्तरको गुणस्तरिय गुणस्तरीय
1361	4	छविहरूलाई छोराछोरीलाई छोराहरूलाई छोरीहरूलाई
1362	4	टिएच टिएल टीएच टीएस
1363	4	बलभद्र बसभित्र बालचित्र बेलपत्र
1364	4	फ्याँक्न फ्याँक्ने फ्याक्ने फ्याक्स
1365	4	कार्तविर्यका कार्तविर्यको कार्तविर्यले कार्तवीर्यले
1366	4	बा बि बी बे
1367	4	किल्लाका किल्लाकै किल्लाको किल्लामा
1368	4	राजगद्दी राजपङ्खी राजबंशी राजवंशी
1369	4	चटामसी चिडिपानी चितामाथि चिसापानी
1370	4	नामकरण नामाकरण निजीकरण निराकरण
1371	4	सर्पेन्ट सर्बोच्च सर्वाङ्ग सर्वोच्च
1372	4	५२५ ५३२ ५३४ ५३५
1373	4	संक्रमित संग्रहित सङ्क्रमण सङ्ग्रहित
1374	4	गइन् गाइड गाईड गाउन
1375	4	छानाहरू छोराहरू छोरीहरु छोरीहरू
1376	4	कङ्ग्रेसबाट काङ्ग्रेसबाट काङ्ग्रेसलाई काङ्ग्रेससँग
1377	4	चिकित्सक चिकित्साका चिकित्साको चिकित्सामा
1378	4	पेनल्टि पेनल्टी पेनाल्टि पेनाल्टी
1379	4	घडिहरू घरहरू घाटसरी घाटिहरू
1380	4	निर्णयलाई निर्णयसँग निर्दयीसँग निर्धनलाई
1381	4	चिकित्सकहरूका चिकित्सकहरूको चिकित्सकहरूले चिकित्सालहरूको
1382	4	उपमहाद्विपमा उपमहाद्वीपका उपमहाद्वीपको उपमहाद्वीपमा
1383	4	ठगेको ठिमीको ठेकीको ठेलीको
1384	4	नकमाइने नगराउँदा नपराउने नमेटाउने
1385	4	डेभलपमेण्ट डेभलपमेन्ट डेवलपमेन्ट डेवेलपमेन्ट
1386	4	बलिउडका बलिउडकी बलिउडको बलिउडमा
1387	4	टाइनिमी टाइममा टाइमले टाइरनी
1388	4	रूपियाँ रूपैँया रूपैया रूपैयाँ
1389	4	तीर्थस्थलका तीर्थस्थलको तीर्थस्थलमा तीर्थस्थानमा
1390	4	फसिरहेका फालिरहेका फालिरहेको फैलिरहेका
1391	4	वृगेड वृहत वृहत् वृहद्
1392	4	क्यालिफोर्नियाका क्यालिफोर्नियाको क्यालिफोर्नियामा क्यालीफोर्नियामा
1393	4	समाचारहरूलाई समुदायहरूलाई सहभागीहरूलाई सेनापतिहरूलाई
1394	4	चरणलाई चर्चलाई चर्चालाई चौहानलाई
1395	4	धातुहरूलाई धारहरूलाई धाराहरूबाट धाराहरूलाई
1396	4	अक्षरहरू अञ्चलहरू अड्कलहरू औषधिहरू
1397	4	इलरी इशारा इसरो इसारा
1398	4	छत्तीस छब्बिस २६ ३६
1399	4	थाल्नुभएका थाल्नुभएकी थाल्नुभएको थाल्नुभन्दा
1400	4	सृजनाको सृजनाजी सृजनामा सृजनाले
1401	4	नलेख्नु नलेख्नुस् नसक्नु नसोच्नु
1402	4	सम्झिनु सुन्निनु सुम्पिदिए सुम्पिनु
1403	4	फिलिपिन्सका फिलिपिन्सकी फिलिपिन्सको फिलिपिन्समा
1404	4	गोबिन्द गोमन्त गोविन्द गोविन्दा
1405	4	सकाउन सघाउन सजाउन सिकाउन
1406	4	श्रेणीहरूमा श्रेणीहरूले श्रोतहरूमा श्लोकहरूमा
1407	4	न्यायधीश न्यायाधिश न्यायाधीश न्यायाधीस
1408	4	११७४ १७७४ १७७५ १८७५
1409	4	नाइट नाइल नाइस नोएल
1410	4	इटालीको इटालीमा इसलामी इसारामा
1411	4	कम्प्युटर कम्युटर कम्युनले कम्युनिटी
1412	4	बचाउँदछन् बढाउँदछन् बताउँदछन् बनाउँदछन्
1413	4	छाडिन्छ छानिन्छ छोडिन्छ छोपिन्छ
1414	4	जयदेवको जयरामको जयसेनको जलदेवीको
1415	4	राजाद्वारा राणाद्वारा रेलद्वारा रोगद्वारा
1416	4	अधिदेवताका अभिभावकका अभिभावकको अभिभावकत्व
1417	4	तरिकाबाट तर्कबाट तर्फबाट तुर्कमेन
1418	4	प्याएँ प्याङ प्याज प्यान
1419	4	डा डि डी डे
1420	4	गाइघाटमा गाउँघरको गाउँघरमा गाउँहरूमा
1421	4	कृष्णदत्त कृष्णपक्ष कृष्णभक्त कृष्णसम्म
1422	4	जानिन्छ जोडद्छ जोडिन्छ जोतिन्छ
1423	4	आइरन आइरिस आएनन् आवृत
1424	4	सुरुवातको सुरुवातमा सुरुवातमै सुरूवालको
1425	4	हमालद्वारा हिमानीद्वारा हेनरीद्वारा हेयरद्वारा
1426	4	भट्टद्वारा भिक्षुद्वारा भेन्सद्वारा भोक्ताद्वारा
1427	4	९६४ ९६५ ९६७ ९६८
1428	4	सामग्रीहरूको सामग्रीहरूले सामन्तहरूले सामन्तीहरूले
1429	4	व्यवसाय व्यवसायी व्यवहार व्यावसाय
1430	4	अणुवीक्षण अनुरक्षण अपरीक्षित असुरक्षित
1431	4	कण्ठस्थ कन्टेन्ट कम्पेक्ट कम्पोस्ट
1432	4	इन्टरनेटबाट इन्टरनेशनल इन्टरनेसनल इन्टर्नेसनल
1433	4	फाइनलमा फाइबरको फाइबरमा फाइबरले
1434	4	सामन्यतया सामान्यतय सामान्यतया सामान्यदेखि
1435	4	उत्सर्जन उत्सर्जित उपार्जन उमार्छन्
1436	4	सर्लाहीको सल्लाहका सल्लाहको सल्लाहमा
1437	4	छुट्याउने छुट्याउनै छुट्याएको छुट्याएर
1438	4	उदाहरण उपकरण उपचारित उषाहरण
1439	4	संग्रहालयमा सङ्ग्रहपछिको सङ्ग्रहालयको सङ्ग्रहालयमा
1440	4	सिद्धान्तका सिद्धान्तको सिद्धान्तमा सैद्धान्तिक
1441	4	सत्तादेखि सत्तामाथि सूत्रदेखि सोच्नेदेखि
1442	4	अर्थतन्त्र अर्थमन्त्री अर्थशास्त्र अर्थशास्त्री
1443	4	हाइ हाई हाउ होई
1444	4	मन्त्रद्वारा मल्लद्वारा मानवद्वारा मार्गद्वारा
1445	4	छाडेपछि छापेपछि छिरेपछि छुटेपछि
1446	4	साहित्यका साहित्यको साहित्यमा साहित्यिक
1447	4	ललितकलाका ललितपुरकै ललितपुरको ललितपुरमा
1448	4	झापालाई झारलाई झारलाङ झार्लाङ
1449	4	उपत्यकाबाट उपत्यकालाई उपत्यकासँग उपत्याकालाई
1450	4	भगवान भगवान् भागवत भागवत्
1451	4	जिम्मेदार जिम्मेदारी जिम्मेवार जिम्मेवारी
1452	4	भतिजाहरू भागेकाहरू भिडियोहरू भूमिकाहरू
1453	4	चलिरहयो चलिरहेकै चलिरहेको चाखिरहेको
1454	4	सक्नहुन्छ सक्नुहुन्छ सक्नुहुन्न सुत्नुहुन्न
1455	4	उकास्न उचाल्दै उचाल्न उपोष्ण
1456	4	गृहयुद्धका गृहयुद्धको गृहयुद्धमा गृहसूत्रमा
1457	4	परिषद्का परिषद्को परिषद्मा परिषद्ले
1458	4	व्यवस्थाका व्यवस्थाको व्यवस्थामा व्यवस्थाले
1459	4	पत्नीहरूमध्ये पर्वहरूमध्ये पात्रहरूजस्तै पात्रहरूमध्ये
1460	4	नियुक्त नियुक्ति निरस्त निरुक्त
1461	4	हिर्काउँदा हिर्काउनु हिर्काएर हुर्काउने
1462	4	फसाए फैलाई फैलाए फैलिए
1463	4	अनुभुति अनुभूति अनुमति अनुमती
1464	4	बलिङ बालिग बिरिङ बोडिङ
1465	4	चढाउनका चलाउनमा चलाउनेको चुकाउनमा
1466	4	आनन्दबाघ आनन्दबाट आफन्तजन आफन्तबाट
1467	4	कृत्यहरूबाट क्षेत्रहरूबाट क्षेत्रहरूलाई क्षेत्रिहरूसँग
1468	4	बरुवाल बलवान बलवान् बालवन
1469	4	गर्नुहुँदै गर्नुहुने गर्नुहोला गर्नेवाला
1470	4	कतारमलको कमिसनरको केदारनाथको कोमलनाथको
1471	4	युवकको युवकले युवतीका युवतीको
1472	4	वनस्पतिका वनस्पतिको वनस्पतिमा वानस्पतिक
1473	4	जनिएन जलाएर जुटाएर जोडिएर
1474	4	हिमालयका हिमालयको हिमालयमा हिमालहरू
1475	4	फललाई फाँटलाई फुललाई फूललाई
1476	4	अत अप अफ अस
1477	4	मतपत्र मानचित्र मुखपत्र मैनबत्ति
1478	4	अनलाई अमराइ अरुलाई अरूलाई
1479	4	एक्टको एड्सका एड्सकै एड्सको
1480	4	बच्चाहरूलाई बट्टाहरूलाई बन्दीहरूलाई बन्धुहरूलाई
1481	4	परशुरामका परशुरामको परशुरामजी परशुरामले
1482	4	ठन्डा ठान्छ ठान्थे ठान्ने
1483	4	टेलिभजनको टेलिभिजनको टेलिभिजनमा टेलिभिजनले
1484	4	चरत्रिवान चरित्रगत चरित्रबल चरित्रहीन
1485	4	उनिहरू उनीहरु उनीहरू उरहरी
1486	4	प्रसाईँले प्रसाईका प्रसाईले प्रेस्लीले
1487	4	अवचेतन अवशोषण अवशोषित अविकसित
1488	4	तृतीयाका तृतीयाको तृतीयामा त्रिपुराको
1489	4	शीघ्र शुक्र शुक्ल शुभ्र
1490	4	मनाइएको मिलाइएको मेटाइएका मेटाइएको
1491	4	प्रतिस्पर्धाको प्रतिस्पर्धामा प्रतिस्पर्धाले प्रतिस्पर्धीले
1492	4	२०२६ २०२७ २०३३ २०३६
1493	4	छव छवि छह छाक
1494	4	परमधीपती परमपिताको परमादेशको परमादेशले
1495	4	कम्पोनेन्ट किंवदन्ती किम्बदन्ति किम्बदन्ती
1496	4	प्रतियोगिताका प्रतियोगिताको प्रतियोगितामा प्रतिवेदनमा
1497	4	एनसीएए एनसीपी एफसीटी एमटीभी
1498	4	च्यानलको च्यानलमा च्यानामको च्यारिटिमा
1499	4	इटन इबन इसं इसप
1500	4	दिइन दिइन् दिईन् दिउन्
1501	4	हेटौँडाबाट हेटौडाबाट हैदराबाद होटलबाट
1502	4	उडानहरूलाई उपायहरुसँग उपायहरूलाई उपायहरूसँग
1503	4	बन्नबाट बस्तीबाट बिन्दुबाट बोल्नबाट
1504	4	याचिकाहरू यातनाहरू योजनाकार योजनाहरू
1505	4	एकैनासको एडिडासको एतिहासिक एसियाटिक
1506	4	स्टेनफेल्ड स्थानभन्दा स्थितिभन्दा स्थूलभन्दा
1507	4	सूर्यपछिको सूर्यमतीको सूर्यहरूका सूर्योदयको
1508	4	निमन्त्रणाको नियन्त्रणका नियन्त्रणको नियन्त्रणमा
1509	4	टन्न टम्म टेन्च टोन्ड
1510	4	पिउठाना पिउठानी पिउनाने पीउनाले
1511	4	वर्गलाई वर्णलाई वर्मालाई वर्षलाई
1512	4	मुक्तिमार्गका मुक्तिमोर्चाको मुक्तिमोर्चामा मूत्रमार्गको
1513	4	राजवंशको राजवंशले राजवंशीका रूजवेल्टले
1514	4	टुक्राको टुक्रामा टुक्रिने टुङ्नाको
1515	4	उद्देश्यका उद्देश्यको उद्देश्यमा उद्देश्यले
1516	4	संग्रहालय संग्राहलय सङ्ग्रहालय सङ्ग्राहलय
1517	4	समर्थन समर्थित समर्पण समर्पित
1518	4	अटोरिक्सा अतियुक्त अतिरिक्त असुरक्षा
1519	4	निर्देशन निर्देशित निर्धारण निर्धारित
1520	4	जबरजस्त जबरजस्ती जबर्जस्ती जबर्दश्त
1521	4	अको अटो अहँ अहो
1522	4	बगदादमा बलतोडमा बेगनासमा बैँगलौरमा
1523	4	मन्त्रालयका मन्त्रालयको मन्त्रालयमा मन्त्रालयले
1524	4	विभत्स विभूति विमति वीभत्स
1525	4	विकासपछि विकासमुखी विकाससँगै विवाहपछि
1526	4	जन्माए जन्मिई जन्मिए जन्मिन
1527	4	सरुवा सरूवा सिकुवा सिलुवा
1528	4	मन्त्रिपरिषदका मन्त्रिपरिषदको मन्त्रिपरिषदमा मन्त्रिपरिषदले
1529	4	पृथ्वीनगर पृथ्वीबाहिर पृथ्वीबाहेक पृथ्वीबीचको
1530	4	ब्यानरमा ब्यापारमा ब्यापारिक ब्यापारीक
1531	4	महात्मन् मुहम्मद मोहम्मद मोहाम्मद
1532	4	डेल्टामा डेल्फीका डेल्फीमा डोल्पामा
1533	4	अधिकारपत्र अधिकारभन्दा अधिकारसम्म अफिसरसम्म
1534	4	ठाउँका ठाउँको ठाउँमा ठाउमा
1535	4	१५३ १५५ १५६ १६३
1536	4	क्षण क्षत क्षिण क्षीण
1537	4	सि सी से सो
1538	4	नवरात्रका नवरात्रमा नवरात्रिमा नवरात्रीमा
1539	4	संरक्षकको संरक्षणका संरक्षणको संरक्षणमा
1540	4	निस्कन निस्किए निस्किन निस्क्यो
1541	4	मुम्बईका मुम्बईको मुम्बईमा मुम्बईले
1542	4	१०११ १०१८ १०२८ १०३८
1543	4	आकारहरू आकाशहरू आधारहरू आयामहरू
1544	4	बायरन बाहिरए बाहिरिए बाहिरिन
1545	4	गान्धारीका गान्धीजीका गान्धीजीको गान्धीजीले
1546	4	मलेरिया मलेसिया मिलिसिया मिलेसिया
1547	4	सङ्घर्षका सङ्घर्षको सङ्घर्षमा सङ्घर्षले
1548	4	२२६ २२७ २३३ २३६
1549	4	ईश्वरका ईश्वरको ईश्वरमा ईश्वरले
1550	4	गढहरूलाई गीतहरूलाई गोपीहरूलाई गोराहरुलाई
1551	4	३०५ ३२२ ३२३ ३६०
1552	4	शवयात्रा शिवरात्रि शिवरात्री शुभरात्री
1553	4	८८२ ८८४ ८८५ ८८६
1554	4	नस्लका नस्लको नाप्नका नाप्नको
1555	4	लामाखेतको लामिछानेको लालकोटको लैनचौरको
1556	4	परामर्शहरू परिचर्चाहरू परिचारिकाहरू पाटपुर्जाहरू
1557	4	विरुद्धका विरुद्धको विरुद्धमा विरूद्धमा
1558	4	गइरहेका गइरहेको गइरहेछ गाइरहेको
1559	4	डिभिजन डिविजन डेनियल डेबियन
1560	4	गाईहरू गाउँघर गाउँभरि गाउँहरू
1561	4	विज्ञापनको विज्ञापनमा विद्यापिठमा विद्यापीठमा
1562	4	सक्नुपर्छ सक्नुपर्ने सिक्नुपर्छ सिक्नुपर्ने
1563	4	नक्षत्रपतिको नक्षत्रसमूह नक्षत्रहरूको नक्षत्रहरूमा
1564	4	भादुडीसँग भारतबाट भारतसँग भारतसित
1565	4	यसपछिका यसपटक यसबाहेक योनिबाहेक
1566	4	उपदेश उपभेद उपभोग उपयोग
1567	4	श्रद्धा श्रष्टा श्राद्ध श्रेष्ठ
1568	4	कलाकृतिका कालक्रममा कालक्रमिक कोलिग्राममा
1569	4	६२४ ६३२ ६४० ६५०
1570	4	लखनऊ लगिदेऊ लेखिनु लैजानु
1571	4	एन एनि एम एमा
1572	4	अनुगामी अनुयायी अनुरागी अनुराधा
1573	4	अवकाश अवकास अवशान अवशेष
1574	4	फरकलाई फरफराइ फिलिपलाई फुलेकलाई
1575	4	२०११को २०११मा २०१८मा २०२८मा
1576	4	पुनरागमनको पुनरागमनमा पुनरागमनले पुनर्गठनको
1577	4	लंसालद्वारा लक्षमद्वारा लन्डनद्वारा लुइँटेलद्वारा
1578	4	आँकडाको आँखोपको आँगनको आँगनमा
1579	4	हजुरहरू हिँडनेहरू होटलतिर होटलहरू
1580	4	अकबरलाई अवतारलाई अवशेषलाई अवसरलाई
1581	4	समझदारीको समाजसेवामा समाजसेवीको समाजसेवीले
1582	4	सल्लाहरूसँग सहरहरूबाट सहरहरूसँग सीमानाहरूसँग
1583	4	६०७ ६१० ६२० ६३०
1584	4	जाँच्नु जान्नु जित्नु जोड्नु
1585	4	चक्रपथ चक्रबाट चक्रराज चक्रसँग
1586	4	दिनुस् दिनोस् दिपेश दिमेश
1587	4	उपजातिहरू उपथरहरू उपनामहरू उपहारहरू
1588	4	नढलेसम्म नपरेसम्म नबनेसम्म नवमीसम्म
1589	4	पचासदेखि पहाडदेखि पहिलादेखि पहिलेदेखि
1590	4	अब्दाली अब्बासी अम्बामा अम्बाला
1591	4	जसद्वारा जिमीद्वारा जुलीद्वारा जोशीद्वारा
1592	4	श्याम श्यामा श्यार श्रम
1593	4	विस्तारित विस्थापन विस्थापित विस्फुटन
1594	4	अमिताभका अमिताभकी अमिताभको अमिताभले
1595	4	हप्परको हम्मलको हेक्टरको हेक्टरमा
1596	4	विद्यालयहरू वैज्ञानिकमाथि वैज्ञानिकहरु वैज्ञानिकहरू
1597	4	गरिबक्सेका गरिबक्सेको गरिसकिएका गरिसकिएको
1598	4	भारतीयको भारदारका भारदारको भावधाराका
1599	4	दुईगुना दुईजना दुईवटा दुईवटै
1600	4	हुक्काउने हुत्याउँदा हुत्याउने होक्काइडो
1601	4	उतार्न उतार्ने उभर्दै उमार्न
1602	4	उपनिवेशका उपनिवेशको उपनिवेशमा उपनिवेशिक
1603	4	नभइसकेको निभाइरहेका निभाइरहेको निस्किरहेको
1604	4	भाषाभाषीको भेषभुषाको भेषभुषामा भेषभूषामा
1605	4	तटसम्म तबसम्म तहसम्म तारोसम्म
1606	4	रइस राइट राईट राउत
1607	4	हामीभन्दा हिजोभन्दा हिलेभन्दा हुनुभन्दा
1608	4	घरलाई घलेलाई घाटलाई घोडालाई
1609	4	स्याम स्वाति स्वाती स्वामी
1610	4	विश्वविद्यालयका विश्वविद्यालयको विश्वविद्यालयमा विश्वविद्यालहरू
1611	4	व्यवसायलाई व्यवहारबाट व्यवहारलाई व्यवहारसँग
1612	4	अङ्गालोमा अज्ञानता अज्ञानमा अन्जानमा
1613	4	तपस्याको तपस्यामा तपस्विनी तपस्वीका
1614	4	क्या क्यु क्यू क्यै
1615	4	रङ्गभेदी रङ्गमाथि राज्यबाटै राज्यमाथि
1616	4	जन्तुहरूको जन्तुहरूमा जन्महरूको जित्नेहरूका
1617	4	सम्झन्छन् सम्बन्धन सम्बन्धित सम्मुन्नत
1618	4	त्रिचि त्रिवि त्रुटि त्रुटी
1619	4	गुप्तेश्वर गुप्तेश्वरी गुह्यश्वरी गुह्येश्वरी
1620	4	आकलन आगमन आचमन आठलेन
1621	4	संस्थापकीय संस्थापिकाको संस्थाबाहेक सङ्स्थापकीय
1622	4	डम्फुको डिब्बामा डिम्बको डिम्बमा
1623	4	शर्त शर्मा शीर्ष शेर्पा
1624	4	नखानु नजानु नलिनु नहुनु
1625	4	परालद्वारा पहाडीद्वारा पागलद्वारा पुराणद्वारा
1626	4	लडाकुहरूको लवणहरूको लेखकहरूको लेखकहरूले
1627	4	भगतद्वारा भरौटेद्वारा भारतद्वारा भूषणद्वारा
1628	4	आदिसँग आफूसँग आफैसँग आमासँग
1629	4	२३२ २३८ २४० २५०
1630	4	गराइन् गराउन गुडाउन गुमाउन
1631	4	हकदार हडपेर हुदिपारि हेरफेर
1632	4	दिक्तेल दिक्पात दिक्मान दिङ्मान
1633	3	ड्याडी ड्याना ड्यानी
1634	3	एशी एसि एसी
1635	3	अल्लाहका अल्लाहकै अल्लाहको
1636	3	अगमसिंह अपरेटिङ्ग अमरसिंह
1637	3	स्काउटको स्काउटले स्कोल्डले
1638	3	विकासक्रमका विकासक्रमको विकासप्रतिको
1639	3	जन्ममिति जन्मलिने जन्मसम
1640	3	नखाइकन नभइकन निकाल्छन्
1641	3	परिस्थितिलाई परिस्थितिसँग परीक्षितलाई
1642	3	जवलपुरकै जवलपुरको जवलपुरमा
1643	3	देखाउँन देखाउन देखिइन्
1644	3	दायित्वहरूलाई देवताहरूलाई देवनागरीलाई
1645	3	व्यक्तिहरूबाट व्यक्तिहरूलाई व्यक्तिहरूसँग
1646	3	११८३ १७८३ १८८३
1647	3	प्रसंगहरूलाई प्रस्तावहरूबाट प्रस्तावहरूलाई
1648	3	मुसलमनहरूको मुसलमानहरूको मुसलमानहरूले
1649	3	प्रतिक्षा प्रतिष्ठा प्रतीक्षा
1650	3	क्षेत्रभन्दा क्षेत्रभित्र क्षेत्रमध्ये
1651	3	घुँइचो घुइँचो घुईँचो
1652	3	तारिख तारिफ तारेख
1653	3	पुष्पबाण पुष्पराज पुष्पलाल
1654	3	व्यवसायहरू व्यवसायिकता व्यवहारिकता
1655	3	युगान्डाका युगान्डाको युगान्डाले
1656	3	कराए कसाई कुटाई
1657	3	चटक्क चटक्कै चिटिक्क
1658	3	काट्नलाई काण्डलाई कुण्ठालाई
1659	3	महिनासम्मका मिटरसम्मका मिटरसम्मको
1660	3	अज्ञानताका अज्ञानताको अज्ञानतामा
1661	3	समितिमध्ये समूहमध्ये सहरमध्ये
1662	3	आन्दोलनबाट आन्दोलनरत आन्दोलनलाई
1663	3	न्युनतम न्युरोडमा न्यूनतम
1664	3	इन्द्रले इन्द्राणी इन्द्रेणी
1665	3	भागसँग भालेसँग भाषासँग
1666	3	बएको बिउको बीऊका
1667	3	आकर्षण आकर्षित आवर्तन
1668	3	धर्मसुधारक धर्मसुधारको धर्मसुधारमा
1669	3	बहिष्कारकै बहिष्कारको बहिस्कारको
1670	3	उर्दी उर्दु उर्दू
1671	3	चढ्नु चाल्नु चिन्नु
1672	3	शब्दकोशको शब्दकोशमा शब्दकोषमा
1673	3	उपजबाट उपधिभूत उपाधिबाट
1674	3	आजकल आजकाल आदिकाल
1675	3	कर्यक्रम कार्यक्रम कार्यप्रति
1676	3	छुटकरा छुटकारा छोटकरी
1677	3	राधाकृष्ण रामकृष्ण रामकृष्णे
1678	3	भाइभाइ भाइलाई भाउलाई
1679	3	उतारिन्छ उमारिन्छ उसिनिन्छ
1680	3	हटाउन हटाओस् हराउन
1681	3	स्वास्थ्यका स्वास्थ्यको स्वास्थ्यमा
1682	3	परियोजनाहरूलाई पर्यटकहरुलाई पर्यटकहरूलाई
1683	3	६६४ ६६६ ६६७
1684	3	तथ्याङ्कको तथ्याङ्कमा तथ्याङ्कले
1685	3	विद्यार्थीहरूलाई विद्यालयहरूलाई वैज्ञानिकहरूलाई
1686	3	उब्जेका उभिएका उभिएको
1687	3	अच्युत अद्भुत अद्युत्
1688	3	चल्दछन् चिन्दछन् चुन्दछन्
1689	3	परदेशीहरूलाई परिमाणहरूलाई परिवारहरूलाई
1690	3	एक्सन एक्सन् एड्सन
1691	3	कठिनाइका कठिनाइको कठिनाइले
1692	3	धनवाङ धनवान् धनुवाण
1693	3	घाउमा घिउमा घ्यूमा
1694	3	कप्लानले काम्डेनले केप्लरले
1695	3	सर्वेक्षणका सर्वेक्षणको सर्वेक्षणमा
1696	3	भाषासाहित्यका भाषासाहित्यको भाषासाहित्यमा
1697	3	सक्नुहुने सिक्नुहोला सोध्नुहोला
1698	3	लायन्सकी लायोन्सका लायोन्सको
1699	3	वल्लभका वल्लभले वेल्लेसले
1700	3	भि भी भै
1701	3	टुकडी टुकुचा टुकुचे
1702	3	शीलावतीका शीलावतीको शीलावतीले
1703	3	शरीरबाट शिविरबाट शिविरवाट
1704	3	उचिटैलसँग उपसालासँग उपासनासँग
1705	3	मर्डकको मार्कसको मार्गदेखि
1706	3	माल्यवान मूल्यवान मूल्यवान्
1707	3	जातिभित्र जेलभित्र जेलभित्रै
1708	3	छविराज छविलाई छविलाल
1709	3	मृगशिरा मृगशीरा मृगहरू
1710	3	ओटा ओटो ओशो
1711	3	तपाइहरूलाई तपाईँहरूलाई तपाईँहरूसँग
1712	3	बृद्ध बृद्धि बृन्दा
1713	3	अमात्यको अमात्यले असत्यको
1714	3	न्युट्रन न्युट्रोन न्यूट्रोन
1715	3	बजगाई बनगाउँ बेलागाउँ
1716	3	तृतिय तृतीय तृतीया
1717	3	ठडिएर ठाँटिएर ठोकिएर
1718	3	डडाएर डराएर डुलाएर
1719	3	कान्तिपुरका कान्तिपुरको कान्तिपुरमा
1720	3	एटर्नी एनर्जी एलर्जि
1721	3	मरुभूमिमा मरुभूमीमा मरूभूमिमा
1722	3	लाहानबाट लियनबाट लेखनबाट
1723	3	जनसङ्ख्याका जनसङ्ख्याको जनसङ्ख्यामा
1724	3	स्थानीयबासीको स्थानीयवासीको स्थानीयवासीले
1725	3	अद्वेत अद्वैत अश्वेत
1726	3	ब्याक ब्रेक ब्लक
1727	3	पर्यावरणको पर्यावरणमा पर्यावरणीय
1728	3	घुमाउने घुमाउरो घुमाएर
1729	3	तपस्या तपस्वी तेजस्वी
1730	3	सरसफाइमा सरसफाईकै सरसफाईमा
1731	3	जनप्रशासन जलप्रदूषण जलप्रदूषित
1732	3	गुम्फन गुम्बज गुम्बद
1733	3	अगिल्लो अघिल्ला अघिल्लो
1734	3	सृष्टि स्रष्टा स्रेस्ता
1735	3	इटाली इरानी इशानी
1736	3	१४०३ १५२० १५३०
1737	3	राशीभित्र रेखाचित्र रेखाभित्र
1738	3	स्मारकहरुका स्मारकहरुमा स्मारकहरूले
1739	3	८७२ ८७३ ८७८
1740	3	व्यपारी व्यापार व्यापारी
1741	3	इन्टरनेसनलका इन्टरनेसनलको इन्टरनेसनलमा
1742	3	दबाएपछि देखाएपछि देखिएपछि
1743	3	जयसवालले जायसवालको जायसवालमा
1744	3	स्थगन स्थगित स्थापित
1745	3	फिसिङ फिसेज फुटेज
1746	3	डिटेल्स डिफेन्स डेभिल्स
1747	3	ओकार ओखर ओभर
1748	3	शव शिव शैव
1749	3	ग्रन्थहरूका ग्रन्थहरूको ग्रन्थहरूमा
1750	3	महासम्मत महासम्मान मानसम्मान
1751	3	सुरङद्वारा स्वर्गद्वार स्वर्गद्वारी
1752	3	हुनुभएका हुनुभएकी हुनुभएको
1753	3	ग्रहहरूका ग्रहहरूको ग्रहहरूमा
1754	3	समुद्रतट समुद्रबाट समुद्रलाई
1755	3	शिल्पका शुल्कका शुल्कमा
1756	3	बुढाथोकीका बुढाथोकीले बुढापाकाका
1757	3	उच्चस्तरको उच्चस्तरमा उच्चस्तरीय
1758	3	कालीदेवीको कुलदेवता कुलदेवीको
1759	3	शीर्षकका शीर्षकको शीर्षकमा
1760	3	हालसम्मका हालसम्मको हालसम्ममा
1761	3	सहयोगीहरु सहयोगीहरू सहायकहरू
1762	3	देवप्रकाश देवीप्रसाद दैविप्रकोप
1763	3	टाइलहरूमा ट्रेनहरूको ट्रेनहरूमा
1764	3	नक्साल निक्सन नोक्सान
1765	3	एलिजाबेथ एलिजावेथ एसियाबाट
1766	3	भारतीयहरूको भारतीयहरूले भारदारहरूको
1767	3	समस्याहरूका समस्याहरूको समस्याहरूमा
1768	3	भरपर्दा भरपर्दो भरिपूर्ण
1769	3	आतङ्क आशंका आशङ्का
1770	3	राख्नु रोक्नु रोप्नु
1771	3	नकुलद्वारा निगमद्वारा नेपालद्वारा
1772	3	द्वार द्वारा द्वारी
1773	3	बाउन्नी बाउन्ने बाउन्स
1774	3	श्रृंगार श्रृङ्खला श्रृङ्गारी
1775	3	प्रस्तुत प्रस्थान प्रेस्टन
1776	3	जनआन्दोलनका जनआन्दोलनको जनआन्दोलनमा
1777	3	कोइरालाका कोइरालाको कोइरालाले
1778	3	भियतनामका भियतनामको भियतनाममा
1779	3	प्रदर्शनपछि प्रदर्शनमाथि प्रदर्शनहरू
1780	3	उचालिएको उमारिएका उमारिएको
1781	3	श्रीका श्रेय श्रेया
1782	3	कालदेवलको कुलदेवताका कुलदेवताको
1783	3	शरण शरद शायद
1784	3	ठगिएकी ठानिएको ठोकिएको
1785	3	परिधीसम्म पहिलासम्म पहिलेसम्म
1786	3	अश्तित्वमा अस्तित्वको अस्तित्वमा
1787	3	खल्तीजस्तै खुट्टाजस्तै खुट्टाभन्दा
1788	3	क्यान्सरबाट क्यान्सररोग क्याम्पसबाट
1789	3	कम्युनिज्म कम्युनिष्ट कम्युनिस्ट
1790	3	हाइस्कुलका हाइस्कुलको हाइस्कुलमा
1791	3	पकड्ने पखाल्न पिछड्ने
1792	3	कार्यदिशा कार्यनीति कार्यपछि
1793	3	गर्नुहुन गर्नुहोस गर्नुहोस्
1794	3	एक्ट एक्स एड्स
1795	3	ब्रम्हाण्ड ब्रह्मण्ड ब्रह्माण्ड
1796	3	आयोजनाहरू आलोचकहरू आलोचनाहरू
1797	3	आशावादी आशावार आसावादी
1798	3	शल्य शून्य शैन्य
1799	3	सिद्धान्तबाट सिद्धान्तलाई सिद्धान्तसँग
1800	3	मर्मतबाट मार्जिनबाट मोर्गेजबाट
1801	3	ब्रह्माण्डका ब्रह्माण्डको ब्रह्माण्डमा
1802	3	सिनामंगलमा सौरमण्डलको सौरमण्डलमा
1803	3	६५४ ६५५ ६५६
1804	3	सुरक्षाका सुरक्षाको सुरक्षामा
1805	3	महायुद्धलाई महासन्धिबाट महासन्धिलाई
1806	3	अर अरु अरू
1807	3	श्रेणीहरू श्रोतहरू श्लोकहरू
1808	3	डल्ला डल्लो डिल्ली
1809	3	आदिवासीका आदिवासीको आदिवासीले
1810	3	अन्तरिक्षको अन्तरिक्षमा अन्तरिक्षीय
1811	3	राजमार्गबाट राजमार्गलाई राजमार्गसँग
1812	3	जनस्तरमा जालन्धरको जालन्धरमा
1813	3	श्रेष्ठतम श्रेष्ठतामा श्रेष्ठपछि
1814	3	नागरिकहरूका नागरिकहरूको नागरिकहरूले
1815	3	१५१९ १५२६ १५२७
1816	3	विकृति विक्रम विश्राम
1817	3	खसिहालेमा खुसियालीमा खुसीयालीमा
1818	3	लिएका लिएको लिएमा
1819	3	मणिकमल मरिचमान मालिकपन
1820	3	मृगौलाको मृगौलामा मृगौलाले
1821	3	अध्यायमा अन्यायका अन्यायको
1822	3	रोगब्याधी रोगव्याधि रोगव्याधी
1823	3	ग्रहदोष ग्रहबाट ग्रिकबाट
1824	3	आइतबारका आइतबारको आइतबारमा
1825	3	प्रतिष्ठितम् प्रतिस्थापन प्रतिस्थापित
1826	3	विश्वासघात विश्वासबाट विश्वासलाई
1827	3	राजतन्त्र रामचन्द्र रूपचन्द्र
1828	3	कमलासँग कमेरोसँग कवीरसँग
1829	3	उम्रिन उम्लन उम्लिन
1830	3	युकेशजी युकेसजी यूकेशजी
1831	3	१६९९ १७९९ १८९९
1832	3	अभिनयबाट अभिनयलाई अभिलेखबाट
1833	3	रसायनले रसायनिक रासायनिक
1834	3	यद्यपि यद्यपी यद्यापि
1835	3	तीर्थस्थलहरूका तीर्थस्थलहरूको तीर्थस्थलहरूमा
1836	3	महेन्द्रका महेन्द्रको महेन्द्रले
1837	3	ठुलोकण्ठे ठुलोकत्ले ठुलोबन्सो
1838	3	निदाउन निभाइन् निभाउन
1839	3	वाङ्मयका वाङ्मयको वाङ्मयमा
1840	3	४०७ ४२० ४३०
1841	3	हर्मन हार्मोन हुर्कन
1842	3	रेणुकाका रेणुकाको रेणुकाले
1843	3	तेह्र तेह्रौँ १३
1844	3	डडुवा डिकुवा डुरुवा
1845	3	छत्राकार छन्दोहार छिद्रदार
1846	3	बासिन्दाका बासिन्दाको बासिन्दाले
1847	3	कुकुरकोटे कुकुरबारे कुकुरहरू
1848	3	औँठी औँशी औँसी
1849	3	नक्षत्रका नक्षत्रको नक्षत्रमा
1850	3	अंडाकार अण्डाकार अन्धकार
1851	3	तन्त्रिकामा तान्त्रिकको तान्त्रिकले
1852	3	एकेद्रको एजेन्टको एरेस्टको
1853	3	गोकर्णको गोकर्णमा गोकर्णले
1854	3	कवि किव किवी
1855	3	वैज्ञानिकका वैज्ञानिकको वैज्ञानिकले
1856	3	लडाईँँका लडाईँँको लडाईँँमा
1857	3	माउरालाई मात्रालाई मुद्दालाई
1858	3	पड्केपछि पढाएपछि पलाएपछि
1859	3	ढल्न ढल्ने ढाल्ने
1860	3	सरसल्लाह सल्लल्लाह सल्लल्लाहु
1861	3	प्राइभेट प्राइवेट प्लाइवुड
1862	3	सत्यानाश सत्यानास सत्याभास
1863	3	सम्भवत सम्भावित सम्भाव्य
1864	3	द्रव्यकोषको द्रव्यमानका द्रव्यमानको
1865	3	युनानतिर युरोपतिर युरोपभरि
1866	3	पँधेर्नीलाई पदार्थबाट पदार्थलाई
1867	3	क्लार्कबाट क्लार्कलाई क्लार्कसँग
1868	3	लाएर लिएर लोअर
1869	3	शुरु शुरू श्वर
1870	3	बताउनुहोस बताउनुहोस् बनाउनुहोस्
1871	3	सिएनएनको सिएनएनले सीएनएनको
1872	3	गणतन्त्रका गणतन्त्रको गणतान्त्रिक
1873	3	चौडण्डी चौबन्दी चौवन्नी
1874	3	पन्तद्वारा पाण्डेद्वारा पिण्डद्वारा
1875	3	बाल्यकालका बाल्यकालको बाल्यकालमा
1876	3	माओवादीबाट माओवादीसँग माओवादीसित
1877	3	थिई थिए थिएँ
1878	3	नमोबुद्धको नमोबुद्धमा नामपुद्रिको
1879	3	काउन्सिलका काउन्सिलमा काउन्सिलले
1880	3	ज्ञानकोश ज्ञानकोष ज्ञानबाट
1881	3	साहित्यकारहरूको साहित्यकारहरूमा साहित्यकारहरूले
1882	3	बङ्गलादेश बङ्गालबाट बङ्गालसँग
1883	3	ब्रह्माण ब्राह्मण ब्राह्मन
1884	3	विद्यालय विद्युतिय विद्युतीय
1885	3	साथसाथै सेतैसेतो सेतोरातो
1886	3	टिरियम टुरिजम टेलिकम
1887	3	हर्जगले हर्जोगको हर्जोगले
1888	3	३२६ ३३३ ३३६
1889	3	रामबजारमा रामावतारमा रेनडियरमा
1890	3	धर्मग्रन्थका धर्मग्रन्थको धर्मग्रन्थमा
1891	3	काँक्रेबिहार काँक्रेविहार काक्रेबिहार
1892	3	एच एज १
1893	3	गद्य गोक्यो गोप्य
1894	3	एचएमएस एसएचएफ एसएचएस
1895	3	हत्केलो हत्यादि हत्याले
1896	3	निर्देशनहरू निर्वाचनपछि निर्वाचनहरू
1897	3	ट्याग ट्याप ट्युब
1898	3	दुष्यन्तका दुष्यन्तको दुष्यन्तले
1899	3	रामवाण रामायण रूपवान
1900	3	मन्दीभन्दा माग्नुभन्दा मिल्नुभन्दा
1901	3	हाउत हाउस होऊन्
1902	3	शस्त्र शास्त्र शास्त्री
1903	3	विधानपालिका विमानचालक विमानवाहक
1904	3	नेतृत्वको नेतृत्वमा नेतृत्वले
1905	3	फेरिन्छ फैलन्छ फैलिन्छ
1906	3	घटकहरू घटनाहरु घटनाहरू
1907	3	विक्टोरियाको विक्टोरियामा विक्टोरियाली
1908	3	फिका फिफा फीफा
1909	3	महाराष्ट्रका महाराष्ट्रको महाराष्ट्रमा
1910	3	अन्तरराष्ट्रिय अन्तर्राष्ट्रिय अन्तर्राष्ट्रीय
1911	3	बताँउनुहुन्छ बताउनुहुन्छ बिताउनुहुन्छ
1912	3	राजकुमार राजकुमारी रामकुमार
1913	3	ग्रा ग्रे ग्ली
1914	3	ढुकुटीका ढुकुटीको ढुकुटीमा
1915	3	अक्टोपसको अक्टोबरको अक्टोबरमा
1916	3	नाट्यशास्त्रका नाट्यशास्त्रको नाट्यशास्त्रमा
1917	3	अन्तरात्मामा अन्तसम्मको अन्तसम्ममा
1918	3	संगठनद्वारा संविधानद्वारा सङ्कलनद्वारा
1919	3	क्यानबरामा क्यारियरको क्यारियरमा
1920	3	प्रकारहरूबाट प्रदेशहरूबाट प्रभावहरूबाट
1921	3	अफ्रिकीहरुको अफ्रिकीहरुले अफ्रिकीहरूले
1922	3	व्याटभन्दा व्रतबन्ध व्रतवन्ध
1923	3	मधुमेहका मनमायाका मनमोहक
1924	3	प्रतिकृया प्रतिक्रया प्रतिक्रिया
1925	3	मिलिमिटर मिलिलिटर मुरलीधर
1926	3	उपथरहरूबाट उपथरहरूलाई उपासकहरूलाई
1927	3	बजेसम्म बाँधसम्म बेलासम्म
1928	3	कुतुब कुनोभ कुरूप
1929	3	जीवनचक्र जीवनजस्ता जीवनभन्दा
1930	3	जान्दछन् जान्दैनन् जोड्दछन्
1931	3	पदार्थहरूको पदार्थहरूमा पदार्थहरूले
1932	3	गवित गाविस गैविन
1933	3	पियर्सनको पैटरसनको पैटरसनले
1934	3	शीतकालको शीतकालमा शेरचनको
1935	3	समयावधिका समयावधिमा समाजवादको
1936	3	कलिउडको कल्याणका कल्याणको
1937	3	अखिलबाट अजितपाद अजिमाबाद
1938	3	समुन्द्रको समुन्द्रमा सामुन्द्रिक
1939	3	दुर्घटनादेखि दुर्घटनापछि दुर्योधनदेखि
1940	3	एकत्रित एकिकृत एकीकृत
1941	3	धन्यवाद धन्याबाद धन्यावाद
1942	3	सरकारसम्म सिमिकोटसम्म सोमबारसम्म
1943	3	कङ्कर्ड कन्सर्ट कन्सर्न
1944	3	युग योग योङ
1945	3	इन्द्रका इन्द्रको इन्द्रिय
1946	3	म्यागजिनको म्यागेजिनमा म्यागेजिनले
1947	3	ओपन ओपेन ओमान
1948	3	गंभीर गम्भिर गम्भीर
1949	3	फ्लप फ्लस फ्लिप
1950	3	औडत औषत औसत
1951	3	स्थलान्तरित स्थानान्तरण स्थानान्तरित
1952	3	शुक्रनैतिको शुक्रबारको शुक्रबारमा
1953	3	फिरफिरे फिलिपका फिलिपिनो
1954	3	युवावस्थाका युवावस्थामा युवावस्थामै
1955	3	अतरासी अपराधी अमरेली
1956	3	आइकन आउँछन् आउछन्
1957	3	एस्ली एस्ले एस्सी
1958	3	विश्वविद्यालयबाट विश्वविद्यालयलाई विश्वविद्यालयसँग
1959	3	इङ्गित इच्छित इज्जत
1960	3	एभरेष्ट एभरेस्ट एमनेस्टी
1961	3	आवन्टन आवन्टित आवेष्टित
1962	3	हिउँदे हिउँनै हिउँले
1963	3	घाँस घाट घात
1964	3	गुजरातका गुजरातको गुजरातीको
1965	3	नछोड्नुहोस् नभुल्नुहोस् नमान्नुहोस्
1966	3	१२०० १३०० १९००
1967	3	१६११ १६७९ १७७९
1968	3	ग्यालेक्सीका ग्यालेक्सीको ग्यालेक्सीमा
1969	3	द्वन्द्वको द्वन्द्वमा द्वन्द्वमै
1970	3	केवलपुर केवुलकार कोहलपुर
1971	3	ढाक्न ढाक्ने ढाक्रे
1972	3	चित्रकारसँग चित्रहरूलाई चित्रहरूसँग
1973	3	प्रत्यायोजित प्रत्यारोपण प्रत्यारोपित
1974	3	मजदुरहरू मजदूरहरू महफिलहरू
1975	3	गाविसहरूका गाविसहरूको गाविसहरूमा
1976	3	अशुद्ध असिद्धि असुद्ध
1977	3	बहुसंख्यक बहुसङ्ख्यक बहुसङ्ख्याको
1978	3	मध्यदेखि मल्यदेखि मुख्यदेखि
1979	3	टनसम्म टाढासम्म टिभिसम्म
1980	3	कष्टहरूको कस्बहरूमा कुण्डहरूको
1981	3	अनिष्ट अपुष्ट अभिष्ट
1982	3	बताउनुभयो बनाउनुभयो बिताउनुभयो
1983	3	फिल्महरूका फिल्महरूको फिल्महरूमा
1984	3	दक्षता दक्षिणा दक्षिणी
1985	3	तरिकाहरु तरिकाहरू तर्कहरू
1986	3	श्रीकृष्णका श्रीकृष्णको श्रीकृष्णले
1987	3	डाँडाखाली डाँडाझेरी डाडाझेरी
1988	3	गहिराईमा गहिराईले गहिरिएर
1989	3	भक्तजन भन्दछन् भन्दछिन्
1990	3	विरुवाका विरुवाको विरूवाका
1991	3	छिबाङ छिवाङ छिवाड
1992	3	धर्मग्रन्थहरूका धर्मग्रन्थहरूमा धर्मग्रन्थहरूले
1993	3	गाईलाई गाउँलाई ग्लीलाई
1994	3	प्रथमपटक प्राथमिकताका प्राथमिकताको
1995	3	वारतालाप वार्तालाप वार्तालाभ
1996	3	भारतवर्षका भारतवर्षको भारतवर्षमा
1997	3	खराबीहरूलाई खेतालाहरूलाई खेलाडीहरूलाई
1998	3	झ्याप्सी झ्याम्टा झ्याम्टे
1999	3	जलभृत जलस्थान जलस्रोत
2000	3	पंचगरम पञ्चायतको पञ्चायतमा
2001	3	साप्ताहिकका साप्ताहिकको साप्ताहिकमा
2002	3	भट्टराईका भट्टराईको भट्टराईले
2003	3	क्लर्कका क्लार्कको क्लार्कले
2004	3	क्यामरुन क्यामरून क्यामेरन
2005	3	गतिविधिका गतिविधिको गतिविधिले
2006	3	हटाएपछि हत्यापछि हराएपछि
2007	3	तमाङ तमान तामाङ
2008	3	ल्याण्ड ल्यान्ड ल्याम्प
2009	3	नकारात्मक निरोधात्मक निषेधात्मक
2010	3	अनुकृतिमा अनुक्रमका अनुक्रममा
2011	3	ब्रिटेनका ब्रिटेनको ब्रिटेनमा
2012	3	चन्द्रका चन्द्रको चन्द्रमा
2013	3	डलरको डलरमा डालरको
2014	3	शिलापत्र शोधपत्र शोभाभित्र
2015	3	इन्डिवरजी इन्दवरजी इन्दिवरजी
2016	3	दुईपट्टी दुईपल्ट दुईभन्दा
2017	3	बृहस्पतिका बृहस्पतिको बृहस्पतिमा
2018	3	रबिन्द्र रविन्द्र राजेन्द्र
2019	3	एसटिएस एसडिएच एसोसिएट
2020	3	घटिरहेको घुमिरहँदा घुमिरहेको
2021	3	निरन्तरताको निरन्तरतामा निरन्तरताले
2022	3	छुट्ट्याइयो छुट्ट्याउने छुट्ट्याएको
2023	3	नाताद्वारा निभाद्वारा नीतिद्वारा
2024	3	खुलाएर खुलेआम खुवाएर
2025	3	८५३ ८५५ ८६३
2026	3	१९३ १९५ १९७
2027	3	नर्तकहरूको नर्तकीहरूले निर्देशहरूको
2028	3	चारैतर्फको चौरीखर्कको चौलाखर्कको
2029	3	मङ्गलग्रहका मङ्गलग्रहको मङ्गलग्रहमा
2030	3	दार्जलिङबाट दार्जिलिङबाट दार्जीलिङलाई
2031	3	नुवाकोटका नुवाकोटको नुवाकोटमा
2032	3	विस्तारबाट विस्फोटबाट विस्फोटसँग
2033	3	विश्वयुद्धका विश्वयुद्धको विश्वयुद्धमा
2034	3	अमान अमूल अमोद
2035	3	लेखनाथलाई लोकगाथाबाट लोकगाथालाई
2036	3	पराउँदछन् परिव्रजन पलाउनछन्
2037	3	अन्जीर अन्धेर अल्झेर
2038	3	पक्षघात पक्षपात पक्षबाट
2039	3	पुजाआजा पूजाआजा पूजाआदि
2040	3	बाह्रजना बाह्रवटा बाह्रविसे
2041	3	चङ्पारण चम्पारण चम्पारन
2042	3	१६४९ १८२९ १८४९
2043	3	धातुदेखि धारादेखि धुरीदेखि
2044	3	उठिरहेको उडिरहेका उडिरहेको
2045	3	जङ्गबगादुर जङ्गबहादुर जङ्गबाहदुर
2046	3	नछोड्नुहोला नभुल्नुहोला नमान्नुहोला
2047	3	म्युनिखको म्युनिखमा म्युनिखले
2048	3	गाईबस्तु गाईवस्तु गाउँबस्ती
2049	3	क्षत्रियहरूको क्षेत्रियहरूको क्षेत्रीयहरूको
2050	3	आकृति आकृती आक्रिति
2051	3	धेरैजना धेरैजसो धेरैवटा
2052	3	तिब्ररूपले तीव्ररूपमा तीव्ररूपले
2053	3	युरासियन युरेसियन युरोपियन
2054	3	आकर्षकको आकर्षणका आकर्षणको
2055	3	आर्क आर्ट आर्य
2056	3	जनकपुरधामका जनकपुरधामको जनकपुरधाममा
2057	3	शनिद्वारा शाहद्वारा शैलद्वारा
2058	3	चन्द्रनिगापुर चन्द्रबहादुर चन्द्रलालपुर
2059	3	शहाजहाँका शाहजहाँको शाहजहाँले
2060	3	तत्कालका तात्कालिक तात्कालीक
2061	3	भागसम्म भारसम्मो भेटेसम्म
2062	3	शक्ति शाक्त शाक्ति
2063	3	क्यालिफोरनिया क्यालिफोर्निया क्यालीफोर्निया
2064	3	जन्मदाता जन्मदेखि जन्मेपछि
2065	3	थप्नु थाल्नु थिच्नु
2066	3	डाँठहरू डाँडाहरू डाटाहरू
2067	3	जर्नेल जर्मन जोर्डन
2068	3	प्रयोगकर्ताहरुको प्रयोगकर्ताहरूको प्रयोगकर्ताहरूले
2069	3	मनाङ मनोज मेतोग
2070	3	अस्ट्रेलियाबाट अस्ट्रेलियालाई अस्ट्रेलियासँग
2071	3	बन्नेवाला बेच्नेवाला बोल्नेवाला
2072	3	चाकल चामल चावल
2073	3	हकाधिकारमा हाटबजारको हाटबजारमा
2074	3	उपवन उपवास उपहास
2075	3	प्रष्फुटित प्रस्फुटन प्रस्फुरित
2076	3	नगरकोटबाट नगरकोटलाई नचलाकोटबाट
2077	3	ओठ ओत ओस
2078	3	युनिभर्सिटीबाट युनिभर्सिटीसँग युनिवर्सिटीबाट
2079	3	टिकुली टिकौली टिचीले
2080	3	उत्थान उद्धान उस्ताद
2081	3	दशरथको दशरथले दशाननले
2082	3	आइतबार आइतबारे आइतवार
2083	3	अल्लामा अल्लाह अल्लाहु
2084	3	एडमार्क एडवर्ड एडवार्ड
2085	3	उदाहरणहरू उपकरणहरू उपचारिकाहरू
2086	3	फरोख्त फलाक्थे फलोच्छा
2087	3	इन्द्राणीको इन्द्राणीले इन्द्रेणीको
2088	3	शासनकाल शासनबाट शोधनबाट
2089	3	शिवगुरु शिवपुर शिवहरि
2090	3	हिँड्छन् हुन्छं हुन्छन्
2091	3	महसुल महसुस महसूस
2092	3	सिँगारिएकॊ सिँगारिएको सुधारिएको
2093	3	अक्टूबर अक्टोबर अक्टोवर
2094	3	वाक्यहरू विज्ञहरू विद्याहरू
2095	3	चाहनुभएको चुनिनुभएका चुनिनुभएको
2096	3	आदर्श आयर्स आवर्त
2097	3	भ्रमणका भ्रमणको भ्रमणमा
2098	3	संरक्षणबाट संरक्षणलाई संरक्षणसँग
2099	3	ब्राह्मणहरूका ब्राह्मणहरूको ब्राह्मणहरूले
2100	3	छालारोग छालासँग छोरीसँग
2101	3	भनिँन भनिन भनिन्
2102	3	रिट्ठो रित्तो रिस्ता
2103	3	एवं एवम् एविन
2104	3	दृष्टिकोण दृष्टिगत दृष्टिबाट
2105	3	१९३९ १९४५ १९४७
2106	3	पाकिस्तानभन्दा पाकिस्तानसम्म ३५जनाभन्दा
2107	3	भीमशमशेरका भीमशमशेरकी भीमशमशेरको
2108	3	बदलामार बासनादार बेलनाकार
2109	3	भ्रष्टाचारका भ्रष्टाचारको भ्रष्टाचारमा
2110	3	लज्जालाई लिङ्कलाई लिङ्गलाई
2111	3	रोल्पाको रोल्पामा रोल्पाली
2112	3	रकमबाट रुकुमबाट रोमनबाट
2113	3	आआफ्ना आआफ्नै आआफ्नो
2114	3	अप्रिलबाट अफ्रिकाबाट अम्लिसोबाट
2115	3	उत्पत्ति उत्पन्न उद्दण्ड
2116	3	क्याच क्याट क्यान
2117	3	उपक्रम उपग्रह उपग्रही
2118	3	विचारहरूलाई विभागहरूलाई विरोधीहरूलाई
2119	3	यज्ञका यज्ञको यज्ञमा
2120	3	१९५५ई १९७०को १९७०मा
2121	3	तनहुँको तनहुँर तनहूँको
2122	3	आनुवंशिकता आनुवंशिकीको आनुवंशिकीय
2123	3	ठुलाकोटका ठुलाकोटको ठुलाकोटमा
2124	3	हमदर्द हितकर्नी हेमकर्ण
2125	3	खाएका खाएको खाएमा
2126	3	स्तम्भको स्तम्भमा स्तम्भले
2127	3	साइबरमा साइबेरिया सोल्जरमा
2128	3	नरभक्षी निरपेक्ष निसमीक्षा
2129	3	नातेदारहरूको नातेदारहरूले नाफाखोरहरूले
2130	3	मृत्यपछि मृत्युदर मृत्युपछि
2131	3	रहनुपर्छ रहनुपर्ने राखिनुपर्छ
2132	3	खाडीसम्म खानसम्म खोजीसम्म
2133	3	अदालतको अदालतमा अदालतले
2134	3	च्याप्टर च्याम्पटी च्याम्बर
2135	3	सर्भेक्षणहरूले सर्वेक्षणकर्ता सर्वेक्षणहरूमा
2136	3	कृष्णमान कृष्णलाई कृष्णलाल
2137	3	केटाकेटीका केटाकेटीमा केटाकेटीले
2138	3	भाषाविज्ञानको भाषाविज्ञानमा भाषावैज्ञानिक
2139	3	स्वागतका स्वागतको स्वागतम
2140	3	टुप्पामा टुप्पोमा टुप्पोले
2141	3	अवस्थाबाटै अवस्थाबारे अवस्थाहरू
2142	3	मनोभावलाई महादेवबाट महादेवलाई
2143	3	थे थेँ थै
2144	3	पिपलटार पिपलडाँडा पिपलसँगै
2145	3	सकियोस सकियोस् सहवास
2146	3	उहा उहाँ उही
2147	3	बढिभन्दा बमभन्दा बामपन्थी
2148	3	द्वारका द्वारमा द्वारिका
2149	3	करुणाकर करूणानिधि करूणामय
2150	3	पुर्याउँदछ पुर्याउँदैन पुर्याउनको
2151	3	त्रिशुलि त्रिशुली त्रिशूली
2152	3	भइरस भाइरल भाइरस
2153	3	लाग्दछन् लेख्दछन् लेख्दैनन्
2154	3	भित्रबाट भित्रिकोट भित्रीकोट
2155	3	चिकित्सकका चिकित्सकको चिकित्सकीय
2156	3	भनिएझैं भनिन्छन् भेटिन्छन्
2157	3	दलद्वारा दुवैद्वारा दूरीद्वारा
2158	3	ऋणमुक्त रोगमुक्त रोगमुक्ति
2159	3	इतिहासकारहरूका इतिहासकारहरूको इतिहासकारहरूले
2160	3	सन्तानहरुलाई सन्देशहरूलाई सन्यासीहरूलाई
2161	3	हृदयको हृदयमा हृदयले
2162	3	टुँडालको टुँडालमा टुँडालले
2163	3	दृष्टिकोणमा दृष्टिकोणले दृष्टिगोचर
2164	3	यतिसम्म यहाँसम्म युगसम्म
2165	3	राइवो राईका राईको
2166	3	आपतकालका आपातकालका आपातकालको
2167	3	अरब अलग अलप
2168	3	बिजगणितको बिजगणितीय बीजगणितको
2169	3	कार्यान्वयनका कार्यान्वयनको कार्यालयदेखि
2170	3	महाद्वीपका महाद्वीपमा महाद्वीपीय
2171	3	हेरिनु हेर्नु होमिनु
2172	3	क्रमशः क्रमसँग क्रमैसँग
2173	3	सजाइन्छ सुकाइन्छ सेलाइन्छ
2174	3	गतिविधिबाट गतिविधिलाई गतिविधिसँग
2175	3	फुट्छन् फुत्कन फुल्छन्
2176	3	राख्दछन राख्दछन् राख्दैनन्
2177	3	अरुणदेखि असारदेखि असोजदेखि
2178	3	हांदुमन हात्तीबन हात्तीवान
2179	3	दक्षिणकाली दक्षिणदेखि दक्षिणबाहु
2180	3	नेतृसँग नेत्ररोग नेत्रशोथ
2181	3	बासिन्दाहरूका बासिन्दाहरूको बासिन्दाहरूले
2182	3	जनउत्थान जन्मस्थल जन्मस्थान
2183	3	अर्घखाँची अर्घाखाँचि अर्घाखाँची
2184	3	दाजुबहिनीको दिदीबहिनीको दिदीबहिनीमा
2185	3	नाइटको नाइटोको नाइटोमै
2186	3	मई माइ माई
2187	3	०२६ ०३३ ०३६
2188	3	बेरोजगारका बेरोजगारीका बेरोजगारीको
2189	3	सूत्रपात सूत्रबाट सूत्रसित
2190	3	पेन्टिङ पेन्टेड पोस्टिङ
2191	3	अर्नस्ट अर्नाल्ड अर्नोल्ड
2192	3	गृहस्थ गृहस्थी ग्राहस्त
2193	3	जोकसैले जोकोहीको जोकोहीले
2194	3	बगैँचाबाट बनेपाबाट बरफबाट
2195	3	पिरामिडलाई पुरुषत्वलाई पुरोहितलाई
2196	3	भनेजस्तै भनेजस्तो भुसजस्तो
2197	3	परिभाषाहरु परिभाषाहरू परियारहरू
2198	3	बनावट बिलायत बेलायत
2199	3	संरक्षण संरक्षित संरक्षीत
2200	3	ट्रफीको ट्राफिक ट्रामका
2201	3	मंगोलहरूका मन्दिरहरूको मन्दिरहरूमा
2202	3	तथ्यका तथ्यमा तथ्यले
2203	3	पतनसँग पनौतीसँग पामरसँग
2204	3	घिउ घ्यु घ्यू
2205	3	स्वयंसेवकले स्वयम्सेवकको स्वयम्सेवीहरू
2206	3	भन्नु भाग्नु भोग्नु
2207	3	हिँडिरहेछौँ हेरिरहेका हेरिरहेको
2208	3	मध्यकालमा मध्यभागमा मध्ययुगमा
2209	3	अर्काबाट अर्कासँग अर्कासित
2210	3	तेहृथुमको तेह्रथुमको तेह्रथुममा
2211	3	नम्बरका नम्बरको नम्बरमा
2212	3	एक एका एकै
2213	3	ब्रङ्काटो ब्रम्हाको ब्रम्हाले
2214	3	व्यापारबाट व्यापारलाई व्यायामलाई
2215	3	समन्वय समन्वित सामान्यत
2216	3	धृतराष्ट्रका धृतराष्ट्रको धृतराष्ट्रले
2217	3	गोपकपुरी गोरखपुर गोलकिपर
2218	3	डन्डी डस्टी डुन्डु
2219	3	स्वतन्त्रताका स्वतन्त्रताको स्वतन्त्रताले
2220	3	सुरुवातदेखि सुरूवातदेखि सुरूवातसँगै
2221	3	स्विस स्वीस स्वीस्
2222	3	कुकुरठाकुर कुकुरतिहार कुकुरबिटासी
2223	3	तिर्नपर्ने तिर्नुपर्छ तिर्नुपर्ने
2224	3	प्रयोगकर्ताका प्रयोगकर्ताको प्रयोगकर्ताले
2225	3	कालक्रम किलोग्राम कोलिग्राम
2226	3	प्रेमकुमार प्रेमकुमारी प्रेमपुजारी
2227	3	अपहरणका अवतरणको अवसरमुखी
2228	3	क्यानी क्यारी क्यारे
2229	3	दुवागढी दुवैजना दुहागडी
2230	3	ससुराली सिसुलुको सिसुलुले
2231	3	नक्कली नक्कले नक्काशी
2232	3	नेपाल नोबेल नोवेल
2233	3	खाँए खाई खाए
2234	3	अनगिन्ती अरविन्द अरिजिन्स
2235	3	च्याङली च्याङ्ग्रा च्याङ्ग्रे
2236	3	टर्कीको टर्कीमा टर्चका
2237	3	टाइटन टाइटल टेइजेन
2238	3	लामखुट्टेका लामखुट्टेको लामखुट्टेले
2239	3	व्याकरणका व्याकरणको व्याकरणमा
2240	3	ब्यारिमोरका ब्यारिमोरको ब्यारिमोरले
2241	3	हनुमानको हनुमानले हारमोनको
2242	3	अन्तरपार्टी अन्तरवार्ता अन्तर्वार्ता
2243	3	चलचित्रदेखि चलचित्रपछि चलचित्रहरू
2244	3	उचित उतिस उदित
2245	3	व्यक्तित्वबाट व्यक्तित्वसँग व्यस्तताबाट
2246	3	उनीबाट उसबाट उसमान
2247	3	ईश्वीमा ईस्वीका ईस्वीमा
2248	3	उत्परिवर्तनहरूका उत्परिवर्तनहरूको उत्परिवर्तनहरूमा
2249	3	चराउनेहरूको चराविद्हरूको चलाउनेहरूको
2250	3	च्यातेर च्यापेर च्योदर
2251	3	आविष्कारक आविष्कारको आविष्कारले
2252	3	कञ्चनजङ्घा कन्चनजङ्गा कन्चनजङ्घा
2253	3	लगनशीलताका लगनशीलताको लगनशीलताले
2254	3	पतञ्जलिका पतञ्जलिको पतञ्जलिले
2255	3	आगोजस्तो आदिजस्ता आफूजस्तै
2256	3	आक्रमणका आक्रमणको आक्रमणमा
2257	3	अनुभवका अनुभवको अनुभवमा
2258	3	स्टुडियोको स्टुडियोमा स्टेडियम
2259	3	एकान्तमा एजेन्डामा एथेन्समा
2260	3	अन्तक्रम अन्तक्रिया अन्तगृह
2261	3	न्याना न्यानो न्यौरा
2262	3	शिलालेखहरूको शिलालेखहरूमा शिवालयहरूको
2263	3	पृष्ठभुमि पृष्ठभूमि पृष्ठभूमी
2264	3	प्रणालिभित्र प्रदेशभित्र प्रमाणपत्र
2265	3	टेम्प्लेटको टेम्प्लेटमा टेम्प्लेटले
2266	3	चलिरहन्छ चाहनुहुन्छ चिनिनुहुन्छ
2267	3	घट्नाहरू घण्टहरू घुम्तीहरू
2268	3	शालिग्रामको शालिग्राममा शालीग्रामको
2269	3	शकहरूको शाखाहरूको शाखाहरूमा
2270	3	व्यक्तित्वका व्यक्तित्वको व्यक्तित्वमा
2271	3	विस्फोट विस्मात विस्मित्
2272	3	मुलबेखमा मूलचोकमा मूलरूपमा
2273	3	अमलाचौर अमलाहरू अमलीहरू
2274	3	म्याग्दि म्याग्दी म्याग्मा
2275	3	घडेदेखि घरदेखि घोडेदेखि
2276	3	अनुसन्धानकर्ता अनुसन्धानहरको अनुसन्धानहरूको
2277	3	वर्षपुग्दा वर्षभन्दा वर्षभित्र
2278	3	अलमल असफल अहमद
2279	3	निर्माणधीन निर्माणबाट निर्माणाधीन
2280	3	पञ्चायती पञ्चावती पद्मावती
2281	3	कम्पनीमाला कम्पनीहरु कम्पनीहरू
2282	3	भवनहरु भवनहरू भावनाहरू
2283	3	मर्नु मानिनु मार्नु
2284	3	बडापत्रको बलभद्रको बालपत्रिका
2285	3	हजारलाई हजारेलाई हजुरलाई
2286	3	यज्ञहरू याक्खाहरू याख्खाहरू
2287	3	व्यञ्जन व्यञ्जित व्यन्जन
2288	3	टक् टच टप
2289	3	आफूभित्र आफैँभित्र आफैमात्र
2290	3	जानुपर्ने जानुपर्यो जानैपर्दा
2291	3	ठकुवा ठेकुवा ठोकुवा
2292	3	नदिएसम्म नपाएसम्मै नभएसम्म
2293	3	प्रक्षालन प्रक्षेपण प्रक्षेपित
2294	3	८६१ ८८९ ८९१
2295	3	वाणिज्यको वाणिज्यमा वाणिज्यिक
2296	3	१६९को १६९मा १६९ले
2297	3	प्युठानका प्युठानको प्युठानमा
2298	3	२०१९ २०२१ २०३१
2299	3	चल्तीफिर्ती चाल्नुपर्ने चाल्नैपर्ने
2300	3	चकचकी चकचके चेचकको
2301	3	क्षुद्र क्षेत्र क्षेत्री
2302	3	ॠणको ॠणमा ॠतुमा
2303	3	सिन्कासम्म सुइँकोसम्म सुन्नेसम्म
2304	3	जन्मनुभएका जन्मनुभएकी जन्मनुभएको
2305	3	छत्रगञ्ज छत्रगन्ज छात्रसङ्घ
2306	3	०५३ ०५५ ०५६
2307	3	दिलाउँछ दिलाउँदै दिलाउने
2308	3	शितल शिथिल शीतल
2309	3	खोतल्दा खोतल्न खोतल्ने
2310	3	मुख्यतया मुख्यालय मूख्यतया
2311	3	हटाइदिए हटाइदिन हराइदिए
2312	3	क्यामरूनले क्यामेरनकै क्यामेरनले
2313	3	ल्होसारकै ल्होसारको ल्होसारले
2314	3	सरकारद्वारा सेनाहरूद्वारा सेलहरूद्वारा
2315	3	अमरपट्टी अमरशक्ति अमलपित्त
2316	3	खम्बुवानको खम्बुहोङका खम्बुहोङले
2317	3	पृष्ठहरू प्रश्नहरू प्रान्तहरू
2318	3	उल्लिखित उल्लेखित उल्लेख्य
2319	3	८९३ ८९५ ८९७
2320	3	अमरकोशका अमरकोषादि अमरगढीको
2321	3	रङ्गसँग राज्यसँग राज्यसुख
2322	3	उपाधिदेखि उपाधिसँगै उमेरदेखि
2323	3	समालोचनाका समालोचनाको समालोचनामा
2324	3	तपसीबाट तमिलबाट तवरबाट
2325	3	तुल्याएका तुल्याएको तुल्याएर
2326	3	धन धान धुन
2327	3	युरेनियमका युरेनियमको युरेनियममा
2328	3	क्यालेण्डरका क्यालेण्डरको क्यालेन्डरको
2329	3	हुँदैजान्छ हुनजान्छ हुनथाल्छ
2330	3	शक्तिबाट शब्दकोष शब्दबाट
2331	3	प्रतिबन्धित प्रतिबिम्बित प्रतिविम्बित
2332	3	उत्तरपट्ट उत्तरपट्टि उत्तराखण्ड
2333	3	१८३९ १८४५ १८४७
2334	3	अभिव्यक्तिका अभिव्यक्तिमा अभिव्यञ्जना
2335	3	लिइसकेकी लिइसकेको लिईसकेका
2336	3	प्रकाशनबाट प्रकाशनलाई प्रशासनलाई
2337	3	वास्तवमा वास्तवमै वास्तविक
2338	3	दुवैपट्टि दुवैपट्टी दुवैभन्दा
2339	3	दृश्यहरूका दृश्यहरूको दृष्यकलाको
2340	3	महाधिबेसनको महाधिवेशनमा महाधिवेशनले
2341	3	टेम्पररी टेम्पलमा टेम्पेटमा
2342	3	मानदण्ड मापदण्ड मेरुदण्ड
2343	3	इट इद इन
2344	3	घिर्नीमा घुर्रोमा घेर्दैन
2345	3	हराइरहेको हराइसकेकी हराइसकेको
2346	3	मृत्युतुल्य मृत्युदण्ड मृत्युसम्म
2347	3	क्विन्सल्याण्ड क्विन्सल्यान्ड क्वीन्सल्यान्ड
2348	3	घट्टामा घण्टाको घण्टामा
2349	3	साधरणतया साधारणतया साधारणदेखि
2350	3	ब्रतालुहरूले ब्रिटिसहरूको ब्रिटिसहरूले
2351	3	गरिबक्सी गरिरख्न गरिसक्ने
2352	3	वल्टर वाल्टर वेल्थले
2353	3	पीठद्वारा पुरीद्वारा पुलद्वारा
2354	3	आक्रमणकाल आक्रमणबाट आक्रमणलाई
2355	3	घोडगधा घोडचढी घोडाघोडी
2356	3	शपथ शमन शामिल
2357	3	नगरपालिकाका नगरपालिकाको नगरपालिकामा
2358	3	विद्धमान विद्यमान वेद्यनाथ
2359	3	ठटालको ठमेलकी ठमेलमा
2360	3	घिमिरेका घिमिरेको घिमिरेले
2361	3	प्रबन्धकहरू प्रमण्डलहरू प्रशंसकहरू
2362	3	३०३ ३०७ ३१०
2363	3	वेबसाइट वेभसाइट वेवसाइट
2364	3	खुलाउन खुवाउन खेलाउन
2365	3	नामकरणको नामाकरणका नामाकरणको
2366	3	फ्रि फ्री फ्लि
2367	3	अंशहरू अङ्कहरू अङ्गहरू
2368	3	आन्द्राको आन्द्रामा आन्ध्रको
2369	3	गरिदिनु गरीदिनु गर्दिनु
2370	3	टाइनी टाइम टाइला
2371	3	पढ्नुभयो पाउनुभयो पुग्नुभयो
2372	3	राजतन्त्रको रामचन्द्रको रामयन्त्रको
2373	3	व्यवस्थापन व्यवस्थाबाट व्यवस्थालाई
2374	3	पदयात्राको परमात्माको पिडियाट्रिक
2375	3	नमक्कल नामाङ्कन नामाङ्कित
2376	3	काभ्रेपलाञ्चोक काभ्रेपलान्चोक काभ्रेपलाल्चोक
2377	3	फाइलहरुलाई फिल्महरूलाई फ्यानहरूलाई
2378	3	पञ्चेबाजाको पञ्चेबाजामा पञ्चेबाजाले
2379	3	अपाङ्ग अलग्गै अलङ्ग
2380	3	मुसलमानका मुसलमानको मुसलमानले
2381	3	राजमार्ग रुघामार्गी रेलमार्ग
2382	3	आजभन्दा आफुभन्दा आफूभन्दा
2383	3	जिइन जिउन जिउस
2384	3	अर्थव्यवस्थाका अर्थव्यवस्थाको अर्थव्यवस्थामा
2385	3	उपभोक्ताहरूलाई उपलब्धिहरूलाई उपलब्धिहरूसँग
2386	3	सकाएपछि सकिएपछि सेलाएपछि
2387	3	अमेरिकाबाट अमेरिकालाई अमेरिकासँग
2388	3	बढाउनुपर्ने बनाउनुपर्ने बिताउनुपर्यो
2389	3	आगमनबाट आगमनलाई आचरणबाट
2390	3	राणाकालिन राणाकालीन राणाशासन
2391	3	अलर्टमा अवार्डको अवार्डमा
2392	3	एआइएफका एपीएफका एफएमको
2393	3	मृत्युदण्डको मृत्युसम्मका मृत्युसम्मको
2394	3	नख्खी निक्की निक्कै
2395	3	दबाउन दमाईं दिलाउन
2396	3	उपचारबाट उपचाररत उपनामबाट
2397	3	रिलिज रिसिङ रेलिङ
2398	3	साई सुई सोई
2399	3	कारणमध्ये किरणभन्दा किरणमात्रै
2400	3	स्मरणमा स्मरणिय स्मरणीय
2401	3	हड्तालको हड्तालमा हत्केलामा
2402	3	धुमधामसँग धुमधामसित धूमधामसँग
2403	3	छुट्याउँन छुट्याउन छोट्याउन
2404	3	रहँदैनन् रहनेछन् रहनेछैन्
2405	3	चरित्रको चरित्रमा चरित्रले
2406	3	क्याप्टेन क्याम्पस क्याम्पेन
2407	3	लिच्छविकालभन्दा लिच्छविकालसम्म लिच्छवीकालभन्दा
2408	3	विद्यार्थीको विद्यार्थीले विध्यर्थक
2409	3	चिनिन्छन् चिनिन्छिन् चुनिन्छन्
2410	3	जर्मनबाट जर्मनीबाट जर्मनीसँग
2411	3	अन्नपुर्णाको अन्नपूर्णको अन्नपूर्णले
2412	3	आइपिले आइपीले आइभरी
2413	3	नदीसँग नीतिसँग नेतासँग
2414	3	जंकोट जङ्कोट जङ्कोत
2415	3	घुरिएको घेरिएका घेरिएको
2416	3	अगुवा अथवा अदुवा
2417	3	टनिकको टेनिसका टेनिसको
2418	3	व्यवस्थापक व्यवस्थापिका व्यवस्थामाथि
2419	3	प्रचलितभन्दा प्रतिशतभन्दा प्रतिशतसम्म
2420	3	त्रिपाठी त्रिबेनि त्रिवेणी
2421	3	बाइट बाइस २२
2422	3	मन्त्रिपरिषद मन्त्रिपरिषद् मन्त्रीपरिषद्
2423	3	अदृश्य अदृष्ट अदृष्य
2424	3	छुटाउँदै छुटाउने छेडाउने
2425	3	दिनुपर्दछ दिनुपर्दैन दिनुपर्नेछ
2426	3	चतुर्थ चतुर्थी चौतर्फी
2427	3	वर्जिनिया वर्णनमा वर्णमाला
2428	3	अध्ययनबाट अध्ययनलाई अध्ययनशील
2429	3	आकशमण्डलको आकाशमण्डलको आकाशमण्डलमा
2430	3	ठग्दा ठग्न ठाक्तो
2431	3	चढाउँछन् चढाएछन् चलाउँछन्
2432	3	२००१को २००८को २००८मा
2433	3	ज्ञानका ज्ञानको ज्ञेयको
2434	3	लिङ्कहरूमा लिम्बुहरूको लिम्बूहरूमा
2435	3	समस्याहरूलाई सामग्रीहरूबाट सामग्रीहरूलाई
2436	3	१४८४ १४८५ १५८२
2437	3	प्रबन्धन प्रमण्डल प्रवन्धन
2438	3	उपनयन उपनिषद् उपनेखत
2439	3	इजाजतमा इमाडोलमा इमेजिनमा
2440	3	क्यारेट क्यारोल क्यासेट
2441	3	लट्टुको लठ्ठीको लप्सीको
2442	3	डल्फिन डाल्टन डेन्टल
2443	3	एएनसीका एएनसीको एएनसीले
2444	3	फक्स फिक्स फोक्सो
2445	3	पश्चिम पश्चिमा पश्चिमी
2446	3	अमलाहरूको असरहरूको असुरहरूको
2447	3	अक्षरबाट अङ्गसमेत अञ्चलबाट
2448	3	नचिन्नु निकाल्नु निकाल्नुस्
2449	3	कमर्स कामार्त किबोर्ड
2450	3	पुष्पलालका पुष्पलालको पुष्पलालले
2451	3	यहुदीहरूलाई यहुदीहरूसँग योजनाहरूलाई
2452	3	जटिलताहरूलाई जटिलताहरूसँग जडिबुटीहरूलाई
2453	3	शिलारहेको शिलालेखको शिलालेखमा
2454	3	ज्योतिषहरूको ज्योतिषीहरूको ज्योतिषीहरूले
2455	2	कवितासंग्रह कवितासङ्ग्रह
2456	2	विजयनगर विराटनगर
2457	2	उम्मेद्वार उम्मेद्वारी
2458	2	बटुवालाई बिरुवालाई
2459	2	झुसले झोलले
2460	2	पाउनुपर्छ पिउनुपर्छ
2461	2	जनमतसंग्रह जनमतसङ्ग्रह
2462	2	दोस्रीको दोस्रोको
2463	2	ओकिफीको ओगटेको
2464	2	गाइजात्रामा गाईजात्राको
2465	2	बिरयानी बुनियादी
2466	2	महिनाहरूमध्ये मामिलाहरूमध्ये
2467	2	पदाधिकारीहरूको पदाधिकारीहरूले
2468	2	अविद्या अहिल्या
2469	2	च्याटिङ च्यासिङ
2470	2	ढोडेनी ढोढरी
2471	2	उद्देश्यबाट उद्देश्यलाई
2472	2	लसीकार्बुदको लसीकार्बुदले
2473	2	खादैनन् खोलेनन्
2474	2	दबावदेखि दोभानदेखि
2475	2	भएकाहरूका भएकाहरूले
2476	2	छतिउन छानिइन्
2477	2	हिमनदीबाट हिमालयबाट
2478	2	यतातिर यहाँनिर
2479	2	दृश्यहरूलाई दृष्यहरूलाई
2480	2	दिलाइयो दिलाएका
2481	2	खेलाडिहरू खेलाडीहरू
2482	2	तोकिबक्सेका तोकिबक्सेको
2483	2	लड्यौँ लुट्यो
2484	2	भनेछन् भनेनन्
2485	2	नजरबन्दबाट नजरबन्दीबाट
2486	2	कर्जन्हा किर्कौंला
2487	2	पाटलिपुत्र पाटलीपुत्र
2488	2	लकडीदेखि लहरादेखि
2489	2	१११ ११८
2490	2	एकताबद्ध एकतावद्ध
2491	2	महाद्वीपलाई महाद्वीपसँग
2492	2	बहुमुल्य बहुमूल्य
2493	2	भिन्नभिन्न भिन्नाभिन्नै
2494	2	जमुनावादी जामुनखाडी
2495	2	घुम्रिएका घुम्रिएको
2496	2	ओथारो ओभानो
2497	2	कुमछिर्के कुमधर्के
2498	2	गोपिकृष्ण गोपीकृष्ण
2499	2	बझाङ्ग बझाङ्गी
2500	2	उनीद्वारा उनैद्वारा
2501	2	१सय १००
2502	2	भ्रष्टचार भ्रष्टाचार
2503	2	कर्मकाण्डमा कर्मकाण्डले
2504	2	संलग्नताले सङ्लग्नतामा
2505	2	मार्गबाट मार्गवाट
2506	2	पुत्रादिका पुत्रादिको
2507	2	पाठकसमेत पार्कसमेत
2508	2	ज्यादाजसो ज्यादातर
2509	2	राज्यकेन्द्र राज्यमन्त्री
2510	2	भ्याकुर भ्यागुतो
2511	2	ताररहित तेलरहित
2512	2	कम्प्युटरहरूका कम्प्युटरहरूले
2513	2	पाङ्ग्रा पाङ्ग्रे
2514	2	एमजिएमको एमजिएमले
2515	2	तल्सीपुरको तुल्सीपुरले
2516	2	इगोर इयर
2517	2	टाउका टाउको
2518	2	कुमारबहादुर केशरबहादुर
2519	2	पक्राउ पक्राऊ
2520	2	एबर्ट एयर्स
2521	2	इतिहासकार इतिहासहरू
2522	2	पिशाब पिसाब
2523	2	गोबर्धन गोवर्धन
2524	2	देखाइदिने देखाउँदैन
2525	2	स्थानीयवासीहरूको स्थानीयवासीहरूले
2526	2	केन्द्रबिन्दु केन्द्रविन्दु
2527	2	घ्याम्पे घ्याम्पो
2528	2	युआरएलको युआरएलमा
2529	2	चैतसम्मको चैतसम्ममा
2530	2	प्रतिक्रियावादी प्रतिक्रियाहरू
2531	2	आख्यान आह्वान
2532	2	ठेगानाको ठेगानामा
2533	2	ज्यापु ज्यापू
2534	2	लक्ष्मीको लक्ष्यको
2535	2	गजेन्द्र गेहेन्द्र
2536	2	परिस्कृत पुरस्कृत
2537	2	बासिन्दाबाट बासिन्दालाई
2538	2	गन्तव्यको गन्तव्यले
2539	2	निरक्षरता निरन्तरता
2540	2	कुश्मा कुस्मा
2541	2	अर्द्योष्ण अर्धउष्ण
2542	2	टेकबहादुर टोपबहादुर
2543	2	भारतभन्दा भारतमित्र
2544	2	फाल्नु फुल्नु
2545	2	याक्खा याख्खा
2546	2	खम्बुवान खम्बुहोङ
2547	2	निकाल्नुभएको निभाउनुभएको
2548	2	समस्याबाट समस्यालाई
2549	2	१७६९ १८६९
2550	2	गुज्रिरहेका गुज्रिरहेको
2551	2	टुँडालहरूमा टुँडालहरूले
2552	2	१९९२मा १९९४मा
2553	2	राज्यपाल राज्यबाट
2554	2	उत्तरहरूलाई उत्पातीहरूलाई
2555	2	बनाउनेसम्म बलिउडसम्म
2556	2	प्याक्स प्याच्चै
2557	2	उद्देश्य उद्धेश्य
2558	2	लोहोरुङ लोहोरुङ्
2559	2	यहुदी यहूदी
2560	2	ऋषिमुनिका ऋषिमुनिले
2561	2	तेत्तरिया तैत्तिरीय
2562	2	मुख्तियार मुख्तियारी
2563	2	भनिदिए भरिदिए
2564	2	जडबुद्ध जनयुद्ध
2565	2	समाजशास्त्रमा समाजशास्त्रीय
2566	2	प्रत्यक्षबाट प्रत्याक्रमण
2567	2	अन्तरकलह अन्तरगतको
2568	2	ढोकाभित्रको ढोङभित्रको
2569	2	उत्तमतरको उत्तरतिरको
2570	2	फाल्गुण फाल्गुन
2571	2	अतिउत्तम अत्युत्तम
2572	2	उर्वर उर्वरा
2573	2	वार्डद्वारा वार्ताद्वारा
2574	2	बालबालिकाका बालबालिकाको
2575	2	नेल्सनको नेल्सनले
2576	2	दिनुहुन दिनुहोस्
2577	2	बङ्गलादेशबाट बङ्गलादेशलाई
2578	2	आर्थर आर्थिक
2579	2	भायलिन भायोलिन
2580	2	१०२४ १०२५
2581	2	गोर्खालीहरूको गोर्खालीहरूले
2582	2	पर्वतराज पर्वतसँग
2583	2	पक्षपाती पक्षबारे
2584	2	सिलोङ सैलुङ
2585	2	भन्नेकुरा भन्नेहरू
2586	2	रत्ननगर रत्नसागर
2587	2	झल्कने झल्किने
2588	2	सङ्क्रान्ति सम्भ्रान्त
2589	2	सेँसिस ३७
2590	2	आजिवन आजीवन
2591	2	अनिरुद्ध अवरुद्ध
2592	2	ट्युमरको ट्यूडरको
2593	2	हुनुहुन्छ हुनुहुन्न
2594	2	स्थितिदेखि स्थितिमाथि
2595	2	भाटभटेनी भोजभतेर
2596	2	गोरखनाथबाट गोरखनाथलाई
2597	2	मस्तिष्कको मस्तिष्कमा
2598	2	हत्या हथुआ
2599	2	फक्षेन फिक्सन
2600	2	दरबारसँगको दलहरुसँगको
2601	2	युनानी यूनानी
2602	2	धुबरी धोबिनी
2603	2	टाट्नो टाल्ने
2604	2	टुर्नामेन्टमा टूर्नामेन्टको
2605	2	हस्तक्षेपका हस्तक्षेपको
2606	2	अनिष्टकार अनिष्टकारी
2607	2	गर्नुहुँदैछ गर्नुहुनेछ
2608	2	मन्दिरहरूभन्दा मन्दिरहरूमध्ये
2609	2	पूजाआजाका पूजाआजाको
2610	2	धिमाल धियाल
2611	2	नरहोस् नलागोस्
2612	2	एनआरएनको एमएनएसका
2613	2	सरसफाइ सरसमान
2614	2	नखानुहोस् नदिनुहोस्
2615	2	गराउँछन् गराउँथिन्
2616	2	अधिराज्यभर अधिराज्यमाथि
2617	2	अयोध्याको अयोध्यामा
2618	2	त्यसकारण त्यसैकारण
2619	2	भुपालेन्द्र भूपतिन्द्र
2620	2	मम्मट मम्लस
2621	2	श्वास श्वेत
2622	2	बनर्जी बहर्गा
2623	2	फिल्माउन फैल्याउन
2624	2	परम्पराहरूको परम्पराहरूमा
2625	2	अध्यक्षताबाट अध्यक्षसमेत
2626	2	डराउँछन् डाराउँछन्
2627	2	मान्थ्यो मिल्थ्यो
2628	2	अनिवार्य अनुवर्ग
2629	2	सदुपयोग सर्पयोग
2630	2	चापागाईँका चापागाउँमा
2631	2	लक्ष्मण लक्ष्मन
2632	2	शक्कोदन शुक्कोदन
2633	2	चरितार्थ चारैतर्फ
2634	2	डिस्कमा डेस्कमा
2635	2	मेलबर्नको मेलबर्नमा
2636	2	०३ ०७
2637	2	राखिदिएका राखिदिएको
2638	2	खानयोग्य खेतीयोग्य
2639	2	ट्रान्सफर्मरको ट्रान्सफर्मरले
2640	2	महत्तम महोत्तरी
2641	2	निट्टल निष्फल
2642	2	घन घुन
2643	2	परशुरामलाई परशुरामसँग
2644	2	ट्रेड ट्रेल
2645	2	विरन्द्रनगर वीरेन्द्रनगर
2646	2	उत्परिवर्तन उत्परिवर्तित
2647	2	फकाउन फुकाउन
2648	2	चेन्नइ चेन्नई
2649	2	सकरात्मक सकारात्मक
2650	2	अन्टार्क्टिक अन्टार्क्टिका
2651	2	दुश्मन दुस्मन
2652	2	योजनाबाट यौवनबाट
2653	2	तपाईँहरू तलाउहरू
2654	2	मुख्यालयमा मुख्यालयले
2655	2	तलबमान तलवमान
2656	2	५८५ ५८६
2657	2	भिक्षा भिक्षु
2658	2	बिग्रन बिग्रिन
2659	2	९११ ९८१
2660	2	विवि वेव
2661	2	किराँतकालतिर किराँतकालदेखि
2662	2	बुड्सले बुद्धले
2663	2	बन्टिङ बिल्डिङ
2664	2	चमत्कार चमत्कारी
2665	2	मुखपट्टिबाट मुखभित्रबाट
2666	2	समेट्दछन् समेट्नेछन्
2667	2	छाकमात्र छोडपत्र
2668	2	त्रासहरू त्रुटिहरू
2669	2	ड्राइवको ड्राइवर
2670	2	चित्रकथाहरू चिप्लेकीराहरू
2671	2	तपोभूमि तपोभूमी
2672	2	धनुषबाट धनुषवाण
2673	2	छानामुनि छानामुनी
2674	2	तुषारा तुषारो
2675	2	उत्कर्षका उत्कर्षको
2676	2	अवधूत अवरोध
2677	2	शिष्ट शिष्य
2678	2	डेढदेखि डेनदेखि
2679	2	फुर्सदको फुर्सदमा
2680	2	एन्जल्स एन्जिल्स
2681	2	चिकित्साशास्त्र चिकित्साशास्त्री
2682	2	डाङाजीको डाङापाको
2683	2	खलङ्गाको खलङ्गामा
2684	2	खलङ्गाबाट खलङ्गालाई
2685	2	अकुत अटुट
2686	2	कठ्याङ्ग्रिएको कठ्याङ्ग्रिएर
2687	2	ब्राउजरको ब्राउजरले
2688	2	आइपर्ने आइपर्यो
2689	2	रुम्जाटारमा रूम्जाटारमा
2690	2	कथासंग्रह कथासङ्ग्रह
2691	2	आरामदेह आरामशाह
2692	2	बाटामुनि बोटमुनि
2693	2	फेब्रुअरि फेब्रुअरी
2694	2	पहिलापहिला पहिलेपहिले
2695	2	सम्बन्धबाट सम्बन्धलाई
2696	2	काँधचन्द्र कुलचन्द्र
2697	2	क्षेत्राधिकार क्षेत्रानुसार
2698	2	१०१३ १०१७
2699	2	आधारहरूलाई आरोहीहरूलाई
2700	2	सेक्टेम्बरको सेप्टेम्बरमा
2701	2	जेक्लर जोक्लर
2702	2	इन्द्रजात्रा इन्द्रवज्रा
2703	2	मनोनितहरू मनोरथहरू
2704	2	पुग्दासम्म पुस्तासम्म
2705	2	बज्रचार्य बज्राचार्य
2706	2	चासुवा चितुवा
2707	2	ब्यारिमोर ब्यारीमोर
2708	2	योलङ्गु यौनाङ्ग
2709	2	श्रद्धानुसार श्रद्धालुहरू
2710	2	ब्रम्हज्ञान ब्रम्हस्थान
2711	2	स्थायी स्नायु
2712	2	खलंगा खलङ्गा
2713	2	सासाराम सीताराम
2714	2	विद्याभुषण विद्याभूषण
2715	2	बङ्गलादेशको बङ्गलादेशमा
2716	2	मुरिमुरी मुरीमुरी
2717	2	कार्यकर्ताहरूको कार्यकर्ताहरूले
2718	2	मर्यादाका मर्यादाको
2719	2	२०७०को २०७०मा
2720	2	डनलाई डाटालाई
2721	2	झन्कन्छ झिम्कन्छ
2722	2	जन्माउनु जन्माउने
2723	2	अनुवर्गसूची अनुवर्णसूची
2724	2	प्रेरणादाता प्रेरणादायी
2725	2	पराकाष्ठा पिराजस्तो
2726	2	खुम्चिएको खुम्चिएर
2727	2	आश्रमलाई आश्रयलाई
2728	2	अकसा अखडा
2729	2	बमोजिम बमोजिम़
2730	2	ट्याङ्कले ट्याम्बोले
2731	2	साम्य सौम्य
2732	2	आवश्यकताका आवश्यकताको
2733	2	तुकरको तुगलक
2734	2	आक्रमणकारी आक्रमणपछि
2735	2	आरुबखडा आरुवखडा
2736	2	स्याङ्जाको स्याङ्जामा
2737	2	पड्काएर पल्टाएर
2738	2	नगर्नु नमार्नु
2739	2	हात्तीहरूलाई हाम्राहरूलाई
2740	2	वासपेन्टिङको वासपेन्टिङमा
2741	2	थाल्दा थाल्न
2742	2	अपकृत्यको अपकृत्यमा
2743	2	डाँडागाउँ डेढगाउँ
2744	2	आउनुभएकी आउनुभएको
2745	2	लिच्छबीहरूले लिच्छवीहरूले
2746	2	गुप्तबास गुप्तवास
2747	2	५७६ ५७७
2748	2	हेल्सिओनको हेल्सिओनले
2749	2	दर्शनार्थ दर्शनार्थी
2750	2	कुभिण्डे कुभिन्डे
2751	2	रसायनहरूको रसायनहरूले
2752	2	आत्म आत्मा
2753	2	सुपरस्टारको सुपरस्टारमा
2754	2	उमेरसँग उमेशसँग
2755	2	लम्बाइ लम्बाई
2756	2	टेम्पलेटलाई टेम्पलेटसँग
2757	2	अनुपस्थितिमा अनुपस्थितिले
2758	2	अघि अझै
2759	2	बरखास्त बर्खास्त
2760	2	ज्ञानहरू ज्यापुहरू
2761	2	बन्दीपुर बस्तीपुर
2762	2	नारायणनले नारायणहिटी
2763	2	समशितोष्ण समशीतोष्ण
2764	2	लालिगुराँस लालीगुँरास
2765	2	हाँस्यकलाकार हास्यकलाकार
2766	2	फर्कन्छन् फर्किन्छन्
2767	2	पग्लन पेक्रिन
2768	2	अपभ्रंश अपभ्रंस
2769	2	रहनुभएका रहनुभएको
2770	2	२००१ २००८
2771	2	थारुवान थेरवाद
2772	2	लाइक लाईक
2773	2	वित्तिय वित्तीय
2774	2	तहसम्मका तहसम्मको
2775	2	जस्तासुकै जस्तोसुकै
2776	2	काव्यको काव्यमा
2777	2	युकेश योगेश
2778	2	अमरपुर अमरभुमी
2779	2	राजनीतिज्ञहरूका राजनीतिज्ञहरूको
2780	2	आँकुरा आँकुरो
2781	2	म्यान्स म्याप्स
2782	2	अत्रि अत्री
2783	2	तर्नु तिर्नु
2784	2	यात्राहरू यात्रुहरू
2785	2	अर्घाखाँचिमा अर्घाखाँचीको
2786	2	पञ्चाङ्गका पञ्चाङ्गको
2787	2	ईश ईश्
2788	2	मातृभूमिका मातृभूमिको
2789	2	पर्नुपर्ने पार्नुपर्ने
2790	2	नक्कलीको नक्सालको
2791	2	टिप्पणीहरूमा टिप्पणीहरूले
2792	2	सिमान्तकृत सीमान्तकृत
2793	2	बार्सिलोना बार्सेलोना
2794	2	शिश्वाको शिष्यको
2795	2	विद्वान विद्वान्
2796	2	जलक्षेत्र जैवक्षेत्र
2797	2	रघुवीर रणवीर
2798	2	पुनर्निर्माण पुनर्निर्मित
2799	2	घाँम घाम
2800	2	समुद्रकुमारीको समुद्रकुमारीले
2801	2	तर्कद्वारा तिनकाद्वारा
2802	2	श्रापबाट श्रेणीबाट
2803	2	हताहत हिपहप
2804	2	डाइन डाउन
2805	2	स्लिम स्लेम
2806	2	समातिन्छ समातिन्थे
2807	2	अधिकाङ्श अधिकाम्स
2808	2	अविष्कार अविस्कार
2809	2	भाषणशास्त्र भौतिकशास्त्री
2810	2	आधारशिला आधारशीला
2811	2	व्यक्तिलाई व्यङ्गलाई
2812	2	विसर्जन विसर्जित
2813	2	सामग्रीबाट सामग्रीलाई
2814	2	आयोजनाबाट आयोजनालाई
2815	2	दुईटैका दुईटैको
2816	2	नक्षत्र नक्षेत्र
2817	2	खुकुरी खुकुलो
2818	2	पुनर्स्थापन पुनर्स्थापित
2819	2	निरंकुश निरङ्कुश
2820	2	गन्धर्व गान्धर्व
2821	2	पाण्डवराज पाण्डवलाई
2822	2	तालसँग तेजसँग
2823	2	पिपलकोटको पिपलटारका
2824	2	गाईवस्तुका गाईवस्तुले
2825	2	आज्ञापत्र आत्माभित्र
2826	2	अर्जेन्टिना अर्जेन्टिनी
2827	2	ढाक्दछ ढाक्नको
2828	2	भविष्यको भविष्यमा
2829	2	सिकाइदिनुहोला सुनाइदिनुहोला
2830	2	मरेपछि मिलेपछि
2831	2	प्रयोगकर्तालाई प्रयोगकर्तासँग
2832	2	मकालु मायालु
2833	2	कठिनाइहरूका कठिनाइहरूको
2834	2	रस्टी रुष्ट
2835	2	म्यानचेष्टर म्यानचेस्टर
2836	2	धर्मदासलाई धर्मनाथलाई
2837	2	इजिप्टका इजिप्टमा
2838	2	२२९ २४९
2839	2	चिन्नेबास चिम्नीबाट
2840	2	असंख्य असङ्ख्य
2841	2	अगुवाको अदुवाको
2842	2	डुवर्सको डुवर्समा
2843	2	मछिन्द्र महेन्द्र
2844	2	रेकर्डबाट रेकर्डसँग
2845	2	कमलपित्तको कमलपित्तमा
2846	2	ओलम्पिक ओलिम्पिक
2847	2	पाकिस्तानबाट पाकिस्तानसँग
2848	2	क्यालेण्डर क्यालेन्डर
2849	2	माथिल्ला माथिल्लो
2850	2	बानेश्वरकी बानेश्वरमा
2851	2	कार्यालयहरूको कार्यालयहरूमा
2852	2	भण्डारण भन्डारण
2853	2	छापाखानामा छापाखानाले
2854	2	बहुमतलाई बहुमतसँग
2855	2	डिष्ट्रिब्युटर्स डिस्ट्रिब्युटर्स
2856	2	दृश्यहरू दृष्यहरू
2857	2	थुम्कामा थुम्कोमा
2858	2	मानार्थ माफर्त
2859	2	कल्प्यो कुल्च्यो
2860	2	विभेदयुक्त विशेषायुक्त
2861	2	ईसाइ ईसाई
2862	2	गाउँछन् गाउँछिन्
2863	2	मनस्थितिका मनस्थितिको
2864	2	धनराशि धनराशी
2865	2	तङ्जावुर तञ्जावुर
2866	2	भ्रान्त भ्रान्ति
2867	2	प्रतिष्ठानद्वारा प्रोडक्सनद्वारा
2868	2	अत्यन्त अत्यन्तै
2869	2	दरबारक्षेत्र दरवारक्षेत्र
2870	2	सम्राट सम्राट्
2871	2	चतुर्युगी चातुर्यका
2872	2	ठप ठैब
2873	2	हकहितका हकहितको
2874	2	मिक्षेन मिक्सिङ
2875	2	काव्यात्मक क्रियात्मक
2876	2	अज्ञातवासका अज्ञातवासमा
2877	2	नाफामुलक नाफामूलक
2878	2	पठाइसकेको पढाइसकेका
2879	2	हुकाम हुकुम
2880	2	महर्षि महिर्शि
2881	2	ट्रामहरू ट्रेनहरू
2882	2	पहुँचसम्मको पहुँचसम्ममा
2883	2	फन्टबाट फन्दाबाट
2884	2	कार्यहरूद्वारा कौरवहरूद्वारा
2885	2	समयअघि समय्बजि
2886	2	श्रीकृष्णलाई श्रीकृष्णसँग
2887	2	पछिल्ला पछिल्लो
2888	2	शिक्षण शिक्षित
2889	2	धर्मावलम्बीहरूका धर्मावलम्बीहरूको
2890	2	पोर्चुगलका पोर्चुगलको
2891	2	१००१ १००८
2892	2	मान्यताहरूका मान्यताहरूको
2893	2	गाउँबाटै गाउँमाथि
2894	2	एकाइ एकाई
2895	2	निबन्धकार निबन्धहरू
2896	2	टंगाल टङ्गाल
2897	2	ठोक्काएर ठोक्किएर
2898	2	दक्षिणकालीको दक्षिणतिरको
2899	2	नियन्त्रण नियन्त्रित
2900	2	हिँड्नु हिड्नु
2901	2	जनसङ्ख्यालाई जनसङ्ख्यासँग
2902	2	जीवमाथि जीववादी
2903	2	उसँग ऊसँग
2904	2	ज्येष्ठ ज्येष्ठा
2905	2	निम्बार्काचार्यको निम्बार्काचार्यले
2906	2	आइसिसि आइसिसी
2907	2	ओलिच ओलिभ
2908	2	मण्डलद्वारा मिल्टनद्वारा
2909	2	छटपटीहरूलाई छोडिजानेहरूलाई
2910	2	हाँसो हाँसौँ
2911	2	गिरावटका गिरावटले
2912	2	तन्त्रशास्त्रका तन्त्रशास्त्रमा
2913	2	फ्रान्सिस्का फ्रान्सिस्को
2914	2	अभयदान अभयराज
2915	2	इन्फरमेसन इन्फर्मेसन
2916	2	अक्याडमिमा अक्याडेमिया
2917	2	परिमाणभन्दा पहिरनभन्दा
2918	2	तानाशाह तानाशाही
2919	2	लिच्छवि लिच्छवी
2920	2	आधिपत्य आभिजात्य
2921	2	कब्जियतको कब्जियतमा
2922	2	झाल झोल
2923	2	महत्त्वपूर्ण महत्वूपर्ण
2924	2	अत्याचार अस्वीकार
2925	2	चेतावनी चेवावनी
2926	2	इन्द्रायणी इन्द्रावती
2927	2	पराक्रमबाट परीक्षणबाट
2928	2	द्वन्द द्वन्द्व
2929	2	तिब्बतीहरूको तिब्बतीहरूले
2930	2	ऐतिहासिकता औपचारिकता
2931	2	अनन्तर अलस्टर
2932	2	करोडौं कैलेडन
2933	2	नरदेव नरदेवी
2934	2	अष्ट्रिया अस्ट्रिया
2935	2	मनाइन्छ मिलाइन्छ
2936	2	एन्थनी एन्थोनी
2937	2	त्यसभन्दा त्यहाँभन्दा
2938	2	स्पन्दनको स्पेल्डिङको
2939	2	३९२ ३९४
2940	2	जनकपुरको जनकपुरमा
2941	2	वंशावलीहरूमा वंशावलीहरूले
2942	2	नोभेम्बरको नोभेम्बरमा
2943	2	संक्षिप्त सङ्क्षिप्त
2944	2	दिनुभएको दिनुभएन
2945	2	भवनहरूलाई भारदाहरूलाई
2946	2	खेलिन्छ खोलिन्छ
2947	2	हाइस्कूलबाट हाईस्कुलबाट
2948	2	लखनउमा लखनऊमा
2949	2	उत्साह उत्साही
2950	2	यम्फु याम्फे
2951	2	लाइनबाट लाइनेटेड
2952	2	मांशपेसी मांसपेशी
2953	2	नारायणको नारायणीमा
2954	2	जुलुस जुलूस
2955	2	शासनकालपछि शासनकालभर
2956	2	शुद्धोधनका शुद्धोधनको
2957	2	सच्याउनको सिध्याउनको
2958	2	सर्वसाधारणबाट सर्वसाधारणलाई
2959	2	अबाउट अमाइड
2960	2	एकिकरण एकीकरण
2961	2	कुवा कौवा
2962	2	तरेपछि तातेपछि
2963	2	ढाकिएका ढाकिएको
2964	2	गरिहाल्छ गरिहाल्न
2965	2	राजकुमारको राजकुमारले
2966	2	चुडानाथ चेतनाथ
2967	2	बिग्रिन्छन् बेग्लिन्छन्
2968	2	सिद्धदूत सिद्धपीठ
2969	2	यमुनालाई योजनालाई
2970	2	आत्मविश्वासका आत्मविश्वासको
2971	2	ढिकुरा ढुकुर
2972	2	जिल्लाभित्रका जिल्लाभित्रको
2973	2	जनआन्दोलनबाट जनआन्दोलनलाई
2974	2	उपन्यासकारका उपन्यासकारले
2975	2	ज्यामरुङमा ज्योमोलाङमा
2976	2	अपहरण अपहरित
2977	2	दर्शाउँदै दर्साउँछ
2978	2	शमशेरजस्तै शमशेरभन्दा
2979	2	प्रचारप्रसारको प्रचारप्रसारमा
2980	2	डिलन डिलेट
2981	2	जेएच जेएस
2982	2	सुर्खेतबाट स्वर्गसमान
2983	2	सगरमाथाको सतहमाथिको
2984	2	इगत इगल
2985	2	हालिन्छ हेरिन्छ
2986	2	ब्याचहरू ब्याजदर
2987	2	गणराज्यका गणराज्यको
2988	2	हप्तासम्म हुम्लासम्म
2989	2	मण्डलहरू मन्दिरहरू
2990	2	परशुरामजीले परशुरामपुर
2991	2	भू भो
2992	2	दिक्षान्त दीक्षान्त
2993	2	लिम्बु लिम्बू
2994	2	१७४ १७५
2995	2	दैत्यहरूको दैत्याकारको
2996	2	फरहान फलवान्
2997	2	भाँडाकुँडा भाँडाकुडा
2998	2	ठिक्क ठेक्का
2999	2	चुचुरामा चुचुरोको
3000	2	धनुषहरूको धनुषहरूमा
3001	2	अनुष्टुप अनुष्टुप्
3002	2	रसायनशास्त्रका रसायनशास्त्रमा
3003	2	आइएफएस आईएसएस
3004	2	खिल्ली खुल्ला
3005	2	अभद्र अभिन्न
3006	2	इन्डोनेसियन इन्डोमलायन
3007	2	भेटिरहेको भोगिरहेका
3008	2	घटाइनेछ घटाउनको
3009	2	ताइवानमा ताईवानमा
3010	2	काबाएरोको काबाएरोले
3011	2	झाडग्राम झारग्राम
3012	2	रङ्गनाथ रङ्गभेद
3013	2	यु२३५ यु२३८
3014	2	टाइ टाउ
3015	2	चुनाव चुनावी
3016	2	मापदण्डका मापदण्डको
3017	2	इन्द्रकील इन्द्रजीत
3018	2	देवगृहको देवगृहमा
3019	2	अप्रिलदेखि अस्तिनैदेखि
3020	2	शुभफलको शुभफलमा
3021	2	अनुबन्ध अरूभन्दा
3022	2	उमामहेश्वरकै उमामहेश्वरको
3023	2	एलएलबीसम्म एसएलसीसम्म
3024	2	वल्डकपको वल्डकपमा
3025	2	भूबनोट भूबनौट
3026	2	विद्यार्थि विद्यार्थी
3027	2	गवर्नरका गोवर्धनको
3028	2	नपरिरहेको नबनिसकेका
3029	2	विद्यालयबाट विद्यालयलाई
3030	2	छुवाछुतका छुवाछुतको
3031	2	ढाँचालाई ढाडलाई
3032	2	१७७७ १८७७
3033	2	अस्ट्रेलियादेखि अस्ट्रेलियालीका
3034	2	नातेदारलाई नातेदारसँग
3035	2	बहुदल बहुमत
3036	2	सूर्यपुत्र सूर्यभक्त
3037	2	झिकाई झुकाउ
3038	2	दुःखद दुःखद्
3039	2	आर्यावर्तका आर्यावर्तले
3040	2	उतिबेला उसबेला
3041	2	सहकार्य सेवाकार्य
3042	2	गृहस्थको गृहस्थीको
3043	2	छायाँग्रह छायाग्रह
3044	2	लसन लसुन
3045	2	चमकीलो चहकिला
3046	2	रक्षकहरू राक्षसहरू
3047	2	ईशापूर्व ईसापूर्व
3048	2	स्वतन्त्रता स्वतन्त्रमा
3049	2	उपप्रजातिहरू उपप्रमुखहरू
3050	2	लक्ष्मीलाई लक्ष्यलाई
3051	2	पराजुलीलाई पराजुलीसँग
3052	2	आख्यानकार आख्यानहरू
3053	2	ठाउँहरूका ठाउँहरूमा
3054	2	इन्जिनियरिङका इन्जिनियरिङमा
3055	2	इकाइहरूको इसाईहरूको
3056	2	संयुक्त सङ्युक्त
3057	2	षडयन्त्रका षड्यन्त्रमा
3058	2	उपाङ्ग उमङ्ग
3059	2	गल्तिहरू गल्तीहरू
3060	2	हुर्किएका हुर्किएको
3061	2	अभिशेक अभिषेक
3062	2	फ्ल्याग फ्ल्याट
3063	2	समाजशास्त्रीहरूका समाजशास्त्रीहरूको
3064	2	द्रौपदीका द्रौपदीको
3065	2	सत्ताइस सत्ताईस
3066	2	ट्रेकमार्गमा ट्रेडमार्कले
3067	2	लुइस लुईस
3068	2	परशुराम पर्शुराम
3069	2	पुनरीक्षणका पुनरुत्थानका
3070	2	अल्मोदोबारको अल्मोदोबारले
3071	2	परिस्थति परिस्थिति
3072	2	बन्नुहुन्छ बस्नुहुन्छ
3073	2	गरियोस गरियोस्
3074	2	कानु कुनु
3075	2	नगेन्द्रका नियन्त्रक
3076	2	निन्दाले निम्बोली
3077	2	मुसिकोट मुसीकोट
3078	2	रुबन्ध रेमन्ड
3079	2	जनजीवन जेलजीवन
3080	2	मनगढन्त मानवभन्दा
3081	2	स्टेसनहरूकै स्टेसनहरूमा
3082	2	गमाल गोपाल
3083	2	ख खै
3084	2	अन्वेषकहरूको अन्वेषकहरूले
3085	2	ग्रहहरूभन्दा ग्रहहरूमध्ये
3086	2	लाइसेन्स लाईसेन्स
3087	2	पाल्नुपर्ने पुग्नुपर्ने
3088	2	आतङ्ककारीहरूलाई आतङ्कवादीहरुलाई
3089	2	नबनाउनुहोला नहटाउनुहोला
3090	2	भकुण्डेबेसी भकुण्डेवेसी
3091	2	टाढिँदै टाढिदै
3092	2	व्यक्तिहरु व्यक्तिहरू
3093	2	दिक्सूचकका दिक्सूचकको
3094	2	हिमशिखरहरु हिमशिखरहरू
3095	2	एमके एमबी
3096	2	पुराणवाचक पुरुषवाचक
3097	2	हस्तक्षेपलाई हस्ताक्षरलाई
3098	2	रोगहरीदेखि रोगीहरूदेखि
3099	2	विमानस्थलबाट विमानस्थलसँग
3100	2	अनाथहरू अनेकहरू
3101	2	विश्वविद्यालयदेखि विश्वविद्यालयहरू
3102	2	पंचतन्त्र पञ्चतन्त्र
3103	2	खप्रङ खोप्रिङ
3104	2	क्रुज क्रूज
3105	2	अतिविस्तृत अनियन्त्रित
3106	2	उप्रेति उप्रेती
3107	2	कस्तुरीको कस्तूरबा
3108	2	पर्यन्त पर्याप्त
3109	2	गतिवादी गतिविधि
3110	2	र रौँ
3111	2	हुनुहन्थ्यो हुनुहुन्थ्यो
3112	2	छन्दश छन्दश्
3113	2	जीवनचरित जीवनसमेत
3114	2	तिब्बतबाट तिब्बतलाई
3115	2	स्कूलद्वारा स्टिलद्वारा
3116	2	युट्युबको युट्युबमा
3117	2	तारापुञ्जकै तारापुञ्जको
3118	2	बसन्तपुरबाट बसन्तपुरलाई
3119	2	उब्जायो उभ्यायो
3120	2	१९७६ १९७७
3121	2	व्यापी व्यासी
3122	2	८९४ ८९६
3123	2	अस्थिपंजर अस्थिपञ्जर
3124	2	दुष्परिणाम दुस्परिणाम
3125	2	अल्पाइन अस्ताउन
3126	2	अवलिकेतेश्वरको अवलोकेतेश्वरको
3127	2	आनुपातिक आनुमानिक
3128	2	इन्टरनेट इन्टरफेस
3129	2	एडमिन एडवीन
3130	2	ढाँचाहरू ढोकाहरू
3131	2	ध्वनिहरूका ध्वनिहरूको
3132	2	शिकारलाई सँगुरलाई
3133	2	अन्त्येष्टि अन्त्येष्टी
3134	2	अवधारणाको अवधारणामा
3135	2	कोतरिएको कौटिल्यको
3136	2	पेड्कुको पेड्कुमा
3137	2	एकतर्फ एकातर्फ
3138	2	भक्तितर्फ भक्षणार्थ
3139	2	गोरखापत्रको गोरखापत्रमा
3140	2	बसन्तीमा बुलन्दीमा
3141	2	आग आङ
3142	2	परापूर्वकालदेखि परापूर्वकालबाटै
3143	2	समयअनुसार स्वभावअनुसार
3144	2	हस्तिहरूद्वारा हिन्दूहरूद्वारा
3145	2	रणबहादुर रामबहादुर
3146	2	उपनिवेशबाट उपनिवेशलाई
3147	2	बिर्सिएका बिर्सिएको
3148	2	बृहत्तर बृहस्पति
3149	2	करिश्माकी करिश्माले
3150	2	हस्तकलाका हस्तकलाको
3151	2	नेशनल नेसनल
3152	2	आठमध्ये आमामध्ये
3153	2	खाम्पाहरूको खाम्पाहरूले
3154	2	ढुवानीका ढुवानीमा
3155	2	मानचित्रणका मानचित्रहरू
3156	2	पूर्वाञ्चलका पूर्वाञ्चलमा
3157	2	उत्तराखण्डको उत्तराखण्डमा
3158	2	क्यान्सर क्याल्डर
3159	2	आइएसम्मको आजसम्मकै
3160	2	संसारभर संसारभरि
3161	2	रेडियोकर्मी रेडियोधर्मी
3162	2	व्यक्तिगत व्यक्तिबाट
3163	2	बिजगणित बीजगणित
3164	2	भाबाङ भूभाग
3165	2	अणुव्रत अणुव्रन
3166	2	समतिताकार सहकलाकार
3167	2	बैंक्सका बैंक्सले
3168	2	शताब्दीदेखि शताब्दीपछि
3169	2	सामिप्य साहित्य
3170	2	भिङ्गृ भिङ्ग्री
3171	2	मार्गदर्शनको मार्गदर्शनमा
3172	2	स्वयंसेवी स्वयम्सेवी
3173	2	साइन्सका साउन्डको
3174	2	मोबाइल मोबाईल
3175	2	जीवनस्तरको जीवनस्तरमा
3176	2	बाँचेनन् बाँझोपन
3177	2	सालसम्मका सालसम्ममा
3178	2	आत्मनिर्णयको आत्मनिर्भरता
3179	2	सशङ्कित सुसज्जित
3180	2	नाकाबन्दी नाकावन्दी
3181	2	छालाबाट छोराबाट
3182	2	ब्रान्डका ब्रान्डको
3183	2	चापाकोट चापाकोत
3184	2	निमार्णधिन निमार्णाधिन
3185	2	सुरुवातलाई सुरूवातबाट
3186	2	दशकभन्दा दिमागभन्दा
3187	2	एप एफ
3188	2	यथार्थ यसर्थ
3189	2	चिकित्साद्वारा चोपडाद्वारा
3190	2	ल्याई ल्याए
3191	2	नेकृसु नेतृत्व
3192	2	निबन्धबाट निबन्धलाई
3193	2	गढवालका गढवालको
3194	2	भत्किएपछि भित्रिएपछि
3195	2	संस्कृतिबाट संस्कृतिलाई
3196	2	रिपोर्टिङ रिपोर्ताज
3197	2	जिल्लाहरूमध्यको जिल्लाहरूमध्येको
3198	2	डगेन्द्र डेकेन्द्र
3199	2	सुप्रसिद्द सुप्रसिद्ध
3200	2	साहित्यकार साहित्येतर
3201	2	कृयाकलाप क्रियाकलाप
3202	2	केबिनेटको केबिनेटमा
3203	2	११३ ११७
3204	2	इष्मा इस्मा
3205	2	राईहरूको राईहरूले
3206	2	चन्द्रमालाई चन्द्रमासँग
3207	2	छाड्छन् छोड्छन्
3208	2	सुखदुःखको सुखदुःखमा
3209	2	दन्त्य दिन्थ्यो
3210	2	गोपनिय गोबडिया
3211	2	बाउन बाउल
3212	2	भलुवाडीमा भलुवाहीमा
3213	2	रञ्जितद्वारा रेन्डेलद्वारा
3214	2	वर्गिकरणअनुसार वर्गीकरणअनुसार
3215	2	गोठधूप गोलधाप
3216	2	व्यहिटलेम व्यहिटलैम
3217	2	हुनसक्छ हुनसक्ने
3218	2	उत्तरपूर्वको उत्तरपूर्वमा
3219	2	पशुहरूबाट पापहरूबाट
3220	2	खण्डहरुलाई खण्डहरूलाई
3221	2	महत्त्वकाङ्क्षी महत्वाकाङ्क्षी
3222	2	पठाउनुपर्ने पढाउनुपर्छ
3223	2	संबद्धताको सम्बन्धदेखि
3224	2	हिंड्न हिंड्ने
3225	2	पुण्यप्राप्त पुनःप्राप्त
3226	2	विवादित विवाहित
3227	2	वाल्मीकि वाल्मीकी
3228	2	ग्यालेक्सीहरूका ग्यालेक्सीहरूको
3229	2	मजुवा मनुवा
3230	2	डडेलधुरा डढेलधुरा
3231	2	जसमध्येका जसमध्येको
3232	2	प्रतिक्रियाहरूका प्रतिक्रियाहरूमा
3233	2	नौकायन नौचालन
3234	2	उम्मेद्वारको उम्मेद्वारीको
3235	2	सिमाङ्कन सीमाङ्कन
3236	2	क्षेत्रसँग क्षेत्रीसँग
3237	2	पहिल्याउँछ पहिल्याउने
3238	2	भिन्नताका भिन्नताको
3239	2	मतमतान्तर मदनशम्सेर
3240	2	पन्ध्रवटा १५वटा
3241	2	राफ्टिङ राफ्टिङ्
3242	2	बर्सिए बिर्सिए
3243	2	सङ्घर्षलाई सङ्घर्षशील
3244	2	सल्ला सल्लो
3245	2	इतिहासकारले इतिहासहरूमा
3246	2	करोडपतिको करोडपतिमा
3247	2	भजनसहित भूषणसहित
3248	2	पदश्थापना पुनस्थापना
3249	2	मानवजातिका मानवजातिको
3250	2	स्थलमध्ये स्थितिमध्ये
3251	2	पर्सियाका पर्सियाको
3252	2	अपरिचित अपरिमित
3253	2	दुर्गाचार्य दुर्गातीर्थ
3254	2	छिचल्छ छिचोल्यो
3255	2	रिपब्लिक रेपुब्लिका
3256	2	बाटोघाटोको बाटोघाटोमा
3257	2	सङ्घसंस्थाबाट सङ्घसंस्थासँग
3258	2	नक्साहरूमा नक्साहरूले
3259	2	मिश्रण मिश्रित
3260	2	क्विन क्विल
3261	2	मध्यममार्गको मध्यमवर्गीय
3262	2	कटुञ्जे कटुन्जे
3263	2	विश्वप्रशिद्ध विश्वप्रसिद्ध
3264	2	गभर्नर गवर्नर
3265	2	कमलामाइका कमलामाईको
3266	2	वाजपेय वाजपेयी
3267	2	टेरेन्स टोरन्टो
3268	2	धौलागिरि धौलागिरी
3269	2	घटिरहन्छन् घुमिरहन्छन्
3270	2	ध्रुवको ध्रुवमा
3271	2	९४३ ९४६
3272	2	अरबीमा अलाबामा
3273	2	एकतालाई एकतिहाई
3274	2	खेल्नुभयो खोल्नुभयो
3275	2	विषयवस्तुगत विषयवस्तुलाई
3276	2	मूलबाटो मूलबासी
3277	2	मान्नुपर्ने मिल्नुपर्ने
3278	2	अन्त्यदेखि अन्त्यसँगै
3279	2	खिगुहाङले खिगुहोङले
3280	2	लेखिनुपर्ने ल्याउनुपर्ने
3281	2	हुँ हूँ
3282	2	झरेर झारेर
3283	2	कार्यविनायक कार्यविशेषका
3284	2	क्रियाकलापबाट क्रियाकलापलाई
3285	2	शङ्का शाङ्को
3286	2	छात्रबृत्तिको छात्रवृत्तिको
3287	2	कार्यक्रमबाट कार्यक्रमलाई
3288	2	मूलनिवासीहरूका मूलनिवासीहरूको
3289	2	नियोग निरोग
3290	2	परमार्थका परामर्शमा
3291	2	तारागुच्छ तारापुञ्ज
3292	2	खोजिरहेका खोजिरहेको
3293	2	त्रिकोणमिति त्रिगुणमयी
3294	2	विदेशबाट विनाशबाट
3295	2	पूर्वाधार पूर्वाषाढा
3296	2	बढ्नुभएकोले बन्नुभएकोमा
3297	2	उर्जा ऊर्जा
3298	2	लोकगीतहरू लोकबाजाहरू
3299	2	वर्गीकरणका वर्गीकरणमा
3300	2	पर्नु पार्नु
3301	2	न्यूनिकरण न्यूनीकरण
3302	2	गुच्चीको गुच्छाका
3303	2	शाहबंशीय शाहवंशीय
3304	2	युद्धदेखि युद्धपछि
3305	2	ड्रयु ड्र्यु
3306	2	अज्ञातवास अज्ञेयवाद
3307	2	हुर्केका हुर्केको
3308	2	आलोचकहरूबाट आलोचकहरूलाई
3309	2	किशोरावस्थाको किशोरावस्थामा
3310	2	दीर्घकालिन दीर्घकालीन
3311	2	राज्यद्वारा रेग्मीद्वारा
3312	2	विष्णुदासको विष्णुपादुका
3313	2	सिद्धिनरसिंह सिद्धिनरसिहं
3314	2	स्वादिष्ट स्वादिष्ठ
3315	2	उजागर उपागम
3316	2	बङकरहरूमा बहीखातहरूमा
3317	2	सम्प्रभुताको सम्प्रभूताको
3318	2	फागुनको फागुनमा
3319	2	नदीबाट नीतिबाट
3320	2	ग्रहलाई ग्रेगलाई
3321	2	अधुरो अपुरो
3322	2	क्षतिपूर्तिका क्षतिपूर्तिको
3323	2	अफगानिस्तानबाट अफगानिस्तानलाई
3324	2	पेशकश पेशागत
3325	2	नियमहरूलाई निवासीहरूलाई
3326	2	परिवर्तनहरूमा परिवर्तनहरूले
3327	2	पोजिसन पोबनं
3328	2	झिबी झिली
3329	2	दुर्भाग्यवश दुर्भाग्यवस
3330	2	शिल्प शिल्पी
3331	2	अपवर्तक अफेयर्सको
3332	2	विमानस्थलको विमानस्थलमा
3333	2	तिर्नलाई तीर्थराज
3334	2	शंकर शङ्कर
3335	2	टक्र्याइन् टुक्र्याउन
3336	2	यौनजनित यौनजन्य
3337	2	ओर्लिएको ओर्लिएर
3338	2	हंसपादी हंसपुर
3339	2	थप्पड थोप्पल
3340	2	दिप्रुङ दिप्लुङ
3341	2	उपत्यकाभित्र उपत्यकाभित्रै
3342	2	शीर्षकबाट शीर्षकलाई
3343	2	एकठाउँमा एकैठाउँमा
3344	2	विद्रोह विद्रोही
3345	2	एकप्रकारको एकप्रकारले
3346	2	दुर्गापुर दुर्गाहरी
3347	2	सुशासन स्वशासन
3348	2	र्इन्द्रकुमार र्इन्द्रकुमारी
3349	2	स्विट्जरल्याण्ड स्वीट्जरल्यान्ड
3350	2	चेतनाबाट चौताराबाट
3351	2	मातृभाषाको मातृभाषामा
3352	2	जिन्दगीबाट जिन्दगीलाई
3353	2	धुरकोत धुर्कोट
3354	2	अप्टिकल अफ्रिकन
3355	2	स्मृतिबिम्बहरूको स्मृतिबिम्बहरूमा
3356	2	चर्चित चर्चिल
3357	2	ढिकुरपोखरीको ढिकुरपोखरीमा
3358	2	री रे
3359	2	पाउँदैनथ्यो पाउँदैनथ्यौँ
3360	2	गहुँ गहूँ
3361	2	माइस्थान माईस्थान
3362	2	चिसापानीको चिसापानीमा
3363	2	दोहोर्याउँदै दोहोर्याउने
3364	2	खानेदेखि खामेलेक
3365	2	तन्जानिया तस्मानिया
3366	2	हेटौँडा हेटौडा
3367	2	प्रतिस्पर्धाबाट प्रतिस्पर्धालाई
3368	2	खनाललाई खरायोलाई
3369	2	देखिन्छन् दौडिन्छन्
3370	2	रामनगर रूपनगर
3371	2	प्रतिसकेन्ड प्रतिसेकेन्ड
3372	2	आतङ्कवादको आतङ्कवादीको
3373	2	गुह्यकालीको गुह्यश्वरीको
3374	2	रूपान्तरण रूपान्तरित
3375	2	ह्याङ्क्सको ह्याङ्क्सले
3376	2	फर्कनासाथ फर्किनासाथ
3377	2	रचनाहरूको रचनाहरूमा
3378	2	९०१ ९०८
3379	2	घुरेजस्तो घेरजस्तो
3380	2	मानचित्रण मानचित्रित
3381	2	बेरोजगार बेरोजगारी
3382	2	जर्गेना जर्जर
3383	2	इनेबल इरेबस
3384	2	टस टस्
3385	2	अहमदनगरका अहमदनगरमा
3386	2	बाबुआमा बुबाआमा
3387	2	उत्कृष्ट उत्कृष्ठ
3388	2	कन्ट्री केन्द्र
3389	2	त्रिभुवनको त्रिभुवनले
3390	2	रुचाइएको रूचाइएको
3391	2	होन्सु होम्स
3392	2	टेक्नोलोजि टेक्नोलोजी
3393	2	डाक्टरहरूकै डाक्टरहरूको
3394	2	बेत्रावति बेत्रावती
3395	2	१५७४ १५७५
3396	2	सिपापोखरे सुकेपोखरी
3397	2	व्युत्पत्ति व्युत्पन्न
3398	2	संखुवासभा सङ्खुवासभा
3399	2	डुप्का डुब्छ
3400	2	भिम भीम
3401	2	इँटाको ईँटको
3402	2	राजनेताहरूका राजनेताहरूले
3403	2	विन्सलेटको विन्सलेटले
3404	2	युक्तिलाई युद्धलाई
3405	2	बासस्थानको बासस्थानमा
3406	2	तन्नेरी तिन्धारे
3407	2	नदीसम्म नोकसम्म
3408	2	अब्बासिहरूलाई अब्बासीहरूलाई
3409	2	ढ्याङग्रो ढ्वाङग्रे
3410	2	ईशापूर्वसम्म ईसापूर्वसम्म
3411	2	विकिपीडियालाई विकिपीडियासँग
3412	2	प्रकटिकरण प्रमाणिकरण
3413	2	सशस्त्र सहस्त्र
3414	2	दारेगौंडा दुलेगौंडा
3415	2	वाइवाइमा वाइवाइले
3416	2	उपराष्ट्रपतिको उपराष्ट्रपतिमा
3417	2	इन्सपेक्टरकी इन्सपेक्टरको
3418	2	अध्यायहरूको अध्यायहरूमा
3419	2	जोएल ज्वेल
3420	2	भ्रष्ट भ्रष्टै
3421	2	हुनसकेका हुनसकेको
3422	2	जिम्मेवारीका जिम्मेवारीको
3423	2	गोलप्रति गोलाप्रथा
3424	2	भिमसेन भीमसेन
3425	2	हुनुभयो हुनेथियो
3426	2	रोमाञ्चक रोमान्टिक
3427	2	वर्गीकरणबाट वर्गीकरणलाई
3428	2	क्रियाशीलता क्षमाशीलता
3429	2	धर्मशास्त्रको धर्मशास्त्रमा
3430	2	गजलकार गजुरीटार
3431	2	छवटा छविका
3432	2	हप्काई हप्काए
3433	2	कुर्कुच्चाको कुर्कुच्चामा
3434	2	दशकदेखि दशकपछि
3435	2	भूभागको भूभागमा
3436	2	शुक्लपक्षको शुक्लपक्षमा
3437	2	विश्वकपदेखि विश्वकपपछि
3438	2	थिइनन् थिएनन्
3439	2	आरक्षण आरक्षित
3440	2	वाममोर्चाका वाममोर्चाको
3441	2	महासचिवबाट महासचिवलाई
3442	2	शुद्धता शुद्धीको
3443	2	डाँडिगुराँसे डाडीगुराँसे
3444	2	भट्टराईबाट भट्टराईलाई
3445	2	५०५ ५२२
3446	2	घनिष्ट घनिष्ठ
3447	2	संसद्को संसद्ले
3448	2	दिसम्बरको देशान्तरको
3449	2	म्यनेजमेन्ट म्यानेजमेन्ट
3450	2	प्रत्ययका प्रत्येकको
3451	2	भित्र्याएका भित्र्याएको
3452	2	थालिसकेका थालिसकेको
3453	2	अभिनेत्रीका अभिनेत्रीको
3454	2	डाँगीबारी डिहीबारी
3455	2	लड्नेहरूलाई लाभ्रेहरूलाई
3456	2	घरपूजा घरभाडा
3457	2	बाल्यकालताका बाल्यकालदेखि
3458	2	अभियुक्तलाई अभिवक्तालाई
3459	2	त्यसकारणले त्यसैकारणले
3460	2	जनसाङ्खिक जलरङ्कको
3461	2	अस्तित्वमाथि अस्तित्ववादी
3462	2	जानुहुने जानुहोला
3463	2	पञ्चायत पाञ्चायन
3464	2	भइसक्नुभएका भइसक्नुभएको
3465	2	धर्मावलम्बी धर्मावलम्वी
3466	2	मृग मृत
3467	2	सरकारहरूद्वारा सेनापतिहरूद्वारा
3468	2	र्यालीको र्यालीमा
3469	2	पर्नुभएको पर्नुभएन
3470	2	अवस्थित अवस्थीत
3471	2	दाहसंस्कारपछि दाहसंस्कारहरू
3472	2	कुपोषण कुपोषित
3473	2	आवश्यकतामाथि आवश्यकताहरू
3474	2	नगर्नाले नगर्नेले
3475	2	समाजप्रतिको साधकप्रतिको
3476	2	खपत खाँचित
3477	2	इमान्दार इमान्दारी
3478	2	सुशोभित सुसूचित
3479	2	अर्कोपट्टि अर्कोपट्टी
3480	2	अघाएर अटाएर
3481	2	रियायत रियासत
3482	2	आन्दोलन आन्दोलित
3483	2	फेलाइट फैलाउन
3484	2	तयारीलाई तिवारीलाई
3485	2	अन्तरङ्ग अन्तरिक्ष
3486	2	परित्यागका परित्यागको
3487	2	नमाजपश्चात् निधनपश्चात
3488	2	मियागका मियागपा
3489	2	गर्मीयामको गर्मीयाममा
3490	2	आफूतिर आमातिर
3491	2	८७६ ८७७
3492	2	सङ्ख्याहरूका सङ्ख्याहरूमा
3493	2	चाँदीसँग चेलीसँग
3494	2	शब्द शव्द
3495	2	अपनाइनेछ अपानाइनेछ
3496	2	दिनुहुँदैछ दिनुहुनेछ
3497	2	सिन्धुलीगढी सिन्धुलीमाढी
3498	2	निस्कन्छन् निस्किन्छन्
3499	2	दिर्बुङ दुर्लुङ
3500	2	कागजातहरू कारखानाहरू
3501	2	दार्जिलिङदेखि दार्जीलिङदेखि
3502	2	हल्लाउँदा हल्लाउँदै
3503	2	देउरालीको देउरालीमा
3504	2	देवस्थल देवीस्थान
3505	2	थलोबाट थुनबाट
3506	2	साझेदारीको साझेदारीले
3507	2	हाउस्टन ह्युस्टन
3508	2	दुरुकाजी दूरगामी
3509	2	नजरबन्दको नजरबन्दमा
3510	2	तत्त्वका तत्त्वको
3511	2	ताजमहलको ताजमहलमा
3512	2	पूर्णिमादेखि पूर्णिमापछि
3513	2	द्वारहरू द्विपहरू
3514	2	इकाइहरू इसाईहरू
3515	2	भनेअनुसार भाषाअनुसार
3516	2	मकरमेला मुकदमेमा
3517	2	तामाकोशी तामाकोसी
3518	2	सर्पलाई सूर्यलाई
3519	2	मलयालमको मलयालममा
3520	2	गडफादर गिरफतार
3521	2	मालीगाउँमा मूलगाउँमा
3522	2	आइसिसीले आइसीसीले
3523	2	निर्वाचनहरूको निर्वाचनहरूमा
3524	2	शुल्क शुष्क
3525	2	पर्नुअघि पार्नुअघि
3526	2	शार्दूलका शार्दूलको
3527	2	सफ्टवेयरमा सफ्टवेयरले
3528	2	संगमकालीन सङ्कटकालीन
3529	2	२१२ २६०
3530	2	२१८ २८१
3531	2	६१४ ६१६
3532	2	बिउहरू बीउहरू
3533	2	आलय आशय
3534	2	ढोकानजिक ढोकामाथिको
3535	2	कार्बनडाइअक्साइड कार्बनडाईअक्साइड
3536	2	दुईबाट दुईमत
3537	2	आमन्त्रण आमन्त्रित
3538	2	झुलुङ्गे झोलुङ्गे
3539	2	राजनीतिशास्त्रका राजनीतिशास्त्रमा
3540	2	इच्छामा इच्छाले
3541	2	त्यसलाई त्यसैलाई
3542	2	विधानपूर्वक विरतापूर्वक
3543	2	गल्छीबाट गान्धीबाट
3544	2	देख्छन् दोक्कल
3545	2	लुजर्न लोयोर्ड
3546	2	भड्काई भत्काई
3547	2	स्थापनापछि स्थापनासँगै
3548	2	रङ्गमञ्चका रङ्गमञ्चमा
3549	2	लेखिन्छन् लैजान्छन्
3550	2	सक्नुभयो सोध्नुभयो
3551	2	इष्ट इस्ट
3552	2	जनमोर्चाका जनमोर्चाको
3553	2	ग्रहदेखि ग्रामदेखि
3554	2	दिनुहुने दिनुहोला
3555	2	ईशालाई ईसालाई
3556	2	दुलालजी दुलालले
3557	2	नगेन्द्र नरेन्द्र
3558	2	अभिलेख अमलेख
3559	2	गिरिद्वारा गुरूद्वार
3560	2	बिजगणितबाट बीजगणितलाई
3561	2	चित्रकारहरूको चित्रकारहरूले
3562	2	किराहरूबाट किलाहरूबाट
3563	2	१९७१मा १९७२मा
3564	2	चलचित्रबाट चलचित्रलाई
3565	2	उत्रन्छ उप्रान्त
3566	2	जन्डिस जेन्टिल
3567	2	तिबाट तीबाट
3568	2	वशीकरण वैयाकरण
3569	2	त्यागेर त्यौहार
3570	2	लामासँग लालसँग
3571	2	सत्यनारायण सिद्धनारायण
3572	2	नदिहरूसँग नीतिहरूसित
3573	2	बाटाघाटाहरू बुढापाकाहरू
3574	2	बाराबंकी बाराबङ्की
3575	2	म्याग्दीको म्याग्नेटो
3576	2	बनारस बेलारुस
3577	2	नेउपानेले न्यौपानेले
3578	2	९४२ ९४४
3579	2	कृष्णदासको कृष्णमायाको
3580	2	भेषभुषा भेषभूषा
3581	2	नक्कल नाच्छन्
3582	2	सन्यासी सल्यानी
3583	2	सम्बन्धहरूलाई सिद्धान्तहरूलाई
3584	2	अग्ला अग्लो
3585	2	दुर्गाज्यू दुर्भाग्य
3586	2	हाराहारिमा हाराहारीमा
3587	2	इन्जेक्ट इन्डेक्स
3588	2	पढ्दैनथे पाल्दैनथे
3589	2	खगोलविधहरूका खगोलविधहरूले
3590	2	एडमिनहरूलाई एथलिटहरूलाई
3591	2	शिकारबाटै शिखरमाथि
3592	2	प्रचण्डपथको प्रिजेन्टेसनको
3593	2	अहिंसालाई अहिल्यालाई
3594	2	समीरण सिमरन
3595	2	जिउलाको जीउलामा
3596	2	स्वीकारेका स्वीकारेको
3597	2	ताई ताओ
3598	2	इन्टरनेटको इन्टरनेटमा
3599	2	मिचेल्सनको मिचेल्सनले
3600	2	मच्चाएका मच्चाएको
3601	2	आँगन आँचल
3602	2	देबघाटमा देवीघाटमा
3603	2	भूभागबाट भूमिकाबाट
3604	2	इतिहास इतिहास्
3605	2	सिङ्गापुरका सिङ्गापुरमा
3606	2	प्रख्यत प्रख्यात
3607	2	दुश्यन्त दुष्यन्त
3608	2	पितृदोषको पित्तनाशक
3609	2	वेबसाइटबाट वेबसाइटलाई
3610	2	एसिस्टेन्ट एसिस्टेन्स
3611	2	समाजवादीहरूको समाजसेवीहरूको
3612	2	जुलुसमा जुलुसले
3613	2	लालमोहर लालसागर
3614	2	पोल्यान्डको पोल्यान्डमा
3615	2	टायल टावेल
3616	2	उपनगरीय उपराजकीय
3617	2	अपरेटिङ अपरेसन
3618	2	कछुवाका कछुवाको
3619	2	अभ्यासका अभ्यासमा
3620	2	शर्तहरू शेर्पाहरू
3621	2	बुढापाकाहरूका बुढापाकाहरूमा
3622	2	मन्त्रालयहरूबाट मन्त्रालयहरूसँग
3623	2	फ्रान्कोलिन फ्रैंकलिन
3624	2	गतिशिल गतिशील
3625	2	संकर्सन संवर्दन
3626	2	फैलिएका फैलिएको
3627	2	जगदलपुर जगदीशपुर
3628	2	आज्ञालाई आत्मालाई
3629	2	अग्रेजी अङ्रेजी
3630	2	द्वीपसमूहको द्वीपसमूहमा
3631	2	डायल डायोड
3632	2	पियरेसँग पुजारीसँग
3633	2	उ ऊ
3634	2	मृत्यवरण मृत्युवरण
3635	2	वर्गाकार वार्ताकार
3636	2	रसायनशास्त्र रसायनशास्त्री
3637	2	चाडपर्वको चाडपर्वमा
3638	2	ट्रेकिङ ट्रेनिङ
3639	2	लिलीगाई लोलीगाउँ
3640	2	हाइकोर्ट हाईकोर्ट
3641	2	जयन्ती जीवन्त
3642	2	हडवड हरिवन
3643	2	गुणसूत्रहरूको गुणसूत्रहरूमा
3644	2	पछ्यौरी पछ्वारी
3645	2	तपाँईलाई तपाईँलाई
3646	2	चालेनन चाहेनन्
3647	2	लहरहरू लहरीहरू
3648	2	अप्लाइड अप्लोअड
3649	2	आइनुहरुको आइनूहरुमा
3650	2	लेखनाथहरूका लोककथाहरूको
3651	2	मांसहारी मांसाहारी
3652	2	नपाउनेले नुहाउनाले
3653	2	बक्ससमेत बज्रसमान
3654	2	सर्नुपर्छ सर्नुपर्ने
3655	2	सुरक्षाकर्मीको सुरक्षाकर्मीले
3656	2	धवलागिरि धवलागिरी
3657	2	गैंडाकोट गैंडाकोत
3658	2	हजुरआमाको हजुरआमाले
3659	2	मातृकाले मानिएकाले
3660	2	नगरपालिकाबाट नगरपालिकालाई
3661	2	स्त्रीरोग स्त्रीसँग
3662	2	सूर्यबाट सौर्यमास
3663	2	पंक्तिबद्ध पङ्क्तिबद्ध
3664	2	क्युबा क्युबी
3665	2	पूजामात्र पेजमात्रै
3666	2	विधिवत विधिवत्
3667	2	अर्गोन अर्घौं
3668	2	वनस्पतिलाई वनस्पतिसँग
3669	2	कर्मक्षेत्र कार्यक्षेत्र
3670	2	कुर्नुपर्छ कुर्नुपर्ने
3671	2	पूजाअर्चना पूजाआराधना
3672	2	वटासम्म वषौँसम्म
3673	2	प्रयत्नरत प्रयत्नशील
3674	2	त्याग्न त्याग्नै
3675	2	एजुकेशन एडुकेसन
3676	2	नामग्याल नामच्याग
3677	2	पहिलेदेखिकै पहिलोपटक
3678	2	एन्गेल्सका एन्जिल्सको
3679	2	सान्यालद्वारा सेल्डनद्वारा
3680	2	क्षत्रियहीन क्षत्रियोचित
3681	2	यात्राहरूलाई युद्धहरूलाई
3682	2	रियासतका रियासतको
3683	2	खाँदैछ खाँदैन
3684	2	जलपाइगडी जलपाईगुडी
3685	2	प्रतिस्पर्धात्मक प्रतिस्पर्धाद्वारा
3686	2	मनोरञ्जन मनोरन्जन
3687	2	निष्क्रिय निस्क्रिय
3688	2	थप थिफ
3689	2	बेनेलन्ग बैनेलन्ग
3690	2	क्षत्रेलाई क्षेत्रलाई
3691	2	मैक्वेरीका मैक्वेरीले
3692	2	लामखुट्टे लामुखट्टे
3693	2	विस्फोटदेखि विस्फोटसँगै
3694	2	भोलिपल्ट भोलिपल्टै
3695	2	च्यात्छ च्याप्प
3696	2	महिषपालहरूलाई मुसलमानहरूलाई
3697	2	मनमोहन मनोनयन
3698	2	टु टू
3699	2	थ्रि थ्री
3700	2	पेलेदास पेलेसित
3701	2	टायलले टेलरले
3702	2	पल्सरलाई पस्तुनलाई
3703	2	सफलतापूर्वक सुगमतापूर्वक
3704	2	समलिङ्गी सिरलिङ्गे
3705	2	प्रदुर्भाव प्रादुर्भाव
3706	2	१४११ १४७९
3707	2	षडयन्त्र षड्यन्त्र
3708	2	मार्क्सवादका मार्क्सवादको
3709	2	यताउता यताउति
3710	2	बद्रिनाथ बौद्धनाथ
3711	2	जिर्णोद्धार जीर्णोद्धार
3712	2	अपेक्षित अशिक्षित
3713	2	लर्ड लार्ड
3714	2	निर्विरोध निर्विवाद
3715	2	हरिसिंह हाथीसिंह
3716	2	वाक्य वाह्य
3717	2	मध्यपूर्वका मध्यपूर्वमा
3718	2	पद्मपुराणको पद्मपुराणमा
3719	2	इंडियागेट इन्डियाबाट
3720	2	दक्षिणपट्टि दक्षिणपन्थी
3721	2	वसुदेव वासुदेव
3722	2	देशप्रेम देशप्रेमी
3723	2	नम्रताका निम्नताको
3724	2	कन्यादानको कन्यादानमा
3725	2	खण्डलाई खुट्टालाई
3726	2	अनुमोदनको अनुशासनको
3727	2	केजरीवालका केजरीवालले
3728	2	अकबरीको अजमेरका
3729	2	प्युटार प्युठानी
3730	2	खुवाई खुवाऊ
3731	2	फरवरीमा फरेभरमा
3732	2	नमोबुद्ध नमोबौद्ध
3733	2	गरिदिएछन् गरिदिन्छन्
3734	2	टाइटानिकका टाइटानिकको
3735	2	भनिहाले भनेकाले
3736	2	आन्दोलनलार्इ आन्दोलनहरू
3737	2	पहिलेभन्दा पहिलोपल्ट
3738	2	आधुनिकतम आधुनिकताको
3739	2	तेत्तीस ३३
3740	2	किम्वदन्ति किम्वदन्ती
3741	2	चढावदेखि चढावसँगै
3742	2	१९०१ १९०८
3743	2	ब्रह्म ब्रह्मा
3744	2	जीवजनावरको जीवजनावारका
3745	2	आर्टस्मा आर्टिस्ट
3746	2	महिनामध्यको महिलामध्येकी
3747	2	अजिज अडिग
3748	2	दर्शाउँदछ दर्शाउनका
3749	2	शनिश्चर शनैश्चर
3750	2	परीक्षण परीक्षित
3751	2	जासुसी जासूसी
3752	2	८१० ८३०
3753	2	काँइलाद्वारा क्रियाद्वारा
3754	2	बाइपास बाइबल
3755	2	गन्हाएमा गन्हाएर
3756	2	महाविद्यालय महाविद्यालयी
3757	2	रमाई रोपाइँ
3758	2	बढ्दाबढ्दै बन्दोबस्त
3759	2	डाँडागाउँको डाँडागाउँमा
3760	2	कम्प्युटरबाट कम्प्युटरलाई
3761	2	उदयपुर उधमपुर
3762	2	एरिसको एलिनको
3763	2	दृश्यलाई दृष्टिलाई
3764	2	तनाव तलव
3765	2	पठाइदिइन पठाइदिइन्
3766	2	द्वीपका द्वीपमा
3767	2	इन्द्रजात्राका इन्द्रजात्राको
3768	2	हङ्गेरियन हाइपेरियन
3769	2	कारणहरूदेखि किनारहरूदेखि
3770	2	इलेक्ट्रान इलेक्ट्रोन
3771	2	टाइटानिक टाइटैनिक
3772	2	चढाउनुपर्छ चिनाउनुपर्ने
3773	2	श्राप श्रोत
3774	2	खेलमैदानको खेलमैदानमा
3775	2	एक्लैले एक्सरे
3776	2	झुप्प झुप्पे
3777	2	कजाकस्तान कजाखस्तान
3778	2	तल्ला तल्लो
3779	2	दहत्तर देशान्तर
3780	2	म्यानमार म्यानेजर
3781	2	बाजासँग बाबुसँग
3782	2	वास्तविकतालाई वास्तविकतासँग
3783	2	मानिन्छन् मिसिन्छन्
3784	2	कुटनीति कूटनीति
3785	2	केनेडियन केरिबियन
3786	2	प्रतिस्पर्धा प्रतिस्पर्धी
3787	2	अष्ट्रियामा अस्ट्रियामा
3788	2	ठहर्याइयो ठहर्याएका
3789	2	क्रान्ति क्लेन्सी
3790	2	जुरेसल्ला जुरेसल्लो
3791	2	बिरुद्धको बिरुद्धमा
3792	2	स्थलाकृतिका स्थानप्रतिको
3793	2	आन्दोलनकारीका आन्दोलनकारीले
3794	2	गृहिणीका गृहिणीको
3795	2	उपनिषद्को उपनिषद्ले
3796	2	श्रीसम्पत्ति श्रीसम्पन्न
3797	2	आर्कबिसप आर्चबिसप
3798	2	फेब्रुअरीको फेब्रुअरीमा
3799	2	थालिन् थासन
3800	2	ज्ञानकोशको ज्ञानकोषको
3801	2	हवाइजहाज हवाईजहाज
3802	2	वेश्यासँग वैद्यसँग
3803	2	ग्यालिलियो ग्यालोलियो
3804	2	छाडिदिन छोडिदियो
3805	2	गुणसूत्रका गुणसूत्रीय
3806	2	एकवर्षको एकवर्षमै
3807	2	ब्लु ब्लू
3808	2	फतेहगढ फतेहाबाद
3809	2	लाग्नुपर्ने लेख्नुपर्दा
3810	2	नलागेपछि नसकेपछि
3811	2	ल्यान्डका ल्यान्डको
3812	2	बहादुरद्वारा बहुमतद्वारा
3813	2	बाणहरूबाट बाहुहरूबाट
3814	2	अम्बष्ठ अस्पष्ट
3815	2	दोबाटा दोबाटो
3816	2	राज्यपक्षको राज्यपक्षले
3817	2	वादीसँग वेगसँग
3818	2	व्यतित व्यतीत
3819	2	इङ्ल्यान्डका इङ्ल्यान्डले
3820	2	जागृत जाग्रत
3821	2	साइकल साइकिल
3822	2	कलाकारदेखि कारागारदेखि
3823	2	वासुदेवको वासुदेवले
3824	2	भक्तपुरपछि भद्रपुरदेखि
3825	2	अर्धशतकीय अर्धसरकारी
3826	2	ओर्लंदा ओर्लन्थे
3827	2	रहनसक्ने रहरलाग्दो
3828	2	उठ्नुमा उठ्नेमा
3829	2	पठाउँछन् पराउँछन्
3830	2	उपमहानगरपालिका उपमाहानगरपालिका
3831	2	बसिरहन बसिरहिन्
3832	2	गरिनुपर्दछ गर्नुपर्दछ
3833	2	दम्पतिका दम्पतीको
3834	2	दुर्व्यवहारबाट दुर्व्यवहारलाई
3835	2	भाइहरूबाट भाइहरूलाई
3836	2	समुदायहरूभन्दा समुदायहरूभित्र
3837	2	उद्यत उद्यान
3838	2	पत्रत्रिका पत्रात्मक
3839	2	आगमनदेखि आगमनपछि
3840	2	नराम्रा नराम्रो
3841	2	फलामबाट फोरमबाट
3842	2	द्रव द्रोह
3843	2	पातकाण्ड पीतकण्ठे
3844	2	गुरुङ गुरूङ
3845	2	टेकाउँदा टोकाउने
3846	2	१६०१ १६०६
3847	2	तेस्रोमा तेह्रमा
3848	2	रत्नहरू रेफ्रीहरू
3849	2	१०१ १०८
3850	2	मनुष्यबाट मनुष्यलाई
3851	2	रक्तश्राव रक्तस्राव
3852	2	विलियम्सको विलियम्सले
3853	2	त्यसदिन त्यससित
3854	2	जोगिनु जोडिनु
3855	2	मुल्तबी मुल्तवी
3856	2	पवित्रतम पवित्रतामा
3857	2	संरचनाबारे संरचनाहरू
3858	2	सर्वनाम सार्वभौम
3859	2	टाइटनमा ट्विटरमा
3860	2	झिमरुक झिमरूक
3861	2	यङद्वारा योनिद्वार
3862	2	छडजस्तो छुटेजस्तो
3863	2	बन्धात्मक बाध्यात्मक
3864	2	फ्रिक्वेन्सि फ्रिक्वेन्सी
3865	2	प्राथमिकता प्राथिमकता
3866	2	असावधानी असुविधाले
3867	2	पिँढिहरूसम्म पिँढीहरूसम्म
3868	2	दहसम्म दिनसम्म
3869	2	वर्गिकरण वर्गीकरण
3870	2	घटाउँदै घटाउने
3871	2	नास्रिन निसृत
3872	2	अख्तियार अख्तियारी
3873	2	घाइतेहरूका घाइतेहरूको
3874	2	वरदान विनिधान
3875	2	खाम्दोङ्ग खोप्लाङ्ग
3876	2	स्वास्थ्यकर्मीहरूका स्वास्थ्यकर्मीहरूको
3877	2	घटनाक्रमका घटनाक्रमले
3878	2	रवाना रुवामा
3879	2	चाँगु चाकु
3880	2	ध्वजाहरू ध्वनिहरू
3881	2	अपनाउनुहोला अपनाउनेहरू
3882	2	गोदावरीका गोदावरीमा
3883	2	बहादुरजी बहादुरले
3884	2	पृथ्वीनारायणकै पृथ्वीनारायणको
3885	2	प्रा प्रो
3886	2	भोजपुरका भोजपुरमा
3887	2	राखिदिए रोकिदिए
3888	2	गरिदिनुहोला गरीदिनुहोला
3889	2	एयरलाइन्सलाई एयरलाइन्ससँग
3890	2	द्रव्यदेखि द्रव्यशाह
3891	2	अखिलेश अधिदेश
3892	2	बहरबद्ध बाहिरपट्टि
3893	2	गणितग्यहरुले गणितज्ञहरूले
3894	2	फस्फोरस फोस्फोरस
3895	2	पर्व पूर्व
3896	2	कालसर्पयोगका कालसर्पयोगको
3897	2	टि्वटरका टि्वटरको
3898	2	एमफिल एमबिए
3899	2	कोट्याउनु कोट्याएर
3900	2	प्रसुती प्रसूता
3901	2	मोलुकासका मौलाकालिका
3902	2	परीक्षणपछि परीक्षणहरू
3903	2	दृष्टिबिन्दुकै दृष्टिबिन्दुमा
3904	2	गुनु गुन्यू
3905	2	ग्रहयोग ग्रहसँग
3906	2	रिडाइरेक्ट रिडाईरेक्ट
3907	2	स्विडेनका स्विडेनको
3908	2	बाआमा बीएमा
3909	2	मेलमिलापका मेलमिलापको
3910	2	भूगर्भिक भौगर्भिक
3911	2	आंकको आङ्कडा
3912	2	इन्जिनियरिङ इन्जिरियरिङ
3913	2	पँधेर्नीहरू पदार्थहरू
3914	2	आवश्यकताहरूका आवश्यकताहरूको
3915	2	बताउनुहुनेछ बनाउनुहुनेछ
3916	2	चरीकोट चारकोस
3917	2	निम्नकोटीका निम्नतहका
3918	2	कर्नाटकका कर्नाटकको
3919	2	टेकनपुर टोकरपुर
3920	2	जिनावाङ जेदवाङ
3921	2	कमाउनुभएका कमाउनुभएको
3922	2	बालबालिकाहरूको बालबालिकाहरूमा
3923	2	माँगहरूलाई माझीहरूलाई
3924	2	एथलिट एभलिन
3925	2	तापक्रममा तापक्रमले
3926	2	विशिष्टिकृत विशिष्टीकृत
3927	2	गन्तब्य गन्तव्य
3928	2	लमजुङ्ग लामटाङ्ग
3929	2	व्यासलाई व्रतलाई
3930	2	दृश्यावलोकन दृष्यावलोकन
3931	2	कालसर्पदोष कालसर्पयोग
3932	2	च्याम्पटीको च्याम्पटीले
3933	2	उज्यालोको उज्यालोमा
3934	2	उत्पत्तिको उत्पत्तिमा
3935	2	सच्चाउन सच्याउन
3936	2	ज्यानस ज्योतिष
3937	2	पारूहाङ पारूहोङ
3938	2	आपुर्ति आपूर्ति
3939	2	शरीरसम्म शिविरसम्म
3940	2	प्रकाशनपछि प्रकाशनबिना
3941	2	अश्रु अश्रू
3942	2	हाउसको हाउसमा
3943	2	निर्णयहरू निर्माताहरू
3944	2	सिउँडीकै सिउँडीको
3945	2	वेधशालाका वेधशालामा
3946	2	आँखिझ्याल आँखीझ्याल
3947	2	अर्थदण्ड अर्थोडक्स
3948	2	माओबादी माओवादी
3949	2	आंध्र आन्ध्र
3950	2	उठ्दछन् उड्डयन
3951	2	पुरुषार्थ पुरूषार्थ
3952	2	प्रज्ञा प्लाज्मा
3953	2	शास्त्रहरू शास्त्रीहरू
3954	2	सुरेन्द्र स्वतन्त्र
3955	2	समझदारीबाट समझदारीलाई
3956	2	तरवारबाजीको तरवारबाजीमा
3957	2	राष्ट्रबैंक राष्ट्रसङ्घ
3958	2	राजनारायण रूपनारायण
3959	2	झाँकी झाको
3960	2	शाहलगायतले शिखलगायतका
3961	2	घटनाहरुलाई घटनाहरूबाट
3962	2	इन्जिन इन्धन
3963	2	सगरमाथादेखि सगरमाथापछि
3964	2	लेमनद्वारा लोहनीद्वारा
3965	2	धेरैपल्ट धेरैभन्दा
3966	2	प्रचीनकालमा प्राचीनकालमा
3967	2	त्रिभुजका त्रिभुजमा
3968	2	शहीद सँगीत
3969	2	प्रतियोगिताहरू प्रतिवेदनहरू
3970	2	आइल्याण्ड आइल्यान्ड
3971	2	यीबाट युबाट
3972	2	२०४९देखि २०६९
3973	2	मारिदिए मोडिदिए
3974	2	छेपाराहरू छेपारोहरू
3975	2	निलम्बन निलम्बित
3976	2	जननिर्वाचन जननिर्वाचित
3977	2	प्रारम्भबाट प्रारम्भलाई
3978	2	पंक्षी पङ्क्ति
3979	2	महानगरपालिकाको महानगरपालिकामा
3980	2	वर्ण्य वर्ल्ड
3981	2	एकेन्द्रजी एकेन्द्रमा
3982	2	न्युजिल्याण्ड न्युजिल्यान्ड
3983	2	अज्ञात अज्ञान
3984	2	बिजनेस बेगनास
3985	2	निस्कन्छ निस्किन्छ
3986	2	७७२ ७७८
3987	2	गठबन्धन गठवन्धन
3988	2	झिँगा झिके
3989	2	जीवविज्ञानको जीवविज्ञानमा
3990	2	सूर्यास्तका सूर्यास्तको
3991	2	प्याटेन्ट प्यासन्स
3992	2	उर्जाबाट उर्जावान
3993	2	दोहोरिने दोहोरियो
3994	2	कैलिक्स कोनेक्स
3995	2	शिखरहरू शीतलहर
3996	2	संकटपूर्ण सम्मानपूर्ण
3997	2	विचारसहित विवादरहित
3998	2	आसन आसीन
3999	2	मतअनुसार मितिअनुसार
4000	2	नाटकीयताका नैतिककथाको
4001	2	पटकपटकका पटकपटकको
4002	2	धुमधामका धुमधामले
4003	2	भुल्दिनँ भुल्दैन
4004	2	माकुरीचरी मारुनीचरी
4005	2	५६१ ५६३
4006	2	याक याकु
4007	2	निशन्देह निसन्देह
4008	2	आवश्यक आवाश्यक
4009	2	सर्वथा सर्वदा
4010	2	अन्तरगत अन्तरलिन
4011	2	अमरसिंहको अमरसिंहले
4012	2	खरसाङमा खर्साङमा
4013	2	गरिरहन्छन् गरिरहन्छौं
4014	2	प्रतिकारात्मक प्रतिरोधात्मक
4015	2	सम्प्रदायलाई सम्प्रदायसँग
4016	2	सदश्यहरू समस्याहरू
4017	2	ललिता लालसा
4018	2	झिङ्गनी झिङ्गनु
4019	2	तस्वीरको तस्वीरमै
4020	2	प्रमुखतासाथ प्रमुखतासित
4021	2	प्रयोगकर्ताहरुलाई प्रयोगकर्ताहरूलाई
4022	2	अलविदा असुविधा
4023	2	गुरुत्वाकर्षण गुरूत्वाकर्षण
4024	2	यसबारेमा यसबीचमा
4025	2	अविनले अविनाशी
4026	2	जङ्गलतिर जङ्गलहरू
4027	2	पश्चात पश्चात्
4028	2	दर्शनशास्त्रको दर्शनशास्त्रमा
4029	2	डाँडाफया डाँडाफाया
4030	2	रामचन्दलाई रामदत्तलाल
4031	2	सकन्थ्यो सकिन्थ्यो
4032	2	बागभैरवको बाघभैरवको
4033	2	१३८३ १९८३
4034	2	पुर्याउन पुर्याओस्
4035	2	तहत तागत
4036	2	ठुलापोखरा ठुलोपाखर
4037	2	सिएनएन सीएनएन
4038	2	युहन्ना यूहन्ना
4039	2	संस्करण संस्मरण
4040	2	९२९ ९४९
4041	2	जहाँगिर जहाँगीर
4042	2	सिन्धुलीगढीको सिन्धुलीमाढीमा
4043	2	विद्यावारिधि विद्यावारिधी
4044	2	अन्य अन्य़
4045	2	मरिमेट्ने मरिहत्ते
4046	2	शिवरात्रीको शिवरात्रीमा
4047	2	छिनभर छिरबिरे
4048	2	दीवाकर दुवाचौर
4049	2	उन्नतिका उन्नतिको
4050	2	ठाउँतिर ठाउँसारी
4051	2	वास्तविकताको वास्तविकतामा
4052	2	बन्दरगाह बन्धनकारी
4053	2	फरेस्ट फर्स्ट
4054	2	झारकोट झोराहाट
4055	2	छाउराहरूलाई छात्रहरूलाई
4056	2	२१३४ २६३४
4057	2	वल्लो विल्ला
4058	2	मष्तिस्क मस्तिष्क
4059	2	पञ्चायतकालमा पञ्चायतहरूमा
4060	2	जनसङ्ख्याभित्र जनसङ्ख्यामध्ये
4061	2	अन्दाज अन्साज
4062	2	यमदूतका यमराजको
4063	2	गोपलज्यू गौतमज्यू
4064	2	प्राध्यापकको प्राध्यापकीय
4065	2	दागसमेत दिनसमेत
4066	2	उम्मेदवार उम्मेदवारी
4067	2	आदर्शवाणी आदर्शवादी
4068	2	स्लोभाकिया स्लोभेनिया
4069	2	उज्याला उज्यालो
4070	2	टिकटहरू टुकडीहरू
4071	2	विपक्षमा विभक्तिमा
4072	2	ड्रम ड्रिम
4073	2	लगाउनाले लगाएकाले
4074	2	स्ट्रोक स्त्रीको
4075	2	उप्रेतिका उप्रेतिले
4076	2	यसकारण यसैकारण
4077	2	खुड्किलोको खुड्कीलोमा
4078	2	दक्षिण दीक्षित
4079	2	सर्काएको सिर्जिएको
4080	2	धरहराहरूको धरोहरहरूमा
4081	2	तरङ्गको तरङ्गमा
4082	2	नियमितरूपमा नियमितरूपले
4083	2	प्रज्ज्वलन प्रज्ज्वलित
4084	2	कार्यन्वयन कार्यान्वयन
4085	2	गिरिजाप्रसाद गिरीजाप्रसाद
4086	2	निभ्दैन निम्तिने
4087	2	उपवर्ग उपसर्ग
4088	2	च्याम्पियनसिपको च्याम्पियनसिपमा
4089	2	इसाईमा इस्वीमा
4090	2	कथात्मकता कलात्मकता
4091	2	प्रावधानबाट प्राविधिकबाट
4092	2	परिवर्तनसँगै परिवर्तनहरू
4093	2	देशद्रोहका देशद्रोहको
4094	2	फेडरल फेडेरल
4095	2	राख्नुहोस् रोक्नुहोस्
4096	2	जनश्रुतिका जलश्रोतको
4097	2	करप्शन करप्सन
4098	2	गएर गाएर
4099	2	धनुष धनेश
4100	2	कङ्ग्रेस काङ्ग्रेस
4101	2	न्यायलय न्यायालय
4102	2	पुँजीजीवि पुँजीजीवी
4103	2	घर्षण घुर्णन
4104	2	निबन्धसंग्रह निबन्धसङ्ग्रह
4105	2	वनमारा वनमाली
4106	2	कश्यप काश्यप
4107	2	देवगुरु देवपुर
4108	2	अविश्वासको अविष्कारका
4109	2	मन्त्रिमण्डल मन्त्रीमण्डल
4110	2	ध्वनि ध्वनी
4111	2	जलक्रिडा जलक्रीडा
4112	2	अजय अभय
4113	2	डचहरूलाई डचहरूसँग
4114	2	मानिसहरूद्वारा मालिकहरूद्वारा
4115	2	०२ ०९
4116	2	अहिलेसम्मकै अहिलेसम्मको
4117	2	डुअर्सको ड्वार्फका
4118	2	नामसन् नेमसिस
4119	2	सरस्वतीका सरस्वतीमा
4120	2	रानीकुवा रानीपौवा
4121	2	चक्रद्वारा चन्दद्वारा
4122	2	माइत माइल
4123	2	थालनीताका थालनीसँगै
4124	2	ईश्वर ईश्वरी
4125	2	गृष्मकालमा ग्रीष्मकालका
4126	2	ईशा ईसा
4127	2	पूर्णरूपमा पूर्णरूपले
4128	2	३२९ ३४९
4129	2	पेट्रोलियम पेन्सिलियम
4130	2	मँगाए मिकाओ
4131	2	२०४५ २०४७
4132	2	पेन्टिङमा पेन्टियम
4133	2	सदियौँसम्म समयसम्म
4134	2	तथापि तथापी
4135	2	भियतनाम भियतनामी
4136	2	कञ्चटमा किङ्गडम
4137	2	टाँग्छन् टाँस्छन्
4138	2	युद्ध योद्धा
4139	2	प्रवृत्त प्रवृत्ति
4140	2	नरसंहार नरसिंहले
4141	2	प्रयोगशालाका प्रयोगशालामा
4142	2	सत्यवतीको सत्यवतीले
4143	2	१०१९ १०२१
4144	2	नदीसम्मका नदीसम्मको
4145	2	मर्नेछन् मर्माहत
4146	2	पोर्चुगल पोर्चुगिज
4147	2	आरक्षणको आरक्षणमा
4148	2	बेक्ह्यामको बेक्ह्यामले
4149	2	लड्नुभयो लेख्नुभयो
4150	2	पढ्दादेखि पुस्तादेखि
4151	2	ढुङ्गाड ढुङ्गेल
4152	2	कालिङ्पोङ कालिम्पोङ
4153	2	लिप्यन्तरणमा लिप्यान्तरणमा
4154	2	महेशविक्रम मोहनविक्रम
4155	2	अभिव्यक्त अभिव्यक्ति
4156	2	पटकसम्म पार्कसम्म
4157	2	थुनिए थुन्यो
4158	2	गन्धर्वहरूको गन्धर्वहरूले
4159	2	वन्दनीय वाञ्छनीय
4160	2	उदासी ७९
4161	2	भ्रष्टाचारबाट भ्रष्टाचारलाई
4162	2	पृष्ठहरूलाई प्रान्तहरूलाई
4163	2	परिपालनाबाट पशुपालनबाट
4164	2	अड्याउने अड्याएर
4165	2	नलगाएको नसुहाएको
4166	2	एनई एमए
4167	2	जन्माइन् जन्माउन
4168	2	रिँगाइ रिहाइ
4169	2	शुद्धाशुद्धिको शुद्धाशुद्धिमा
4170	2	सिम्रौनगढका सिम्रौनगढको
4171	2	ब्लगहरूमा ब्लगहरूले
4172	2	गतिविधिहरूका गतिविधीहरूले
4173	2	कवच काँवड
4174	2	बक्सिङ बक्सेज
4175	2	श्रीनगरदेखि श्रीनगरलेह
4176	2	संयन्त्रको संयन्त्रमा
4177	2	गोलपाडा गोलभेडा
4178	2	याङ्की याङ्ग
4179	2	उत्तरप्रदेशका उत्तरप्रदेशको
4180	2	कुरुक्षेत्रका कुरुक्षेत्रमा
4181	2	खरानीटारमा खैरेनीघाटमा
4182	2	विशेषरूपमा विशेषरूपले
4183	2	कृषकलाई क्रुसेडलाई
4184	2	प्रधानमन्त्रीसमेत प्रधानमन्त्रीसहित
4185	2	१६४ १६७
4186	2	चराचुरुङ्गीहरूको चराचुरुङ्गीहरूले
4187	2	उपत्यका उपत्यको
4188	2	पाटैपाटा पाठपूजा
4189	2	ठुलोपाखारको ठुलोपाखारमा
4190	2	उद्देश्यहरु उद्देश्यहरू
4191	2	एक्काइसौँ एक्काईसौँ
4192	2	पूर्वबाट पूर्ववत्
4193	2	शोधकर्ता शोधकार्य
4194	2	इन्जिनियर इन्टेरियर
4195	2	घायल घोरल
4196	2	अङ्क अङ्ग
4197	2	तर्फदेखि तारिखदेखि
4198	2	झरुवाराशी झरुवारासी
4199	2	अर्जेन्टिनाको अर्जेन्टिनामा
4200	2	डन्डिफोर डन्डीफोर
4201	2	आंशिक आङ्शिक
4202	2	फलादेशको फलादेशमा
4203	2	स्विचेस स्विडिस
4204	2	टि टी
4205	2	झरनाको झारलको
4206	2	अधिकतम अधिकतर
4207	2	अध्यात्मका अध्यात्मको
4208	2	कोइराला कोईराला
4209	2	चराहरूलाई चिजहरूलाई
4210	2	एक्कासि एक्कासी
4211	2	स्मृतिका स्मृतिमा
4212	2	खोजहरूबाट खोजहरूलाई
4213	2	अन्तरवार्तामा अन्तर्वार्तामा
4214	2	विद्यागृहको विद्यागृहमा
4215	2	२०२९ २०४९
4216	2	गणितज्ञ गणितीज्ञ
4217	2	सुतुरमुर्ग सुदुरपूर्वी
4218	2	नुनकुम नुनचुक
4219	2	पश्चिमाञ्चलका पश्चिमाञ्चलको
4220	2	ड्रागनफलको ड्रागनफलमा
4221	2	चर्काउँदै चर्काउने
4222	2	अर्कातिर अर्कोतिर
4223	2	पोखरभिण्डी पोखरभिन्डा
4224	2	शिरोमणि शेषमणि
4225	2	आइएसम्म आजसम्म
4226	2	अक्षांश अक्षांस
4227	2	ग्राहकको ग्रेडिङको
4228	2	फर्केपछि फिर्तीपछि
4229	2	तृप्त त्रस्त
4230	2	घनाबस्ती घेराबन्दी
4231	2	सप्तशतीको सप्तशतीमा
4232	2	वैभवशाली वैभवसाली
4233	2	अनुकुल अनुकूल
4234	2	रक्षामन्त्रीका राज्यमन्त्रीको
4235	2	अर्थात अर्थात्
4236	2	पूर्वजन्म पूर्वसम्म
4237	2	सृष्टिकाका सृष्टिदेखि
4238	2	धमलाको धमलाले
4239	2	दिल्ली दुल्लु
4240	2	काइट काउच
4241	2	विलिभर्स विलियर्ड
4242	2	२४०० २५००
4243	2	अर्थमन्त्रीहरू अर्थशास्त्रीहरू
4244	2	दार्जिलिङ दार्जीलिङ
4245	2	नगर्नको निमार्णको
4246	2	शतघ्नी शताब्दी
4247	2	नेपालभित्रका नेपालभित्रको
4248	2	मजगाउँ मजबाङ
4249	2	पिपल्स पिपुल्स
4250	2	उत्तराधिकारको उत्तराधिकारीका
4251	2	१७७० १८७०
4252	2	१२९९ १९९९
4253	2	अभिनन्दनहरू अभिलक्षणहरू
4254	2	मनोकांक्षा मनोकाङ्क्षा
4255	2	यलम्बरकै यलम्बरको
4256	2	आइल्याण्डको आइल्यान्डमा
4257	2	राजदरबारको राजदरबारमा
4258	2	आरोहगमा आरोहणका
4259	2	सिमावर्ती सीमावर्ती
4260	2	देब्रे दोब्रु
4261	2	समर्थकहरू समर्थनहरू
4262	2	वनस्पतिहरूलाई वेबसाइटहरूलाई
4263	2	मातृभाषाहरूको मातृभाषीहरूले
4264	2	संस्थागत संस्थापन
4265	2	कालीप्रसाद कुलप्रसाद
4266	2	अवधिभर अवधिभरि
4267	2	शक्तिकेन्द्रको शक्तिकेन्द्रमा
4268	2	छोएर छोएरै
4269	2	क्लर्क क्लार्क
4270	2	कालान्तरमा कालान्तारमा
4271	2	अनमार्क असमर्थ
4272	2	किटिङ किपिङ
4273	2	दिर्घाचामा दीर्घायुमा
4274	2	फर्कनुभयो फेरिदिनुभयो
4275	2	औकातलाई औषधिलाई
4276	2	नपुर्याउनु नपुर्याउने
4277	2	वेधशाला वैधशाला
4278	2	ऋषिमुनि ऋषिमुनी
4279	2	गोविन्दपाद गोविन्दराज
4280	2	पञ्जाब पन्जाब
4281	2	अपनाइनेछन् अपनाउनेछन्
4282	2	रम्तेल रम्पेड
4283	2	ज्योतिबा ज्योतिषी
4284	2	घमौरी घिमिरे
4285	2	धमाधम धुमधाम
4286	2	सेब्री सेब्रु
4287	2	लोकप्रियतम लोकप्रियताको
4288	2	जिज्ञासा जिज्ञासु
4289	2	विशिष्टादेवीको विशिष्टादेवीले
4290	2	लगाऔं लगायत
4291	2	आदिहरू आशाहरू
4292	2	सहभागिताको सहभागितामा
4293	2	विधाञ्जन वेदांगों
4294	2	अनुपस्थित अनुबन्धित
4295	2	घमण्डी घुमन्ते
4296	2	अलमोदोबारकी अहमदाबादको
4297	2	व्यङ्ग्यका व्यङ्ग्यमा
4298	2	ढुसीका ढुसीको
4299	2	निर्माणस्थलको निर्माणस्थलमा
4300	2	विशेषज्ञहरूको विशेषज्ञहरूले
4301	2	डेनिसले डेविसले
4302	2	बसपार्क बिलबोर्ड
4303	2	चौसठ्ठी ६४
4304	2	गनिनुहुन्छ गर्नुहुन्छ
4305	2	मञ्चलाई मान्छेलाई
4306	2	टेलिभिजन टेलीभिजन
4307	2	सुरुङ्गा सुरूङ्गा
4308	2	२०००मा २००६
4309	2	परिभाषाअनुसार पहिचानअनुसार
4310	2	एकआपसमा एकाआपसमा
4311	2	टमस टेनिस
4312	2	सुकुम्बासी सुकुम्वासी
4313	2	म्यानमारको म्यानमारमा
4314	2	सिलसिलाको सिलसिलामा
4315	2	श्रवण श्रावण
4316	2	जनपरिषद्का जनपरिषद्को
4317	2	स्वाभाविक स्वाभाविकै
4318	2	थोमस थोमास
4319	2	हालिदिनु हालीदिनु
4320	2	राष्ट्रमण्डलका राष्ट्रियस्तरको
4321	2	मेन्जिस मेन्जीस
4322	2	जर्मनी जिर्मले
4323	2	दिवंगत दिवङ्गत
4324	2	यथाशक्ति यथाशक्य
4325	2	गिरफ्तार गिरफ्तारी
4326	2	विभाजन विभाजित
4327	2	किङ किज
4328	2	मुख्यरूपमा मुख्यरूपले
4329	2	आफन्तहरूको आफन्तहरूले
4330	2	टाइगरको टाइगरले
4331	2	त्रिवेणीघाटको त्रिवेणीघाटमा
4332	2	उपसमूहको उपसमूहमा
4333	2	नाचहरूभन्दा नेताहरूभन्दा
4334	2	फर्निचर फर्महरू
4335	2	अत्याधिक अध्यापक
4336	2	सर्बोत्कृष्ट सर्वोत्कृष्ट
4337	2	बढिएला बुढीऔँला
4338	2	पूर्णकालिन पूर्णकालीन
4339	2	शम्शेरको शम्सेरको
4340	2	सृजन सृजित
4341	2	अपराजितामा अमरावतीमा
4342	2	व्यहिटलैमका व्यहिटलैमले
4343	2	सिटसहित सेनासहित
4344	2	विपक्षीहरुले विपक्षीहरूको
4345	2	सपरिवार सुपेरियर
4346	2	उम्मेदवारका उम्मेदवारमा
4347	2	स्वास्थ स्वास्नी
4348	2	एकअर्कालाई एकअर्कासँग
4349	2	गोल्डन गोल्डेन
4350	2	पुर्याई पुर्याए
4351	2	स्वीकृतिका स्वीकृतिमा
4352	2	नगर्नुहोस् नहेर्नुहोस्
4353	2	ट्रेकमा ट्रेनमा
4354	2	बहकाउने बहलाउने
4355	2	पाठ्यक्रमको पाठ्यक्रममा
4356	2	अफ्रिका अफ्रिकी
4357	2	आधिकारिक आधिकारीक
4358	2	बालबालिकालाई बालबालिकासँग
4359	2	अभिनेतासँग अभिषेकसँग
4360	2	टंकप्रसाद टङ्कप्रसाद
4361	2	त्रिशुरमा त्रिशुलीका
4362	2	मनाएपछि मारिएपछि
4363	2	इमान्दारीको इमान्दारीता
4364	2	छाड्नुहोला छान्नुहोला
4365	2	आईएस्सीको आईएस्सीमा
4366	2	अढाइ अढाई
4367	2	आशङ्कित आसङ्कित
4368	2	अभुतपूर्व अभूतपूर्व
4369	2	लन्डनलाई लिङ्कनलाई
4370	2	थापाथलीमा थापापुरमा
4371	2	अण अन
4372	2	झल्काएको झल्किएको
4373	2	सुविधालाई सुवेदीलाई
4374	2	छायादेवीको छायादेवीले
4375	2	छितपोखरी छितापोखरी
4376	2	लतापताका लतापातका
4377	2	जटासहितका जुगासहितको
4378	2	३७३ ३७८
4379	2	मुल्याङ्कन मूल्याङ्कन
4380	2	पल्लभी पोल्लाची
4381	2	प्रयोगकर्ता प्रवेशकर्ता
4382	2	पोखरेल पोखेरेल
4383	2	स्यान्डलर स्यान्डिलको
4384	2	निकृष्ट निवृत्त
4385	2	समीक्षण समीक्षित
4386	2	आयन आयल
4387	2	गराउँदछन् गराउनेछन्
4388	2	सर्नु सार्नु
4389	2	झन्झटिला झन्झटिलो
4390	2	प्रस्तावहरूको प्रस्तावहरूमा
4391	2	प्रारम्भदेखि प्रारम्भसँगै
4392	2	लिम्बुवान लिम्बूवान
4393	2	हवन हवस्
4394	2	रहनगयो रहनुभयो
4395	2	परम्परात परम्परित
4396	2	अन्त्यको अन्त्यमा
4397	2	अध्याय अन्याय
4398	2	सन्देशकाव्यका सन्देशकाव्यको
4399	2	तिव्रता तीव्रता
4400	2	उमाल्ने उमाल्यो
4401	2	कुसुण्डा कुसुन्डा
4402	2	पबित्र पवित्र
4403	2	परिवहन पारवाहन
4404	2	समकालिन समकालीन
4405	2	द्विपहरूको द्वीपहरूमा
4406	2	शिवजीको शिवजीले
4407	2	गाविसभित्र गाविसमध्ये
4408	2	डाइको डेइजी
4409	2	जताभावी जथाभावी
4410	2	संकल्प सङ्कल्प
4411	2	पदवियोगका पदवियोगमा
4412	2	अध्यपन अध्ययन
4413	2	अभिधारणाहरूलाई असफलताहरूलाई
4414	2	ग्रेटर ग्लोसरि
4415	2	वर्ल्डको वर्ल्डमा
4416	2	सगरमाथा साबरमती
4417	2	कुटनीतिज्ञ कूटनीतिज्ञ
4418	2	झुन्ड्याइने झुन्ड्याइयो
4419	2	गोठालेद्वारा गौतमद्वारा
4420	2	मकवानपुरका मकवानपुरमा
4421	2	सुरुआतको सुरूआतले
4422	2	महाभारत माहाभारत
4423	2	गुरुत्वाकर्षणका गुरुत्वाकर्षणले
4424	2	अम्बा अम्बु
4425	2	औंलाका औंलाको
4426	2	घरबाहिर घेराबाहिर
4427	2	भिजाएर भिडाएर
4428	2	१९२ १९६
4429	2	नमान्नेहरूलाई निबन्धहरूलाई
4430	2	प्रक्रियाहरूको प्रक्रियाहरूमा
4431	2	टिकाराम टीकाराम
4432	2	आउँ आऊँ
4433	2	मध्यनजर माध्यमहरू
4434	2	थुपार्ने थोपर्ने
4435	2	अनुसन्धानबाट अनुसन्धानलाई
4436	2	शिरबन्दी शैलीभन्दा
4437	2	प्रकाशनद्वारा प्रशासनद्वारा
4438	2	बडाहाकिमको बडाहाकिमले
4439	2	अस्तेय अस्थायी
4440	2	घट्नु घोक्नु
4441	2	अकर्मक अकर्मको
4442	2	हनुमानढोकामा हनुमाननगर
4443	2	हार्मोनियमको हार्मोनियममा
4444	2	एनिमल एनेबल
4445	2	पञ्चकन्या पद्मकन्या
4446	2	शत्रुलाई शब्दलाई
4447	2	हिमवत्खण्डका हिमवत्खण्डमा
4448	2	फिटसम्म फुटसम्म
4449	2	आँखाहरू आँधीहरू
4450	2	किरणकुमार किरणचन्द्र
4451	2	गतेसम्म गुफासम्म
4452	2	कार्टरद्वारा कालिदासद्वारा
4453	2	विज्ञानबाट विज्ञानलाई
4454	2	अल्पसंख्यक अल्पसङ्ख्यक
4455	2	सेनातर्फ सोलुतर्फ
4456	2	द्वितिया द्वितीय
4457	2	गर्नुअगाडि गर्नुअगावै
4458	2	एक्लै एक्लो
4459	2	भइरह्यो भइसक्यो
4460	2	नअघाउञ्जेल नउदाउन्जेल
4461	2	खरायो खिलाया
4462	2	टेलिशृङ्खला टेलिश्रिङ्खला
4463	2	तिर्थयात्री तीर्थयात्रा
4464	2	कर्पोरेशन कर्पोरेसन
4465	2	ग्वालियर ग्वालीचौर
4466	2	करोडसम्म किनारासम्म
4467	2	वायुसेना वायुसेवा
4468	2	राघव राजीव
4469	2	अनावश्यक अनावस्यक
4470	2	तत्त्व तन्तु
4471	2	निन्द्राको निन्द्रामा
4472	2	देउखुरी देउपुर
4473	2	मृत्युका मृत्युको
4474	2	अभिबृद्धि अभिवृद्धि
4475	2	ढलेर ढालेर
4476	2	बारहसिंघको बारहसिंहाको
4477	2	सत्ययुगको सत्ययुगमा
4478	2	पर्वतहरू पूर्वजहरू
4479	2	बनारसबाट बेलायतबाट
4480	2	ज्योतिषशास्त्र ज्योतिषशास्त्री
4481	2	स्टीवर्ड स्टेवार्ट
4482	2	वर्णहरू वार्डहरू
4483	2	कर्मचारीहरूका कर्मचारीहरूको
4484	2	झुत्रे झुप्रा
4485	2	जनशक्तिलाई जमदग्नीलाई
4486	2	नास्तिक नैष्ठिक
4487	2	मन्त्रिमण्डलका मन्त्रीमण्डलमा
4488	2	वर्णनहरूका वर्णनहरूमा
4489	2	फाइललाइ फाइललाई
4490	2	सद्भाव सम्भव
4491	2	जङ्गलबाट जङ्गललाई
4492	2	भक्तजनहरूको भक्तजनहरूले
4493	2	झयाडी झयाली
4494	2	आफूभित्रको आफैँभित्रका
4495	2	शुक्रबारलाई शुक्रवारलाई
4496	2	अक्षांशका अक्षाङ्शमा
4497	2	संस्कृति संस्कृती
4498	2	वादबाट विधिबाट
4499	2	आइसल्याण्ड आइसल्यान्ड
4500	2	उत्तरपश्चिम उत्तरपश्चिमी
4501	2	बङ्ग्ला बाङ्ग्ला
4502	2	औषधोपचारका औषधोपचारको
4503	2	पचहत्तर पचहत्तरै
4504	2	८७४ ८७५
4505	2	तिक्ष्ण तीक्ष्ण
4506	2	स्टाफहरूद्वारा स्रोतहरूद्वारा
4507	2	बनजङ्गल बलभञ्जन
4508	2	झ्याम्टाको झ्याल्साकी
4509	2	हाताभित्र हाताभित्रै
4510	2	प्रज्ञाप्रतिष्ठानका प्रज्ञाप्रतिष्ठानको
4511	2	हत्याएका हुत्याएको
4512	2	ध्वंसात्मक ध्वन्यात्मक
4513	2	बुद्धिमान बुद्धिमान्
4514	2	कपिलमुनिको कपिलमुनीको
4515	2	पठनपाठन पालनपोषण
4516	2	डुबाइ डुबाई
4517	2	श्रृङ्खलाबीच श्रृङ्खलालाई
4518	2	बहुप्रशिद्ध बहुप्रसिद्ध
4519	2	बगैंचाको बगैंचामा
4520	2	वीरेन्द्रको वीरेन्द्रले
4521	2	महेन्द्रपुलकै महेन्द्रपुलमा
4522	2	तपोवन तमुवान
4523	2	क्षमताबाट क्षमतालाई
4524	2	मृगको मृतक
4525	2	गरिदिनुहुन गरीदिनुहोस्
4526	2	राज्यहरूबाट राज्यहरूलाई
4527	2	घटित घोषित
4528	2	सुविधा सुवेदी
4529	2	जलविद्युत जलविद्युत्
4530	2	प्रतिनीधिहरूलाई प्रतियोगीहरूलाई
4531	2	बहुचर्चित बहुचर्चीत
4532	2	आगन्तुक आगिन्चोक
4533	2	थप्नुहोला थिच्नुहोला
4534	2	युनियनहरूलाई योगदानहरूलाई
4535	2	अनैतिक अलौकिक
4536	2	पदार्थहरूबाट पदार्थहरूलाई
4537	2	नदिनालाहरू नदीनालाहरू
4538	2	काँकडभिट्टा काँकरभित्ता
4539	2	जनकपुरदेखी जनकपुरधाम
4540	2	सर्वसाधारणका सर्वसाधारणको
4541	2	प्रेमेजुङ्कै प्रेमेजुङ्ग
4542	2	समाजद्वारा समितिद्वारा
4543	2	अगाडिदेखि अगाडिबाटै
4544	2	त्रिपुरेश्वरमा त्रिपुरेश्वरले
4545	2	दीर्घलाई दुर्गालाई
4546	2	भ्रमणबाट भ्रमरदूत
4547	2	ग्रन्थहरु ग्रन्थहरू
4548	2	स्थानसम्म स्थितिसम्म
4549	2	सहपाठिहरूसँग सहयोगीहरूसँग
4550	2	नातागोताहरूलाई नातेदारहरूलाई
4551	2	देशविदेशका देशविदेशमा
4552	2	निकुञ्जभित्र निबन्धभित्र
4553	2	दुखान्त देहान्त
4554	2	उपभोक्ताको उपभोक्ताले
4555	2	गरिरहन्छौँ गरिरहन्थे
4556	2	लगाउनुपर्छ लट्किनुपर्छ
4557	2	संसारभरका सन्सारभरको
4558	2	मनबहादुर मोतिबहादुर
4559	2	लगायतका लगायतमा
4560	2	बिग्रिएको बिग्रिएमा
4561	2	टुक्रयाई टुक्रालाई
4562	2	ल्याइएका ल्याइएको
4563	2	रसवरी रसियाली
4564	2	राधास्वामी राधेश्याम
4565	2	भारतीयबाट भारतीयलाई
4566	2	इलाहाबादको इलाहाबादमा
4567	2	श्रमले श्रीमती
4568	2	किलोमिटरभन्दा किलोमिटरसम्म
4569	2	प्रवेशद्वारका प्रवेशद्वारको
4570	2	आइतबारबाट आइतबारलाई
4571	2	ओलीले ओसिलो
4572	2	राम्रोसँग राम्रोसित
4573	2	असफलतालाई असमानतालाई
4574	2	सुपाच्य सौभाग्य
4575	2	सुरुआत सुरूआत
4576	2	त्यै त्यो
4577	2	प्रयोगकर्तामाथि प्रयोगकर्ताहरू
4578	2	र्यालीहरूमा र्यालीहरूले
4579	2	फिरन्ता फिरन्ते
4580	2	अन्वेषकका अन्वेषणमा
4581	2	सामग्रीहरु सामग्रीहरू
4582	2	गोबिंदपुर गोविन्दपुर
4583	2	हिउँदको हिउँदमा
4584	2	द्विप द्वीप
4585	2	ब्रम्हपुत्र ब्रह्मपुत्र
4586	2	महांकाल महाङ्काल
4587	2	कृषकहरूका कृषकहरूले
4588	2	जीवहरूलाई जीवहरूसँग
4589	2	कम्प्युटरबारे कम्प्युटरहरू
4590	2	संवेदनशीलताका संवेदनशीलताले
4591	2	सुनाउँछिन् सुनाउँथिन्
4592	2	छात्रद्वारा छेत्रीद्वारा
4593	2	आँपचौर आँपटार
4594	2	समकक्षमा समयक्रम
4595	2	संलग्नता सङ्लग्नता
4596	2	निवार्ताको निवार्तामा
4597	2	हृदयघातको हृदयाघातका
4598	2	परिबन्दले पोरबन्दर
4599	2	एउटाको एउटैको
4600	2	पशुपंछीका पशुपन्छीको
4601	2	ड्रोसोफिलाको ड्रोसोफिलामा
4602	2	वृहस्पतिका वृहस्पतिको
4603	2	त्रिशुल त्रिशूल
4604	2	जाजरकोटको जाजरकोटमा
4605	2	सुनाइन् सुनाउन
4606	2	इन्डियाटाइम्सको इन्डियाटाइम्सले
4607	2	आइएमएफका आइएमएफको
4608	2	३५३ ३६३
4609	2	गहनरूपमा गहिरोरूपमा
4610	2	च चैँ
4611	2	बहत्तर ७२
4612	2	हवाइ हवाई
4613	2	दिपाङ दिमाग
4614	2	छोडिरहेका छोडिरहेको
4615	2	धर्मावलम्बीले धर्मावलम्वीले
4616	2	किराँतकालमा किराँतकालमै
4617	2	ग्याँसहरूलाई ग्रहहरूलाई
4618	2	बोटबिरुवामा बोटबिरूवामा
4619	2	झै झैँ
4620	2	कन्दमुल कन्दमूल
4621	2	सङ्घसंस्थाको सङ्घसंस्थाले
4622	2	हुनुपर्दछ हुनुपर्नेछ
4623	2	८७९ ८८१
4624	2	ज्ञानेन्द्रको ज्ञानेन्द्रले
4625	2	टाँस्नुपर्छ टिप्नुपर्छ
4626	2	तुल्याउन तुल्याउन्
4627	2	सप्तऋषि सप्तर्षि
4628	2	स्टानफोर्ड स्टैमफोर्ड
4629	2	समाजशास्त्र समाजशास्त्री
4630	2	घिसिन्छ घोलिन्छ
4631	2	वनस्पति वाचस्पति
4632	2	छुट्याइएको छुट्याइन्छ
4633	2	सामन्तवादको सुगन्धवालको
4634	2	उदाहरणसहित उदाहरणस्वरूप
4635	2	दुर्गानन्द दुर्गामाण्डौँ
4636	2	डिस्ट्रिक्टको डिस्ट्रिक्टमा
4637	2	महाकाव्यको महाकाव्यमा
4638	2	स्खलनलाई स्मरणलाई
4639	2	हुनुअगाडि हुनुअगावै
4640	2	लामखुट्टेहरूको लामखुट्टेहरूले
4641	2	आठपरे आठबीसे
4642	2	अन्साजले अन्सारीले
4643	2	कार्कीनेटा कार्कीबाडा
4644	2	यात्रावृत्तान्तका यात्रावृत्तान्तमा
4645	2	थरहरू थामहरू
4646	2	हदराज हेमराज
4647	2	ख्याउटे ख्वाउने
4648	2	स्पाइनल स्पाइरल
4649	2	पूर्वपट्टि पूर्वपट्टी
4650	2	निर्धक्कसँग निर्धक्कसित
4651	2	भएर भएरै
4652	2	जित्यो जुध्यो
4653	2	जंङ्गबहादुर जगतबहादुर
4654	2	अरुणधाराको अरुणधारामा
4655	2	एन्डिवरका एन्डिवरमा
4656	2	डायनासोरको डायनोसरको
4657	2	शाखादेखि शाहदेखि
4658	2	दीपकुमारीका देवीकुमारीको
4659	2	आत्मसमर्पण आत्मसमर्पित
4660	2	चट्टानहरूको चट्टानहरूले
4661	2	ग्यालिली ग्वालाले
4662	2	जुटपानी जुरोपानी
4663	2	जलविज्ञान जीवविज्ञान
4664	2	सहयोगीहरूका सहयोगीहरूले
4665	2	महत्त्वका महत्त्वको
4666	2	चढाउनलाई चलाउनेलाई
4667	2	कृषकहरू क्षेपकहरू
4668	2	संगठनात्मक सङ्गठनात्मक
4669	2	चापागाईँद्वारा चौलागाईद्वारा
4670	2	लोकलय लोहमय
4671	2	तीर्थस्थल तीर्थस्नान
4672	2	छत्तिसगढको छत्तीसगढको
4673	2	हखामनी हाँगामुनि
4674	2	गराउनुपर्छ गराउनुपर्ने
4675	2	भइसके भएसँगै
4676	2	उदयपुरको उदयपुरमा
4677	2	अनुत्पादक अनुष्ठानका
4678	2	तरवारबाजी तलवारबाजी
4679	2	मेसिनद्वारा मोहनद्वारा
4680	2	छोटेलाल छोडेनन्
4681	2	रु रू
4682	2	भिजाइ भोगाइ
4683	2	राजदरबार राजदरवार
4684	2	इकाइ इकाई
4685	2	बचाउनुस् बढाउनुस्
4686	2	बाइबाङ बेइमान
4687	2	दिँदैनन् दिनदिन
4688	2	खुवाउँदा खुवाउने
4689	2	पाण्डवहरूमध्ये पुस्तकहरूमध्ये
4690	2	संस्थाहरूद्वारा साधनहरूद्वारा
4691	2	मुख्य मुछिए
4692	2	इन्द्रचोकमा इन्द्रचोकमै
4693	2	फैसलामा फोहरामा
4694	2	अवस्थितिका अवस्थितिमा
4695	2	परिषदद्वारा पारिजातद्वारा
4696	2	उपमहानगरपालिकाको उपमहानगरपालिकामा
4697	2	१९९३मा १९९७मा
4698	2	अविनका अविनको
4699	2	मजुमदारको मदमदिराको
4700	2	प्रलयसम्मको प्रसवसम्मको
4701	2	अधिवेशनमा अधिवेशनले
4702	2	समाजसेवा समाजसेवी
4703	2	एलेक्स एसिक्स
4704	2	कुर्कुच्चा कुर्कुच्चो
4705	2	अरेवा अलावा
4706	2	सांघाई साङ्घाई
4707	2	प्रबर्द्धन प्रवर्द्धन
4708	2	हजारप्रति हजारेप्रति
4709	2	झागदार झाडीदार
4710	2	श्रद्धालु श्राद्धादि
4711	2	छुट्नु छोड्नु
4712	2	साइन्स साउन्ड
4713	2	गर्भधारण गर्भपतन
4714	2	आँखाहरूको आँखाहरूमा
4715	2	द्रोणाचार्यबाट द्रोणाचार्यलाई
4716	2	जन्मकुण्डलीको जन्मकुण्डलीमा
4717	2	उपत्यकाबाहिर उपत्यकाभरिमा
4718	2	डरलाग्दा डरलाग्दो
4719	2	हलिवुडका हलिवुडको
4720	2	जिम्बाब्वेको जिम्बाब्वेमा
4721	2	उपन्यासकार उपन्यासहरू
4722	2	पत्रपत्रिकाको पत्रपत्रिकामा
4723	2	कालसर्प कुरातर्फ
4724	2	हाइड्रोजनका हाइड्रोजनको
4725	2	इन्पुटको इन्फोटेक
4726	2	युनियनहरूका युनियनहरूको
4727	2	लाभान्बित लाभान्वित
4728	2	घ्युको घ्यूको
4729	2	कुलेश्वरमा कोटेश्वरमा
4730	2	अनैतिकसमेत अमेरिकासमेत
4731	2	युरोप यूरोप
4732	2	शानसँग शाहीसँग
4733	2	आकांक्षा आकाङ्क्षा
4734	2	उपकुलपति उपचारपछि
4735	2	कदरपत्र कमलपित्त
4736	2	स्काउटहरू स्लाइडहरू
4737	2	शुभकामनाको शुभकामनाले
4738	2	देखाउनका देखाउनको
4739	2	इण्डियन इन्डियन
4740	2	इमामले इमेलले
4741	2	शिवालय शौचालय
4742	2	विश्वविद्यालयहरूमा विश्वविद्यालयहरूले
4743	2	शृंखला शृङ्खला
4744	2	अनधिकृत अनाधिकृत
4745	2	श्रीमान श्रीमान्
4746	2	काठमाण्डौ काठमाण्डौँ
4747	2	प्रेमदेखि प्रेमपछि
4748	2	पर्सियाबाट पार्लियामाट
4749	2	ग्रिनस्याङ्क ग्रीनल्यान्ड
4750	2	म्याकाडमिया म्यागनोलिया
4751	2	लेटरम्यानको लेटरम्यानमा
4752	2	गराइराख्न गराइराख्ने
4753	2	पोल्याण्ड पोल्यान्ड
4754	2	आनुवंशिकताका आनुवंशिकताको
4755	2	अयोग्य अयोध्या
4756	2	टंकप्रसादकै टंकप्रसादले
4757	2	कश्यपले काश्यपको
4758	2	थप्नको थप्नुको
4759	2	नृत्यमा नृत्यले
4760	2	उद्वेलन उद्वेलित
4761	2	आइएलओ आईएलओ
4762	2	क्रुर क्रूर
4763	2	गर्भगृहको गर्भगृहमा
4764	2	टर्मिनेटरबाट टर्मिनेटरलाई
4765	2	ज्वाइँ ज्वाईँ
4766	2	आकाशबेली आकाशमुनि
4767	2	सोनियन सोभियत
4768	2	लिप्यन्तरण लिप्यान्तरण
4769	2	तस्मानलाई तस्मानियाई
4770	2	विद्युत विद्युत्
4771	2	अरबहरू अर्थहरू
4772	2	खरसाङ खर्साङ
4773	2	चित्रकचरी चित्रकारले
4774	2	काँक्रेबिहारको काँक्रेविहारको
4775	2	छिन्ताङ छिन्ताड
4776	2	नाकाबाट नामबाट
4777	2	त्रिपिटकको त्रैमासिकको
4778	2	अनभिज्ञ अनविज्ञ
4779	2	अधिराज्यलाई अधिराज्यसँग
4780	2	भक्तजनलाई भक्तहरूलाई
4781	2	बनिरह्यो बसिरह्यो
4782	2	अधिग्रहण अभिग्रहण
4783	2	ओलम्पिकको ओलम्पिकमा
4784	2	ग गि
4785	2	झाडीहरूमा झिँगाहरूमा
4786	2	पछ्याउँदै पछ्याउने
4787	2	हिंसाबाट हिन्दीबाट
4788	2	गृष्म ग्रीष्म
4789	2	धरहराहरू धरोहरहरू
4790	2	तत्त्वहरूबाट तत्त्वहरूलाई
4791	2	पाखण्ड पाखण्डी
4792	2	समुन्द्र समुन्द्री
4793	2	वनकाग वनभोज
4794	2	युनियन युपियन
4795	2	गोब्रेसल्ला गोब्रेसल्लो
4796	2	दिनुहुन्छ दिनुहुन्न
4797	2	दुरसञ्चार दूरसञ्चार
4798	2	धुम्रपान धूम्रपान
4799	2	किलाबद्ध कुलानन्द
4800	2	डिसेम्बरको डिसेम्बरमा
4801	2	कवितारामका कवितारामको
4802	2	एकेडेमिक एकेडेमीमा
4803	2	नब्बे ९०
4804	2	यसप्रकारका यसप्रकारको
4805	2	प्रयोगस्थलको प्रयोगस्थलमा
4806	2	छर्केर छर्छरी
4807	2	पोडोल्स्कको पोडोल्स्कमा
4808	2	रजोगुणी राजगुठी
4809	2	बिलबोर्डको बोनापार्टको
4810	2	एकअर्काको एकअर्कामा
4811	2	जग्गाबाट जम्काभेट
4812	2	सानुसिरुबारी सानुसिरुवारी
4813	2	स्वरूपगत स्वरूपभेद
4814	2	स्कलिन स्खलन
4815	2	निरुक्तबाट निरुक्तलाई
4816	2	यसक्रममा यसैक्रममा
4817	2	तारामती तिलानदी
4818	2	किबोर्डको कोबोर्डको
4819	2	गनिन्छन् गरिन्छन्
4820	2	चक्कर चिक्कार
4821	2	ग्यालेक्सि ग्यालेक्सी
4822	2	पुष्पाञ्जलि पुष्पाञ्जली
4823	2	त्यत्तिका त्यत्तिकै
4824	2	निर्णायकहरूले निर्धारकहरूमा
4825	2	च्यामा च्यावा
4826	2	ब्राजिलियन ब्राजीलियन
4827	2	औपचारिक औपचारीक
4828	2	८२५ ८५०
4829	2	ल्याग ल्वाङ
4830	2	फ्रक फ्रम
4831	2	क्षमा क्षला
4832	2	हावापनि हावापानी
4833	2	गरिमामय गौरवमय
4834	2	चन्दलाई चित्रलाई
4835	2	समयावधि समाजवादी
4836	2	गुम्बदका गुम्बदको
4837	2	कुटुम्बको कौटुम्बिक
4838	2	उठाएर उडाएर
4839	2	९४५ ९४७
4840	2	प्रतीकात्मक प्रयोगात्मक
4841	2	होमिनुभएका होमिनुभएको
4842	2	रजस्थल राजस्थान
