word	freq	n_utts	n_speakers
र	6050	6027	525
छ	5995	5979	524
पनि	4944	4941	526
हो	4672	4664	523
यो	4176	4172	524
एक	3330	3313	521
थियो	2415	2411	514
यस	2414	2410	512
लागि	2345	2345	504
हुन्छ	2254	2248	506
भएको	2212	2209	508
छन्	2176	2172	505
तथा	2036	2036	503
रूपमा	1689	1686	492
आफ्नो	1670	1663	492
थिए	1621	1619	495
एउटा	1589	1583	480
नै	1509	1509	492
गर्न	1473	1472	490
धेरै	1444	1436	491
गर्ने	1413	1412	483
मा	1395	1394	464
रहेको	1260	1256	465
भने	1259	1259	462
यसको	1249	1245	460
नेपालको	1218	1218	468
कुनै	1207	1196	452
उनले	1178	1178	454
नेपाली	1177	1171	466
गरे	1139	1137	455
केही	1076	1061	453
हुन्	1026	1025	447
हुने	987	987	428
वा	983	982	433
तर	951	951	445
भयो	935	934	427
सन्	923	923	403
उनको	917	916	416
गरेको	890	890	416
जिल्लामा	841	841	401
उनी	836	832	420
जिल्लाको	799	796	401
नाम	783	782	404
सबै	782	779	405
कारण	765	765	393
अन्य	763	763	388
भन्ने	727	727	381
विकास	721	694	362
त्यो	720	714	362
दिन	719	715	391
नेपाल	716	714	394
मात्र	713	712	379
कि	712	712	399
प्रयोग	699	699	372
भनिन्छ	695	695	367
विभिन्न	692	691	388
गरी	689	688	371
यहाँ	670	670	367
दुई	667	667	372
गरिएको	655	655	375
काम	647	647	360
जुन	637	637	350
यसलाई	629	629	355
गरेका	627	627	372
नयाँ	625	617	356
अनुसार	624	624	333
जिल्ला	612	593	351
गरिन्छ	609	609	372
मेरो	605	601	354
भए	580	580	341
त	577	576	339
मुख्य	574	572	349
वर्ष	563	558	327
पहिलो	559	558	333
मैले	555	555	343
प्रमुख	539	539	318
यी	539	539	328
को	538	537	303
भएका	536	536	328
हुन	534	533	336
नेपालमा	530	530	319
प्राप्त	528	528	321
छैन	526	526	329
अवस्थित	511	511	311
पछि	509	508	324
गरेर	508	505	319
गर्दा	504	499	323
मलाई	504	504	317
कुरा	502	502	322
क्षेत्र	500	498	312
क्षेत्रमा	499	499	315
म	490	490	316
उनलाई	475	475	308
आदि	473	473	310
सबैभन्दा	468	468	299
कार्य	460	460	303
पर्ने	460	460	299
हुन्छन्	460	456	297
भारतीय	455	455	289
गर्दै	428	428	293
पाइन्छ	423	423	291
समय	422	422	295
राम्रो	417	417	279
बढी	409	409	283
गाउँ	405	401	268
राज्य	405	402	275
जन्म	400	400	262
राष्ट्रिय	397	397	276
देखि	394	394	275
के	391	382	267
निर्माण	389	389	269
सकिन्छ	386	386	273
यस्तो	385	385	270
त्यस	380	380	258
१	380	372	264
गर्नु	379	379	254
भन्दा	379	378	272
साथै	376	376	268
ठाउँमा	375	375	259
जनसङ्ख्या	371	371	261
अर्को	370	370	263
राजा	368	368	258
जस्तै	365	365	249
मन्दिर	362	354	264
गर्दछ	358	358	259
उनका	356	356	254
विशेष	353	353	255
यसमा	351	351	251
समयमा	350	350	259
बारेमा	349	348	252
समेत	348	348	253
लामो	340	340	245
ईपू	335	335	233
भाग	334	334	240
भारतको	334	334	240
२	331	331	242
रहेका	329	329	234
मानिन्छ	327	327	236
त्यसपछि	326	326	239
साथ	322	322	240
सालमा	316	316	235
ती	312	312	236
सानो	309	306	218
उक्त	305	305	213
जसको	305	305	228
भाषा	305	300	227
दक्षिण	304	304	237
अञ्चलको	303	303	221
तपाईँको	303	301	228
स्थापना	300	300	225
प्रकाशित	299	299	228
यसका	299	299	222
सक्छ	298	298	230
सुरु	298	298	231
प्रसिद्ध	294	294	219
गर्छ	291	290	219
जो	290	287	212
हजार	290	290	217
सम्म	288	288	222
यसले	283	283	220
लेख	283	279	220
३	282	282	221
पहिले	280	275	206
तपाईँ	277	277	212
धार्मिक	277	277	207
चलचित्र	274	272	216
जसमा	274	274	218
जस्तो	274	274	219
पर्छ	274	274	212
हामी	273	273	209
त्यसको	272	271	212
गाविस	271	270	200
भएर	270	270	211
पूर्व	269	269	205
वर्षको	269	269	211
गर्यो	268	268	206
महिला	267	267	207
बेला	264	261	198
सेवा	264	263	203
काठमाडौँ	263	263	201
का	262	262	202
दोस्रो	261	261	203
यदि	260	260	200
भनेर	259	259	206
परिवर्तन	258	258	208
नदी	257	254	203
छु	256	256	191
समिति	256	256	191
हाल	255	255	202
सम्पादन	254	254	196
अनि	253	253	201
तपाईँले	253	253	195
पर्दछ	253	253	200
आर्थिक	252	252	207
गरियो	251	251	197
अध्ययन	250	250	195
त्यहाँ	249	249	198
आफ्ना	248	245	192
गर्दछन्	248	248	195
जस्ता	244	244	186
तयार	244	244	186
भारत	244	244	199
रूपले	243	243	187
५	243	243	187
जानकारी	242	242	195
वटा	241	240	196
अन्तर्राष्ट्रिय	240	240	196
देखिन्छ	240	240	196
त्यसैले	238	238	190
पटक	238	213	178
स्थान	238	238	187
आएको	237	237	192
अहिले	236	236	191
१०	236	236	177
प्रकारको	235	235	178
प्रत्येक	235	235	185
हुनु	233	232	192
आधारमा	232	232	179
चार	231	231	185
पाँच	231	231	180
यस्ता	231	231	185
जसले	230	230	178
४	230	230	193
कम	229	225	181
जीवन	229	229	186
हाम्रो	229	229	186
पाइने	228	228	186
सहयोग	228	228	178
हुँदै	228	228	182
प्रदान	226	222	179
अब	225	225	183
पुरानो	225	224	170
सय	225	225	176
जब	222	221	184
क्षेत्रको	221	221	178
निकै	221	221	175
लगभग	221	221	179
प्राचीन	220	220	184
होला	218	218	175
अथवा	217	217	177
थाहा	215	212	179
बनेको	215	215	175
स्थानमा	213	213	176
हुँदैन	213	211	174
पूर्वी	212	212	183
विज्ञान	212	205	169
सम्बन्धित	212	212	171
करिब	211	211	166
पूजा	211	211	177
आवश्यक	210	208	173
अर्थ	209	208	171
लिएर	209	209	172
शिक्षा	209	208	170
आज	208	208	170
उच्च	208	208	174
देश	204	204	162
पानी	204	204	168
हुनुहुन्छ	203	203	168
आउने	202	197	155
उत्तर	201	201	163
अगाडि	200	200	157
गरिने	200	200	163
यही	200	200	166
जसलाई	199	199	165
अमेरिकी	197	197	155
छोरा	195	195	160
पूर्ण	195	195	166
अधिकार	194	194	164
ऐतिहासिक	194	194	161
पत्रिका	194	185	153
व्यवस्था	194	194	159
अनेक	193	193	163
उल्लेख	193	193	157
भनेको	193	193	163
सङ्ख्या	193	193	164
हुँदा	193	193	161
एवं	192	192	155
त्यही	192	192	159
प्रवेश	192	192	157
होइन	192	192	163
अस्ट्रेलियाली	191	191	153
त्यसलाई	191	191	159
पृष्ठमा	191	191	158
प्रथम	191	191	155
६	191	190	164
कुल	189	189	153
नामक	188	188	153
नेपालका	188	188	165
स्थानीय	188	188	150
फेरि	187	187	157
प्रतिशत	186	184	153
भएपछि	186	186	151
श्री	186	180	148
घर	185	185	155
भाषामा	185	185	152
उहाँ	184	184	151
केन्द्र	184	183	160
लेखिएको	184	184	151
सामान्य	184	184	151
गते	183	183	149
प्रकाशन	183	179	144
विश्वास	181	181	151
गर्छन्	180	180	151
क्याम्पस	179	165	138
यसरी	179	179	153
पहाडी	178	178	148
विश्वविद्यालय	178	171	144
स्थापित	178	178	147
उहाँले	177	177	151
देशको	177	177	141
माथि	177	177	148
भारतमा	176	176	147
योगदान	176	176	149
भागमा	175	175	146
यसै	175	175	154
जारी	174	173	141
पुरस्कार	174	174	140
पृष्ठ	174	174	145
राजधानी	174	174	143
सो	174	174	143
अवस्थामा	173	173	151
गाविसको	173	173	156
आफ्नै	172	172	152
भूमिका	172	172	151
तपाईँलाई	171	171	147
सम्पूर्ण	171	171	144
संयुक्त	170	170	142
सम्बन्ध	170	170	145
बाहिर	169	169	146
जहाँ	168	165	142
प्रकार	167	167	145
बनाउन	167	167	137
भाषाको	167	167	148
१२	167	167	142
थुप्रै	166	166	142
या	164	161	140
स्थित	164	164	137
अङ्ग्रेजी	163	163	134
७	163	163	137
धर्म	162	162	136
निर्वाचन	162	162	137
बसोबास	162	162	132
सफल	162	162	138
राजनैतिक	161	161	135
लाख	161	161	136
अन्तिम	160	160	135
क्रममा	160	160	134
माछा	160	160	140
मूल	160	160	143
राज्यको	160	160	137
सहर	160	160	140
अधिक	159	158	133
दिने	159	159	132
यहाँको	159	159	135
हरेक	158	156	141
अञ्चल	157	157	134
आधुनिक	156	155	134
उपलब्ध	156	156	135
शब्द	156	156	133
अन्तर्गत	155	154	131
थिएन	155	155	137
दिएको	155	155	131
मानव	155	154	132
सञ्चालन	155	155	138
केवल	154	154	136
दिए	154	153	135
महत्त्वपूर्ण	154	154	127
प्रकारका	153	153	131
विचार	152	152	132
साल	152	152	124
जति	151	151	130
जान्छ	151	151	132
भारतका	151	151	135
मिटर	151	151	133
विवाह	151	151	134
परम्परा	150	150	131
कलेज	149	146	129
प्रस्तुत	149	149	127
२०	149	149	128
घोषणा	148	148	124
छोरी	148	148	129
ज्ञान	148	148	129
प्रति	148	148	126
मानिसहरू	148	148	131
अर्थात्	147	147	126
महिना	146	145	127
व्यक्ति	146	146	130
बनाउने	145	145	126
विषयमा	145	145	126
अफ	144	144	127
ईसा	144	144	125
मध्य	144	144	118
राजनीतिक	144	144	122
सदरमुकाम	144	144	116
अघि	143	143	124
उसको	143	143	131
एउटै	143	143	122
गएको	143	143	130
घरमा	143	141	119
त्यसमा	143	143	123
तत्कालीन	142	142	128
थाले	142	142	125
नगर	142	142	121
नदीको	142	139	118
सरकारले	142	142	116
गीत	141	141	128
तिनको	141	141	119
रोग	141	141	124
लाग्छ	141	141	116
उहाँको	140	140	123
किनभने	140	140	125
परेको	140	140	121
भएकाले	140	140	119
पश्चिम	139	139	122
लाग्ने	139	139	131
सार्वजनिक	139	139	120
अस्पताल	138	137	120
जाने	138	138	125
मन	138	138	126
कथा	137	137	123
गर्नुभएको	137	137	117
प्रकाश	137	137	113
१५	137	137	115
अलग	136	117	105
धन्यवाद	136	136	121
२००७	136	136	124
अधिकांश	135	135	117
केन्द्रीय	135	135	112
खेल	135	135	114
प्रधानमन्त्री	135	135	116
प्रभाव	135	135	114
प्राकृतिक	135	135	124
वैज्ञानिक	135	135	120
सक्ने	135	135	114
११	135	135	115
इतिहास	134	134	117
पुरुष	134	134	115
स्वतन्त्र	134	134	119
कारणले	133	133	122
ग्रह	133	133	120
चलन	133	133	112
ठाउँ	133	133	116
बनाइएको	133	133	110
मध्ये	133	133	113
कर्णाली	132	130	105
कृषि	132	132	119
थिइन्	131	131	111
मानिस	131	131	112
हुनेछ	131	131	121
गाविसमा	130	130	118
बनाएको	130	130	116
ध्यान	129	129	116
परिवार	129	129	111
लागेको	129	129	119
तेस्रो	128	128	114
मान्यता	128	128	111
रहन्छ	128	128	114
रूप	128	128	114
हुनाले	128	128	119
आफूलाई	127	127	116
फल	127	127	110
विद्यालय	127	127	108
२०१०	127	127	111
अरू	126	126	113
उत्पन्न	126	126	110
बनाएर	126	126	106
कसरी	125	121	108
त्यस्तै	125	125	110
समस्या	125	124	113
सुझाव	125	125	110
अति	124	124	106
बाटो	124	124	109
सरकारी	124	116	104
उत्तरी	123	123	109
मृत्यु	123	123	111
कालो	122	122	111
दिल्ली	122	122	115
नेता	122	122	112
पुस्तक	121	121	107
प्रभावित	121	120	105
सन्देश	121	121	107
३०	121	120	109
८	121	121	104
जना	120	120	108
द	120	120	113
साना	120	111	97
९	120	120	109
उत्पादन	119	118	105
राजनीतिमा	119	119	102
गर्नका	118	118	103
सात	118	118	111
१४	118	118	106
आएका	117	117	100
न	117	115	105
मन्दिरको	116	116	102
मात्रामा	116	116	104
योजना	116	116	99
राई	116	116	103
लगायत	116	116	105
उपत्यका	115	115	100
कला	115	115	102
गरेपछि	115	115	110
पश्चिममा	115	115	97
सांस्कृतिक	115	114	102
सामेल	115	115	104
रचना	114	114	102
लेखहरू	114	114	101
जातिको	113	112	107
जेल	113	113	98
देशमा	113	112	103
भित्र	113	113	102
शक्ति	113	113	98
२५	113	113	102
कार्यालय	112	112	105
कृपया	112	112	99
राखिएको	112	112	92
संविधान	112	112	100
उपयोग	111	111	100
चर्चित	111	111	103
प्रयास	111	111	101
सालको	111	111	96
सुन्दर	111	110	101
त्यसै	110	110	101
दक्षिणमा	110	110	99
निर्णय	110	110	98
पूर्वमा	110	110	100
फरक	110	92	86
युद्ध	110	110	100
लेखक	110	110	105
१८	110	110	103
एवम्	109	109	100
खेलाडी	109	109	101
समर्थन	109	109	97
उसले	108	108	95
टाढा	108	108	97
मिलेर	108	108	95
रहे	108	108	97
लिन	108	108	96
वनस्पति	108	108	94
विद्यार्थी	108	108	101
सन्तान	108	108	96
अवस्था	107	107	97
पत्रिकाको	107	107	94
प्रचलित	107	107	94
यहाँका	107	107	92
स्थल	107	107	94
अनुमान	106	106	96
पोखरा	106	105	92
प्रयोगकर्ता	106	106	100
यात्रा	106	106	96
यिनको	106	106	92
रह्यो	106	106	96
सम्पन्न	106	106	96
हामीले	106	106	89
आकार	105	104	94
आधार	105	105	97
कायम	105	105	99
पानीमा	105	105	92
यति	105	105	88
यिनी	105	105	91
सरकारको	105	105	98
स्वास्थ्य	105	105	94
आधारित	104	104	91
एकै	104	104	92
कविता	104	104	88
गर्नुहोला	104	104	92
दिनमा	104	104	93
लगायतका	104	104	91
विशाल	104	104	94
हात	104	104	93
अग्लो	103	102	91
अनुरोध	103	103	92
इतिहासमा	103	103	89
उनीहरूको	103	103	94
जीवनको	103	103	99
लगाउने	103	103	93
कसैले	102	102	92
कहिले	102	93	88
नामले	102	102	85
भई	102	102	100
मुक्त	102	102	97
सक्रिय	102	102	88
स्थिति	102	102	94
उमेरमा	101	101	90
कार्यक्रम	101	101	94
बजार	101	101	92
बाहेक	101	101	90
मन्दिरमा	101	101	88
आवश्यकता	100	100	90
उनीहरू	100	100	92
दुवै	100	100	96
पिता	100	100	83
वर्ग	100	100	93
१३	100	100	90
किलोमिटर	99	99	84
नियम	99	99	89
माओवादी	99	99	92
वस्तु	99	98	89
विरुद्ध	99	99	87
शेर्पा	99	97	86
आयोजना	98	98	86
ठूलो	98	98	93
नामको	98	98	86
आदिवासी	97	97	88
औँ	97	91	84
कति	97	91	81
कम्पनी	97	97	88
नगरपालिका	97	97	89
लाग्यो	97	97	90
विकसित	97	97	82
संस्कृति	97	97	87
सैनिक	97	97	85
आमा	96	96	88
खास	96	96	85
गए	96	96	90
पर्यो	96	96	89
बन्न	96	96	89
मत	96	96	83
लिखित	96	96	84
शासन	96	96	88
समूह	96	96	89
साहित्यकार	96	96	86
कतिपय	95	95	88
खाता	95	95	89
सम्बन्धी	95	95	86
स्पष्ट	95	95	89
अझै	94	94	90
अध्यक्ष	94	94	86
जम्मा	94	94	81
नागरिक	94	94	84
निबन्ध	94	94	89
भूभाग	94	94	86
रहन	94	94	85
वर्णन	94	94	86
वर्तमान	94	94	88
अन्तरिक्ष	93	89	79
आन्दोलनमा	93	93	84
गएर	93	93	85
दिएर	93	93	86
पछिल्लो	93	93	83
साहित्य	93	93	83
२७	93	93	87
अत्यन्त	92	92	84
उपचार	92	92	87
किमि	92	92	89
छौँ	92	92	86
नजिकै	92	92	76
मान्छे	92	92	84
विश्व	92	92	82
संस्कृत	92	92	85
सम्मान	92	92	80
होस्	92	92	88
५०	92	92	76
आन्दोलन	91	91	83
खोला	91	90	84
चर्चा	91	91	84
दुबै	91	91	87
निम्न	91	91	84
भएमा	91	91	84
यन्त्र	91	85	78
सम्पर्क	91	91	84
सही	91	90	83
२१	91	91	80
२३	91	91	84
आफू	90	90	83
उपयुक्त	90	90	85
परम्परागत	90	90	76
पुरा	90	90	81
बाजा	90	89	83
बौद्ध	90	90	81
यसबाट	90	90	83
राखेर	90	90	82
लोकप्रिय	90	90	80
विषय	90	90	85
शरीरमा	90	90	78
सगरमाथा	90	90	82
आधा	89	88	82
कम्प्युटर	89	88	81
जाति	89	89	86
नम्बर	89	89	79
परिचय	89	89	85
बनाए	89	89	88
बसेको	89	89	82
सेतो	89	87	77
स्वीकार	89	89	84
आयो	88	88	81
गाउँमा	88	88	82
दर्शन	88	88	82
निर्देशक	88	88	82
बेलायती	88	88	79
राख्ने	88	88	78
सुरू	88	88	80
अझ	87	87	83
अतिरिक्त	87	87	79
उत्तरमा	87	87	78
गर्नको	87	87	77
तब	87	87	76
दिएका	87	87	81
दिनु	87	87	81
भाइ	87	87	80
शब्दको	87	86	74
साझा	87	86	78
आफूले	86	86	83
पार्टी	86	86	78
बस्न	86	86	80
राष्ट्रपति	86	85	77
विरोध	86	83	76
साधारण	86	86	77
आठ	85	85	78
गोरखा	85	85	83
तर्फबाट	85	83	77
पर्याप्त	85	85	80
प्रख्यात	85	85	84
बस्ने	85	85	78
भनिएको	85	85	78
वन	85	85	79
सुरक्षित	85	85	79
हिन्दू	85	85	82
आउँछ	84	84	80
कोही	84	83	77
खाने	84	84	78
चाहिँ	84	84	76
चुनाव	84	84	77
तल्लो	84	84	74
त्यति	84	84	80
थिएँ	84	84	77
पाउने	84	84	72
पुग्यो	84	84	80
पृथ्वीनारायण	84	84	78
भनी	84	84	75
यिनले	84	84	73
व्रत	84	84	75
शर्मा	84	84	79
सुधार	84	84	78
१९	84	84	73
उचित	83	83	77
किन	83	81	76
विशेषता	83	83	77
समान	83	83	76
अङ्ग्रेजीमा	82	82	78
आए	82	82	78
उपन्यास	82	82	73
उपन्यासकार	82	82	73
कहिल्यै	82	82	76
काठमाडौँको	82	82	77
किसिमको	82	82	77
कृति	82	82	78
गर्नुपर्छ	82	81	73
जोडिएको	82	82	72
दर्ता	82	82	75
पर्दछन्	82	82	74
पृथ्वी	82	82	78
भौतिक	82	82	71
सेना	82	82	78
कतै	81	72	68
गरिन्	81	81	73
गर्नुभयो	81	81	74
जीवनमा	81	81	75
थप	81	81	77
नेपालीमा	81	81	73
नौ	81	77	72
पुराना	81	81	75
प्रदर्शन	81	81	75
संरक्षण	81	81	71
सकिने	81	81	75
सूर्य	81	81	76
अस्ट्रेलियाको	80	80	73
उपत्यकाको	80	80	70
दशमलव	80	80	77
दिइन्छ	80	80	75
दृष्टिले	80	80	72
नजिक	80	80	75
पर्वत	80	80	74
पहिला	80	77	73
पानीको	80	80	77
बन्यो	80	80	73
रहने	80	80	76
राष्ट्र	80	80	72
वार्ता	80	80	74
विश्वको	80	78	73
सम्भव	80	80	74
सुरुवात	80	80	75
क्षेत्रफल	79	79	72
जान	79	79	75
डिग्री	79	79	73
पृष्ठको	79	79	73
बराबर	79	79	74
भौगोलिक	79	79	72
माध्यमिक	79	79	75
सरकार	79	79	72
अवधिमा	78	78	71
कालमा	78	78	71
खर्च	78	78	72
गण्डकी	78	78	73
गरेमा	78	78	75
तल	78	78	68
निम्ति	78	78	70
भन्दछन्	78	78	72
लिने	78	78	72
लेखमा	78	78	73
व्यक्त	78	78	71
शान्ति	78	76	72
हिमाली	78	78	74
उनीहरूले	77	77	72
करोड	77	77	70
दिइएको	77	77	70
प्रत्यक्ष	77	77	73
बाँकी	77	77	72
व्यक्तिले	77	77	72
सडक	77	77	69
सधैँ	77	77	72
सर्वप्रथम	77	77	73
सिंह	77	77	73
अभिनय	76	76	73
खुला	76	76	71
जुलाई	76	76	64
तिनलाई	76	76	69
द्वारा	76	76	68
नेतृत्व	76	76	69
प्रणाली	76	76	71
बागमती	76	76	68
रेडियो	76	76	72
अन्ना	75	75	69
अमेरिका	75	75	68
आँखा	75	75	70
खान	75	75	74
गराउने	75	75	71
गर्थे	75	75	73
ग्रहण	75	75	66
त्यसले	75	75	67
पवित्र	75	75	71
पश्चिमाञ्चल	75	75	71
बजारमा	75	75	70
भोजन	75	75	71
मेरा	75	75	69
वार्षिक	75	75	72
श्रेष्ठ	75	75	69
संस्था	75	75	71
सालदेखि	75	75	73
अङ्क	74	74	65
ऊर्जा	74	74	70
गरिदिए	74	74	70
गर्नुहोस्	74	74	69
झापा	74	74	67
दैनिक	74	74	70
नाममा	74	74	70
बनाइन्छ	74	74	70
भएकोले	74	74	70
लेखेको	74	74	66
विकासको	74	74	69
सम्बन्धमा	74	74	69
सूचना	74	74	70
२४	74	74	70
अत्याधिक	73	73	69
अनुसन्धान	73	73	70
अभिनेता	73	73	66
उचाइमा	73	73	69
औपचारिक	73	73	66
दैलेख	73	73	66
निजी	73	73	70
मध्यमाञ्चल	73	73	67
लामा	73	71	66
लिए	73	73	67
विभाजन	73	73	70
शरीरको	73	73	70
समाज	73	73	66
अहिलेसम्म	72	72	64
उद्योग	72	69	65
क्षेत्रलाई	72	72	63
जनताको	72	72	65
पदार्थ	72	72	63
परिवारमा	72	72	68
बन्द	72	72	70
रहेछ	72	72	68
व्यापक	72	72	67
सङ्ख्यामा	72	72	65
सम्भावना	72	72	65
सहित	72	72	68
अभाव	71	71	61
इलाम	71	71	63
गठन	71	71	68
चितवन	71	71	66
जनगणना	71	71	65
जनता	71	71	65
जातीय	71	71	70
दिन्छ	71	71	66
देखिने	71	71	65
देखेर	71	71	66
नेकपा	71	71	67
नेवार	71	71	64
पुत्र	71	71	69
प्राय	71	71	69
भइसकेको	71	71	66
रातो	71	71	66
लगातार	71	71	69
समयको	71	71	65
समस्त	71	71	68
सहभागी	71	71	69
सिद्धान्त	71	71	66
आशा	70	70	63
काठमाडौँमा	70	70	63
कान	70	68	63
कास्की	70	70	67
क्षमता	70	70	62
गाई	70	70	66
छैनन्	70	70	65
तराई	70	70	66
तिनीहरू	70	70	64
दरबार	70	70	67
दल	70	66	65
नक्षत्र	70	69	63
नमस्कार	70	70	66
नामबाट	70	70	66
पाउन	70	70	67
प्रदेशको	70	70	69
फिर्ता	70	70	67
बने	70	70	67
मेची	70	70	65
हुन्थ्यो	70	70	65
हेर्दा	70	70	64
आदिको	69	69	65
छिन्	69	69	67
जाँदा	69	69	67
जे	69	64	58
पाइन्छन्	69	68	66
माघ	69	69	64
व्यक्तिगत	69	69	63
व्यापार	69	69	59
सशस्त्र	69	69	67
सिमाना	69	69	65
सोही	69	69	66
हातमा	69	69	66
२००१	69	69	63
२०११	69	69	63
उदाहरण	68	68	63
एकमात्र	68	68	63
खगोल	68	68	64
गयो	68	68	64
ताल	68	67	63
प्रशासनिक	68	68	62
मेला	68	68	66
युद्धको	68	68	62
राम्ररी	68	68	64
वर्षसम्म	68	68	63
सर्वाधिक	68	68	65
सहायता	68	68	61
स्नातक	68	68	63
हुनुपर्छ	68	68	61
आग्रह	67	67	60
तिमी	67	67	63
नियन्त्रण	67	67	65
भएन	67	67	60
मानिने	67	67	64
मुस्लिम	67	67	60
यसो	67	67	62
लुम्बिनी	67	67	63
वास्तविक	67	67	63
विदेशी	67	67	63
संलग्न	67	67	64
सक्दैन	67	67	64
सजिलो	67	67	65
साथमा	67	67	66
सुरक्षा	67	66	60
स्नान	67	67	63
हिन्दी	67	67	61
हुनुहुन्थ्यो	67	67	61
२८	67	67	64
गरिएका	66	66	64
गरेकी	66	66	60
गर्नमा	66	66	61
गलत	66	66	63
गुरुङ	66	66	61
ग्रामीण	66	66	60
घटना	66	66	61
जन	66	66	61
जापानी	66	66	63
टेलिभिजन	66	66	60
तुलनामा	66	66	61
दान	66	66	60
पल्ट	66	66	63
पार्टीको	66	66	63
मगर	66	66	63
महाभारत	66	66	66
मार्च	66	66	62
मासिक	66	66	60
मूर्ति	66	66	62
राखी	66	66	66
राजनीति	66	65	61
विजयी	66	66	59
सङ्घको	66	66	62
सेनाको	66	66	65
स्वरूप	66	66	61
अङ्ग	65	65	61
आजको	65	65	63
ईश्वर	65	65	62
उसलाई	65	65	61
कवि	65	65	63
किनारमा	65	65	59
जनकपुर	65	64	61
पुगे	65	65	61
प्रारम्भिक	65	65	64
भवन	65	65	64
मानिसहरूको	65	65	62
यस्तै	65	64	60
ललितपुर	65	65	64
साउथ	65	65	59
अस्ट्रेलिया	64	64	58
आक्रमण	64	64	62
आमाको	64	64	60
कमी	64	64	64
चलचित्रमा	64	64	61
जनवरी	64	64	61
जसका	64	64	62
धारणा	64	64	58
नेतृत्वमा	64	64	58
पुल	64	62	60
पूरा	64	64	62
बनेका	64	64	58
बिहान	64	64	60
भन्न	64	64	60
शताब्दीमा	64	64	59
शुभ	64	62	56
सङ्कलन	64	64	61
समयसम्म	64	64	61
हजारौँ	64	64	61
हासिल	64	64	63
१६	64	64	61
अभियान	63	63	62
अमेरिकन	63	63	59
आएर	63	63	59
कडा	63	62	54
कमजोर	63	63	59
कुमार	63	63	54
गर्दछु	63	63	59
जीवित	63	62	59
ठुलो	63	63	57
नदीमा	63	63	58
पार्न	63	63	60
मे	63	63	57
राखे	63	63	61
विचारमा	63	63	58
विधि	63	63	61
विभाग	63	63	61
स्वतन्त्रता	63	63	60
अधिकारी	62	62	59
कर्म	62	62	60
गहिरो	62	62	60
थोरै	62	58	51
दिनको	62	62	55
नियुक्त	62	62	60
पर्व	62	62	59
पाए	62	62	56
पूर्वाञ्चल	62	62	60
माटो	62	62	59
माध्यमबाट	62	62	54
मौका	62	62	59
राख्न	62	62	53
विशिष्ट	62	62	56
सिर्जना	62	62	59
हक	62	62	57
हेर्न	62	62	56
२००९	62	62	59
अभिनेत्री	61	61	59
क्षेत्रका	61	61	60
गर्नाले	61	61	59
गुरु	61	61	57
घरको	61	61	58
चौथो	61	61	58
जल	61	61	58
जापानको	61	61	59
तिब्बती	61	60	56
दुईवटा	61	61	58
नियमित	61	61	58
पक्षमा	61	61	58
मिलियन	61	61	59
मौलिक	61	61	57
राखिन्छ	61	61	61
राणा	61	61	58
रेकर्ड	61	61	57
वर्षमा	61	61	56
शाखा	61	61	55
समाजमा	61	61	54
हत्या	61	61	59
अवसरमा	60	60	53
किराँत	60	58	55
त्यस्तो	60	60	53
देवता	60	60	58
पत्ता	60	60	56
पुगेको	60	60	58
बसोवास	60	60	58
माओवादीको	60	60	56
लगाउन	60	60	56
समाप्त	60	60	55
सहरहरू	60	60	54
साहित्यिक	60	60	57
सूर्यको	60	60	56
हरियो	60	60	57
२००८	60	60	55
३१	60	60	55
६०	60	60	57
अक्षर	59	59	57
खुसी	59	59	53
डा	59	59	57
थर	59	59	56
थाल्यो	59	59	54
धादिङ	59	59	56
नाच	59	59	56
निरन्तर	59	59	57
परमाणु	59	59	59
पात	59	59	56
प्रसाद	59	59	58
बन्ने	59	59	57
भन्छन्	59	59	58
मदन	59	59	53
रक्षा	59	59	57
राखेको	59	59	57
लेखलाई	59	59	57
विश्वका	59	59	55
व्याख्या	59	59	53
शरीर	59	59	57
शिक्षण	59	59	55
२२	59	59	55
अनुभव	58	58	55
काममा	58	58	54
किसिमका	58	58	55
कुराको	58	58	55
कुरामा	58	58	55
त्रिभुवन	58	58	53
दिल्लीको	58	58	52
नक्षत्रको	58	58	54
पूजाआजा	58	58	55
बनाएका	58	58	56
बाल	58	58	58
मानिसको	58	58	53
लक्ष्य	58	58	55
विस्तार	58	58	53
वृद्धि	58	58	51
सुविधा	58	58	56
४०	58	58	58
अनुवाद	57	57	56
अप्रिल	57	57	53
उनकी	57	57	55
उपाधि	57	57	53
किरण	57	57	53
गतेदेखि	57	57	49
गराउन	57	57	51
गर्मी	57	57	53
घिमिरे	57	57	52
त्यसका	57	57	54
दशकमा	57	57	53
दिल्लीमा	57	57	54
नभएर	57	57	53
पहिचान	57	57	54
बल	57	57	54
मन्त्री	57	57	55
माग	57	57	55
रकम	57	57	54
व्यक्तिको	57	57	54
व्यवस्थापन	57	57	52
सबैको	57	57	53
समाजिक	57	56	53
साहित्यमा	57	57	56
उहाँका	56	56	52
औसत	56	55	54
कुन	56	56	55
गल्ती	56	56	54
गौतम	56	56	54
जन्मिएका	56	56	52
जीव	56	56	55
देखिएको	56	56	51
देवी	56	56	54
निर्धारण	56	56	53
निर्माता	56	56	54
निर्वाचित	56	56	54
नोभेम्बर	56	56	49
पढाइ	56	56	54
पुग्न	56	56	52
प्रमाण	56	56	52
फैलिएको	56	56	56
बसेका	56	56	49
बेलामा	56	56	54
महिनामा	56	56	53
युद्धमा	56	56	53
लिएको	56	56	55
विजय	56	56	53
सक्छन्	56	56	53
समावेश	56	55	53
१००	56	56	52
अस्ट्रेलियामा	55	55	49
किताब	55	55	50
कुराहरू	55	55	50
गति	55	55	52
जातिहरू	55	55	52
डिसेम्बर	55	55	50
तामाङ	55	55	51
दृश्य	55	55	53
देवीको	55	55	53
धर्मको	55	55	51
नभएको	55	55	49
नाटक	55	55	54
बाट	55	55	52
भक्तपुर	55	55	52
मान्ने	55	55	51
सङ्घर्ष	55	55	54
साहित्यको	55	55	48
२६	55	55	53
अक्टोबर	54	54	52
खोटाङ	54	52	50
गोकर्ण	54	54	49
चाँडै	54	54	51
जन्मेका	54	54	52
तरिका	54	54	53
त्यतिबेला	54	54	52
निर्वाचनमा	54	54	51
पर्यटकीय	54	54	51
पश्चिमी	54	52	47
पृथ्वीको	54	53	53
पोखरी	54	52	51
प्रधान	54	54	51
प्राथमिक	54	54	51
माया	54	54	52
रगत	54	54	53
रुचि	54	54	50
वर्गीकरण	54	54	48
विरोधी	54	54	49
सफा	54	54	54
सहायक	54	54	52
सामान्यतया	54	54	51
सेप्टेम्बर	54	54	52
कार्यरत	53	53	52
कुमारी	53	53	49
खाली	53	53	51
खोज	53	53	50
गङ्गा	53	53	45
ग्रन्थ	53	53	49
घोषित	53	53	49
तत्त्व	53	53	52
दिनसम्म	53	53	53
पत्र	53	51	48
भ्रमण	53	53	50
रूख	53	53	52
वातावरण	53	53	51
शैक्षिक	53	53	50
सबैले	53	53	49
सारा	53	53	53
सिद्ध	53	53	49
सूची	53	53	51
स्थितिमा	53	53	52
अपलोड	52	52	51
उपस्थित	52	52	50
काङ्ग्रेस	52	52	51
कार्यमा	52	52	49
खनाल	52	52	50
गरिन्थ्यो	52	52	49
चिसो	52	52	49
थिएनन्	52	52	49
धारा	52	52	48
परेका	52	52	48
पृथ्वीमा	52	52	47
बनाई	52	52	48
बिना	52	52	51
बिस्तारै	52	49	48
माता	52	52	51
मानिसहरूले	52	52	50
यसपछि	52	52	51
लेखेका	52	52	49
वर्षपछि	52	52	50
विकासमा	52	52	46
विवरण	52	52	49
सन्दर्भमा	52	52	50
हिमाल	52	51	48
१७	52	52	48
२००६	52	52	47
अवसर	51	51	51
आयोजित	51	51	49
उत्कृष्ट	51	51	50
उत्तम	51	49	48
चल्ने	51	51	46
जटिल	51	51	50
देख्न	51	51	49
नभई	51	51	48
निर्भर	51	51	48
प्रहरी	51	51	49
बारा	51	51	47
बियो	51	46	42
भइरहेको	51	51	50
भिन्न	51	48	47
मनाइन्छ	51	50	48
राजाले	51	51	49
लेखको	51	51	44
विज्ञानको	51	51	49
विविध	51	51	47
संसारमा	51	51	47
सञ्चालित	51	51	50
२०४६	51	51	49
आदिमा	50	50	49
इच्छा	50	50	48
उत्पत्ति	50	50	45
उनीहरूलाई	50	50	50
एकदम	50	50	50
एकपटक	50	50	49
कस्तो	50	50	49
केन्द्रित	50	50	50
खेलमा	50	50	48
गम्भीर	50	50	46
जापान	50	50	48
जुका	50	50	48
टाउको	50	50	48
निश्चित	50	50	46
पत्नी	50	50	46
परिवारको	50	50	48
प्रजातान्त्रिक	50	50	48
प्रश्न	50	50	45
फुटबल	50	50	48
बस्ती	50	50	44
बाबु	50	50	48
रमाइलो	50	50	48
राज्यमा	50	50	46
लेखनाथ	50	50	48
विभाजित	50	50	43
विश्वमा	50	50	47
सङ्गीत	50	50	45
सहरको	50	50	49
सेती	50	50	46
स्थानको	50	50	50
हिंसा	50	50	49
२०१२	50	50	48
आकर्षक	49	49	46
आम	49	49	47
किसान	49	48	46
कुरालाई	49	49	48
गुण	49	49	44
त्यसैगरी	49	49	47
दक्षिणी	49	49	47
देशका	49	49	49
दोलखा	49	49	49
नगरको	49	49	45
निर्मित	49	49	49
मद्दत	49	49	48
मध्येको	49	49	45
महत्त्व	49	49	48
मानिएको	49	49	45
मुगल	49	49	45
राम्रा	49	47	47
राहु	49	49	48
ले	49	49	45
वार्तालाप	49	49	46
विष्णु	49	49	44
संस्कार	49	49	45
सफलता	49	49	48
समाचार	49	49	44
सर्वोच्च	49	49	46
हालको	49	49	45
अगस्ट	48	48	45
आउन	48	48	47
आदेश	48	48	45
आवाज	48	48	44
उद्देश्य	48	48	45
कब्जा	48	48	46
कामी	48	48	45
खाना	48	48	46
चित्र	48	48	45
छेउमा	48	48	46
जनताले	48	48	44
तरकारी	48	48	45
तीन	48	48	44
दश	48	48	45
नगरकोट	48	48	44
परीक्षा	48	48	48
प्रचलन	48	48	44
प्रतियोगितामा	48	48	48
प्रस्ताव	48	48	44
प्रान्तको	48	48	47
बढ्दै	48	48	46
भनेका	48	48	45
भित्री	48	48	47
महेन्द्र	48	48	47
मुख	48	48	43
रहेर	48	48	44
लिपि	48	47	45
वर्षका	48	48	44
वास्तवमा	48	48	43
व्यक्तिलाई	48	48	48
सबैलाई	48	48	47
अनिवार्य	47	47	45
अस्ट्रेलियाका	47	47	43
उपत्यकामा	47	47	44
एकजना	47	47	46
कसैलाई	47	47	45
क्षेत्रहरूमा	47	47	47
गाउँको	47	47	43
गुल्मी	47	47	45
ग्रहको	47	47	46
चम्चा	47	47	45
छाला	47	47	44
जसबाट	47	47	43
जोड	47	47	43
तसर्थ	47	47	47
तालिम	47	47	46
निधन	47	47	40
पहिलोपटक	47	47	44
पाएका	47	47	44
पाल्पा	47	47	41
पैसा	47	47	46
प्रेम	47	47	44
बताउनुहुन्छ	47	47	44
बनेर	47	47	44
बसेर	47	47	44
बहादुर	47	47	47
भन्नाले	47	47	45
भूभागमा	47	47	45
भेट्न	47	47	47
लागेका	47	47	44
लिएका	47	47	45
वडा	47	47	46
शालिग्राम	47	44	41
शाहले	47	47	45
शैली	47	47	47
सङ्केत	47	47	46
सङ्गठन	47	47	46
सैन्य	47	47	44
हुनुभयो	47	47	45
अत्यन्तै	46	46	44
अमेरिकाको	46	46	43
अस्पतालमा	46	46	43
उपन्यासमा	46	46	44
एम	46	46	43
क्रिया	46	45	43
क्षेत्रीय	46	46	43
गर्नुपर्ने	46	46	43
गोकर्णेश्वर	46	46	41
चराको	46	46	45
जुम्ला	46	46	44
तरिकाले	46	46	44
दियो	46	46	45
पटना	46	46	45
पहाड	46	46	46
प्रकाशक	46	46	44
प्रारम्भ	46	46	45
बनाउनु	46	46	44
ब्राह्मण	46	46	43
महिनाको	46	46	45
मानिसहरूलाई	46	46	43
मान्छेले	46	46	43
यिनीहरू	46	46	45
योग	46	43	41
राम	46	46	46
व्यवहार	46	46	44
संस्थाको	46	46	42
सङ्घ	46	45	44
समुदायमा	46	46	46
सरल	46	46	42
सायद	46	46	42
स्थायी	46	46	45
स्रोत	46	46	42
३२	46	46	45
अन्नपूर्ण	45	45	43
आकारको	45	45	45
आन्तरिक	45	45	42
कार्यकर्ता	45	45	44
कार्यक्रमको	45	45	44
चिकित्सा	45	45	42
जर्मन	45	43	41
जात्रा	45	42	40
धारण	45	45	43
पछाडि	45	45	42
पुर्याउन	45	45	42
पौडेल	45	45	43
प्युठान	45	44	41
मिलाएर	45	45	44
मोबाइल	45	45	42
यसमध्ये	45	45	42
युवा	45	45	44
राखियो	45	45	42
राप्ती	45	45	43
लक्षण	45	45	40
लाग्दैन	45	45	44
लेख्न	45	45	43
लोकतान्त्रिक	45	45	42
वरिपरि	45	45	42
वर्गमा	45	45	44
सजिलै	45	45	44
सत्य	45	45	43
साथी	45	45	44
स्वागत	45	45	44
हेक्टर	45	45	43
२००४	45	45	42
२९	45	45	45
अहिंसा	44	44	42
आरम्भ	44	44	41
कमला	44	44	43
काङ्ग्रेसका	44	44	43
चाहे	44	44	41
ज्यादै	44	44	43
तनहुँ	44	44	43
तारा	44	44	41
दिवस	44	44	44
पढ्न	44	44	42
पार	44	44	43
प्रकट	44	44	42
प्रभावकारी	44	44	44
बग्ने	44	44	42
बताए	44	44	44
भगवान्	44	44	43
भन्छ	44	44	43
माथिल्लो	44	44	44
मुद्दा	44	44	43
लगाए	44	44	42
विकि	44	44	42
शक्तिशाली	44	44	42
शारीरिक	44	44	42
संसार	44	44	44
सरकारलाई	44	44	42
हस्ताक्षर	44	44	42
हेर्ने	44	44	44
आचार्य	43	43	42
आरोप	43	43	42
इतिहासको	43	43	43
उदयपुर	43	43	41
कम्युनिस्ट	43	43	41
कहाँ	43	43	39
खेलको	43	43	43
गोपाल	43	43	42
चलाउन	43	43	42
चौतारी	43	43	41
जेलमा	43	43	42
तथ्य	43	43	41
तापक्रम	43	43	42
तिर	43	43	43
धेरैजसो	43	43	41
नं	43	43	41
नष्ट	43	43	39
नामाकरण	43	43	41
निको	43	43	41
परशुरामले	43	43	42
पुगेका	43	43	41
पुग्ने	43	43	39
पुस्तकालय	43	40	39
प्रक्रिया	43	43	40
प्रविधिको	43	43	41
मध्यपश्चिमाञ्चल	43	43	40
मनमा	43	43	43
मिल्ने	43	43	41
मेडिकल	43	43	42
यसैले	43	43	41
रहन्छन्	43	43	41
लागे	43	43	40
ल्याएको	43	43	42
वर्षा	43	43	40
विमानस्थल	43	43	40
संसारको	43	43	42
समूहमा	43	43	41
सेनाले	43	43	40
अनुमति	42	42	40
अस्तित्व	42	42	41
उपाय	42	42	40
उमेर	42	42	41
काल	42	42	40
किराँती	42	42	39
किशोर	42	42	40
खोलाको	42	42	38
गायक	42	42	40
गोर्खा	42	42	41
छिमेकी	42	42	39
जङ्गल	42	42	41
जबकि	42	42	40
जिते	42	42	41
देखिन्छन्	42	42	37
नारायणी	42	42	40
निर्माणमा	42	42	39
परिचित	42	42	41
पात्र	42	42	40
प्रमाणित	42	42	40
प्रहार	42	42	42
फाइदा	42	42	41
फोटो	42	42	40
बनायो	42	42	42
भनिन्	42	42	38
मकवानपुर	42	42	41
महादेवको	42	42	42
महासचिव	42	42	41
यद्यपि	42	42	38
योग्य	42	42	38
रूपैयाँ	42	42	42
रोटी	42	34	32
वैशाख	42	42	40
संवैधानिक	42	42	40
समाधान	42	42	41
सिन्धुली	42	42	41
सुन	42	42	42
सुर्खेत	42	41	38
हिसाबले	42	42	42
हेर्नुहोस्	42	42	39
१९९४	42	42	39
२००५	42	42	40
आदर्श	41	41	40
आफैँ	41	41	40
उत्तिकै	41	41	41
कल्पना	41	41	39
किम	41	41	41
खाद्य	41	41	39
खासगरी	41	41	40
घेरिएको	41	41	40
छोटो	41	39	39
जनजाति	41	41	40
जनसङ्ख्याको	41	41	40
जातिमा	41	41	38
ज्योतिष	41	41	38
ज्वरो	41	41	41
ठोस	41	41	40
दुख	41	41	41
नीति	41	41	40
नेपालले	41	41	39
परिक्रमा	41	41	40
पाएको	41	41	39
प्रसन्न	41	41	38
प्रसारण	41	41	39
बिक्री	41	41	40
बुझिन्छ	41	41	40
बुद्ध	41	41	39
भिडियो	41	40	39
महान्	41	41	40
मात्रै	41	41	39
मानसिक	41	40	38
मूल्य	41	41	40
यातायात	41	41	40
रस	41	41	38
राजेश	41	41	39
विज्ञानमा	41	41	41
विषालु	41	41	41
सङ्ग्रह	41	41	40
सबभन्दा	41	41	39
सर	41	40	38
सहरमा	41	41	40
सिक्किम	41	41	41
स्तरको	41	41	39
१९७०	41	41	39
३६	41	41	39
४५	41	41	40
अछाम	40	40	40
अन्तरिम	40	39	37
अफ्रिका	40	40	37
आउँछन्	40	40	37
कान्छा	40	40	38
कोष	40	40	39
क्रम	40	40	37
क्रिकेट	40	39	36
क्षेत्री	40	40	39
गराएको	40	40	38
गर्दथे	40	40	38
चन्द्र	40	39	37
छनौट	40	40	38
जिल्लाका	40	40	37
जिल्लाहरू	40	40	39
ठेगाना	40	40	39
डाक्टर	40	40	39
तेल	40	40	39
त्यसबेला	40	40	39
दुईटै	40	40	38
धन	40	40	40
परे	40	40	38
पुन	40	40	39
प्रशस्त	40	40	39
फारसी	40	40	38
बच्चनले	40	40	37
बढेको	40	40	39
बढेर	40	40	39
भनाइ	40	40	39
भर्ना	40	40	39
भवानी	40	40	40
महसुस	40	40	37
मुक्ति	40	40	38
मुसलमान	40	40	37
रङ्ग	40	40	39
राजाको	40	40	39
लोकपाल	40	40	40
वर्गको	40	40	39
विकिमा	40	40	38
शनि	40	40	40
शाहको	40	40	39
शुद्ध	40	40	40
श्रीमती	40	40	38
सङ्घीय	40	40	38
सम्बोधन	40	40	38
सल्लाह	40	40	39
सेवाको	40	40	38
स्कुलको	40	40	38
२०१३	40	40	38
अत	39	39	36
असल	39	39	38
इलाहाबाद	39	39	37
इस्मा	39	39	38
उल्लेखनीय	39	39	38
ए	39	39	38
कक्षा	39	39	37
कलात्मक	39	39	37
गराए	39	39	39
गोल	39	39	39
चिनिन्छ	39	39	38
छिटो	39	39	38
जनावर	39	39	36
ज्ञानको	39	39	35
डलर	39	39	38
धनकुटा	39	39	37
नवलपरासी	39	37	32
निर्वाह	39	39	38
पाप	39	39	38
पेजमा	39	39	38
पौराणिक	39	39	38
प्रकारले	39	39	38
प्रतिबन्ध	39	39	37
प्रेस	39	39	39
भूमि	39	39	37
भेगमा	39	39	36
मनाउने	39	39	38
महाराज	39	39	38
रन	39	39	36
राजमार्ग	39	39	39
रामेछाप	39	39	38
विक्रम	39	39	38
शाह	39	39	37
संविधानसभामा	39	39	37
सकेन	39	39	36
समुद्र	39	39	38
सामग्री	39	39	38
सामूहिक	39	39	38
सुरुमा	39	39	35
हामीहरू	39	39	36
हार्दिक	39	39	38
हालसम्म	39	39	36
हुँ	39	39	38
२०१७	39	39	39
असफल	38	38	38
आकृति	38	38	37
आधारभूत	38	38	37
कार्बन	38	38	35
कार्यको	38	37	36
खेल्ने	38	38	36
जनाको	38	38	36
जवाफ	38	38	38
जसो	38	38	38
देखाउन	38	38	38
नक्षत्रमा	38	38	38
नगरपालिकाको	38	38	35
नुवाकोट	38	38	35
परशुराम	38	38	38
पुष्टि	38	38	36
प्रशासन	38	38	35
बलियो	38	38	37
बाहिरी	38	38	36
बीच	38	38	38
भरिएको	38	38	38
भूमिगत	38	38	38
यसैगरी	38	38	37
यातायातको	38	38	38
रूपबाट	38	38	38
लिइन्छ	38	38	38
लेखिएका	38	38	36
वितरण	38	38	37
विस्तृत	38	36	36
शब्दहरू	38	38	34
शिक्षक	38	38	37
शिखर	38	38	37
संसदीय	38	38	36
सभा	38	38	38
सम्मानित	38	38	34
सरकारका	38	38	38
सृजना	38	38	37
सेवन	38	38	36
१९६०	38	38	35
अचेल	37	37	37
आंशिक	37	37	36
आकाश	37	37	37
आन्दोलनको	37	37	35
आबद्ध	37	37	36
इत्यादि	37	37	37
उचाइ	37	37	37
कान्तिपुर	37	37	36
कार्तिक	37	37	36
खेती	37	37	36
गणेश	37	37	36
गुठी	37	37	35
चलचित्रहरूमा	37	37	36
चारवटा	37	37	37
छोडेर	37	37	35
छोराको	37	37	37
जरा	37	37	37
जातिका	37	37	37
जानु	37	37	36
ठाउँको	37	37	36
तथ्याङ्क	37	37	35
थापा	37	37	36
नराम्रो	37	37	36
निर्धारित	37	37	35
पराजित	37	37	37
प्रथा	37	37	35
प्रान्त	37	37	37
प्राविधिक	37	37	35
फिल्म	37	37	36
बराल	37	37	36
भन्दै	37	37	36
मात्रा	37	37	33
यहाँबाट	37	37	37
यादव	37	37	36
रुकुम	37	37	36
लगानी	37	37	35
लोक	37	37	34
संस्थापक	37	37	31
सकिँदैन	37	37	36
सामुदायिक	37	37	36
सिमानामा	37	37	36
सुनिश्चित	37	37	37
सेनामा	37	37	36
स्वाभाविक	37	37	37
२०२८	37	37	35
२०४७	37	37	36
अन्तमा	36	36	35
अफ्रिकी	36	36	34
इस्लाम	36	36	34
उत्परिवर्तन	36	36	34
ऊ	36	36	36
कठिन	36	36	34
कैलाली	36	36	35
खडा	36	36	36
खबर	36	36	36
गरिए	36	36	34
गरेँ	36	35	34
गहुँ	36	35	34
चरा	36	36	35
चलेको	36	36	35
चिनियाँ	36	36	35
जनताका	36	36	36
जनतालाई	36	36	34
जिल्लालाई	36	36	34
जेठ	36	36	35
तापनि	36	36	35
दिँदै	36	36	33
दिशामा	36	36	35
दुर्गा	36	36	36
देशहरूमा	36	36	36
धनुषा	36	36	33
नक्षत्रका	36	36	34
पक्ष	36	33	31
पण्डित	36	36	34
पार्टीका	36	36	36
प्रबन्धक	36	36	33
प्रयुक्त	36	36	36
बढ्न	36	36	35
बिरुवा	36	36	35
भिटामिन	36	36	36
भोजपुर	36	36	33
महिलाहरू	36	36	34
मानिसलाई	36	36	32
राज्यले	36	36	36
रोगको	36	35	34
रोल्पा	36	36	34
लासलाई	36	36	36
लेख्ने	36	36	35
शान्त	36	36	36
शिक्षाको	36	36	33
श्रेणीमा	36	36	36
सकेको	36	36	36
सक्नुहुन्छ	36	36	34
सक्षम	36	36	33
सभासद्	36	36	36
सम्पत्ति	36	36	36
साप्ताहिक	36	36	34
सेनाका	36	36	34
हुनुपर्ने	36	36	33
१९७५	36	36	32
१९९९	36	36	34
९०	36	36	35
अनौठो	35	35	33
आकर्षित	35	35	34
कसैको	35	35	33
किरात	35	33	31
केन्द्रमा	35	35	34
कोरियाली	35	35	35
कोशी	35	35	34
खेलाडीले	35	35	34
गणना	35	35	33
गरिब	35	35	34
गरिरहेको	35	35	33
गर्नेछ	35	35	32
चित्रहरू	35	32	31
जङ्गली	35	35	32
जरुरी	35	35	32
जिम्मेवारी	35	35	34
डेङ्गु	35	35	32
तिनका	35	35	32
तिम्रो	35	35	32
दाजु	35	35	33
देखा	35	35	35
निरन्तरता	35	35	32
परेमा	35	35	33
पारित	35	35	34
पिताको	35	35	34
पुण्य	35	35	34
पोषण	35	35	34
प्रदेश	35	35	35
फलको	35	35	35
फलस्वरूप	35	35	33
बिहार	35	35	34
मनोरम	35	35	35
मन्त्रालय	35	35	35
मार्फत	35	35	33
मिनेट	35	35	31
मिल्यो	35	35	34
मृत्युको	35	35	33
मोरङ	35	35	35
राजालाई	35	35	35
लाग्दछ	35	35	34
लिङ्क	35	35	35
शीर्षक	35	35	33
शैलीमा	35	35	34
समयदेखि	35	35	32
सूचीमा	35	35	34
स्तरमा	35	35	35
हामीलाई	35	35	34
हिज्जे	35	35	32
२००३	35	35	33
२०२७	35	35	35
अघिल्लो	34	34	33
अन्त्य	34	34	33
अभियानमा	34	34	31
अलि	34	34	33
असर	34	34	33
आयु	34	34	33
आश्रममा	34	34	31
इमेल	34	34	33
उद्देश्यले	34	34	33
उपयोगी	34	34	32
उहाँलाई	34	34	30
कलाको	34	34	34
काठ	34	34	32
काभ्रे	34	34	31
काली	34	34	34
खेल्न	34	34	32
गर्छु	34	34	34
गर्नुहुन्छ	34	34	34
ग्राम	34	34	34
घटनाहरू	34	34	32
छलफल	34	34	33
जातकले	34	34	33
जिम्मा	34	34	34
तीर्थ	34	34	31
त्यसरी	34	34	33
त्यस्ता	34	34	31
दलको	34	34	33
नहुने	34	34	32
नित्य	34	34	34
पत्रकार	34	34	34
परिणामस्वरूप	34	34	34
परीक्षण	34	34	34
पर्दैन	34	34	33
पहल	34	34	33
पुग्छ	34	34	34
पुराण	34	34	34
प्रकाशनले	34	34	33
प्रजातिका	34	34	33
प्रयोगमा	34	34	34
प्रार्थना	34	34	31
फिल्मको	34	34	33
बताइन्छ	34	34	33
बसे	34	34	33
बीचमा	34	34	33
भगवती	34	34	34
भन्नु	34	34	33
भव्य	34	34	33
भावना	34	34	32
भाषाका	34	34	31
महिलाको	34	34	33
माछाको	34	34	34
मित्र	34	34	31
यिनै	34	34	33
राष्ट्रको	34	34	32
रु	34	34	33
लगाइएको	34	34	34
लेबर	34	34	31
वाणिज्य	34	34	32
श्रेय	34	34	33
सचिव	34	34	33
सतहबाट	34	34	33
सभापति	34	34	33
समाजका	34	34	34
समुद्री	34	34	33
सर्वश्रेष्ठ	34	34	33
साथीहरूलाई	34	34	33
सामना	34	34	31
हे	34	34	33
१९९२	34	34	32
३४	34	34	34
अपेक्षा	33	33	31
अभ्यास	33	33	33
अरु	33	33	33
आफ्नी	33	33	31
इन्टरनेट	33	33	32
उदय	33	33	31
एन्ड	33	33	31
औद्योगिक	33	33	32
काठको	33	33	33
केन्द्रको	33	33	33
क्लिक	33	33	30
खनिज	33	33	32
खोजी	33	33	33
गएका	33	33	30
गाविसका	33	33	30
घातक	33	33	31
चाहनुहुन्छ	33	33	33
चिया	33	33	33
डन्डी	33	33	30
तर्क	33	33	32
त्यहाँबाट	33	33	32
थालेको	33	33	32
दिनहरूमा	33	33	32
नगरपालिकामा	33	33	32
नारायण	33	33	33
निकट	33	33	31
निबन्धलाई	33	33	31
पाइएको	33	33	31
पाण्डे	33	33	33
पीडित	33	33	32
पुस्तकहरू	33	33	30
प्रसङ्ग	33	33	30
प्राप्ति	33	33	32
फागुन	33	33	31
फूल	33	33	31
फेब्रुअरी	33	33	28
बन्दै	33	33	33
बस	33	33	32
बहुमुखी	33	33	33
बाध्य	33	33	33
मकै	33	33	30
महाकाली	33	33	31
महादेव	33	33	33
योगदानको	33	33	28
रमेश	33	33	31
राख्दै	33	33	32
रोचक	33	33	33
लाग्न	33	33	32
लाभ	33	33	33
ल्याउन	33	33	32
ल्याउने	33	33	32
वर्षअघि	33	33	32
विवाद	33	33	33
विषयको	33	33	32
शब्दले	33	33	31
शेर्पाको	33	33	31
संशोधन	33	33	33
सट्टा	33	33	32
समूहको	33	33	33
साधन	33	33	33
स्कुल	33	33	33
स्तरीय	33	33	33
स्थानहरूमा	33	33	33
हजारेको	33	33	32
२००	33	33	32
२०१४	33	33	32
अवश्य	32	32	31
असोजमा	32	32	31
अहिलेको	32	32	32
इस्लामी	32	32	30
एकता	32	32	32
ओखलढुङ्गा	32	32	32
कर्मचारी	32	32	31
कार्यक्रममा	32	32	31
काव्य	32	32	32
घरेलु	32	32	29
चाहन्छु	32	32	30
छन्द	32	30	28
जग्गा	32	32	31
जनजातिको	32	32	31
जमिन	32	32	32
जीवहरूको	32	32	29
तातो	32	32	32
तिब्बतको	32	32	32
दाङ	32	31	31
निबन्धका	32	32	31
पक्राउ	32	32	31
पालन	32	32	30
पुगेर	32	32	31
प्रचार	32	32	30
प्रतियोगिता	32	32	30
प्रबन्ध	32	32	32
प्रविधि	32	32	32
प्रेरित	32	32	32
फोन	32	32	32
बढ्दो	32	32	31
बढ्ने	32	32	32
बाह्र	32	32	32
बैशाख	32	32	31
ब्याज	32	28	28
भविष्यमा	32	32	32
मनुष्य	32	32	29
महल	32	32	30
महाराष्ट्रको	32	32	30
मानिन्छन्	32	32	31
मानिसले	32	32	32
मिलेको	32	32	31
यिनलाई	32	32	31
यिनीहरूमा	32	32	28
रात	32	32	30
लघु	32	32	31
लिमिटेड	32	32	32
लेखेर	32	32	31
विकासका	32	32	32
शासक	32	32	31
शिव	32	32	32
सन्धि	32	32	30
समाजको	32	32	30
समितिमा	32	32	32
सिन्धुपाल्चोक	32	32	30
सुनेर	32	32	32
स्टेसन	32	32	31
स्त्री	32	32	30
स्वयं	32	32	29
स्वयम्	32	32	31
१९९३	32	32	30
४९	32	32	30
५२	32	32	31
७२	32	32	31
अ	31	31	31
अपराध	31	31	30
असम्भव	31	31	30
आँखाको	31	31	30
इन्द्र	31	31	30
उता	31	31	30
उपस्थिति	31	31	28
कपडा	31	31	30
कल्याण	31	31	30
काठमाडौँबाट	31	31	31
कार्यक्रमहरू	31	31	29
कालको	31	31	30
गान्धी	31	31	29
चौतारीमा	31	31	30
जसरी	31	31	30
जीवनी	31	31	30
जुलाईमा	31	31	31
जोशी	31	31	30
टुक्रा	31	31	29
ढाँचा	31	31	31
त्यसबाट	31	31	30
दलित	31	31	31
दूरीमा	31	31	30
दृष्टि	31	31	29
नसक्ने	31	31	31
निर्देशित	31	31	29
पञ्चायती	31	31	31
पर्थ्यो	31	31	30
पर्यटक	31	31	29
पर्यटन	31	31	31
पारेको	31	31	29
पेज	31	31	31
प्रतिदिन	31	31	30
बच्चन	31	31	29
बाबुको	31	31	30
ब्ल्याक	31	31	30
भदौ	31	31	29
मल्ल	31	31	29
माध्यम	31	31	31
यहाँलाई	31	31	31
रङ	31	31	30
रानी	31	31	30
राशि	31	31	30
रेखा	31	31	29
लगाउनाले	31	31	28
लम्बाइ	31	31	31
विधान	31	29	29
व्यवसाय	31	31	31
व्यवस्थाको	31	31	29
व्यवस्थित	31	31	30
शाही	31	31	29
शुक्ल	31	31	31
शुभकामना	31	31	28
संविधानको	31	31	31
सदा	31	31	31
समालोचना	31	30	30
समितिको	31	31	31
सरस्वती	31	31	30
सर्लाही	31	31	29
साथसाथै	31	31	31
हतियार	31	31	30
१९९७	31	31	29
२०००	31	31	31
८०	31	31	30
अंश	30	30	27
अर्घाखाँची	30	30	28
आएपछि	30	30	29
आकर्षण	30	30	29
आविष्कार	30	30	28
ईश्वरको	30	30	29
उपत्यकाका	30	30	29
ऐन	30	30	30
कष्ट	30	30	30
कालदेखि	30	30	29
खतरा	30	30	30
गणतन्त्र	30	30	30
गर	30	30	30
गाईको	30	30	29
छुट्टै	30	30	29
जसमध्ये	30	30	30
जीवनका	30	30	29
झरना	30	30	30
ट्रेड	30	30	30
तिनै	30	30	29
त्यसकारण	30	30	29
दिशा	30	26	26
दुःख	30	30	30
धान	30	30	30
नगरी	30	30	26
नियन्त्रणमा	30	30	29
निवेदन	30	30	30
नेपाललाई	30	30	28
परिभाषा	30	30	30
पाकिस्तान	30	30	29
पातलो	30	30	29
पारी	30	30	29
पुरै	30	30	30
पूर्वीय	30	30	28
पोखरीको	30	30	30
पोखरीमा	30	30	30
प्रगति	30	30	30
प्रतीक	30	30	30
प्रिय	30	30	30
बजे	30	30	30
बुबा	30	30	30
भोक	30	21	21
महात्मा	30	30	29
मान्दछन्	30	30	30
मान्न	30	30	30
मिसाएर	30	30	30
मुख्यालय	30	30	30
रहँदै	30	30	29
रेल	30	30	30
लेखहरूमा	30	30	30
वंशको	30	30	29
वर्षीय	30	30	29
विख्यात	30	30	30
विश्वविद्यालयमा	30	30	30
शासनकालमा	30	30	28
संस्थान	30	30	29
सहमति	30	30	28
सहयोगमा	30	30	30
हुनेछन्	30	30	30
हैन	30	30	29
४८	30	30	28
अमेरिकामा	29	29	27
अर्का	29	29	28
अशुभ	29	29	29
असार	29	29	29
आवेदन	29	29	29
इन्च	29	29	29
इस्लामको	29	29	29
एकादशी	29	26	25
कामको	29	29	28
कालिका	29	29	27
किसिमले	29	29	28
खराब	29	29	28
खानी	29	29	29
खेलाडीको	29	29	27
गरिरहेका	29	29	28
घण्टा	29	29	28
चलाउने	29	29	27
चाहना	29	29	28
चाहन्थे	29	29	29
छाना	29	29	29
जय	29	27	27
ज्योति	29	26	24
डोटी	29	29	27
तयारी	29	29	28
तिब्बत	29	29	28
तेह्रथुम	29	29	29
दाना	29	29	29
देखियो	29	29	27
नदीले	29	29	28
निजामती	29	29	29
निमित्त	29	29	28
निवासी	29	29	27
पदक	29	29	27
पदमा	29	29	29
परिणत	29	29	29
पाउँछ	29	29	29
पुस्तकको	29	29	29
पृथ्वीलाई	29	29	28
पृष्ठहरू	29	29	29
प्राणी	29	29	26
फ्रान्स	29	29	29
बधाई	29	29	29
बहिनी	29	29	28
बाक्लो	29	29	28
ब्रिटिस	29	29	29
भात	29	29	29
मनाइने	29	29	29
महिलाले	29	29	27
मैदानमा	29	29	28
यिनका	29	29	28
युगको	29	29	28
लाई	29	29	28
वर्ल्ड	29	29	28
विदेशमा	29	29	27
वैदिक	29	29	28
व्यक्तिहरूको	29	29	28
संस्कृतिको	29	29	27
सकेसम्म	29	29	29
सत्तामा	29	29	29
सन्दर्भ	29	29	29
समुदाय	29	29	29
ससाना	29	29	28
साबित	29	29	28
सीमा	29	29	28
सोच	29	29	29
हाम्रा	29	29	29
हावापानी	29	29	26
हुँदैछ	29	29	29
अञ्चलमा	28	28	27
अधिकतम	28	28	25
अन्त्यमा	28	28	28
अमेरिकाका	28	28	27
अवतार	28	28	27
उनीहरूका	28	28	28
उपकरण	28	28	28
एकदमै	28	28	27
कलम	28	28	28
कार्यान्वयन	28	28	28
कोइराला	28	28	28
क्रियाको	28	27	27
गायिका	28	28	27
घाउ	28	28	28
घुम्न	28	28	28
चित्रण	28	28	28
चौतारा	28	28	28
जबसम्म	28	28	28
जहिले	28	28	28
जान्छन्	28	28	26
जीवाणु	28	28	28
टु	28	28	28
टोकियो	28	28	28
टोपी	28	28	28
ढुङ्गा	28	28	27
दार्चुला	28	28	28
दिएपछि	28	28	24
दिन्छन्	28	28	28
धर्ममा	28	28	27
नाश	28	28	26
पकाएर	28	28	27
पटनाको	28	28	24
पद	28	28	28
पनौती	28	28	26
पाएँ	28	28	28
प्रकाशको	28	28	28
प्रणालीको	28	28	28
प्रभावले	28	28	28
बनाइने	28	28	28
बिहारको	28	28	28
बोट	28	27	26
बोलिने	28	28	27
भइन्	28	28	27
भविष्य	28	28	27
मिटरको	28	28	28
मिति	28	28	28
मिल्दछ	28	28	27
रमणीय	28	28	27
राति	28	28	28
विश्लेषण	28	28	26
शपथ	28	28	25
सक्छौँ	28	28	28
सन्यासी	28	28	26
सहज	28	28	28
स्थलको	28	28	28
स्थानहरू	28	28	27
१९५०	28	28	28
३५	28	28	28
अनुकूल	27	27	25
अमिताभ	27	27	26
अरब	27	27	26
आधिकारिक	27	27	27
आध्यात्मिक	27	27	27
आनन्द	27	27	26
आन्दोलनका	27	27	26
आमरण	27	27	26
आमाले	27	27	26
औषधि	27	27	25
कवीर	27	27	26
काखमा	27	27	26
काला	27	27	26
केतु	27	27	26
केरलका	27	27	27
गर्दथ्यो	27	27	26
चाहन्छन्	27	27	26
जनरल	27	27	27
जित	27	27	27
टिम	27	27	27
टेलिफोन	27	27	27
तर्फ	27	27	27
तौल	27	25	24
दक्षिणकाली	27	27	27
दिइने	27	27	27
दुर्लभ	27	27	26
दोष	27	27	27
नदीहरू	27	27	26
नमस्ते	27	27	27
नि	27	27	27
पञ्चायत	27	27	26
पर	27	27	27
परन्तु	27	27	27
पाउनु	27	27	27
पार्टीमा	27	27	26
पार्ने	27	27	26
प्रजनन	27	27	24
प्रयोगकर्ताले	27	27	27
बारम्बार	27	27	26
बिहे	27	27	24
बोलिन्छ	27	27	26
ब्यारिमोर	27	27	27
भन्थे	27	27	27
भवानीजी	27	27	27
भैरहेको	27	27	26
मन्त्रालयको	27	27	27
मान्छेको	27	27	27
युग	27	27	26
रत्न	27	27	27
राखेका	27	27	27
लाखौँ	27	27	27
वरदान	27	27	27
वर्ण	27	27	26
वर्तमानमा	27	27	26
विजेता	27	27	27
वैदेशिक	27	27	27
व्यापारको	27	27	27
शताब्दीको	27	27	26
सँगै	27	27	27
संगीत	27	27	26
सङ्घका	27	27	27
सम्मको	27	27	27
सहयोगी	27	27	26
सामान	27	27	27
सूचनाको	27	27	26
स्कुलमा	27	27	27
स्वर्ण	27	27	27
हातले	27	27	25
हानि	27	27	26
हिन्दु	27	27	27
२०१५	27	27	26
२०१८	27	27	27
७००	27	27	25
अग्ला	26	26	26
अमर	26	26	24
आपसमा	26	26	24
उपदेश	26	26	26
उल्लेखित	26	26	26
एल्बम	26	26	24
कपिलवस्तु	26	26	26
कामना	26	26	25
कुकुर	26	26	25
खाएको	26	26	26
खालको	26	26	25
खोज्ने	26	26	25
गतेका	26	26	25
गुफा	26	26	24
गुम्बा	26	26	24
गोल्फ	26	26	24
चन्द्रमा	26	26	26
चौधरी	26	26	26
च्याउ	26	26	26
जन्तर	26	26	25
जातका	26	26	24
जातिहरूको	26	26	26
जोडी	26	23	22
टुप्पो	26	26	26
टोली	26	26	25
ढङ्गले	26	26	24
ढोका	26	25	24
धनुष	26	26	25
पहाडमा	26	26	26
पातको	26	26	26
पुनः	26	26	25
पौष	26	26	26
प्याज	26	26	25
प्रवृत्ति	26	26	26
प्रायः	26	26	26
फल्ने	26	26	25
फिट	26	26	25
फिल्ममा	26	26	25
बच्चा	26	26	26
बम	26	26	26
बलि	26	26	26
बुझ्न	26	26	26
बेलायतको	26	26	25
भित्तामा	26	26	25
भुटान	26	26	26
महाभारतका	26	26	25
महामारी	26	26	26
मारिए	26	26	26
मुरी	26	24	24
मृत्युपछि	26	26	25
यसभन्दा	26	26	25
रहनु	26	26	26
रे	26	26	26
रेड	26	26	22
रौतहट	26	26	26
लक्ष्मी	26	26	25
लगाएका	26	26	25
लमजुङ	26	26	25
लागू	26	26	26
लोकतन्त्र	26	26	26
वस्तुको	26	26	26
वित्तीय	26	26	26
वृक्ष	26	26	24
व्यक्तित्व	26	26	25
व्याकरण	26	26	25
शक्तिको	26	26	25
शिखरमा	26	26	26
श्रम	26	26	26
संस्थागत	26	26	23
सन्त	26	26	26
समर्थनमा	26	26	26
समस्याको	26	26	26
सम्मेलन	26	25	24
साउन	26	26	25
सिंहको	26	26	25
सेवामा	26	26	24
सोभियत	26	26	22
सौर्य	26	26	25
हटाउन	26	26	25
हुनुको	26	26	26
हेर्नुहोला	26	26	24
४३	26	26	26
अनिल	25	25	25
अनुरूप	25	25	25
अन्त	25	25	25
अरूलाई	25	25	25
अरूले	25	25	25
अवधि	25	25	25
आत्मा	25	25	25
आदिका	25	25	24
इन्डिया	25	25	24
उनीसँग	25	25	25
उल्टो	25	25	25
उहाँकी	25	25	24
एफएम	25	25	25
एमाले	25	25	25
औं	25	25	24
कथाहरू	25	25	25
कमल	25	25	25
कर	25	25	25
काण्ड	25	25	25
कार्यहरू	25	25	24
किनारा	25	23	22
किलोमिटरको	25	24	24
क्लब	25	25	25
खाइन्छ	25	25	25
खाम	25	25	25
खुल्ला	25	25	25
गत	25	25	25
गतेसम्म	25	25	25
गराउनु	25	25	23
गराएका	25	25	25
गहन	25	25	23
गाविसहरू	25	25	25
ग्रहहरू	25	25	24
ग्रहहरूमा	25	25	25
चलचित्रको	25	25	22
चाहेको	25	25	25
चिनिने	25	25	24
चुरे	25	25	25
जङ्गबहादुर	25	25	25
जुनसुकै	25	24	24
ज्यान	25	25	25
डाटा	25	25	24
दृष्टिकोणले	25	25	24
पढेर	25	25	25
परियोजना	25	25	24
पर्सा	25	25	24
पहाडको	25	25	25
पिण्ड	25	25	24
पिनेर	25	25	25
पीडा	25	25	25
पुर्याउँछ	25	25	24
प्रजातन्त्र	25	25	25
प्रजाति	25	25	25
प्रज्ञा	25	25	24
प्रतिबन्धित	25	25	23
प्रतिष्ठित	25	25	24
प्रदर्शित	25	25	24
फाँट	25	24	23
बचाउन	25	25	25
बढाउन	25	25	25
बरु	25	25	25
बस्दै	25	25	25
बिजुली	25	25	25
बेलायत	25	25	25
बैङ्क	25	25	25
भइसकेका	25	25	24
भ्रष्टाचार	25	24	22
मार्ग	25	25	23
मिस	25	25	25
मेसिन	25	25	24
मौसम	25	25	24
यता	25	25	22
युनिभर्सिटी	25	25	24
राख्नु	25	25	25
राज्यका	25	25	23
लगाइन्छ	25	25	24
लागेन	25	25	25
लिनु	25	25	25
विकासक्षेत्रको	25	25	24
विधवा	25	25	24
विभेद	25	25	22
विश्वविद्यालयबाट	25	25	23
वीर	25	25	23
व्यवहारमा	25	25	25
शङ्कर	25	24	24
सङ्घर्षका	25	25	25
सञ्चार	25	25	23
समुदायका	25	25	25
सम्पदा	25	25	25
सामग्रीहरू	25	25	24
सालसम्म	25	25	23
सेवाहरू	25	25	24
स्वर्ग	25	25	25
स्वाद	25	25	23
हिंसाको	25	25	25
हेरेर	25	25	25
२०५८	25	25	24
२०६०	25	25	23
४२	25	25	23
५५	25	25	24
अन्तर	24	24	24
अभिलेखमा	24	24	23
अवधारणा	24	24	23
आगो	24	24	23
आयुर्वेद	24	24	24
उमा	24	24	24
एकीकरण	24	24	23
एकीकृत	24	24	24
ओगटेको	24	24	23
कम्पनीले	24	24	23
कर्तव्य	24	24	23
कलाकार	24	24	24
काँक्री	24	24	23
कागज	24	24	23
कुम्भ	24	24	23
कृतिहरू	24	24	24
कृष्ण	24	24	21
केतुको	24	24	24
केरल	24	24	24
केशर	24	24	24
क्रियाशील	24	24	24
खण्ड	24	23	22
खण्डमा	24	24	24
खतरनाक	24	24	24
खलङ्गा	24	24	23
गतिविधि	24	24	24
गरि	24	24	24
गर्नुपर्दछ	24	24	23
गहना	24	24	23
गाउँका	24	24	24
गोरु	24	24	22
ग्रहहरूको	24	24	24
घटेको	24	24	23
घोडा	24	24	24
चामल	24	24	24
छात्र	24	24	23
छोरालाई	24	24	23
जाडो	24	24	24
जानकी	24	24	24
जिल्लाहरूमा	24	24	24
टिप्पणी	24	24	23
टीका	24	24	21
तय	24	24	22
तिमीलाई	24	24	23
त्यसभन्दा	24	24	24
थालिएको	24	24	24
दक्षिणतर्फ	24	24	24
धनी	24	24	23
धर्मका	24	24	24
नगरमा	24	24	24
नभएका	24	24	24
नारी	24	24	23
निकालेर	24	24	23
निर्माणको	24	24	24
निवारण	24	24	22
निषेध	24	24	24
पटकपटक	24	24	23
पतन	24	24	24
पश्चात्	24	24	23
पारिवारिक	24	24	22
पालामा	24	24	23
पुस	24	24	24
पृथ्वीका	24	24	24
पेले	24	23	23
प्रयोगले	24	24	24
प्रष्ट	24	24	24
फाइनान्स	24	24	23
बताउँछन्	24	24	22
बनाउँछ	24	24	24
बन्छ	24	24	24
बमोजिम	24	24	24
बी	24	24	24
बैंक	24	24	23
भएकै	24	24	24
भक्ति	24	24	23
भनिने	24	24	24
भन्यो	24	24	24
भवनको	24	24	23
भाषालाई	24	24	24
भूविज्ञान	24	24	23
मकर	24	24	23
मङ्गल	24	24	24
महाकवि	24	24	23
मानिसहरूका	24	24	22
मासु	24	24	22
मि	24	22	20
मुस्ताङ	24	24	24
मौसममा	24	24	24
युकेशजी	24	24	22
युगमा	24	24	23
रङको	24	24	22
रङ्गको	24	24	23
रूपन्देही	24	24	24
लाग्दा	24	24	24
लेखन	24	24	23
लेखिने	24	24	23
लेखिन्छ	24	24	23
लेखे	24	24	24
वस्तुहरू	24	24	24
विद्रोह	24	24	24
विपरीत	24	24	23
शोभा	24	24	24
सजाय	24	24	24
सत्ता	24	24	23
सभ्यताको	24	24	23
समर्पित	24	24	23
सम्पादक	24	24	21
सम्मिलित	24	24	24
सरकारमा	24	24	24
साम्राज्यको	24	24	23
सिकार	24	24	24
सुख	24	24	24
सुदूर	24	24	24
सुन्न	24	24	23
सुन्ने	24	24	24
सूर्यले	24	24	24
सौन्दर्य	24	24	23
हुनसक्छ	24	24	24
१९६८	24	24	23
२००२	24	24	24
२०२०	24	24	23
अनियमित	23	23	23
अन्तरिक्षमा	23	23	23
अन्तर्गतको	23	23	23
अफ्रिकन	23	23	22
अफ्रिकाको	23	23	23
अर्ब	23	23	23
अलिकति	23	23	23
आँप	23	23	23
आई	23	23	22
आगरा	23	23	22
आगामी	23	23	23
आदिवासीहरूको	23	23	23
आयोग	23	23	23
आरोहण	23	23	23
उठाउने	23	23	22
उनकै	23	23	22
एक्लै	23	23	23
औजार	23	23	22
कन्काई	23	23	23
किल्ला	23	23	23
कोट	23	23	23
कोदो	23	23	22
कोरिया	23	23	23
खोजेको	23	23	22
गृह	23	23	23
गोरखापत्र	23	23	23
घरबाट	23	23	22
घाम	23	23	23
चाड	23	23	23
जन्मने	23	23	23
जानुहोस्	23	23	23
जिन्दगी	23	23	22
जिरी	23	23	23
जीवन्त	23	23	23
जोडिएका	23	23	21
झन्डै	23	23	22
डडेलधुरा	23	23	23
डिजाइन	23	23	23
तत्काल	23	23	20
तथापि	23	23	23
तन्त्र	23	23	22
तपाईँहरू	23	23	23
तोकिएको	23	23	23
थाल्छ	23	23	22
दर	23	23	23
दशक	23	23	23
दिइयो	23	23	23
दिदी	23	23	23
देखाउने	23	23	23
दोश्रो	23	23	22
दोषी	23	23	22
नदीका	23	23	23
निकाय	23	23	23
निजहरूको	23	23	22
निबन्धमा	23	23	23
निवास	23	23	23
निस्कने	23	23	23
परिवर्तनको	23	23	21
पर्दा	23	23	23
पसल	23	23	22
पहिलेदेखि	23	23	22
पात्रको	23	23	23
पारेर	23	23	23
पुस्तकमा	23	23	22
प्रतिस्पर्धा	23	23	23
प्रदेशमा	23	23	22
प्रधानद्वारा	23	23	23
फाइल	23	23	23
बताइएको	23	23	23
बनाइयो	23	23	23
बस्छ	23	23	23
बाँच्न	23	23	23
बाहुन	23	23	22
बिदा	23	23	23
बोकेर	23	23	22
भरतपुर	23	23	23
भावी	23	23	23
भेट	23	23	22
भेरी	23	23	23
मठ	23	23	21
माध्यमले	23	23	22
मोडेल	23	23	23
मोती	23	23	20
रहनेछ	23	23	23
राजमार्गले	23	23	23
राय	23	23	22
लिइएको	23	23	23
लेखाधिकार	23	23	22
लोप	23	23	22
वध	23	23	22
वर्षदेखि	23	23	23
विवाहको	23	23	21
वुड्सले	23	23	22
वे	23	23	23
व्यावसायिक	23	23	23
शब्दमा	23	23	22
शिवको	23	23	23
शेष	23	23	21
श्रोत	23	23	22
संग्रह	23	23	23
संरचना	23	23	20
सके	23	23	23
सकेनन्	23	23	23
सबैका	23	23	23
समाजवादी	23	23	22
समुदायको	23	23	22
सहभागिता	23	23	22
सहमत	23	23	23
साढे	23	23	23
साथीहरू	23	23	23
सामुन्ने	23	23	22
साहित्यका	23	23	23
सी	23	23	23
सुनसरी	23	23	23
हल्का	23	23	23
हिस्सा	23	23	22
२०५४	23	23	22
४७	23	23	23
अधिकारको	22	22	21
अनसन	22	22	21
अप्टिकल	22	22	20
अफगानिस्तान	22	22	22
अफ्रिकामा	22	22	22
अभावमा	22	22	21
अर्काको	22	22	22
अर्थमा	22	22	21
अस्थायी	22	22	21
आइसिसी	22	22	22
आउनु	22	22	22
इन	22	22	22
ईश्वरलाई	22	22	21
उपग्रह	22	22	22
उपनिवेश	22	22	22
ऋषि	22	22	22
एसिया	22	22	22
कच्ची	22	22	22
कदर	22	22	22
कविताको	22	22	22
कार्यका	22	22	22
कार्यालयको	22	22	22
क्यान्सर	22	22	20
क्रियाकलाप	22	22	21
खालका	22	22	22
गएपछि	22	22	22
गराइएको	22	22	22
गरिसकेका	22	22	21
गर्थ्यो	22	22	22
गर्नुको	22	22	22
गिरफ्तार	22	22	22
गीतहरू	22	22	22
गोरा	22	22	22
गोलो	22	22	21
गोविन्द	22	22	22
घाँटी	22	22	20
चाँदीको	22	22	22
चिनी	22	22	22
चिन्ता	22	22	22
चुनावमा	22	22	22
चैत	22	22	21
चैत्र	22	22	20
जनमुक्ति	22	22	22
जनालाई	22	22	22
ज्यादा	22	22	22
झाँक्री	22	22	21
ठाकुर	22	22	21
ठिक	22	22	22
डाँडा	22	22	21
डी	22	22	22
तपाईँंले	22	22	20
तहको	22	22	22
ताप	22	22	20
दया	22	22	21
दरवार	22	22	21
दशकको	22	22	22
दावा	22	22	21
दिई	22	22	21
दिनलाई	22	22	22
देखिन	22	22	21
धाम	22	22	22
नियुक्ति	22	22	22
निर्मल	22	22	21
नेताहरू	22	22	21
नोकरी	22	22	22
न्यून	22	22	22
पनिर	22	22	22
परम	22	22	22
पाठ	22	22	22
पास	22	22	22
पुगिन्छ	22	22	21
पुरस्कारको	22	22	22
पुर्याउने	22	22	22
बढ्यो	22	22	21
बागलुङ	22	22	21
बाली	22	22	22
बासिन्दा	22	22	22
बोसो	22	22	22
बौद्धिक	22	22	22
भण्डार	22	22	22
भाषाहरूमा	22	22	22
भूमिकामा	22	22	20
भैरवको	22	22	22
मल्लले	22	22	22
मस्यौदा	22	22	21
महासन्धि	22	22	21
महिलाहरूले	22	22	22
माओवादीले	22	22	22
मान्छेलाई	22	22	22
मान्दै	22	22	21
मिश्रित	22	22	21
मुगु	22	22	22
मोडल	22	22	22
यहाँसम्म	22	22	21
युरोपमा	22	22	22
युरोपेली	22	22	21
रक्सी	22	22	21
रचनाहरू	22	22	20
राख्यो	22	22	22
लगाएर	22	22	21
वाला	22	22	20
विकासक्षेत्र	22	22	20
विद्यालयमा	22	22	22
विद्वान्	22	22	21
विभागमा	22	22	21
विमान	22	22	22
विश्वकै	22	22	22
विषयलाई	22	22	22
शासकहरूले	22	22	22
शिक्षित	22	22	22
श्राप	22	22	22
सँग	22	22	21
संविधानमा	22	21	21
संस्कृतको	22	22	22
सकारात्मक	22	22	22
सक्यो	22	22	21
सडकमा	22	22	21
सदैव	22	22	22
सहरी	22	22	21
साक्षरता	22	22	21
सागर	22	22	22
सिक्न	22	22	21
सीमित	22	22	21
सुवेदी	22	22	22
सोलुखुम्बु	22	22	21
स्नातकोत्तर	22	22	22
स्वामित्व	22	22	22
स्वामी	22	22	22
हल	22	22	22
हावा	22	22	22
१९९०	22	22	22
२०२२	22	22	22
४००	22	22	22
अध्याय	21	21	20
अन्न	21	21	21
आउँदा	21	21	21
आजभोलि	21	21	21
आजसम्म	21	21	21
आराम	21	21	20
उपत्यकालाई	21	21	21
उपनिषद्	21	21	21
उपाध्याय	21	21	21
एकल	21	21	21
एसियाको	21	21	19
एसियामा	21	21	21
कन्या	21	21	21
कप्तान	21	21	21
कलवार	21	21	21
कात्तिक	21	20	19
कार्यकारी	21	21	19
कार्यलाई	21	21	21
किनारामा	21	21	21
किलो	21	21	21
कुकुरको	21	21	20
कुशल	21	21	20
क्रान्तिकारी	21	21	20
क्षेत्रबाट	21	21	21
क्षेत्रभित्र	21	21	20
ख	21	21	19
गणेशजी	21	21	20
गराउँछ	21	21	21
गरेनन्	21	21	20
गाउँहरू	21	21	21
गुरूङ	21	21	20
घना	21	21	21
चन्द्रमाको	21	21	20
चरण	21	21	21
चाल	21	21	21
चुम्बकीय	21	21	20
जप	21	21	20
जाजरकोट	21	21	21
जातको	21	21	21
जितेका	21	21	21
ज्ञानेन्द्र	21	21	20
टेम्प्लेट	21	21	21
डेढ	21	21	20
ताराहरू	21	21	19
तीर्थस्थल	21	21	21
त्यसो	21	21	21
त्यहाँका	21	21	21
त्रैमासिक	21	21	21
दलहरू	21	21	20
दायाँ	21	21	21
दुर्घटनामा	21	21	21
देख्दा	21	21	21
देवताको	21	21	21
देशकै	21	21	21
देशव्यापी	21	21	21
नाता	21	21	21
नामका	21	21	19
नामहरू	21	21	21
निकालिन्छ	21	21	20
निबन्धको	21	21	20
निर्वाचनको	21	21	20
निस्केको	21	21	20
नेपालमै	21	21	20
न्यूनतम	21	21	20
पढ्ने	21	21	21
पत्थर	21	21	21
पद्धति	21	21	20
पर्वतको	21	21	20
पहिरन	21	21	21
पहेँलो	21	21	21
पाइँदैन	21	21	21
पाटन	21	21	21
पाटी	21	21	21
पुराणमा	21	21	21
पुरुषको	21	21	21
पुस्ता	21	21	19
पूर्णरूपमा	21	21	20
पेय	21	21	20
पैदा	21	21	21
प्रजातन्त्रको	21	21	20
फलाम	21	21	21
बक्स	21	21	21
बताउने	21	21	21
बनाउँदा	21	18	17
बाजुरा	21	21	21
बिल	21	21	18
भएकी	21	20	20
भनिन्थ्यो	21	21	21
भरिपूर्ण	21	21	21
भारी	21	21	21
भैरव	21	21	21
भोग	21	21	21
भोट	21	21	21
मजदुर	21	21	20
मतदान	21	21	21
मसँग	21	21	21
महाभारतको	21	21	20
महाभारतमा	21	21	21
मातृभाषा	21	21	21
मानवीय	21	21	20
मानिसका	21	21	21
मार्गमा	21	21	21
मिल्दैन	21	21	21
मै	21	21	21
यिनीहरूको	21	21	20
युनियन	21	21	20
योगी	21	21	21
रक्त	21	21	19
रतुवा	21	21	21
राज्यलाई	21	21	21
रिस	21	21	20
रोगीको	21	21	21
लगेर	21	21	20
लाइन	21	21	21
लिग	21	21	21
लेखहरूको	21	21	20
लेख्दै	21	21	21
ल्याइएको	21	21	20
ल्याएर	21	21	21
विकट	21	21	19
विद्युतीय	21	21	21
वुड्स	21	21	21
शाक्य	21	21	18
श्रृङ्खला	21	21	20
श्रेष्ठद्वारा	21	21	20
सन्तानको	21	21	20
सपना	21	21	21
समितिले	21	21	21
समुदायले	21	21	21
सरदर	21	21	21
सर्वसाधारण	21	21	20
सल्यान	21	21	20
स्याङ्जा	21	21	21
स्वभाव	21	21	21
हुन्थे	21	21	21
१९८०	21	21	21
२०३६	21	21	21
२०६६	21	21	21
३३	21	21	21
४६	21	21	21
६५	21	21	21
अग्नि	20	20	20
अग्रणी	20	20	20
अध्ययनमा	20	20	18
अनुभूति	20	20	19
अपकृत्य	20	20	19
अवस्थाको	20	20	20
अवस्थालाई	20	20	20
आआफ्नो	20	20	20
आउट	20	20	18
आफैँले	20	20	19
इतिहासकार	20	20	20
इस्लाममा	20	20	18
ईसाको	20	20	20
उच्चारण	20	20	20
उत्पादनका	20	20	20
उदाहरणका	20	20	20
उल्लेख्य	20	20	20
उसका	20	20	19
ऋण	20	20	20
एकपल्ट	20	20	20
एस	20	20	20
कठोर	20	20	20
कथन	20	20	20
कथामा	20	20	20
कम्मरमा	20	20	20
कलेजमा	20	20	19
काका	20	20	20
किमले	20	20	20
किराती	20	20	19
कोसिस	20	20	20
खाएर	20	20	20
खेले	20	20	20
खेलेका	20	20	19
गराएर	20	20	20
गरिनेछ	20	20	19
गाह्रो	20	20	20
गैरसरकारी	20	20	20
गोबर	20	20	19
ग्यालेक्सी	20	20	19
घाँस	20	20	20
चलिरहेको	20	20	20
चारैतिर	20	20	19
चोट	20	20	20
चौडाइ	20	20	18
छठ	20	20	20
जनआन्दोलन	20	20	19
जनको	20	20	20
जनाले	20	20	20
जहाज	20	20	20
जेठो	20	20	19
जेम्स	20	20	19
ज्ञात	20	20	19
झुला	20	20	19
ढुसी	20	20	20
तपाईँंलाई	20	20	19
तैपनि	20	20	20
त्यहाँको	20	20	20
दाबी	20	20	20
दार्जिलिङ	20	20	20
दिइन्	20	20	20
दिनदेखि	20	20	20
दिनपछि	20	20	18
दुबैको	20	20	19
देवनागरी	20	20	20
धौलागिरी	20	20	19
नक्कली	20	19	19
नत्र	20	20	20
नभए	20	20	20
नागरिकलाई	20	20	20
नायिका	20	20	18
निर्माणका	20	20	20
निष्पक्ष	20	20	20
नुन	20	20	20
नेसनल	20	20	19
पक्की	20	20	20
पछिको	20	20	20
पदार्थहरूको	20	20	20
परम्परामा	20	20	20
पर्छन्	20	20	20
पृष्ठलाई	20	20	20
पेट	20	20	19
प्रयोगको	20	20	20
फलहरू	20	20	20
फाँसी	20	20	20
फुल्ने	20	20	19
बगैँचा	20	20	20
बङ्गाल	20	20	20
बङ्गालको	20	20	20
बनाउनको	20	20	20
बन्नुभयो	20	20	20
बर्दिया	20	20	20
बाघ	20	20	20
बेलाको	20	20	20
बेसी	20	20	20
भङ्ग	20	20	19
भारतले	20	20	20
भाव	20	20	20
भिन्नता	20	20	19
भूमिमा	20	20	19
भै	20	20	20
भोटो	20	20	20
मन्त्र	20	20	20
महत्त्वको	20	20	20
महिनासम्म	20	20	20
मान्छेहरूले	20	20	20
माफी	20	20	20
मार्चमा	20	20	20
मिडिया	20	20	20
मुखमा	20	20	20
राहुको	20	20	20
रोगले	20	20	20
रोहिणी	20	20	20
लगाउँछन्	20	20	19
लिई	20	20	20
लिनक्स	20	20	20
लिम्बू	20	20	20
लियो	20	20	20
वरिष्ठ	20	20	19
वायु	20	20	20
विकार	20	20	20
विज्ञानका	20	20	20
वैशाखमा	20	20	20
शब्दबाट	20	20	20
शर्माले	20	20	20
शास्त्रमा	20	20	20
शेर्पाहरू	20	20	19
श्रीमान्	20	20	18
संगठन	20	20	19
सकेका	20	20	19
सक्दछ	20	20	19
सक्नु	20	20	19
सङ्ख्याको	20	20	20
सत्यको	20	20	20
सदरमुकामबाट	20	20	19
समृद्ध	20	20	20
सम्झौता	20	20	20
सातौँ	20	20	20
सान्दर्भिक	20	20	20
सुन्दरता	20	20	20
स्तर	20	20	20
हजारे	20	20	20
हालेर	20	20	19
हावामा	20	20	20
हिजो	20	20	20
हित	20	20	20
१९६३	20	20	20
१९६६	20	20	19
१९९५	20	20	20
२०२६	20	20	19
२०३२	20	20	20
२०४२	20	20	19
२०६२	20	20	20
५००	20	20	20
६२	20	20	20
७५	20	20	20
अङ्ग्रेज	19	19	19
अनुपातमा	19	19	19
अपेक्षाकृत	19	19	18
अप्रिलमा	19	19	19
अभिनयको	19	19	19
अभिलेख	19	19	19
अभिव्यक्ति	19	19	19
अमिताभले	19	19	19
अरूको	19	19	17
अवकाश	19	19	18
इकाइ	19	19	18
इलाका	19	19	19
ईमा	19	19	19
उन्नाइसौँ	19	19	19
उपायहरू	19	19	19
एउटी	19	19	18
कथाको	19	19	19
कदम	19	19	18
कपी	19	19	19
कानमा	19	19	19
कान्ति	19	19	19
किमको	19	19	19
कुँवर	19	19	18
कुरो	19	19	18
कृषिमा	19	19	19
कैयौँ	19	19	19
कोड	19	19	19
क्षति	19	19	19
क्षतिपूर्ति	19	19	19
क्षेत्रहरू	19	19	19
खगोलीय	19	19	19
खेत	19	19	19
गठित	19	19	17
गतिमा	19	19	18
गन्तव्य	19	19	18
गरायो	19	19	18
गरिदियो	19	19	19
गरेकाले	19	19	19
गाउने	19	19	19
गिरी	19	19	19
गुरू	19	19	18
गौरव	19	19	19
चयन	19	19	19
चल्न	19	19	18
चिकित्सक	19	19	19
चिसापानी	19	19	19
छोरो	19	19	19
जनमत	19	19	19
जनयुद्धमा	19	19	19
जरूरी	19	19	19
जलवायु	19	19	19
जात्रामा	19	19	18
जानेको	19	19	19
जिन	19	19	19
जोडेर	19	19	18
जोन	19	19	19
ज्यामितीय	19	19	19
टुर	19	19	18
डुवर्स	19	19	19
ढुकुटी	19	19	19
तपाईँंको	19	19	18
तहमा	19	19	19
ताजा	19	19	19
तालको	19	19	18
तिमीले	19	19	19
त्रियुगा	19	19	19
थिचेर	19	19	19
दही	19	15	14
दिँदा	19	19	19
दिव्य	19	19	18
दूरी	19	19	19
देखे	19	19	19
देखेको	19	19	17
देवताहरूको	19	19	19
देशहरूको	19	19	19
नकारात्मक	19	19	19
नगद	19	19	18
नजिकको	19	19	19
नदीलाई	19	19	18
नहोस्	19	19	19
निकाल्न	19	19	15
निकाल्ने	19	19	19
निर्वाचनहरूमा	19	19	19
न्यु	19	19	19
पक्षले	19	19	18
पछिल्ला	19	19	19
परराष्ट्र	19	19	18
पशु	19	19	19
पाउन्ड	19	19	18
पाल्पाको	19	19	19
पुमा	19	19	19
पूर्वतिर	19	19	19
पेटमा	19	19	19
प्रचलनमा	19	19	19
प्रतिक्रिया	19	19	19
प्रतिभा	19	19	18
प्रतिवेदन	19	19	17
प्रयत्न	19	19	18
प्रशिक्षण	19	19	19
प्रायजसो	19	19	19
प्रोटिन	19	19	19
फैलियो	19	19	18
बचाउने	19	19	18
बजाइन्छ	19	19	18
बजाउने	19	19	19
बढाउने	19	19	19
बन्दी	19	19	19
बास	19	19	18
बिरामी	19	19	18
बैतडी	19	19	18
बोक्रा	19	19	19
भाकल	19	18	17
भागको	19	19	19
भाषाहरूको	19	19	19
भाषिक	19	19	19
भ्रष्ट	19	19	19
मटर	19	19	19
मण्डलको	19	19	16
मधेसी	19	19	19
मनुष्यको	19	19	19
मन्दिरहरू	19	19	19
माछालाई	19	19	19
मानेका	19	19	19
मार्गको	19	19	19
मार्गले	19	19	19
मुलुकको	19	19	19
मूर्तिहरू	19	19	18
मृतकको	19	19	19
मेलामा	19	19	18
यमुना	19	19	19
यात्राका	19	19	19
यात्रामा	19	19	19
यात्री	19	19	19
युकेश	19	19	19
युरोप	19	19	19
योजनाको	19	19	19
रसुवा	19	19	19
रहँदा	19	19	19
रहिआएको	19	19	18
राज	19	19	19
राजधानीको	19	19	19
राणाले	19	19	18
रातभर	19	19	19
राम्रोसँग	19	19	19
रोगीलाई	19	19	18
रोड	19	19	18
लाइसेन्स	19	19	19
लिन्छ	19	19	19
लुप्त	19	19	18
ल्याई	19	19	19
वनस्पतिको	19	19	19
वन्यजन्तु	19	19	19
वयस्क	19	19	19
वृद्धिदर	19	19	19
वैकल्पिक	19	19	18
शताब्दी	19	19	18
शनिबार	19	19	18
शिर	19	19	19
श्राद्ध	19	19	17
श्रावण	19	19	19
संरचनामा	19	19	19
संस्करण	19	19	19
संस्थामा	19	19	18
सभ्यता	19	19	18
समथर	19	19	19
समयलाई	19	19	19
समानता	19	19	19
समितिका	19	19	19
समूहका	19	19	18
सम्झना	19	19	18
सम्बन्धन	19	19	19
सहयोगका	19	19	19
सहरका	19	19	19
सिराहा	19	19	18
सुत्ने	19	19	19
सुदूरपश्चिमाञ्चल	19	19	18
सेता	19	18	18
सेन्टिमिटर	19	19	18
सेयर	19	19	18
स्टार	19	19	19
हवाई	19	17	17
१९७४	19	19	19
१९८२	19	19	19
१९८९	19	19	19
१९९१	19	19	18
२०४९	19	19	19
२०६४	19	19	19
२०६९	19	19	19
३७	19	19	19
४१	19	19	19
अङ्कित	18	18	18
अज्ञात	18	18	18
अधिराज्यको	18	18	18
अर्जुन	18	18	18
आइफोन	18	18	18
आएकी	18	18	18
आगमन	18	18	17
आन्ध्र	18	18	18
आपूर्ति	18	18	18
आरोपमा	18	18	18
आर्य	18	16	16
आलु	18	18	17
आलोचना	18	18	18
आश्रम	18	18	17
इटालियन	18	18	18
इलाहाबादमा	18	18	18
उत्तरतर्फ	18	18	18
उपनाम	18	18	18
उपयोगमा	18	18	18
ऋषिले	18	18	17
एसियाली	18	18	18
कम्पनीको	18	18	17
कसले	18	18	18
कस्तुरी	18	17	17
काँचो	18	18	18
कानपुर	18	18	18
काफल	18	18	18
कार्यकाल	18	18	18
कालिकोट	18	18	18
किताबमा	18	18	18
किनकि	18	18	18
केरा	18	18	18
कोखबाट	18	18	18
कोरियाको	18	18	18
खनालले	18	18	17
खाँचो	18	18	18
खानु	18	18	18
खेर	18	18	18
गङ्गाको	18	18	18
गरिन्छन्	18	18	18
गरिसकेको	18	18	18
गर्दैन	18	18	17
गाँसिएको	18	18	18
गोली	18	18	18
घरपरिवार	18	18	17
घुइँचो	18	18	18
चरित्र	18	18	17
चलचित्रहरू	18	18	18
चल्यो	18	18	16
चेतन	18	18	17
जनाउँछ	18	18	17
जन्मेको	18	18	18
जर्मनीको	18	18	17
जाँच	18	18	17
जातिले	18	17	17
जित्यो	18	18	17
डर	18	18	18
तत्त्वको	18	18	18
त्यहीँ	18	18	18
त्योभन्दा	18	18	18
दक्षिणतिर	18	18	18
दनुवार	18	18	18
दमाई	18	18	18
दरले	18	18	18
दर्जा	18	18	16
दशा	18	18	18
दिइन्थ्यो	18	18	18
देशहरू	18	18	18
दौड	18	18	17
धवलागिरी	18	18	17
नगर्ने	18	18	18
नाकमा	18	18	18
नाटकीय	18	18	17
नाभिकीय	18	18	18
निम्नलिखित	18	18	18
निर्वासित	18	18	18
नीतिको	18	18	17
नेपालकै	18	18	18
न्याय	18	18	18
पढ्दै	18	18	18
पत्रिकाले	18	18	18
पन्ध्र	18	18	17
परम्पराको	18	18	17
परिभाषित	18	18	18
परेर	18	18	18
पाउँदा	18	18	18
पायो	18	18	18
पार्टीले	18	18	18
पिसाब	18	18	17
पूर्णिमा	18	18	18
पैदल	18	18	18
पौडी	18	16	16
प्रकृतिको	18	18	18
प्रक्रियामा	18	18	18
प्रतीत	18	18	18
प्रमाणपत्र	18	18	17
प्रारम्भमा	18	18	18
फर्केपछि	18	18	17
बगैंचा	18	18	17
बताएको	18	18	18
बसी	18	18	18
बस्नेत	18	18	18
बाग्मती	18	18	18
बारे	18	18	17
बेलायतका	18	18	18
ब्रह्माण्डको	18	16	16
भगवतीको	18	18	18
भागहरूमा	18	18	18
भार	18	18	18
भाषाहरू	18	18	18
भूमिकाको	18	18	17
भेटिन्छ	18	18	18
भेदभाव	18	18	17
मङ्सिर	18	18	18
महासागरमा	18	18	18
महिलाहरूको	18	18	18
माओवादीमा	18	18	18
माडी	18	18	18
मादल	18	18	17
माने	18	18	18
मानेर	18	18	17
मान्छेहरूको	18	18	18
मारिया	18	18	18
मालिक	18	18	17
मिल्की	18	18	18
मुनिको	18	18	18
मुलुक	18	18	17
मैदान	18	18	18
यिनीहरूले	18	18	18
राख्छन्	18	18	18
राजकीय	18	18	17
राज्यहरूको	18	18	18
रातमा	18	18	18
रामले	18	18	18
रूखलाई	18	18	18
रोगी	18	18	18
लगाएको	18	18	18
लागी	18	18	18
लायक	18	18	18
ल्याटिन	18	18	18
वस्तुहरूको	18	18	17
विद्यमान	18	18	18
विधा	18	18	18
विलियम	18	18	17
विवादमा	18	18	18
विशेषज्ञ	18	18	18
विश्वविद्यालयको	18	18	17
शकुन्तलाको	18	18	17
शास्त्र	18	18	18
शास्त्रीय	18	18	18
शैलीका	18	18	18
संकेत	18	18	17
संस्थाहरूमा	18	18	17
सङ्क्रमण	18	18	18
सञ्चालनको	18	18	18
सन्तति	18	18	18
सप्तरी	18	18	18
सभामा	18	18	17
समयपछि	18	18	18
समाहित	18	18	18
समूहले	18	18	18
सम्मेलनमा	18	18	17
सम्राट	18	18	18
सरकारद्वारा	18	18	17
सरह	18	18	17
सहयोगको	18	18	16
साधारणतया	18	18	17
सानै	18	18	18
सुकी	18	18	18
सुगन्धित	18	18	18
सुनको	18	18	18
सूत्र	18	18	18
सेनालाई	18	18	18
सेमि	18	18	18
स्कोर	18	18	18
स्थानलाई	18	18	18
स्मृति	18	18	17
स्वतन्त्रताको	18	18	18
स्वर	18	18	18
हकमा	18	18	18
हजुरलाई	18	18	18
हटाउने	18	18	17
हरिया	18	18	18
हुत्याउने	18	18	17
होल	18	18	18
१५०	18	18	18
१९४९	18	18	18
१९६९	18	18	18
२०५५	18	18	18
२०६७	18	18	18
२०६८	18	18	18
५१	18	18	18
७०	18	18	18
अङ्गहरू	17	17	17
अठोट	17	17	17
अधुरो	17	17	17
अध्यायमा	17	17	17
अन	17	17	17
अन्तत	17	17	17
अफगानिस्तानको	17	17	16
अफगानिस्तानबाट	17	17	17
अफगानिस्तानमा	17	17	16
अमिलो	17	17	15
अर्थव्यवस्था	17	17	16
अर्पण	17	17	17
अल	17	17	16
अस्पतालको	17	17	16
आज्ञा	17	17	17
आणविक	17	17	17
आपसी	17	17	17
आफन्त	17	17	16
आश्रित	17	17	16
आस्था	17	17	17
उदाहरणको	17	17	16
उपचारका	17	17	16
कर्ण	17	17	16
कलाकारको	17	17	16
कलाम	17	17	17
कामलाई	17	17	16
कारबाही	17	17	17
काशीमा	17	17	16
कुर्कुच्चा	17	17	17
क्रान्तिको	17	17	17
खड्का	17	17	16
खस	17	17	17
खान्छ	17	17	17
खोज्दै	17	17	16
खोल	17	17	15
खोले	17	17	17
गई	17	17	16
गठबन्धन	17	17	17
गणित	17	17	16
गान्धीको	17	17	17
गायन	17	17	16
गीतकार	17	17	17
गुणा	17	17	16
चढाउने	17	17	17
चरम	17	17	17
चल्छ	17	17	16
चासो	17	17	17
चाहिन्छ	17	17	17
च्याउहरू	17	17	17
छैठौँ	17	17	16
जग	17	17	17
जङ्गलमा	17	17	17
जनगणनाअनुसार	17	17	17
जस	17	17	16
जाँदै	17	17	17
जिरेल	17	17	17
जी	17	17	17
जेलबाट	17	17	17
झरेको	17	17	17
टाइम	17	17	17
टापु	17	17	17
ठाउँबाट	17	17	17
डोल्पा	17	17	17
तपस्या	17	17	17
तरङ्ग	17	17	17
तरल	17	17	17
तालमा	17	17	17
थालनी	17	17	17
देखिन्थ्यो	17	17	16
नमाज	17	17	17
नमुना	17	17	17
नामकरण	17	17	17
निष्कर्ष	17	17	17
नेत्र	17	17	17
न्यायपालिका	17	17	16
पटनामा	17	17	17
पदको	17	17	17
पदार्थको	17	17	17
परिणाम	17	17	17
परी	17	15	15
पर्ला	17	17	17
पहुँच	17	17	17
पाकिस्तानको	17	17	17
पाकेको	17	17	16
पाकेपछि	17	17	17
पात्रहरू	17	17	17
पानीसँग	17	17	17
पुगेपछि	17	17	17
पुरातात्विक	17	17	15
पूर्वको	17	17	17
प्रकृति	17	17	16
प्रतिशतले	17	17	17
प्रवाह	17	17	17
प्रेरणा	17	17	16
फर	17	17	17
फर्के	17	17	17
फेरी	17	17	17
बग्दो	17	17	16
बच्चाहरूको	17	17	17
बनाएँ	17	17	17
बाह्य	17	17	17
बेग्लै	17	17	17
भर्ती	17	17	15
भाँडो	17	17	17
भाद्र	17	17	17
भोलि	17	17	17
मतलब	17	17	16
मध्यनजर	17	17	17
मनतातो	17	17	17
मनुष्यहरूको	17	17	17
मनोरञ्जन	17	17	17
मन्दिरलाई	17	17	17
मल	17	16	16
माथिको	17	17	16
मान्छेहरू	17	17	16
मान्नु	17	17	16
मुद्दाको	17	17	16
मूर्तिलाई	17	17	16
मृत	17	17	17
मेगावाट	17	17	17
मैथिली	17	17	17
मैदानको	17	17	17
मोटो	17	17	16
यसैको	17	17	17
राईको	17	17	16
राख्दछन्	17	17	16
राजदूत	17	17	17
राजनीतिज्ञ	17	17	17
राजाहरूको	17	17	17
राजेन्द्र	17	17	16
राज्यहरू	17	17	17
रोक	17	17	17
रोमन	17	17	17
लन्डन	17	17	16
लेखहरूलाई	17	17	16
वञ्चित	17	17	17
वर्षहरूमा	17	17	17
वर्षीया	17	17	17
वाम	17	17	17
विद्यालयको	17	17	17
विद्युत	17	17	16
विभक्त	17	17	16
विराटनगर	17	17	17
विषयहरू	17	17	17
शान्तिपूर्ण	17	17	16
शासनको	17	17	17
शिवलिङ्ग	17	17	16
श्रेणी	17	17	17
संसद	17	17	16
सक्दैनन्	17	17	17
सङ्गठित	17	17	17
सतहमा	17	17	17
समानुपातिक	17	17	17
समारोहमा	17	17	17
सम्पादनमा	17	17	17
सम्बद्ध	17	17	17
सम्ममा	17	17	17
सरेको	17	17	17
साधु	17	17	16
सालतिर	17	17	17
साहस	17	17	17
सिक्किमको	17	17	17
सिनेमा	17	17	17
सिलसिलामा	17	17	17
सुझावहरू	17	17	17
सुपर	17	17	16
स्थलहरू	17	17	16
स्थापनाको	17	17	17
स्वच्छ	17	17	17
हर	17	17	17
हुँदैनन्	17	17	17
हुम्ला	17	17	16
हेतु	17	17	17
हेनरी	17	17	17
१९४०	17	17	17
१९८७	17	17	16
२०२३	17	17	17
२०३०	17	17	17
२०४८	17	17	17
२०५३	17	17	17
२०६५	17	17	17
३८	17	17	17
५४	17	17	16
६३	17	17	17
अगाडिको	16	16	15
अनुराधा	16	16	15
अनेकौँ	16	16	16
अन्नाको	16	16	16
अफगान	16	16	16
अभियानको	16	16	16
अर्याल	16	16	16
अश्लिल	16	16	16
अश्लील	16	16	15
असाध्यै	16	16	16
अस्तित्वको	16	16	16
आँखाले	16	16	16
आइतबार	16	16	16
आचार्यको	16	16	16
आजीवन	16	16	16
इन्जिनियरिङ	16	16	16
उडान	16	16	16
उत्तीर्ण	16	16	16
उत्पादनको	16	16	16
उद्देश्यका	16	16	16
उपाध्यक्ष	16	16	16
एकएक	16	16	16
एघार	16	14	14
ओलम्पिक	16	16	16
कक्षासम्म	16	16	16
कपाल	16	16	16
कपि	16	16	16
कब्जियत	16	16	16
कम्पनीमा	16	16	16
करिव	16	16	16
कलश	16	16	16
काङ्ग्रेसले	16	16	16
काटेर	16	16	16
कार्यपालिका	16	16	16
कालका	16	16	16
कालान्तरमा	16	16	16
किच्चक	16	16	16
कुकुरले	16	16	16
केरलको	16	16	15
कोस	16	16	16
क्षमताको	16	16	16
खण्डको	16	16	16
खानाले	16	16	14
खुट्टा	16	16	15
खुट्टामा	16	16	16
खै	16	16	16
खोलेको	16	16	16
ख्याति	16	16	16
गराइन्छ	16	16	16
गरौँ	16	16	16
गाउँहरूमा	16	16	16
गुजरातको	16	16	16
गुप्त	16	16	15
गेडा	16	16	16
गेहेन्द्र	16	16	16
गोदावरी	16	16	16
गोप्य	16	16	16
गोरखपुर	16	16	16
ग्रन्थका	16	16	16
घटेर	16	16	16
घुम्ने	16	16	15
घेरा	16	16	14
चिनिन्थ्यो	16	16	15
छठको	16	16	16
जङ्गलले	16	16	15
जनघनत्व	16	16	15
जनतासँग	16	16	16
जलमा	16	16	16
जानिन्छ	16	16	15
जानी	16	14	14
जाम	16	16	15
जोड्ने	16	16	16
झोल	16	16	16
टन	16	16	16
टेस्ट	16	16	16
ठाउँलाई	16	16	15
ठुला	16	16	16
ठूला	16	15	14
ढाकिएको	16	16	16
ढुङ्गे	16	16	15
तरिकाबाट	16	16	16
तरिकामा	16	16	16
तालहरू	16	16	16
तिनले	16	16	15
तिनीहरूको	16	16	16
तीव्र	16	16	15
त्याग	16	16	16
दमन	16	16	16
दलाइ	16	16	16
दार्जिलिङमा	16	16	16
दाहिने	16	16	16
दिउँसो	16	16	16
दिक्सूचक	16	15	14
दिनका	16	16	16
दृष्टिबाट	16	16	16
देखाउँछ	16	16	16
देव	16	16	16
देवकोटा	16	16	16
ध्यानमा	16	16	16
ध्वनि	16	16	16
नक्सा	16	16	15
नदिने	16	16	16
न्यायिक	16	16	16
पठाइन्छ	16	16	16
पढेका	16	16	16
पढ्दा	16	16	16
पद्म	16	16	15
परिवर्तनका	16	16	16
परिवारलाई	16	16	16
पर्नु	16	16	16
पश्चिमतर्फ	16	16	16
पाण्डवहरूको	16	16	16
पारे	16	16	16
पाल्ने	16	16	16
पिजिए	16	16	15
पुनर्स्थापना	16	16	16
पुष्पलाल	16	16	16
पुस्तकहरूको	16	16	16
पूर्णिमाका	16	16	16
पूर्णिमाको	16	16	15
प्रणालीका	16	16	16
प्रभावी	16	16	16
प्रयोगकर्तालाई	16	16	16
फराकिलो	16	16	16
फर्किए	16	16	16
फागुनमा	16	16	16
फिलिप	16	16	16
फुटबलको	16	16	16
फेला	16	16	16
बङ्गाली	16	16	16
बच्चाहरू	16	16	15
बजाएर	16	16	16
बढोस्	16	16	16
बध	16	16	15
बनावट	16	16	16
बनेपा	16	16	16
बनोट	16	16	15
बर्मेली	16	16	16
बलमा	16	16	16
बस्दा	16	16	15
बस्नु	16	16	16
बहस	16	16	16
बाग्लुङ	16	16	16
बालबालिकाहरू	16	16	16
बिलबोर्ड	16	16	16
बुझ्ने	16	16	16
बोल्छन्	16	16	15
बौद्धनाथ	16	16	16
भएकोमा	16	16	16
भक्तपुरको	16	16	16
भजन	16	16	16
भागलाई	16	16	16
भारतबाट	16	16	16
भाले	16	16	16
भेटेको	16	16	16
मण्डल	16	16	16
मनमोहक	16	16	16
मनोरञ्जनात्मक	16	16	16
महत्वपूर्ण	16	16	16
माग्न	16	16	16
मान	16	16	15
माला	16	16	16
मिथिला	16	16	16
मिल	16	16	16
मुद्दामा	16	16	16
मुसलमानहरूको	16	16	16
मोक्ष	16	16	15
युद्धका	16	16	16
युनाइटेड	16	16	16
युवती	16	16	16
यौन	16	16	16
रहेछन्	16	16	16
राजतन्त्र	16	16	16
रासायनिक	16	16	16
लगत्तै	16	16	16
लगाई	16	16	16
लघुकथा	16	16	16
ललितपुरको	16	16	16
लिबरल	16	16	16
लुकेर	16	16	16
लेखनको	16	16	16
ल्याइयो	16	16	16
वकालत	16	16	16
वनले	16	16	16
वर्षे	16	16	16
वास्तुकलाको	16	16	16
विकल्प	16	16	16
विद्या	16	16	15
विद्रोही	16	16	16
व्यस्त	16	16	16
व्यापारमा	16	16	16
शताब्दीका	16	16	16
शनिको	16	16	15
शरीरबाट	16	16	15
शाहका	16	16	16
शिष्य	16	16	15
शीर्ष	16	16	16
शीर्षकको	16	16	16
श्वेत	16	16	16
संसारका	16	16	16
संस्कृतमा	16	16	15
सङ्गठनको	16	16	16
सच्चा	16	16	16
सन्तानलाई	16	16	16
सन्तुलित	16	16	16
समकालीन	16	16	15
समुद्रमा	16	16	16
समूहहरूको	16	16	15
सम्बोधित	16	16	16
सरकारबाट	16	16	16
सहकारी	16	16	15
सहरलाई	16	16	15
सिट	16	16	16
सिफारिस	16	16	15
सुनकोशी	16	16	16
सुरूमा	16	16	16
सैद्धान्तिक	16	16	15
स्टेट	16	16	16
स्तरका	16	16	15
स्थलमा	16	16	16
स्थापनाका	16	16	15
स्वदेशी	16	16	16
स्वास्थ्यको	16	16	15
हजारेले	16	16	16
हप्ताको	16	16	16
हमला	16	16	16
हानिकारक	16	16	15
हाल्ने	16	16	14
हुनुभएको	16	16	16
हेर्नु	16	16	16
१९८४	16	16	14
१९८५	16	16	15
२०५६	16	16	16
२०५९	16	16	16
२०६१	16	16	15
२०६३	16	16	16
२०७०	16	16	16
अखिल	15	15	14
अङ्कको	15	15	15
अदालतमा	15	15	15
अनुसन्धानको	15	15	15
अभिन्न	15	15	15
अमूल्य	15	15	15
अर्थात	15	15	15
अस्पतालका	15	15	15
अस्वीकृत	15	15	14
अहिंसाको	15	15	15
आँपको	15	15	15
आजकल	15	15	15
आठौँ	15	15	15
आदानप्रदान	15	15	15
आदिलाई	15	15	15
आमन्त्रण	15	15	14
आयात	15	15	15
आराधना	15	15	15
आसपास	15	15	15
इस्वीमा	15	15	15
ई	15	15	15
उखु	15	15	15
उत्सर्जन	15	15	15
उन्नति	15	15	15
उपचारमा	15	15	15
उमावि	15	15	15
ऊर्जालाई	15	15	15
एकताको	15	15	15
एकत्रित	15	15	15
एजेन्डा	15	15	15
एसएलसी	15	15	15
कठिनाइ	15	15	15
कफी	15	15	15
कर्मचारीहरूको	15	15	14
कलिलो	15	15	14
कवीरको	15	15	15
कहलिएका	15	15	15
कहिलेदेखि	15	15	15
कहीँ	15	15	15
कारखाना	15	15	14
कारणबाट	15	15	15
कार्की	15	15	14
कालसर्प	15	15	15
कालीगण्डकी	15	15	14
कुटेर	15	15	15
कुशेश्वर	15	15	15
कोइरालाको	15	15	15
क्रान्ति	15	15	15
क्रियाकलापमा	15	15	15
क्रिस्	15	15	15
क्षमा	15	15	15
क्षेत्रले	15	15	15
खानेकुरा	15	15	15
गढी	15	15	14
गराई	15	15	15
गरिनु	15	15	15
गर्दैनन्	15	15	15
गर्नुभएका	15	15	15
गाउन	15	15	15
गीतमा	15	15	15
गैंडाको	15	15	15
गैर	15	15	14
गोत्र	15	15	14
गोबरले	15	15	15
ग्रन्थहरूको	15	15	14
चरणको	15	13	13
चलचित्रका	15	15	15
चाहिएमा	15	15	14
चिह्न	15	15	15
चौँथो	15	15	15
छैन्	15	15	15
छोरीको	15	15	14
जगतको	15	15	15
जनसरकार	15	15	15
जात	15	15	15
जापानमा	15	15	15
जिल्लाकै	15	15	13
जेठा	15	15	15
जोखिम	15	15	15
झमक	15	15	15
टर्मिनेटर	15	15	15
टिमहरू	15	15	15
टेलर	15	15	15
टोकियोको	15	15	15
डबल	15	15	14
डलरको	15	15	15
डाउनलोड	15	15	15
डि	15	14	13
डिजिटल	15	15	15
ड्वार्फ	15	15	15
ढाँचामा	15	15	15
तबसम्म	15	15	15
तारकीय	15	15	15
तुलसी	15	15	15
तेज	15	15	15
थालेका	15	15	15
दण्ड	15	15	15
दह	15	15	15
दिनुहोस्	15	15	15
दिवसको	15	15	15
दुरीमा	15	15	14
दूरसञ्चार	15	15	15
दृष्टिमा	15	15	15
देशभर	15	15	15
देशले	15	15	15
द्वितीय	15	15	14
धनु	15	15	15
धातु	15	15	15
धुलो	15	15	15
नदीबाट	15	15	14
नसकेको	15	15	15
नाक	15	15	15
नायक	15	15	15
निधनपछि	15	15	15
निभाए	15	15	15
निर्देशन	15	15	15
नीमको	15	15	15
नेताहरूले	15	15	15
नेपालीको	15	15	15
नेवारी	15	15	15
नैं	15	15	15
पठाउने	15	15	15
पढे	15	15	15
पत्रिकामा	15	15	15
पन्तले	15	15	15
परम्पराका	15	15	15
परिकार	15	15	15
परिसर	15	15	14
पर्दथ्यो	15	15	15
पशुपतिनाथको	15	15	15
पाँचथर	15	15	15
पारिन्छ	15	15	15
पावर	15	15	15
पाश्चात्य	15	15	15
पीठ	15	15	15
पुरस्कृत	15	15	15
पुष्प	15	15	15
पुस्तकका	15	15	14
पूरै	15	15	15
पूर्णकालीन	15	15	15
पोथी	15	15	14
प्रक्रियाको	15	15	15
प्रचण्ड	15	15	15
प्रचुर	15	15	15
प्रणालीमा	15	15	15
प्रतिको	15	15	14
प्रभावबाट	15	15	15
प्राथमिकता	15	15	15
फाँटमा	15	15	15
बजाइने	15	15	15
बजारको	15	15	15
बढ्छ	15	15	15
बनाउँदै	15	15	15
बयान	15	15	15
बराबरको	15	15	15
बलराम	15	15	14
बहुराष्ट्रिय	15	15	15
बाँधेर	15	15	15
बाँसको	15	15	15
बाटोको	15	15	15
बाटोमा	15	15	15
बानी	15	15	15
बाबा	15	15	15
बाबुराम	15	15	15
बाहिरबाट	15	15	14
भएछ	15	15	15
भदौमा	15	15	15
भाइरस	15	15	13
भाषाबाट	15	15	15
भिरालो	15	15	15
भेकमा	15	15	15
भेला	15	15	15
भोजपुरमा	15	15	15
भोटको	15	15	15
भोलिपल्ट	15	15	15
मई	15	15	15
मङ्गलबार	15	15	15
मनका	15	15	15
मनुष्यलाई	15	15	15
मर्दा	15	15	15
महलको	15	15	15
महिनापछि	15	15	15
महिलालाई	15	15	15
माधव	15	15	15
मानिन्थ्यो	15	15	15
मार्क्सवादी	15	15	15
मार्गदर्शन	15	15	14
मार्न	15	15	15
मिली	15	15	15
मिल्दोजुल्दो	15	15	15
मुक्तिको	15	15	15
मुख्यमन्त्री	15	15	14
मुसा	15	15	14
मेजर	15	15	15
मेष	15	15	15
यज्ञ	15	15	14
यसकारण	15	15	15
यसप्रकार	15	15	14
यानि	15	13	12
यिनमा	15	15	15
रसायन	15	15	15
रहेन	15	15	15
रामप्रसाद	15	15	15
रिजाल	15	15	15
रिडाइरेक्ट	15	15	15
रेग्मी	15	15	15
लगाइने	15	15	15
लहर	15	15	15
लागु	15	15	15
लागेपछि	15	15	15
लागेर	15	15	15
लामाले	15	15	14
वंश	15	15	15
वनमा	15	15	15
विज्ञानलाई	15	15	15
वित्त	15	15	14
विदेश	15	15	15
विद्यार्थीहरूको	15	15	15
विधिपूर्वक	15	15	15
विन्दु	15	15	15
विभागका	15	15	15
विरूद्ध	15	15	13
शर्माको	15	15	15
शिक्षाका	15	15	15
शैलीको	15	15	15
शोषण	15	15	15
श्लोक	15	15	15
संयोजन	15	15	15
संस्थाले	15	15	15
सकियो	15	15	14
सन	15	15	15
सन्तुलन	15	15	15
सपनामा	15	15	14
समग्र	15	15	15
समाजसेवामा	15	15	15
समूहलाई	15	15	15
सम्भावित	15	15	15
सम्वत	15	15	14
सर्प	15	15	15
सल्लाहकार	15	15	15
सहन	15	15	15
साँच्चै	15	15	14
सानैदेखि	15	15	15
सिङ्गापुरमा	15	15	13
सिडनी	15	15	14
सिधै	15	15	15
सिपाही	15	15	15
सुक्खा	15	15	15
सुख्खा	15	15	15
सुगन्ध	15	15	15
सुनिन्छ	15	15	15
सुरक्षाको	15	15	15
सुलभ	15	15	14
सूक्ष्म	15	15	15
सूचक	15	15	14
सेट	15	15	15
स्थलहरूमा	15	15	15
स्वस्थ	15	15	15
हजरत	15	15	14
हाले	15	15	15
हिन्द	15	15	15
हिमालय	15	15	14
होइनन्	15	15	15
१९४७	15	15	15
१९७२	15	15	15
१९८३	15	15	14
१९९८	15	15	15
६८	15	15	15
८२	15	15	15
अनसनमा	14	14	13
अनुहार	14	14	13
अनौपचारिक	14	14	14
अन्तसम्म	14	14	14
अन्धविश्वास	14	14	13
अन्यथा	14	14	14
अब्दुल	14	14	14
अलङ्कार	14	14	14
अवैध	14	14	14
असुरक्षित	14	14	14
अस्तित्वमा	14	14	13
आउँदै	14	14	14
आउनुभएको	14	14	14
आकाशमा	14	14	14
आखिर	14	14	14
आजभन्दा	14	14	14
आत्रेय	14	14	14
आदिले	14	14	14
आमैले	14	14	14
आय	14	14	14
आर्जन	14	14	14
इतिहासलाई	14	14	13
ईसाई	14	14	14
उड्ने	14	14	12
उत्तराधिकारी	14	14	14
उधौली	14	14	13
उल्था	14	14	13
उहाँहरू	14	14	14
ऋतु	14	14	14
एडमिन	14	14	14
एड्स	14	14	14
औषधिको	14	14	14
कमसेकम	14	14	14
कम्युनिष्ट	14	14	14
करार	14	14	14
कान्छो	14	14	14
कार	14	14	14
कार्यहरूको	14	14	14
काल्पनिक	14	14	14
किन्न	14	14	14
किमी	14	14	14
कुँवरले	14	14	14
कुकुरलाई	14	14	14
कुराले	14	14	13
कृष्णप्रसाद	14	14	14
केसी	14	14	14
क्रियालाई	14	14	14
क्षेत्रफलको	14	14	14
खाँदा	14	14	13
खाएमा	14	14	14
खातामा	14	14	13
खेलकुद	14	14	13
गरिएन	14	14	13
गरिदिएका	14	14	13
गरिदिएको	14	14	14
गरिन	14	14	13
गरिबी	14	14	14
गरिमा	14	14	14
गरियोस्	14	14	14
गरिरहे	14	14	14
गरेकोमा	14	14	14
गरौं	14	14	14
गर्टिनले	14	14	13
गर्दिन	14	14	14
गर्नुका	14	14	14
गर्नेछन्	14	14	14
गाए	14	14	14
गिलास	14	14	14
गीतको	14	14	13
गुलियो	14	14	14
ग्रन्थहरूमा	14	14	14
ग्रस्त	14	14	14
ग्रहले	14	14	14
घरधुरी	14	14	14
घाइते	14	14	14
घाटमा	14	14	14
चक्र	14	14	14
चट्टान	14	14	14
चढ्ने	14	14	14
चरणमा	14	14	13
चलाएको	14	14	13
चुनौती	14	14	14
चोखो	14	14	13
चौकी	14	14	14
छन्दको	14	14	14
छरिएर	14	14	13
छोटा	14	14	13
छोराहरू	14	14	14
जग्गामा	14	14	14
जमाए	14	14	14
जर्ज	14	14	14
जर्मनी	14	14	14
जातकको	14	14	14
जान्थे	14	14	14
जिज्ञासा	14	14	13
जिब्रो	14	14	14
जीवनशैली	14	14	14
जैन	14	14	14
जैव	14	14	13
जैविक	14	14	14
जोडिने	14	14	14
जोडेको	14	14	14
झा	14	14	14
टार	14	14	14
टिकट	14	14	14
ठहर	14	14	13
डेमी	14	14	14
डोगरी	14	14	14
ढाकेको	14	14	13
ढुङ्गाको	14	14	14
तकसेरा	14	14	14
तहसम्म	14	14	13
ताराहरूको	14	14	14
तुलनात्मक	14	14	14
तेह्रौँ	14	14	14
त्यतिखेर	14	14	14
थपिँदै	14	14	14
थालेपछि	14	14	14
थोमस	14	14	14
दाल	14	14	14
दिइनेछ	14	14	14
दिनानुदिन	14	14	13
दुखी	14	14	14
दुखेको	14	14	14
दुध	14	14	14
दुर्गम	14	14	14
दुर्योधनले	14	14	14
दुवैको	14	14	14
दृश्यमा	14	14	14
दे	14	14	14
देखाइन्छ	14	14	12
देखिँदैन	14	14	14
देखिएका	14	14	14
देशहरूका	14	14	13
धर्मशाला	14	14	14
धाराको	14	14	14
धाराहरूको	14	14	14
ध्वाँसे	14	14	14
नगदे	14	14	14
नन्द	14	14	13
नयाँनयाँ	14	14	13
नाचमा	14	14	14
नारा	14	14	14
निगम	14	14	14
निबन्धहरू	14	14	14
निश्चय	14	14	14
नृत्य	14	14	14
नेपालीहरूको	14	14	14
पक्कै	14	14	14
पक्षबाट	14	14	13
पछाडिको	14	14	14
पटुका	14	14	14
पतिको	14	14	14
पत्रिकाका	14	14	14
परस्पर	14	14	13
परित्याग	14	14	14
परिमाण	14	14	14
परिमार्जन	14	14	14
परिवर्तनहरू	14	14	13
परिस्थितिमा	14	14	14
पर्नेछ	14	14	14
पहिलेका	14	14	13
पाएपछि	14	14	14
पाखा	14	14	14
पार्क	14	14	14
पिण्डदान	14	14	14
पुलिस	14	14	14
पुसमा	14	14	14
पुस्तकले	14	14	14
पुस्तकालयमा	14	14	14
पूर्वदेखि	14	14	14
पृथक	14	13	13
पो	14	14	14
पौवा	14	14	14
प्रकोप	14	14	14
प्रतिपादित	14	14	14
प्रतिमा	14	14	14
प्रतिष्ठा	14	14	14
प्रभुको	14	14	14
प्रयोगकर्ताको	14	14	14
प्रवेशद्वार	14	14	13
प्रशंसा	14	14	14
प्रशान्त	14	14	14
फुल	14	14	14
फेर्न	14	14	14
फैलिएका	14	14	13
फ्रान्समा	14	14	14
फ्रान्सेली	14	14	14
बच्चनको	14	14	13
बझाङ	14	14	14
बटनी	14	14	14
बनाउनमा	14	14	14
बनिन्	14	14	14
बस्यो	14	14	14
बाँच्ने	14	14	14
बाँस	14	14	14
बाकसमा	14	14	14
बाधा	14	14	14
बायाँ	14	14	14
बालकृष्ण	14	14	13
बिन्दु	14	14	13
बुढाथोकी	14	14	13
बुलेटिन	14	14	14
बोकेको	14	14	14
बोटको	14	14	14
बोधक	14	14	13
भएँ	14	14	14
भक्त	14	14	14
भक्तजनहरूको	14	14	14
भन्नुपर्दा	14	14	14
भविष्यवाणी	14	14	14
भागबाट	14	14	14
भेटिएको	14	14	14
भो	14	14	14
भोजपुरी	14	14	14
मध्यम	14	13	13
मबाट	14	14	13
महानगर	14	14	13
महाराजा	14	14	14
महोत्तरी	14	14	13
माइती	14	14	14
मापन	14	14	13
मार्ने	14	14	14
मावि	14	14	14
मिल्छ	14	14	14
मेट्रो	14	14	14
मैत्री	14	14	14
म्याग्दी	14	14	14
म्यान	14	14	14
यसअघि	14	14	14
यात्राको	14	14	14
याद	14	14	14
युनियनको	14	14	14
रद्द	14	14	14
रहेकाले	14	14	13
राजकाज	14	14	14
राजकुमार	14	14	14
राजाका	14	14	14
राती	14	14	13
रामायण	14	14	14
राष्ट्रसङ्घको	14	14	14
रुचिको	14	14	14
रौँ	14	14	14
लगाइयो	14	14	14
लग्न	14	14	14
ललित	14	14	14
लाभदायक	14	14	14
लिँदै	14	14	14
लुइस	14	14	14
लेख्दा	14	14	14
लेख्नुहोला	14	14	14
वर	14	14	14
वर्गका	14	14	14
विकिको	14	14	14
विकिपिडियामा	14	14	14
विद्वान	14	14	14
विधामा	14	14	14
विराटनगरमा	14	14	12
विरुद्धको	14	14	14
विशेषगरी	14	14	13
विशेषत	14	14	14
विश्वव्यापी	14	14	14
विष	14	14	13
विषयवस्तु	14	14	14
वैयाकरण	14	14	14
वैवाहिक	14	14	13
व्यक्तिका	14	14	13
व्यक्तिहरूलाई	14	14	13
व्यवसायिक	14	14	14
व्यापारी	14	14	14
व्यास	14	14	13
शान्तिको	14	14	14
शुक्लपक्षको	14	14	14
श्रीलङ्का	14	14	14
श्रृङ्खलाको	14	14	14
श्रेष्ठले	14	14	14
सँगसँगै	14	14	14
संगम	14	14	13
संस्थालाई	14	14	13
सकिन्थ्यो	14	14	14
सकियोस्	14	14	14
सकोस्	14	14	14
सक्छु	14	14	14
सडकको	14	14	13
सफलताको	14	14	13
सबैजसो	14	14	14
सबैमा	14	14	14
समर्पण	14	14	14
समापन	14	14	14
समुद्रको	14	14	13
सम्बन्धि	14	14	14
सम्मेलनको	14	14	14
सहायताले	14	14	14
साकेला	14	14	14
साम्राज्य	14	14	14
सास	14	14	14
साह्रै	14	14	14
सिंहले	14	14	14
सिद्धान्तको	14	14	14
सिम	14	14	14
सिस्टम	14	14	13
सुकाएर	14	14	14
सुझावको	14	14	14
सुधारको	14	14	14
सुनौलो	14	14	14
सूचित	14	14	14
सेन्टर	14	14	13
स्वरमा	14	14	14
हजारभन्दा	14	14	13
हरण	14	14	14
हात्ती	14	14	14
हालका	14	14	14
हालै	14	14	14
हुनुभएका	14	14	13
हुलाक	14	14	14
है	14	14	14
होटल	14	14	14
१०००	14	14	14
१६९	14	14	14
१८९०	14	14	14
१९५८	14	14	14
२०२४	14	14	14
२०२९	14	14	14
२०३५	14	14	14
४४	14	14	14
५३	14	14	14
५८	14	14	14
६९	14	14	14
८००	14	14	14
अक्टोबरमा	13	13	13
अनिष्ट	13	13	13
अनुदान	13	13	13
अनुपम	13	13	13
अनुबन्ध	13	13	13
अनुमोदन	13	13	13
अनुयायी	13	13	12
अप्रत्यक्ष	13	13	13
अफिसमा	13	13	12
अमेरिकाले	13	13	12
अरविन्द	13	13	13
अलगअलग	13	13	13
अलग्गै	13	13	13
अवधिको	13	13	12
अवरोध	13	13	12
अवलोकन	13	13	13
असोज	13	13	12
अस्ट्रेलियन	13	13	13
अस्ट्रेलियाले	13	13	13
आकारमा	13	13	13
आचार्यले	13	13	13
आत्मकथा	13	13	13
आदर	13	13	13
आन्दोलनले	13	13	11
आमालाई	13	13	13
इन्चार्ज	13	13	12
इन्द्रको	13	13	13
इस्लामिक	13	13	12
उजागर	13	13	13
उत्तरको	13	13	13
उत्तरपूर्वीय	13	13	13
उत्पादनमा	13	13	13
उपन्यासको	13	13	13
उपराष्ट्रपतिको	13	13	13
उपहार	13	13	13
उष्ण	13	13	13
ऋषिको	13	13	13
एप्पल	13	13	13
एस्प्रेसो	13	13	13
ओटा	13	13	11
क	13	13	13
कक्षामा	13	13	13
कटान	13	13	13
कप	13	13	13
कपडाबाट	13	13	13
करफोक	13	13	13
करेन्ट	13	13	13
कल्प	13	13	13
कव्वाली	13	13	13
कस्ता	13	12	12
काँडे	13	13	13
काङ्ग्रेसको	13	13	12
काण्डलाई	13	13	12
कार्टुन	13	13	13
कार्यक्रमहरूमा	13	13	13
कुकले	13	13	13
कुचो	13	13	13
केन्द्रका	13	13	13
कोमल	13	13	13
क्षण	13	13	13
खाद्यान्न	13	13	13
खुट्टाको	13	13	13
खुवाइन्छ	13	13	13
खोजिएको	13	13	13
खोज्न	13	13	13
खोलामा	13	13	13
गरोस्	13	13	13
गर्भमा	13	13	13
गवर्नर	13	13	13
गाली	13	13	13
गुणस्तर	13	13	13
गोर्खाली	13	13	13
ग्यास	13	11	11
घटनाको	13	13	13
घटनामा	13	13	13
घरहरू	13	13	12
चाँडो	13	13	13
चिन्तन	13	13	13
चैत्य	13	13	13
चोरी	13	13	12
च्यानल	13	13	12
छन	13	13	13
छाडे	13	13	13
छोडेको	13	13	13
जनकपुरमा	13	13	13
जनताहरू	13	13	13
जनयुद्ध	13	13	13
जन्मेकी	13	13	13
जमेको	13	13	13
जलविद्युत	13	13	13
जालपा	13	13	13
जितेर	13	13	13
जीवनलाई	13	13	13
जोशीजी	13	13	13
ज्यामिरे	13	13	12
झन्	13	13	12
झल्कने	13	13	13
झाडी	13	13	13
झैँ	13	13	12
टाइगर	13	13	13
टाढाबाट	13	13	13
टिक्न	13	13	13
टोकियोमा	13	13	13
ठीक	13	13	13
डिकद्वारा	13	13	13
तपाईँहरूको	13	13	13
तमिलनाडु	13	13	13
तमिलनाडुमा	13	13	13
तराईमा	13	13	13
तले	13	13	13
तस्बिर	13	13	12
तिथि	13	13	13
तिथिमा	13	13	13
तुरुन्तै	13	13	13
तुर्क	13	13	13
तुलसीको	13	13	13
तैनाथ	13	13	12
तोरण	13	13	13
त्रिचन्द्र	13	13	13
थारू	13	13	13
थालिन्	13	13	13
थाल्दछ	13	13	12
थाह	13	13	13
थोपा	13	13	13
दलले	13	13	13
दाम	13	13	13
दास	13	13	13
दिगो	13	13	13
दिनभित्र	13	13	13
दिनुभएको	13	13	13
दीर्घायु	13	13	13
दुर्घटना	13	13	13
दुलाल	13	13	13
दुष्यन्त	13	13	12
देखाइने	13	13	13
देखिनु	13	13	13
द्यौसुरे	13	13	13
द्वीप	13	13	13
धरोहर	13	13	13
धर्मलाई	13	13	12
धानको	13	13	13
धेरैले	13	13	13
नदीहरूमा	13	13	13
नम्बरमा	13	13	13
निकायले	13	13	13
निधि	13	13	13
निमन्त्रणा	13	13	12
निरुक्तको	13	13	12
नीतिलाई	13	13	13
नेपालीले	13	13	13
नोभेम्बरमा	13	13	13
पंक्षी	13	13	13
पठाउन	13	13	13
पठाएका	13	13	13
पत्थरको	13	13	13
पन्त	13	13	13
परशुरामलाई	13	13	13
परिन्	13	13	13
परिषद्	13	13	13
पर्यावरण	13	13	13
पर्वतमा	13	13	13
पर्वमा	13	13	13
पशुपति	13	13	13
पस्न	13	13	12
पहिलेको	13	13	12
पाटनको	13	13	13
पाल	13	13	13
पालना	13	13	13
पाल्पामा	13	13	13
पुष	13	13	12
पैसाले	13	13	13
पोते	13	13	13
पौडेलले	13	13	13
प्रकाशमा	13	13	12
प्रजातिको	13	13	13
प्रतिष्ठानको	13	13	13
प्रतिष्ठानले	13	13	13
प्रतीक्षा	13	13	12
प्रधानमन्त्रीका	13	13	12
प्राणीलाई	13	13	13
प्वाल	13	13	13
फुर्सदको	13	13	13
फैसला	13	13	12
बखत	13	13	13
बगेको	13	13	13
बदलेर	13	13	13
बनिरह्यो	13	13	13
बनेपछि	13	13	13
बन्दछ	13	13	13
बलको	13	13	12
बली	13	13	13
बस्छन्	13	13	13
बाण	13	13	13
बालक	13	13	13
बाल्यकाल	13	13	13
बावजुद	13	13	13
बुक	13	13	13
बेलुका	13	13	13
बोलाउन	13	13	13
बोली	13	13	13
बोल्दछन्	13	13	13
बोस	13	13	13
ब्रह्माले	13	13	13
भएकाहरू	13	13	12
भएपनि	13	13	13
भट्ट	13	13	13
भनियो	13	13	13
भनेपछि	13	13	13
भागसँग	13	13	13
भित्रका	13	13	13
भेटिन्छन्	13	13	13
भैसकेको	13	13	13
मकबरा	13	13	13
मन्द	13	13	12
मरे	13	13	13
मरेको	13	13	12
मल्लको	13	13	12
महलमा	13	13	13
महिमा	13	13	13
माओवादीका	13	13	13
माछाले	13	13	13
मावा	13	13	13
मुखबाट	13	13	13
मुनि	13	13	13
मुहम्मद	13	13	12
मूर्तिमा	13	13	13
मेमा	13	13	13
मैदानी	13	13	13
मोटर	13	13	13
मोहित	13	13	13
म्युजिक	13	13	13
यथार्थ	13	13	13
यादमा	13	13	13
यिनीहरूलाई	13	13	13
युनेस्को	13	13	13
योगदानहरू	13	13	13
रङ्गभेदको	13	13	13
रङ्गभेदी	13	13	13
रचित	13	13	13
रहित	13	13	13
रही	13	13	13
राखिएका	13	13	13
राख्दा	13	13	13
राम्रै	13	13	13
रिहा	13	13	13
रूपमै	13	13	13
रूपान्तर	13	13	13
रोगीहरू	13	13	13
लिपिको	13	13	13
लिम्बु	13	13	13
लुगा	13	13	13
लेखनाथले	13	13	13
लेप	13	13	13
लैजाने	13	13	13
वंशका	13	13	12
वंशावलीमा	13	13	13
वनको	13	13	13
वसन्ती	13	13	13
वस्त्र	13	13	13
वातावरणमा	13	13	13
विचरण	13	13	13
विद्युत्	13	13	13
विधायक	13	13	13
विपक्षी	13	13	12
विष्णुको	13	13	13
वेल्स	13	13	13
वेल्समा	13	13	13
व्यक्तिहरू	13	13	13
शङ्का	13	13	13
शब्दहरूको	13	13	13
शरीरलाई	13	13	13
शर्माद्वारा	13	13	13
शुक्र	13	13	13
शुल्क	13	13	13
श्रवण	13	13	13
षड्यन्त्र	13	13	13
संविधानले	13	13	13
संहार	13	13	13
सकिन्न	13	13	13
सखडा	13	13	13
सङ्ग्रहालय	13	13	13
सजीव	13	13	13
सञ्चालक	13	13	13
सत्ताको	13	13	13
सधैं	13	13	12
सपरिवार	13	13	13
समयका	13	13	13
समाविष्ट	13	13	13
समेट्ने	13	13	13
सम्बन्धको	13	13	13
सर्वज्ञ	13	13	13
सर्वदा	13	13	13
साइट	13	13	13
साथीहरूले	13	13	13
सिकाउने	13	13	13
सीता	13	13	13
सीताको	13	13	13
सुकीले	13	13	13
सुकेको	13	13	13
सुत्केरी	13	13	13
सुनेको	13	13	13
सोको	13	13	13
स्त्रीको	13	13	13
स्थानका	13	13	13
स्मरण	13	13	12
स्याहार	13	13	13
स्वायत्त	13	13	13
स्वीकृति	13	13	13
हजुर	13	13	13
हलिउड	13	13	13
हालेको	13	13	13
हिउँ	13	13	12
हिट	13	13	13
हिमालको	13	13	13
हुन्न	13	13	13
होचो	13	13	13
१७७०	13	13	13
१७८८	13	13	13
१९१४	13	13	12
१९१८	13	13	12
१९५२	13	13	13
१९६२	13	13	13
१९७६	13	13	13
१९७९	13	13	13
२०२१	13	13	12
२०५०	13	13	13
२०५१	13	13	13
२०५७	13	13	13
६४	13	13	12
८५	13	13	12
अक्षय	12	12	12
अक्षरहरू	12	12	12
अङ्गको	12	12	12
अचानक	12	12	12
अणु	12	12	12
अधिकारीले	12	12	12
अध्ययनका	12	12	12
अन्वेषण	12	12	12
अभियानका	12	12	12
अरूद्वारा	12	12	12
अल्पसंख्यक	12	12	12
अल्लाह	12	12	12
अशोक	12	12	12
अहमद	12	12	12
आउँदैन	12	12	12
आत्मसमर्पण	12	12	12
आन्दोलनलाई	12	12	12
आन्द्रामा	12	12	12
आशामा	12	12	12
इतिहासकारहरूले	12	12	12
इन्दिरा	12	12	12
इन्द्रले	12	12	12
इन्द्रेश्वर	12	12	10
इसाई	12	12	12
उठाउन	12	12	12
उठाए	12	12	12
उदाउँदो	12	12	12
उद्धार	12	12	12
उद्योगमा	12	12	12
उनि	12	12	12
उनीबाट	12	12	11
उपकरणहरू	12	12	12
उपभोग्य	12	12	10
उपमा	12	12	12
उपराष्ट्रपति	12	12	12
उपवास	12	12	12
उपेक्षित	12	12	12
उर्वर	12	12	12
ऋतुको	12	12	12
एकदिन	12	12	12
ओभरमा	12	12	11
औपनिवेशीकरण	12	12	12
कक्ष	12	11	11
कमलामाई	12	12	12
कम्तिमा	12	12	12
कम्तीमा	12	12	12
कम्पनीका	12	12	12
कम्पनीहरू	12	12	12
कम्प्युटरमा	12	12	12
कल	12	12	11
कश्यप	12	12	12
काँडा	12	12	12
कागजमा	12	12	12
काठमाडौँका	12	12	11
कानको	12	12	12
कामनाले	12	12	11
कामहरू	12	12	12
कामुक	12	12	12
कार्यालयहरू	12	12	12
कालिदासले	12	12	12
कास्कीको	12	12	12
किन्तु	12	12	11
केदार	12	12	12
कोच	12	12	11
कोसा	12	12	12
क्याम्पसमा	12	12	12
क्षत्रिय	12	12	12
खुम्बु	12	12	12
खेतीयोग्य	12	12	12
खेलबाट	12	12	12
खोली	12	12	12
खोलेर	12	12	12
ग	12	12	12
गणितीय	12	12	12
गर्छौं	12	12	12
गर्दन	12	12	12
गर्नलाई	12	12	12
गर्नुभएकोमा	12	12	12
गर्नुभन्दा	12	12	12
गाविससँग	12	12	12
गुठीको	12	12	12
गुणहरू	12	12	12
गुनासो	12	12	12
गैंडा	12	12	12
ग्रन्थमा	12	12	12
घटित	12	12	12
घरलाई	12	12	12
घाँटीमा	12	12	12
घिउ	12	12	12
चढेर	12	12	12
चन्द	12	12	11
चर्मरोग	12	12	12
चेतना	12	12	12
चेली	12	12	12
चौडा	12	12	12
चौबन्दी	12	12	12
छहरा	12	11	11
छानेर	12	12	12
छुटकारा	12	12	12
जनयुद्धका	12	12	11
जनावरको	12	12	12
जमिनमा	12	12	12
जया	12	12	12
जात्राको	12	12	12
जानकारीका	12	12	12
जानकारीहरू	12	12	12
जानकीनगर	12	12	12
जित्ने	12	12	12
जिम्मेदारी	12	12	12
जीरा	12	10	10
जुनमा	12	12	12
जेठल	12	12	12
जेष्ठ	12	12	12
झगडा	12	12	12
झार	12	12	12
टाल्ने	12	12	12
ठाडो	12	12	12
ठ्याक	12	12	12
डाँडामा	12	12	12
डायल	12	12	11
डिभिजन	12	12	11
डिस्क	12	12	12
तटीय	12	12	12
तत्कालिन	12	12	12
तत्त्वहरू	12	12	12
तराईको	12	12	12
तल्ला	12	12	12
ताजमहल	12	12	12
तिन	12	12	12
तिनीहरूले	12	12	12
तिर्न	12	12	12
तुरुन्त	12	12	12
त्यसअघि	12	12	12
त्यसपछिको	12	12	12
त्यागेर	12	12	12
थप्न	12	12	12
थप्ने	12	12	12
थालियो	12	12	12
दक्ष	12	12	12
दशकका	12	12	11
दशमलब	12	12	12
दशरथ	12	12	12
दशैँ	12	12	12
दाँत	12	12	12
दाहाल	12	12	11
दिइरहेका	12	12	12
दिएमा	12	12	12
दिनुपर्छ	12	12	12
दिनुहोला	12	12	12
दिलाउने	12	12	12
दिवसमा	12	12	12
दुनिया	12	12	12
दुर्घटनाको	12	12	12
दूत	12	12	12
देन	12	12	12
धनको	12	12	12
धेरैको	12	12	12
नखाने	12	12	12
नगरेको	12	12	12
नजिकबाट	12	12	12
नपरोस्	12	12	12
नपर्ने	12	12	12
नभै	12	12	12
नर्तकी	12	12	12
नवौँ	12	12	12
निस्केका	12	12	11
नेशनल	12	12	12
नोबेल	12	12	12
नौलो	12	12	12
न्यानो	12	12	12
पक्षको	12	11	10
पक्षलाई	12	12	12
पञ्चकन्या	12	12	12
पटियाला	12	12	12
पट्टी	12	12	12
पतिलाई	12	12	12
पदबाट	12	12	12
परिभाषाले	12	12	11
परिवर्तित	12	12	12
परिवारका	12	12	12
परिवेशमा	12	12	12
परेवा	12	12	12
परोपकार	12	12	12
पर्न	12	12	12
पशुहरू	12	12	12
पश्चात	12	12	12
पहलमा	12	12	12
पहिली	12	12	12
पाँचखाल	12	12	12
पाँचौँ	12	12	12
पाउँदैनन्	12	12	12
पाउनुभएको	12	12	12
पाएकी	12	12	12
पाएनन्	12	12	12
पाण्डेको	12	12	12
पाण्डेले	12	12	12
पातबाट	12	12	12
पातहरू	12	12	12
पिउने	12	12	11
पित्रागत	12	12	12
पुर्याई	12	12	12
पुष्कर	12	12	12
पूर्वज	12	12	12
पूर्वतर्फ	12	12	12
पूर्वाधार	12	12	12
पृथ्वीबाट	12	12	12
पृष्ठभूमि	12	12	11
पेलेको	12	12	12
पेस्ट	12	12	12
पोथ्रा	12	12	11
प्रकाशनको	12	12	12
प्रचारप्रसार	12	12	12
प्रतिपादन	12	12	12
प्रतिलिपि	12	12	12
प्रधानमन्त्रीको	12	12	12
प्रयोगकर्ताहरूले	12	12	12
प्रयोगका	12	12	12
प्रवर्द्धन	12	12	12
प्रस्तावित	12	12	12
प्राणीको	12	12	12
प्रान्तमा	12	12	11
प्रावधान	12	12	12
फर्केर	12	12	12
फलफुल	12	12	12
फलमा	12	12	12
फाँसीको	12	12	11
फोर	12	12	12
बगर	12	12	12
बङ्गलादेश	12	12	11
बच्न	12	12	12
बडो	12	12	12
बनाइसकेको	12	12	12
बनी	12	12	12
बरालको	12	12	12
बसाइँ	12	12	12
बाँच्नु	12	12	12
बाँडिएको	12	12	12
बाजे	12	12	11
बालकको	12	12	12
बालबालिका	12	12	12
बालबालिकालाई	12	12	12
बिताए	12	12	12
बितेको	12	12	12
बियोलाई	12	12	11
बुझ्छन्	12	12	12
बुवा	12	12	12
बैठकमा	12	12	12
बोध	12	12	12
बोलाउने	12	12	12
बोलाएर	12	12	12
ब्युरो	12	12	12
भएनन्	12	12	12
भएसम्म	12	12	12
भगवान	12	12	12
भट्टराई	12	10	10
भरेर	12	12	12
भवनहरू	12	12	12
भान	12	12	12
भारतलाई	12	12	12
भिड	12	12	12
भित्रै	12	12	12
भुसाल	12	12	12
भूकम्प	12	12	12
भूमिको	12	12	12
भ्रष्टाचारको	12	12	11
मङ्गलमय	12	12	12
मध्यमा	12	12	12
मध्येका	12	12	12
मनको	12	12	12
मनमोहन	12	12	12
मनोनित	12	12	12
महादेश	12	12	12
महान	12	12	12
महासागर	12	12	12
महिनाभरि	12	12	12
मागे	12	12	12
माताको	12	12	12
मानौँ	12	12	11
मामा	12	12	12
मार्कस	12	12	12
मिटरदेखि	12	12	12
मिटरसम्मको	12	12	12
मित्रता	12	12	12
मिलाउन	12	12	11
मिलाउने	12	12	11
मिल्दै	12	12	12
मिश्रण	12	12	12
मिसिन्छ	12	12	12
मेल	12	12	12
मैनाली	12	12	12
मोह	12	12	12
यमुनामा	12	12	12
यसबाहेक	12	12	12
युवाहरू	12	12	12
रक्षक	12	12	12
रबेन	12	12	12
रहेकोले	12	12	12
राख्छ	12	12	11
राख्नुपर्छ	12	12	12
राम्रोसित	12	12	12
रायमाझी	12	12	12
राष्ट्रपतिको	12	12	12
रिमाल	12	12	12
रुकुमको	12	12	12
रुख	12	12	12
रूखको	12	12	12
रोक्ने	12	12	12
ल	12	12	10
लक	12	12	12
लगियो	12	12	12
ललितपुरमा	12	12	12
लहरा	12	12	11
ला	12	12	11
लाग्छन्	12	12	12
लिँदा	12	12	12
लिनुभएको	12	12	12
वरपर	12	12	12
वर्णित	12	12	12
वहाँ	12	12	11
वहाँले	12	12	12
विक्टोरिया	12	12	12
विगत	12	12	11
विचारलाई	12	12	12
विफल	12	12	12
विरुद्धमा	12	12	12
विविधता	12	12	11
विषम	12	12	12
विषयहरूमा	12	12	12
विहार	12	12	12
वेबसाइटमा	12	12	12
व्यवस्थापनका	12	12	12
व्यापारीक	12	12	12
व्रतको	12	12	12
शङ्करले	12	12	12
शब्दहरूमा	12	12	12
शाखालाई	12	12	12
शाखाहरू	12	12	12
शान्तिका	12	12	12
शासनले	12	12	12
शुक्रबार	12	12	11
शून्य	12	12	12
शृङ्खला	12	12	12
श्रमिक	12	12	11
श्रीकृष्ण	12	12	11
श्रीगणेश	12	12	12
श्रृङ्खलामा	12	12	12
संगठनको	12	12	12
संज्ञा	12	12	12
संसारभर	12	12	12
संस्कृतिमा	12	12	12
सक्दिन	12	12	12
सक्नेछ	12	12	12
सगरमाथाको	12	12	11
सङ्कल्प	12	12	11
सङ्खुवासभा	12	12	12
सङ्घर्षको	12	12	12
सचिवालय	12	12	12
सतह	12	12	12
सतहदेखि	12	12	12
सन्तुष्ट	12	12	11
सपनाको	12	12	12
सभासद	12	12	12
सभ्य	12	12	12
समेटेको	12	12	12
सम्पर्कमा	12	12	12
सयौँ	12	12	12
सरेर	12	12	11
सहरहरूमा	12	12	12
साइन्स	12	12	12
साउनमा	12	12	12
सामिल	12	12	12
सिद्धान्तमा	12	12	12
सुविधाजनक	12	12	11
सुसज्जित	12	12	12
सृष्टि	12	12	12
सेन	12	12	12
सेन्ट	12	12	12
सोह्र	12	12	12
स्मृतिमा	12	12	12
हर्षित	12	12	12
हालैमा	12	12	12
हिसाब	12	12	12
हृदय	12	12	12
होस	12	11	11
हौ	12	12	12
१०४	12	12	12
१०८	12	12	12
१९०२	12	12	12
१९४८	12	12	12
१९५७	12	12	12
१९५९	12	12	11
१९६१	12	12	12
१९६४	12	12	12
१९८१	12	12	12
१९८८	12	12	12
२०३७	12	12	12
३००	12	12	12
३९	12	12	12
९६	12	12	12
अक्षरबाट	11	11	11
अगस्टमा	11	11	11
अचार	11	11	11
अड्डा	11	11	11
अतिथि	11	11	11
अधिकारका	11	11	11
अधिकारलाई	11	11	11
अध्ययनलाई	11	11	11
अपभ्रंश	11	11	11
अपूर्ण	11	11	11
अमरगढीको	11	11	10
अर्जेन्टिनी	11	11	11
अलावा	11	11	11
अवसरहरू	11	11	11
अस्त्र	11	11	10
आँखामा	11	11	11
आइ	11	11	11
आकारका	11	11	11
आक्रमणको	11	11	11
आक्रमणमा	11	11	11
आख्यान	11	11	11
आठवटा	11	11	11
आत्महत्या	11	11	11
आम्दानी	11	11	11
आयोगको	11	11	10
आरम्भमा	11	11	11
आरम्भिक	11	11	11
आश्रय	11	11	11
आसामको	11	11	11
इन्कार	11	11	11
इमर्जेन्सी	11	11	10
इस्टकोट	11	11	10
उत्तरदायी	11	11	11
उनमा	11	11	11
उन्नत	11	11	11
उपलव्ध	11	11	11
उमेरदेखि	11	11	11
उल्लङ्घन	11	11	10
उसकी	11	11	11
उस्तै	11	8	8
एकाइ	11	11	11
एकातिर	11	11	11
एकादशीमा	11	11	11
एकादशीलाई	11	8	8
एक्सप्रेस	11	11	11
एघारौँ	11	11	11
एच	11	11	10
एजेन्सी	11	11	11
एफ	11	11	11
एसियाका	11	11	11
ओपन	11	11	11
कमन	11	11	11
कमान्डर	11	11	10
कम्प्युटरको	11	11	10
कर्मलाई	11	11	11
कलेजबाट	11	11	11
कलेजो	11	11	11
कल्पनाको	11	11	11
कविका	11	11	11
कविताहरू	11	11	11
कसैसँग	11	11	11
कसो	11	11	11
काँच	11	11	11
कागको	11	11	11
कागजात	11	11	11
कान्छी	11	11	11
काभ्रेपलाञ्चोक	11	11	11
कामले	11	11	11
कारवाही	11	11	11
कार्बोहाइड्रेट्स	11	11	11
कार्यक्रमहरूको	11	11	11
कालसम्म	11	11	11
काशी	11	11	11
काशीनाथ	11	11	11
किनार	11	11	10
किला	11	11	11
किल्लाको	11	11	11
कुरान	11	11	11
कृतिका	11	11	11
कोरियाका	11	11	11
कोरियाले	11	11	11
क्यान्सरको	11	11	10
क्याम्पसबाट	11	11	11
क्यालोरी	11	11	11
क्याल्सियम	11	11	11
क्रमश	11	11	10
क्रमशः	11	11	11
क्रिसमसको	11	11	10
क्रोध	11	11	11
क्षतिको	11	11	10
क्षितिज	11	11	11
खटिरा	11	11	11
खानाको	11	11	9
खानेपानी	11	11	11
खासै	11	11	11
खेलहरू	11	11	11
खेलेर	11	11	11
खोज्नु	11	11	11
गणराज्य	11	11	11
गतिका	11	11	10
गतिको	11	11	11
गन्धर्व	11	11	11
गराइयो	11	11	11
गरिदिनुहोला	11	11	11
गर्दागर्दै	11	11	11
गर्भवती	11	11	11
गाएका	11	11	11
गाड्ने	11	11	11
गाविसहरूको	11	11	11
गोरखामा	11	11	11
घनत्व	11	11	11
घरका	11	11	11
घरजग्गा	11	11	11
घरपालुवा	11	11	11
घामबाट	11	11	11
चढाइ	11	11	11
चढेको	11	11	11
चम्किला	11	11	11
चरित्रको	11	11	11
चलाए	11	11	11
चारै	11	11	11
चार्ल्स	11	11	11
चिकित्साको	11	11	11
चिनको	11	11	11
चिन्तित	11	11	11
चोटी	11	11	11
चौध	11	11	11
छरिएका	11	11	11
छरितो	11	11	11
छाक	11	11	11
छाती	11	11	11
छानो	11	11	11
छाया	11	11	11
छालाले	11	11	11
छोएको	11	11	10
छोडे	11	11	11
छोराका	11	11	11
जगदम्बाश्री	11	11	11
जङ्ग	11	11	11
जतिसुकै	11	11	11
जथाभावी	11	11	11
जनआन्दोलनमा	11	11	11
जनक	11	11	11
जनकपुरधाम	11	11	11
जनावरलाई	11	11	11
जन्ममा	11	11	11
जन्मिएकी	11	11	11
जन्मे	11	11	11
जहाँबाट	11	11	10
जाँड	11	11	11
जातिलाई	11	11	11
जानुपर्ने	11	11	11
जान्दैनन्	11	11	11
जापानले	11	11	11
जित्न	11	11	11
जिल्लाबाट	11	11	11
जिल्लाहरूको	11	11	11
जीत	11	11	11
जीवनकालमा	11	11	10
जीवनबाट	11	11	11
जुद्ध	11	11	11
जेठमा	11	11	11
जोडबाट	11	11	11
जोडेका	11	11	11
ज्येष्ठ	11	11	11
झलक	11	11	11
झिमरुक	11	11	11
टेलिभिजनको	11	11	11
टोकेको	11	11	11
डन	11	11	11
डाँडागाउँ	11	11	10
डिसेम्बरमा	11	11	11
ढकाल	11	11	11
ढिलाइ	11	11	10
ढोलकी	11	11	11
तमिल	11	11	11
तमिलनाडुको	11	11	11
तमु	11	11	11
तयारीमा	11	11	11
तर्फको	11	11	11
ताका	11	11	11
तार	11	11	11
तिर्नुपर्ने	11	11	11
तिल	11	11	11
त्यसैमा	11	11	11
त्रिवेणी	11	11	11
थपेर	11	11	11
थापाको	11	11	11
थापाद्वारा	11	11	11
थाहै	11	11	11
थियौँ	11	11	10
दरबारमा	11	11	10
दलका	11	11	11
दशैँमा	11	11	10
दाँजोमा	11	11	11
दिएँ	11	11	11
दिनहुँ	11	11	11
दिल्लीका	11	11	11
दिल्लीलाई	11	11	11
दिशातिर	11	11	10
दुईको	11	11	11
दृष्टिकोण	11	11	10
देउडा	11	11	11
देउराली	11	11	11
देखाएका	11	11	10
देखाएको	11	11	11
देखेपछि	11	11	11
देवनागरीमा	11	11	11
धर्महरूको	11	11	11
धुवाँको	11	11	11
धेरैलाई	11	11	11
ध्वनिको	11	11	11
ध्वस्त	11	11	11
नगरकोटको	11	11	11
नभएमा	11	11	11
नाउँ	11	11	11
नागरिकता	11	11	11
नाचको	11	11	11
निकाला	11	11	11
निगमको	11	11	11
निगरानी	11	11	10
निम्नानुसार	11	11	11
नियमको	11	11	11
निर्देशनमा	11	11	11
निर्यात	11	11	11
नीतिका	11	11	11
नेताका	11	11	10
नेबुला	11	11	11
नेल्सन	11	11	11
नैबन्धिक	11	11	11
पढाउने	11	11	11
पदयोग	11	11	11
पन्जाब	11	11	11
परग्रही	11	11	10
परामर्श	11	11	11
पर्वको	11	11	11
पशुको	11	11	11
पाइयो	11	11	11
पाइला	11	11	10
पाउँछन्	11	11	11
पाउँदैन	11	11	11
पारेका	11	11	11
पुगिसकेको	11	11	11
पुगी	11	11	11
पुमाहरूको	11	11	11
पुरानै	11	11	11
पुरूष	11	11	11
पुर्याएको	11	11	11
पूर्ति	11	11	11
पोप	11	11	11
प्यारो	11	11	11
प्रजातिहरू	11	11	11
प्रतियोगिताको	11	11	11
प्रतिरोध	11	11	11
प्रतिष्ठान	11	11	10
प्रदर्शनी	11	11	11
प्राइभेट	11	11	11
प्राण	11	11	11
प्रिनिया	11	11	10
प्रेमी	11	10	10
फटाहा	11	11	10
फाँटहरू	11	11	10
फाइबर	11	11	11
फाल्गुन	11	11	11
फुटबलका	11	11	11
फेर	11	11	11
फोर्स	11	11	11
बच्चनलाई	11	11	11
बच्चाहरूलाई	11	11	11
बढाएका	11	11	11
बढेका	11	11	11
बताउन	11	11	11
बनाउँछन्	11	11	11
बनाउनुहोस्	11	11	11
बर्मामा	11	11	11
बलिया	11	11	11
बाँड्न	11	11	11
बाथ	11	11	11
बाराही	11	11	11
बारुद	11	11	10
बालसाहित्य	11	11	11
बिउ	11	11	11
बुझेर	11	11	10
बुढा	11	11	11
बुध	11	11	10
बृहस्पति	11	11	11
बेलादेखि	11	11	11
बेलायतबाट	11	11	11
बेलायतमा	11	11	11
बोका	11	11	11
बोलको	11	11	11
बोल्नेको	11	11	11
ब्रह्म	11	11	10
भण्डारी	11	11	11
भन	11	10	10
भरपर्दो	11	11	11
भालु	11	11	11
भूतपूर्व	11	11	11
भेद	11	11	11
भोज	11	11	11
भौतिकी	11	11	11
मजबुत	11	11	11
मतको	11	11	11
मतलाई	11	11	11
मधेस	11	11	11
मध्यभागमा	11	11	11
मध्यवर्ती	11	11	11
मध्येबाट	11	11	11
मन्तर	11	11	11
मन्त्रको	11	11	11
मन्दिरभित्र	11	11	11
मन्दिरहरूको	11	11	11
मर्नु	11	11	11
महकुमा	11	11	11
महाराष्ट्र	11	11	10
महिने	11	11	11
महिलाका	11	11	10
महिलाहरूमा	11	11	11
महेन्द्रले	11	11	11
माटोमा	11	11	11
मानिनेछ	11	11	11
माल	11	11	11
मास्टर्स	11	11	11
माहिर	11	11	11
मिलन	11	11	11
मुद्दालाई	11	11	10
मुर	11	11	11
मुसाको	11	11	11
मुसो	11	11	11
मूर्त	11	11	10
मूलभूत	11	11	11
मृगको	11	11	11
मृतकका	11	11	11
मोहन	11	11	11
यकिन	11	11	11
यत्रो	11	11	11
यमराजको	11	11	11
यादवको	11	11	11
युक्त	11	11	11
योग्यता	11	11	11
रहोस्	11	11	11
राक्षस	11	11	10
राखिदिएको	11	11	11
राख्नुहोला	11	11	10
राजकुमारहरूलाई	11	11	11
रुघा	11	11	11
रूखमा	11	11	11
रेणुका	11	11	11
रोगमा	11	11	11
रोडमा	11	11	10
रोपनि	11	11	11
लाग्नु	11	11	11
लास	11	11	11
लिपेर	11	11	10
लेखनाथको	11	11	11
लेख्नुभएको	11	11	11
लोभ	11	11	11
ल्याएका	11	11	11
वक्ता	11	11	11
वर्गकिलोमिटर	11	11	11
वर्षभन्दा	11	11	11
वस्तुपरक	11	11	11
विद्यार्थीहरू	11	11	11
विनाश	11	11	10
विभागको	11	11	11
विवश	11	11	11
विशिष्टता	11	11	11
विश्वभरका	11	11	11
विश्वमै	11	11	11
विस्तारित	11	11	11
वुड्सको	11	11	11
वृक्षको	11	11	10
वृद्धिको	11	11	11
वेदको	11	11	11
वेबसाइट	11	11	11
वैज्ञानिकहरू	11	11	11
वैज्ञानिकहरूले	11	11	11
व्यवस्थामा	11	11	11
व्यावहारिक	11	11	10
शाखाहरूमा	11	11	10
शिशु	11	11	11
शीघ्र	11	11	11
श्रद्धा	11	11	11
श्रीकृष्णले	11	11	11
श्रेणीकरण	11	11	11
श्रेष्ठको	11	11	11
संस्थाहरू	11	11	11
संस्थाहरूको	11	11	11
सकिएको	11	11	11
सकिएला	11	11	10
सक्दछन्	11	11	11
सङ्कटको	11	11	11
सञ्चारको	11	11	11
सतर्क	11	11	11
सत्याग्रह	11	11	11
सत्रको	11	11	10
सत्रौँ	11	11	11
सनातन	11	11	11
सन्तानका	11	11	11
सब	11	11	11
सबैजना	11	11	11
समक्ष	11	11	11
समतल	11	11	11
समयबाट	11	11	11
समस्यालाई	11	11	11
समस्याहरू	11	11	11
समाजलाई	11	11	11
समारोह	11	11	11
समुद्रकुमारी	11	11	11
सम्पति	11	11	11
सम्मका	11	11	11
सम्मेलनले	11	11	11
सर्वनाम	11	8	8
सहजै	11	11	11
सामर्थ्य	11	11	11
सिद्धि	11	11	11
सिद्धिचरण	11	11	11
सियो	11	11	11
सुकेका	11	11	11
सुनमा	11	11	11
सुनाउने	11	11	11
सुनुवार	11	11	11
सुन्दरताले	11	11	11
सुम्पियो	11	11	11
सुल्झाउन	11	11	11
सेनापति	11	11	10
सेल्सियस	11	11	11
सोमबार	11	11	11
सौर	11	11	11
स्काइनेट	11	11	11
स्तनधारी	11	11	11
स्पेन	11	11	11
स्पेस	11	11	11
स्याङ्जाको	11	11	11
स्वास्थ्यमा	11	11	11
हड्डी	11	11	11
हप्ता	11	11	11
हस्तान्तरण	11	11	11
हाइड्रोजन	11	11	11
हामीहरूले	11	11	11
हार	11	11	11
हितमा	11	11	11
हिम	11	11	11
हुनको	11	11	11
हुनबाट	11	11	11
हुनासाथ	11	11	11
हुनुभन्दा	11	11	11
हेटौँडा	11	11	11
हेर	11	11	11
०	11	11	11
१९०१	11	11	11
१९४२	11	11	10
१९४३	11	11	11
१९४५	11	11	11
१९५३	11	11	11
१९७१	11	11	10
१९७३	11	11	11
१९९६	11	11	11
६००	11	11	11
६७	11	11	10
अक्सिजन	10	10	10
अघिदेखि	10	10	10
अचम्म	10	10	10
अधिकारमाथि	10	10	10
अधिदेवता	10	10	10
अधिनियम	10	10	10
अधिवेशन	10	10	10
अनलाइन	10	10	10
अनावश्यक	10	10	10
अनुच्छेद	10	10	10
अनुमतिका	10	10	9
अनुरोधमा	10	10	10
अनेकौं	10	10	10
अन्तरङ्ग	10	10	10
अन्त्येष्टि	10	10	10
अपेक्षित	10	10	10
अफगानिस्तानका	10	10	10
अभिज्ञान	10	10	10
अभिभावक	10	10	10
अरबी	10	10	9
अरुलाई	10	10	10
अर्थको	10	10	10
अलौकिक	10	10	10
अश्विनी	10	10	10
असत्य	10	10	10
अस्ट्रेलियालाई	10	10	9
अस्वीकार	10	10	10
आँगनमा	10	10	10
आँपमा	10	10	10
आइएस्सी	10	10	10
आइपुग्दा	10	10	9
आउनुहोस्	10	10	10
आकस्मिक	10	10	10
आगराको	10	10	10
आदिवासीको	10	10	10
आयुक्त	10	10	10
आयोजन	10	10	10
आसपासका	10	10	10
इतिहासका	10	10	10
इत्यादिको	10	10	10
इन्टरनेटमा	10	10	10
इन्ड	10	10	10
इरान	10	10	10
इलेक्ट्रिक	10	10	10
उकालो	10	10	10
उग्र	10	10	10
उज्यालो	10	10	10
उठाएको	10	10	9
उत्तरबाट	10	10	10
उत्तराखण्डको	10	10	10
उत्थान	10	10	10
उत्सुकता	10	10	10
उपत्यकाबाट	10	10	10
उपनिवेशको	10	10	10
उपर्युक्त	10	10	10
उपलब्धि	10	10	10
उपेन्द्र	10	10	10
उमेरका	10	10	10
उर्दू	10	10	10
उल्लिखित	10	10	10
ऋषिका	10	10	10
एकतर्फ	10	10	10
एसियन	10	10	10
ओबामाले	10	10	10
औपनिवेशिक	10	10	10
कटारी	10	10	10
कता	10	9	9
कतिपयले	10	10	10
कथाहरूको	10	10	10
कमै	10	10	10
कलामले	10	10	10
कल्की	10	10	10
कविको	10	10	9
कवीरका	10	10	10
कसम	10	10	10
काउन्सिलले	10	10	10
काठबाट	10	10	10
कार्यकालको	10	10	10
कार्यबाट	10	10	10
कार्यहरूमा	10	10	10
कालसर्पयोग	10	10	10
कालोटाउके	10	10	9
किरा	10	10	10
किराँतहरूको	10	10	10
किरातीहरूको	10	10	10
कुकुरहरू	10	10	9
कुखुरा	10	10	10
कुटिला	10	10	10
कुती	10	10	10
कुपोषण	10	10	10
कुपोषणको	10	10	10
कुराहरूको	10	10	10
कूल	10	10	10
केटाकेटी	10	10	10
केराको	10	10	10
केशव	10	10	9
केसीले	10	10	10
कोठा	10	10	10
कोर्स	10	10	10
कौरवहरूले	10	10	10
क्रमाङ्क	10	10	10
क्रिश्चियन	10	10	10
क्रुद्ध	10	10	10
क्लबमा	10	10	10
क्षमताका	10	10	10
क्षेत्रफलमा	10	10	10
खप्पिस	10	10	10
खुर्सानी	10	10	10
खुलासा	10	10	10
खुवाउने	10	10	10
खेतमा	10	10	10
खेरि	10	10	10
खेलाडीका	10	10	10
खोजीमा	10	10	10
गराउँदै	10	10	10
गरेबापत	10	10	10
गर्दछौँ	10	10	10
गर्दैनथे	10	10	10
गर्व	10	10	10
गऱ्यो	10	10	10
गाईघाट	10	10	9
गाईलाई	10	10	10
गाभियो	10	10	10
गाविसले	10	10	10
गुगल	10	7	7
गुराँस	10	10	10
गुरूप्रसाद	10	10	10
गेटा	10	10	10
गैंडाकोट	10	10	10
गोला	10	10	10
ग्रन्थि	10	10	10
घटेका	10	10	10
घाँटीको	10	10	10
घुस	10	10	10
घोषणापत्र	10	10	10
चङ्पारण	10	10	10
चतुर	10	10	10
चर्चामा	10	10	10
चलचित्रले	10	10	10
चलान	10	10	10
चल्दै	10	10	10
चाँचर	10	10	10
चाहनु	10	10	10
चिकित्सालय	10	10	10
चिन	10	10	10
चिल्लो	10	10	10
चुनावी	10	10	10
चुरोट	10	10	10
चौतारीको	10	10	10
चौधरीको	10	10	10
च्याम्पटी	10	10	10
छँदा	10	10	10
छाडेर	10	10	9
छिटको	10	10	10
छुवाछुत	10	10	10
छोडिदिए	10	10	10
छोरीलाई	10	10	9
जङ्गबहादुरले	10	10	10
जन्मको	10	10	9
जन्मबाट	10	10	10
जमिनको	10	10	10
जलीय	10	10	10
जस्तोसुकै	10	10	10
जागृत	10	10	10
जानकारीको	10	10	10
जानकारीमूलक	10	10	10
जान्न	10	10	10
जान्नु	10	10	10
जिताएको	10	10	10
जितेको	10	10	9
जिरीमा	10	10	10
जीवहरू	10	10	10
जुत्ता	10	10	10
जुरे	10	10	10
जेलमै	10	10	10
जोगबुढा	10	10	10
जोङ	10	10	10
जोडदार	10	10	10
ज्यू	10	10	10
झर्ने	10	10	10
झुमा	10	10	10
टमस	10	10	10
टर्की	10	10	10
टाउकोमा	10	10	10
टेम्प्लेटलाई	10	10	10
टोनी	10	10	10
ठाउँठाउँमा	10	10	10
ठाउँहरू	10	10	10
ठुटो	10	10	10
डन्डीफोरको	10	10	10
डल्फिनको	10	10	10
डाँडाहरू	10	10	10
डाहा	10	10	10
डिग्रीको	10	10	10
डु	10	10	10
डुवर्सको	10	10	10
ढाकाटोपी	10	10	10
ढिलो	10	10	10
ढुङ्गामा	10	10	10
तथ्यहरूको	10	10	10
तपाईँसँग	10	10	10
तर्फदेखि	10	10	10
तलको	10	10	10
तलेजु	10	10	10
ताकि	10	10	10
ताराहरूका	10	10	10
तार्किक	10	10	10
तिब्बतले	10	10	9
तिहार	10	10	10
तीनवटा	10	10	10
तुलना	10	10	10
तुल्सीपुर	10	10	10
तेरो	10	10	10
तेश्रो	10	10	10
तोला	10	10	10
त्यसैबेला	10	10	10
त्रिशुली	10	10	10
थरहरू	10	10	10
थापाले	10	10	10
थिएटर	10	10	10
थुनामा	10	10	10
थ्री	10	10	10
दरबन्दी	10	10	10
दवाब	10	10	10
दाजुहरू	10	10	10
दिएनन्	10	10	10
दिक्क	10	10	10
दिक्सूचकको	10	10	10
दीर्घ	10	10	10
दुवैमा	10	10	10
दुवैलाई	10	10	10
दृश्यले	10	10	10
देवताहरूलाई	10	10	10
देशभित्र	10	10	10
दौडमा	10	10	10
द्रव्य	10	10	10
धर्मदास	10	10	10
धर्मावलम्बी	10	10	10
धागो	10	10	10
धिक्कार	10	10	10
नक्कल	10	10	10
नगरीमा	10	10	10
नगर्नु	10	10	9
नबित्दै	10	10	10
नरसिंह	10	10	10
नरेन्द्र	10	9	9
निन्दा	10	10	10
नियन्त्रित	10	10	10
नियमावली	10	10	10
निरङ्कुश	10	10	10
निस्कन्छन्	10	10	10
नेपालकी	10	10	10
नौसैनिक	10	10	10
न्युट्रन	10	10	10
न्यौपाने	10	10	10
पछिबाट	10	10	10
पञ्चमी	10	10	10
पट	10	10	10
पढेको	10	10	10
पढ्नका	10	10	10
पतझड	10	10	10
पतञ्जलि	10	10	10
पत्नीले	10	10	10
पत्रपत्रिकामा	10	10	10
पन्तको	10	10	10
परम्पराबाट	10	10	10
परिवारले	10	10	10
परिसरमा	10	10	10
पर्नुभएको	10	10	10
पर्वहरूमा	10	10	10
पर्सियस	10	10	10
पाँचौं	10	10	10
पाउ	10	10	10
पाएर	10	10	10
पाण्डवहरूले	10	10	9
पाण्डेका	10	10	10
पाण्डेद्वारा	10	10	10
पानीले	10	10	9
पारम्परिक	10	10	10
पारिजातद्वारा	10	10	10
पार्वतीका	10	10	10
पिताका	10	10	10
पुग्दछ	10	10	10
पुग्दा	10	10	10
पुजारी	10	10	10
पुत्रको	10	10	10
पुरुषहरूले	10	10	10
पुर्याउनु	10	10	10
पूर्णतया	10	10	10
पूर्वसम्म	10	10	10
पेलेले	10	10	10
प्युठानको	10	10	10
प्रकृतिका	10	10	10
प्रगतिशील	10	10	9
प्रतिनीधि	10	10	9
प्रतिनीधित्व	10	10	10
प्रतीकको	10	10	10
प्रबल	10	10	9
प्रयोगकर्ताहरू	10	10	10
प्रयोगकर्ताहरूलाई	10	10	10
प्रवाहित	10	10	10
प्रशासनमा	10	10	9
प्रहरीले	10	10	10
प्रोग्राम	10	10	10
प्रोजेक्ट	10	10	10
फरकफरक	10	10	10
फर्कियो	10	10	10
फर्म	10	10	10
फेवा	10	10	10
फेसबुक	10	10	10
बङ्गालमा	10	10	9
बच्चनका	10	10	10
बच्चाको	10	10	10
बढाएको	10	10	10
बदल	10	10	10
बदलामा	10	10	10
बनाइएका	10	10	9
बनाइन्	10	10	10
बन्दछन्	10	10	10
बरालले	10	10	10
बहुजातीय	10	10	10
बहुदलीय	10	10	10
बहुप्रसिद्ध	10	10	10
बहुमत	10	10	10
बालीमा	10	10	10
बाहुल्यता	10	10	10
बिग्रेको	10	10	10
बितेपछि	10	10	10
बित्यो	10	10	10
बियोको	10	10	10
बिहानको	10	10	10
बीचको	10	10	10
बुझाउँछ	10	10	10
बुढालाई	10	10	9
बुद्धको	10	10	10
बृहस्पतिको	10	10	10
बेर	10	10	10
बेलनाकार	10	10	10
बेल्टको	10	10	10
ब्यारिमोरको	10	10	10
ब्रह्माण्डमा	10	10	9
ब्राजिलको	10	10	10
भइरहने	10	10	10
भक्तपुरमा	10	10	10
भनेँ	10	10	10
भन्दछु	10	10	10
भरमा	10	10	10
भरोसा	10	10	10
भवनमा	10	10	10
भविष्यको	10	10	10
भागहरूको	10	10	10
भुवन	10	10	10
भेरि	10	10	10
भेष	10	10	10
भोग्नु	10	10	10
भोटे	10	10	10
मङ्सिरमा	10	10	10
मताधिकार	10	10	10
मध्यकालमा	10	10	10
मनपर्छ	10	10	9
मनले	10	10	10
मर्न	10	10	10
महङ्गो	10	10	10
महर्जन	10	10	10
महिनादेखि	10	10	10
महिनावारी	10	10	10
माइक्रो	10	10	10
मागलाई	10	10	10
मातृ	10	10	10
मानिएका	10	10	10
मानी	10	7	7
मान्छन्	10	10	10
मान्थे	10	10	10
मान्य	10	10	10
मापदण्ड	10	10	10
माफ	10	10	10
मामिलामा	10	10	10
मायालु	10	10	10
मितिले	10	10	10
मिनेटको	10	10	10
मुकुन्द	10	10	10
मुद्रा	10	10	10
मुम्बई	10	10	10
मुरको	10	10	10
मुहानमा	10	10	10
मृत्युदर	10	10	10
मेलबर्नमा	10	10	10
मोरिसन	10	10	10
यथावत्	10	10	9
यहीँबाट	10	10	10
याममा	10	10	10
यु	10	10	10
रचनात्मक	10	10	10
रनमा	10	10	10
राख्दछ	10	10	10
राजमार्गको	10	10	9
राजीनामा	10	10	10
राशीमा	10	10	9
रिपोर्ट	10	10	10
रूपरेखा	10	10	10
रूपा	10	10	10
रूस	10	10	10
रेडियोमा	10	10	9
रेलवे	10	10	10
रेस्टुरेन्ट	10	10	10
रोजगार	10	10	9
लक्ष्मण	10	10	10
लग	10	10	10
लगाउनु	10	10	10
लग्नका	10	10	10
लडाईँँमा	10	10	10
लस	10	10	10
लाग्नुभएका	10	10	10
लिनुभयो	10	10	10
लिपिमा	10	10	10
लिम्बुवान	10	10	10
लेखकको	10	10	10
लेखकहरूले	10	10	10
ल्याउँछ	10	10	10
ल्याउनका	10	10	10
वनस्पतिलाई	10	10	10
वर्षकी	10	10	10
वसन्त	10	10	10
वस्तुलाई	10	10	9
वाइवाइ	10	10	10
वायुको	10	10	10
वार्ताले	10	10	10
विकिपीडियामा	10	10	9
विकी	10	10	10
विचारका	10	10	9
विचारधाराको	10	10	10
विधिको	10	10	10
विभाजक	10	10	10
विभाजनको	10	10	10
विराम	10	10	10
विश्वयुद्ध	10	10	10
विश्वस्त	10	10	10
विषयका	10	10	10
विस्तारै	10	10	10
विस्फोट	10	10	10
वृत्तान्त	10	10	10
वैधानिक	10	10	10
व्यतीत	10	10	10
व्याकरणको	10	10	10
शकुन्तलालाई	10	10	10
शत्रु	10	10	10
शमशेरले	10	10	10
शम्शेर	10	10	10
शरणार्थी	10	10	9
शस्त्र	10	10	10
शाखामा	10	10	10
शासकहरूको	10	10	10
शिक्षकको	10	10	9
शिवले	10	10	9
शिविर	10	10	10
शैव	10	10	10
सं	10	10	10
संवाद	10	10	10
संवेदनशील	10	10	10
संस्थाका	10	10	10
सक्रियता	10	10	9
सदनका	10	10	10
सन्तानहरू	10	10	10
सन्धिमा	10	10	10
सप्ताह	10	10	10
सफ्टवेयर	10	10	9
समयअघि	10	10	10
समयानुसार	10	10	10
समयावधिमा	10	10	10
समस्याले	10	10	10
समाजसेवी	10	10	10
समुदायलाई	10	10	10
सम्पत्तिको	10	10	10
सम्बन्धहरूको	10	10	10
सरदार	10	10	10
सरोज	10	10	10
सर्वेक्षण	10	10	10
सशक्त	10	10	10
सहितको	10	10	10
साकेन्वा	10	10	9
साक्षर	10	10	10
साङ्गीतिक	10	10	10
सानोतिनो	10	10	10
सामग्रीको	10	10	9
सार्की	10	10	10
सार्ने	10	10	10
सिजी	10	10	10
सिजीले	10	10	10
सिवान	10	10	10
सीप	10	10	10
सीमामा	10	10	10
सुकीलाई	10	10	10
सुकेर	10	10	10
सुनाइयो	10	10	9
सुनार	10	10	10
सुन्तला	10	10	10
सुन्निएको	10	10	10
सुन्नी	10	10	10
सुपुत्री	10	10	10
सुब्बा	10	10	10
सुर	10	10	10
सुरक्षाका	10	10	10
सुरूवात	10	10	10
सुविधाहरूको	10	10	10
सूचीको	10	10	10
सूर्यका	10	10	10
सूर्यदेखि	10	10	10
सूर्यलाई	10	10	10
सेनाहरू	10	10	10
सेल	10	10	10
सोधे	10	10	10
स्थगित	10	10	10
स्थलका	10	10	10
स्थितिलाई	10	10	10
स्थिर	10	10	10
स्फूर्ति	10	10	10
स्व	10	10	9
स्वरको	10	10	9
स्वादिष्ट	10	10	10
हजुरले	10	10	10
हटाउनु	10	10	10
हत्याको	10	10	10
हलमा	10	10	10
हाँस	10	10	10
हाँसिल	10	10	10
हामीमा	10	10	10
हाललाई	10	10	10
हालैका	10	10	10
हिजोआज	10	10	10
हिसाबमा	10	10	10
हुँदाहुँदै	10	10	10
हुनका	10	10	10
हुनसक्ने	10	10	10
हेरे	10	10	10
हेर्नको	10	10	10
होम	10	10	10
१९२०	10	10	10
१९३२	10	10	10
१९५५	10	10	10
१९५६	10	10	10
१९८६	10	10	10
२०३४	10	10	10
३०००	10	10	10
५६	10	10	10
७९	10	10	10
८३	10	10	10
अख्तर	9	5	5
अगाथा	9	9	9
अग्रगामी	9	9	9
अङ्ग्रेजहरूको	9	9	9
अड्डाको	9	9	9
अदालतले	9	9	9
अदृश्य	9	9	9
अधिराज्य	9	9	9
अधीन	9	9	9
अधीनमा	9	9	9
अध्ययनको	9	9	9
अनन्त	9	9	9
अनमोल	9	9	9
अनिश्चित	9	9	9
अनुक्रममा	9	9	9
अनुगमन	9	9	9
अनुबन्धित	9	9	9
अनुभवको	9	9	9
अनुष्ठान	9	9	9
अनुहारको	9	9	9
अन्डर	9	9	9
अन्तरिक्षको	9	9	9
अन्यमा	9	9	9
अपनाउने	9	9	9
अपरेसन	9	9	9
अप्ठ्यारो	9	9	9
अप्सरा	9	9	9
अफगानिस्तानमाथि	9	9	9
अभिनेताको	9	9	9
अमरसिंह	9	9	9
अमरोहा	9	9	9
अमिताभको	9	9	9
अरुणाञ्चल	9	9	9
अर्थमन्त्री	9	9	9
अल्लाहको	9	9	9
अवगत	9	9	9
अवधारणालाई	9	9	9
असमर्थ	9	9	8
असाधारण	9	9	9
अहमदाबाद	9	9	9
अहिंसामा	9	9	9
अहिलेका	9	9	9
आँखाका	9	9	9
आँगन	9	9	9
आआफ्ना	9	9	9
आइएमएफको	9	9	9
आइतबारको	9	9	9
आइपुगे	9	9	8
आइपोड	9	9	9
आइरहेका	9	9	9
आइरहेको	9	9	9
आईएलओ	9	9	9
आकाशीय	9	9	8
आचार	9	9	9
आज्ञाअनुसार	9	9	9
आत्माको	9	9	9
आदित्य	9	9	9
आदिम	9	9	9
आधारविन्दुदेखि	9	9	9
आभास	9	9	9
आर	9	9	9
आर्ट्स	9	9	9
आर्थर	9	9	9
आवासीय	9	9	9
आसपासको	9	9	9
आसपासमा	9	9	9
इ	9	9	9
इन्जिनियरिङमा	9	9	9
इन्टरनेसनल	9	9	9
इन्द्रजात्राको	9	9	9
इन्द्रलाई	9	9	8
ईश्वरले	9	9	7
उचाई	9	9	9
उत्पादित	9	9	9
उनीलाई	9	9	9
उनीहरूमा	9	9	9
उप	9	9	9
उपरोक्त	9	9	9
उपसाला	9	9	9
उपासना	9	9	9
उसैले	9	9	9
उसो	9	9	9
उही	9	9	9
ऊर्जाको	9	9	9
एएनसी	9	9	9
एकसय	9	9	8
एकातर्फ	9	9	9
एन	9	9	9
एप्पलले	9	9	9
एमालेको	9	9	9
ओशो	9	9	9
कङ्ग्रेसका	9	9	9
कटौती	9	9	9
कडी	9	9	9
कपूर	9	9	9
कफीको	9	9	9
कमनवेल्थ	9	9	9
कमिक	9	9	9
कर्नाटक	9	9	9
कर्मको	9	9	9
कर्महरूको	9	9	9
कलकत्तामा	9	9	9
कल्पनाले	9	9	9
कसलाई	9	9	9
कसार	9	9	9
कहिलेकाहीँ	9	9	9
काँध	9	9	9
काँधमा	9	9	9
कागती	9	9	8
कागलाई	9	9	9
काट्ने	9	9	9
काफ्ले	9	9	9
कारक	9	9	9
कारगिल	9	9	9
कारोवार	9	9	8
कार्टर	9	9	9
कार्तिकमा	9	9	9
कार्यवाहक	9	9	9
कार्यालयले	9	9	9
कालभैरव	9	9	9
कालसर्पयोगको	9	9	9
कालीकोट	9	9	9
कालेश्वर	9	9	9
किनारालाई	9	9	9
किनेर	9	9	9
कैद	9	9	9
कोठामा	9	9	9
कोशिकाहरू	9	9	9
कोसेली	9	9	9
क्यासेट	9	9	9
क्रमैसँग	9	9	9
क्रियाकलापको	9	9	9
क्षेत्रहरूलाई	9	9	9
खानको	9	9	9
खानामा	9	9	9
खारिज	9	9	9
खाले	9	9	9
खोजिरहेको	9	9	9
खोलाले	9	9	8
गइरहेको	9	9	9
गजुर	9	9	9
गडबडी	9	9	9
गणनामा	9	9	9
गणेशको	9	9	9
गम्भीरतापूर्वक	9	9	8
गराउनको	9	9	9
गरिदिनुहुन	9	9	9
गर्छिन्	9	9	9
गर्नुपरेको	9	9	9
गर्नुभएकी	9	9	9
गहुँको	9	9	9
गाउँदा	9	9	9
गाउँबाट	9	9	9
गाउँलेहरूको	9	9	9
गाढा	9	9	9
गाविसबाट	9	9	9
गुम्बामा	9	9	9
गुरुले	9	9	9
गेट	9	9	9
गोमन	9	9	9
गोल्फर	9	9	9
गोवा	9	9	9
ग्याँस	9	9	8
ग्याँसको	9	9	9
ग्रहहरूका	9	9	8
ग्रामको	9	9	9
ग्रेट	9	9	9
घटनाले	9	9	9
घनिष्ठ	9	9	9
घाँसे	9	9	9
घिमिरेद्वारा	9	9	9
चट्टानको	9	9	9
चरममा	9	9	9
चलाउँदै	9	9	9
चलायमान	9	9	9
चामलको	9	9	9
चार्टमा	9	9	9
चाहिने	9	9	9
चित्त	9	9	9
चित्रित	9	9	9
चिनिन्छन्	9	9	8
चिनिया	9	9	9
चिन्न	9	9	9
चिल	9	9	9
चुनिए	9	9	9
चुनिएको	9	9	9
चुनिने	9	9	9
चूर्ण	9	9	9
चोटपटक	9	9	9
च्याउमा	9	9	9
च्याम्पियनसिप	9	9	9
छँदै	9	9	9
छर्केर	9	9	9
छलफलको	9	9	9
छवि	9	9	9
छाता	9	9	9
छापिएको	9	9	9
छारे	9	9	9
छिवाङ	9	9	9
छुट	9	9	9
छेउ	9	9	9
छोडी	9	9	9
छोड्नु	9	9	8
जगतपुर	9	9	9
जङ्गम	9	9	9
जनआन्दोलनका	9	9	9
जनवादी	9	8	8
जलाउने	9	9	9
जसद्वारा	9	9	9
जागिर	9	9	9
जाडोमा	9	9	9
जातक	9	9	9
जानुपर्थ्यो	9	9	8
जानुहोला	9	9	9
जान्ने	9	9	9
जितु	9	9	9
जितुवा	9	9	9
जितुवालाई	9	9	9
जिन्सी	9	9	9
जीन	9	9	9
जीवको	9	9	9
जुटाउने	9	9	9
जुलाईदेखि	9	9	9
जोगीको	9	9	9
जोडिन्छ	9	9	9
जोर्नी	9	9	9
झल्काउने	9	9	9
झ्याल	9	9	9
टका	9	9	9
टाइम्स	9	9	9
टि	9	9	9
टिभि	9	9	8
टिमको	9	9	9
टुप्पोमा	9	9	9
ट्राउट	9	9	9
ट्विटर	9	9	9
ठिक्क	9	9	9
डच	9	9	9
डन्डीको	9	9	8
डबलीमा	9	9	9
डाटाहरू	9	9	9
डेथ	9	9	9
डेबियन	9	9	9
डेविड	9	9	9
ढकालहरू	9	9	9
तटमा	9	9	9
तथ्यलाई	9	9	9
तनहुँको	9	9	9
तपस्यामा	9	9	9
तरवारको	9	9	8
तरिकाहरू	9	9	9
तरुण	9	9	9
तलब	9	9	9
तहसम्मको	9	9	8
तापक्रममा	9	9	9
ताप्लेजुङ	9	9	9
तारिखमा	9	9	9
तिहाई	9	9	8
तीमध्ये	9	9	9
तुल्यायो	9	9	9
तोडफोड	9	9	8
तोरीको	9	9	9
तौथली	9	9	9
त्यत्तिकै	9	9	9
त्रुटि	9	9	8
त्रुटी	9	9	9
थल	9	9	9
थलो	9	9	8
थारु	9	9	9
दबाव	9	9	9
दरबारको	9	9	9
दर्ताको	9	9	9
दशकसम्म	9	9	9
दायर	9	9	9
दालको	9	9	9
दाह्री	9	9	9
दिनुपर्दछ	9	9	9
दिनुपर्ने	9	9	9
दिनुभयो	9	9	9
दिन्छु	9	9	9
दिलायो	9	9	9
दिशाबाट	9	9	9
दुईटा	9	9	9
दुईपटक	9	9	9
दुनियाँमा	9	9	9
दुष्यन्तको	9	9	9
दूध	9	9	9
देवकोटाका	9	9	9
देवताका	9	9	9
देवराज	9	9	9
देवीका	9	9	9
देवीले	9	9	9
देशलाई	9	9	9
धर्मशालामा	9	9	9
धातुबाट	9	9	9
धेरैवटा	9	9	9
नकार्न	9	9	9
नगरेर	9	9	9
नगर्दा	9	9	9
नाग	9	9	9
नागको	9	9	9
नागरिकहरू	9	9	9
नाचिने	9	9	9
नाचिन्छ	9	9	9
नाटकले	9	9	9
नाप्न	9	9	9
नामलाई	9	9	9
नामाङ्कन	9	9	9
निक्की	9	9	9
निक्कै	9	9	9
निगाले	9	9	9
निजगढको	9	9	9
निदान	9	9	9
नियात्रा	9	9	9
निर्माणाधीन	9	9	9
निषेधात्मक	9	9	9
निस्किएको	9	9	9
निस्के	9	9	9
निहित	9	9	9
नेपालबाट	9	9	9
नैतिक	9	9	9
पङ्क्तिमा	9	9	9
पठाइयो	9	9	9
पति	9	9	9
पत्राचार	9	9	9
पदयात्रा	9	9	9
पदार्थहरू	9	9	9
पन्जाबको	9	9	9
परमेश्वर	9	7	7
परशुरामको	9	9	9
परिरहेको	9	9	9
परिश्रम	9	9	9
परिसरका	9	9	9
परिस्थितिले	9	9	9
परेन	9	9	9
पर्दामा	9	9	9
पर्वतीय	9	9	9
पर्वहरू	9	9	9
पश्चिमका	9	9	9
पहिलेकै	9	9	9
पाक्ने	9	9	9
पातलाई	9	9	9
पात्रमा	9	9	9
पारस	9	9	9
पारिश्रमिक	9	9	9
पार्श्व	9	9	9
पालो	9	9	9
पिछडिएको	9	9	9
पिण्डले	9	9	9
पिण्डहरूको	9	9	9
पिताले	9	9	9
पितृ	9	9	9
पुग्नु	9	9	9
पूजाआराधना	9	9	9
पूर्वमन्त्री	9	9	9
पृथक्	9	8	8
पेनाल्टी	9	9	9
पोको	9	9	9
पोखराको	9	9	9
पोखरामा	9	9	9
प्याउली	9	9	9
प्रकाशमान	9	9	9
प्रक्रियाका	9	9	8
प्रदेशहरूमा	9	9	9
प्रबन्धकको	9	9	9
प्रयासमा	9	9	9
प्रवासी	9	9	9
प्रशंसनीय	9	9	9
प्रशासकहरूले	9	9	9
प्रसिद्धि	9	9	9
प्रस्तुति	9	9	9
प्रहरीको	9	9	9
प्राधिकरणद्वारा	9	9	9
प्रोफेसर	9	9	9
फिल्डमा	9	9	9
फिल्मफेयर	9	9	9
फिस	9	9	9
फैलन	9	9	9
फोर्समा	9	9	9
फोहोर	9	9	9
फ्रान्सका	9	9	9
फ्रेन्च	9	9	9
बघिनीले	9	9	9
बजारबाट	9	9	9
बढाएर	9	9	9
बढिरहेको	9	9	9
बताउनुभयो	9	9	9
बताएका	9	9	9
बनाइन्थ्यो	9	9	9
बन्दुक	9	9	9
बन्धु	9	9	9
बलभद्र	9	9	9
बलवान्	9	9	9
बलिदान	9	9	9
बल्ल	9	8	8
बसन्तपुर	9	9	9
बहन	9	9	9
बहुमूल्य	9	9	9
बाटोबाट	9	9	9
बालुवा	9	9	9
बाल्टिक	9	9	9
बिजनेस	9	9	9
बिताउन	9	9	9
बिताउनुभयो	9	9	9
बिताउने	9	9	9
बियर	9	9	9
बिर्सिदेऊ	9	9	9
बीज	9	9	9
बुझेका	9	9	9
बुट्यान	9	9	9
बुधबार	9	9	9
बेरोजगार	9	9	9
बैङ्कको	9	9	9
बैठक	9	9	9
ब्यारिमोरले	9	9	9
ब्राह्मणको	9	9	9
ब्लेन	9	9	9
भएता	9	9	9
भएरै	9	9	9
भक्तजन	9	9	9
भक्तजनहरूले	9	9	9
भण्डारण	9	9	9
भयौ	9	9	8
भर	9	9	9
भीमसेन	9	9	9
भुटानी	9	9	9
भुटेर	9	9	9
भूक्षयको	9	9	9
भूभागलाई	9	9	9
भेटले	9	9	9
भेटे	9	9	9
भैरवलाई	9	9	9
भैसकेका	9	9	9
भ्याकुर	9	9	9
मटरको	9	9	9
मण्डलमा	9	9	9
मतदानको	9	9	9
मतपत्र	9	9	9
मदिरा	9	9	9
मध्यकालीन	9	9	9
मध्यको	9	9	9
मनलाई	9	9	9
मनाउँछन्	9	9	9
मनाङ	9	9	9
मन्त्रालयमा	9	9	8
मरेका	9	9	9
मसलाको	9	9	9
मस्जिद	9	9	8
मस्तिष्क	9	9	9
महामाया	9	9	9
महिलाहरूलाई	9	9	9
माइ	9	9	9
माइल	9	9	9
माझ	9	9	9
मातहतमा	9	9	9
मात्रको	9	9	9
मात्राको	9	9	9
मानार्थ	9	9	9
मानिसहरूमा	9	9	9
मान्यताअनुसार	9	9	9
मारियो	9	9	9
मार्स	9	9	9
मिलाइएको	9	9	9
मिल्न	9	9	9
मिश्र	9	9	9
मुटु	9	9	9
मुटुको	9	9	9
मृत्युसम्म	9	9	9
मेटाउनुपर्ने	9	9	9
मेन	9	9	9
मेन्जिस	9	9	9
मेलमिलाप	9	9	9
मेलाको	9	9	9
मैथुन	9	9	9
मैनालीको	9	9	9
मोटामोटी	9	9	9
मोर्चा	9	9	9
यतिखेर	9	9	9
यमुनाको	9	9	9
यश	9	9	9
यससँग	9	9	9
यसैमा	9	9	9
यहीँ	9	9	9
यात्रीद्वारा	9	9	9
यान	9	9	9
युजर	9	9	9
युवराज	9	9	9
योगको	9	9	9
रक	9	9	9
रङ्गीन	9	9	9
रबिन	9	9	9
रहनसहन	9	9	9
रहन्थ्यो	9	9	9
राखिदिएका	9	9	9
राख्नुहोस्	9	9	9
राजतन्त्रको	9	9	9
राजनीतिबाट	9	9	9
राजवंशी	9	9	9
राजाहरूलाई	9	9	9
राजी	9	9	9
राणाकालमा	9	9	9
रामपुर	9	9	9
राहुलले	9	9	9
रिलिज	9	9	9
रिसर्च	9	9	9
रुसी	9	9	9
रेखाहरू	9	9	9
रेग्मीको	9	9	9
रोगबाट	9	9	9
रोगहरू	9	9	9
लक्षणहरू	9	9	9
लगाउँदै	9	9	9
लगाव	9	8	8
लग्नमा	9	9	9
लडाकु	9	9	9
लड्ने	9	9	9
लाखको	9	9	9
लाग्दो	9	9	9
लाग्नुभएकी	9	9	9
लिएपछि	9	9	9
लिङ्ग	9	9	9
लिच्छवि	9	9	9
लेक	9	9	9
लेन	9	9	9
लेफ्टिनेन्ट	9	9	9
लोकसभा	9	9	9
लौरो	9	9	9
वंशावली	9	9	9
वचन	9	9	9
वडामा	9	9	9
वरिपरिका	9	9	9
वरिपरिको	9	9	9
वर्गलाई	9	9	9
वर्गाकार	9	9	9
वर्गीय	9	9	9
वाचन	9	9	9
वाचा	9	9	9
वाणी	9	9	9
वार	9	9	9
वास्ता	9	9	9
विकलद्वारा	9	9	9
विगतमा	9	9	9
विघटन	9	9	9
विचारको	9	9	9
विचारहरूलाई	9	9	9
विचित्र	9	9	9
विजयको	9	9	9
वितरणको	9	9	9
विधिमा	9	9	9
विधेयकमा	9	9	9
विनम्र	9	9	9
विराजमान	9	9	9
विश्वयुद्धको	9	9	9
विश्वविद्यालयहरू	9	9	9
विषयवस्तुको	9	9	9
विष्णुले	9	9	9
वेतन	9	9	9
व्यक्तिहरूका	9	9	9
व्यवस्थालाई	9	9	9
शकुन्तला	9	9	9
शक्तिहरू	9	9	9
शरीरका	9	9	9
शाब्दिक	9	9	9
शालिग्राममा	9	9	9
शासकको	9	9	9
शासित	9	9	9
शाहद्वारा	9	9	9
शिल्प	9	9	9
शुक्रको	9	9	9
शेरचन	9	9	9
शेर्पाले	9	9	9
संविधानसभा	9	9	9
संविधानसभाको	9	9	9
सकिनेछ	9	9	9
सक्छौं	9	9	9
सक्तैन	9	9	9
सङ्गम	9	9	9
सङ्गीतमा	9	9	9
सङ्घर्षले	9	9	9
सङ्घले	9	9	9
सङ्लग्न	9	9	8
सजिलोको	9	9	9
सञ्चालनमा	9	9	9
सत्रमा	9	9	9
सफारी	9	9	9
सभाको	9	9	9
समयमै	9	9	9
समस्याहरूको	9	9	9
समस्याहरूमा	9	9	9
समाजसेवा	9	9	9
समाजसेवीको	9	9	9
समाधि	9	9	9
सम्प्रदायका	9	9	9
सम्भवत	9	9	9
सम्भार	9	9	9
सम्वत्	9	9	9
सरकारहरूले	9	9	9
सरुवा	9	9	9
सर्पको	9	9	9
सर्वोत्तम	9	9	9
सवारी	9	9	9
सस्तो	9	9	9
सहजता	9	9	9
सहि	9	9	9
साँचो	9	9	9
साइत	9	9	9
साक्षात्कार	9	9	9
साक्षी	9	9	9
साथीहरूसँग	9	9	9
साबरमती	9	9	9
सामु	9	9	9
सिंहदरवार	9	9	9
सिद्धेश्वर	9	9	8
सिन्धु	9	9	9
सिमानाको	9	9	8
सिमेन्ट	9	9	9
सिरहा	9	9	9
सुखी	9	9	9
सुगा	9	9	9
सुपुत्र	9	9	9
सुमधुर	9	9	9
सुरक्षाकर्मीले	9	9	9
सुल्तान	9	9	9
सुविधाका	9	9	9
सुहाउँदो	9	9	9
सूचीकृत	9	9	9
स्थानहरूको	9	9	9
स्थितिको	9	9	9
स्थितिबाट	9	9	9
स्पेनी	9	9	9
स्रष्टा	9	9	9
स्वभावका	9	9	9
हजारौं	9	9	9
हराएर	9	9	9
हरियाली	9	9	9
हाँस्य	9	9	9
हानेको	9	9	9
हाराहारीमा	9	9	9
हिन्दीमा	9	9	9
हुत्याउँदा	9	9	9
हुदै	9	9	9
हुनुमा	9	9	9
हृदयचन्द्रसिंह	9	9	9
हेरिरहेका	9	9	9
होलान्	9	9	9
हौँ	9	9	9
०९	9	9	9
१००३	9	9	9
१८५०	9	9	9
१९१७	9	9	9
१९३१	9	9	9
१९३९	9	9	9
१९४४	9	9	9
१९७८	9	9	9
२०१९	9	9	9
२०३८	9	9	9
३२४	9	9	9
५७	9	9	9
६६	9	9	9
७५०	9	9	9
८६	9	9	9
अकबरको	8	8	8
अक्षता	8	8	8
अघिल्ला	8	8	8
अङ्ग्रेजीको	8	8	8
अड्डामा	8	8	8
अत्तर	8	8	8
अदालत	8	8	8
अद्वितीय	8	8	8
अद्वैत	8	8	8
अधिकारमा	8	8	8
अधिकारीको	8	8	8
अधिकृत	8	8	8
अध्यक्षमा	8	8	8
अनुसारको	8	8	8
अन्तरमा	8	8	8
अन्नबाली	8	8	8
अपनाउँदा	8	8	8
अपनाएका	8	8	8
अपराधको	8	8	8
अब्राहम	8	8	8
अभिनेताका	8	8	8
अभियोगमा	8	8	8
अभिलक्षण	8	8	8
अमरपुर	8	8	8
अमान्य	8	8	8
अमेरिकासँग	8	8	8
अरबको	8	8	8
अर्जुनको	8	8	8
अर्जुनलाई	8	8	8
अर्जुनले	8	8	8
अर्थशास्त्रमा	8	8	8
अर्ध	8	8	8
अलिअलि	8	8	8
अवधिका	8	8	8
अवार्ड	8	8	8
असारमा	8	8	8
आएन	8	8	8
आएमा	8	8	8
आकर्षणको	8	8	8
आगमनको	8	8	8
आचार्यद्वारा	8	8	8
आत्मपरक	8	8	7
आत्मपरकता	8	8	8
आदी	8	8	7
आनुवंशिकता	8	8	8
आप्रवासी	8	8	8
आफूभन्दा	8	8	8
आफूहरूलाई	8	8	8
आमन्त्रित	8	8	8
आयल	8	8	7
आयामेली	8	8	8
आयुमा	8	8	8
आलङ्कारिक	8	8	8
आवतजावत	8	8	8
आवागमन	8	8	8
आश्रितहरूलाई	8	8	8
आहारा	8	8	8
आह्वान	8	8	8
इगल	8	8	8
इटाली	8	8	8
इलामको	8	8	8
इलेक्ट्रोनिक	8	8	8
उजाड	8	8	8
उठाउनुभयो	8	8	8
उठेका	8	8	8
उठेको	8	8	8
उठ्यो	8	8	8
उडानहरू	8	8	8
उति	8	8	8
उतिकै	8	8	8
उत्तरतिर	8	8	8
उत्तरवाहिनी	8	8	8
उत्तरोत्तर	8	8	8
उत्पत्तिको	8	8	8
उत्परिवर्तनको	8	8	8
उत्पीडित	8	8	8
उत्रियो	8	8	8
उत्रे	8	8	8
उधारो	8	8	8
उन्मुख	8	8	8
उपजाति	8	8	8
उपधारा	8	8	8
उपनिषद्ले	8	8	8
उपभोक्ता	8	8	8
उपेक्षा	8	8	8
उमालेर	8	8	8
एकमत	8	8	8
एकीकरणको	8	8	8
एकेन्द्रजी	8	8	8
एक्सन	8	8	8
एमालेका	8	8	8
एरिया	8	8	8
एसएस	8	8	8
एसियाकै	8	8	8
ओखर	8	8	8
ओबामाको	8	8	8
ओभरहरूका	8	8	8
ओशोले	8	8	8
कङ्ग्रेसले	8	8	8
कटुस	8	8	8
कण्ठ	8	8	8
कपडाको	8	8	8
कमाइ	8	8	8
कम्मर	8	8	8
करोडौँ	8	8	8
कर्ता	8	8	8
कर्थली	8	8	8
कर्नाटकको	8	8	8
कलकत्ता	8	8	8
कलाकारका	8	8	8
कलामलाई	8	8	8
कल्याणी	8	8	8
कवितामा	8	8	8
कविताराम	8	8	8
कसैकसैले	8	8	8
कहिलेकाहिँ	8	8	8
काँचै	8	8	8
काँचोमा	8	8	8
काटिदिए	8	8	8
काटी	8	8	7
काण्डका	8	8	8
काभ्रेको	8	8	8
कार्यविनायक	8	8	8
कालिदासको	8	8	8
कालीको	8	8	8
काष्ठ	8	8	8
किन्ड्रेक	8	8	8
किरातीहरू	8	8	8
कुँदिएका	8	8	8
कुण्डलीमा	8	8	8
कुनामा	8	8	8
कुपोषित	8	8	7
कुमाउँ	8	8	8
कुमारले	8	8	8
कुराकानी	8	8	7
कूटनीतिक	8	8	8
कृतिलाई	8	8	8
कृपा	8	8	8
कृष्णपक्ष	8	8	8
केपी	8	8	8
केशवप्रसाद	8	8	8
कैदीहरूलाई	8	8	8
कोइली	8	8	8
कोटीहोम	8	8	8
कोदोको	8	8	8
कोपिला	8	8	8
कोलकाता	8	8	8
कोलोनी	8	8	8
क्याच	8	8	8
क्रिजमा	8	8	8
क्रियामा	8	8	8
क्रियाहरू	8	8	7
क्रोधित	8	8	8
क्लबहरूको	8	8	8
क्षत्रियहरूको	8	8	8
क्षेत्रहरूका	8	8	8
खबरले	8	8	8
खरायो	8	8	8
खरिद	8	8	8
खर्क	8	8	8
खाई	8	8	8
खाए	8	8	8
खाल्डो	8	8	8
खिच्न	8	8	8
खुलाएर	8	8	8
खुलेर	8	8	8
खुवाउन	8	8	8
खुशी	8	8	8
खेलमैदानको	8	8	8
खेल्दै	8	8	8
ख्याल	8	8	8
गण	8	8	8
गणतन्त्रको	8	8	8
गणितको	8	8	8
गफ	8	8	8
गराएपछि	8	8	8
गरिँदै	8	8	8
गरिदिनु	8	8	8
गरिदिने	8	8	8
गरिराखेको	8	8	8
गरिसक्नु	8	8	8
गर्छौ	8	8	8
गर्नबाट	8	8	8
गर्नसक्ने	8	8	8
गर्नुपर्यो	8	8	7
गर्नुपर्ला	8	8	8
गर्नुस्	8	8	8
गर्नेलाई	8	8	8
गर्भबाट	8	8	8
गाईले	8	8	8
गाएको	8	8	8
गुणसूत्रहरूमा	8	8	8
गुरुको	8	8	8
गृहमन्त्री	8	8	8
गोत्रीय	8	8	8
गोपालराज	8	8	8
गोरखापत्रको	8	8	8
गोरेटो	8	8	8
गोर्खालीहरूलाई	8	8	8
ग्यारेन्टी	8	8	8
ग्रहका	8	8	8
ग्राहम	8	8	8
घटकर्पर	8	8	8
घडी	8	8	8
घले	8	8	8
घाइतेलाई	8	8	8
घिमिरेको	8	8	7
घुमाउरो	8	8	8
घुम्दै	8	8	8
घेरामा	8	8	8
घोडाको	8	8	8
चट्टानमा	8	8	8
चम्किलो	8	8	8
चरणका	8	8	8
चराका	8	8	8
चराचुरुङ्गी	8	8	8
चराहरू	8	8	8
चर्च	8	8	8
चल्दछ	8	8	8
चाँदी	8	8	8
चालक	8	8	8
चावला	8	8	8
चिजहरू	8	8	7
चितामा	8	8	8
चिर्दै	8	8	8
चिस्यान	8	8	8
चुच्चो	8	8	8
चुनावको	8	8	8
चुनियो	8	8	8
चेष्टा	8	8	8
चैत्रमा	8	8	8
चैनपुर	8	8	8
चोलो	8	8	8
चौँरी	8	8	7
च्याम्पियन्स	8	8	8
छक्कै	8	8	7
छड्के	8	8	8
छन्त्याल	8	8	8
छलफलमा	8	8	8
छातीको	8	8	8
छात्रावास	8	8	8
छायाँ	8	6	6
छालाको	8	8	8
छुट्याएर	8	8	8
छेउको	8	8	8
छेउछाउ	8	8	8
छोराहरूको	8	8	8
जगतमा	8	8	8
जगदीश	8	8	8
जगन्नाथ	8	8	8
जनआन्दोलनको	8	8	8
जननी	8	8	8
जनमोर्चा	8	8	8
जनयुद्धको	8	8	8
जनवरीमा	8	8	7
जनाउने	8	8	8
जनाए	8	8	8
जनावरहरू	8	8	8
जन्डिस	8	8	8
जन्मदिनको	8	8	7
जन्मभन्दा	8	8	8
जन्माइन्	8	8	8
जमानामा	8	8	8
जमेर	8	8	8
जयपुर	8	8	8
जराको	8	8	8
जलन	8	8	8
जलस्रोत	8	8	8
जस्ताको	8	8	8
जहाजको	8	8	7
जागरको	8	8	7
जागरण	8	8	8
जानुभयो	8	8	8
जापानका	8	8	8
जाहेर	8	8	8
जिल्लाभित्र	8	8	8
जिल्लाले	8	8	8
जिल्लासँग	8	8	8
जीवराज	8	8	8
जीवहरूका	8	8	8
जुरेली	8	8	8
जुल	8	8	7
जेनिफर	8	8	8
जोडसँग	8	8	8
जोड्न	8	8	8
जौ	8	8	8
ज्ञानेन्द्रको	8	8	7
ज्यामितिको	8	8	8
ज्योतिषमा	8	8	7
ज्योतिषशास्त्रमा	8	8	8
झन	8	8	8
झाँगड	8	8	8
झुस	8	8	8
झुसे	8	6	6
झैं	8	8	8
झ्याम्टा	8	8	8
टक	8	8	8
टप	8	8	8
टाँसिन्छ	8	8	8
टाइप	8	8	8
टाकुरामा	8	8	8
टिट्वान्टी	8	8	8
टिममा	8	8	7
टुङ्गियो	8	8	8
टेकबहादुर	8	8	8
टेकेर	8	8	8
टेलिकमले	8	8	8
टेवा	8	8	8
टोक्छ	8	8	8
ठाउँदेखि	8	8	8
ठानी	8	8	8
डगलस	8	8	8
डन्डीफोर	8	8	8
डम्बा	8	8	8
डल्फिनलाई	8	8	8
डल्लो	8	8	8
डाङ्ग्रे	8	8	8
डालेचुक	8	8	8
डिप्रेसन	8	8	8
डिलमा	8	8	8
डुब्न	8	8	8
डोरी	8	8	8
ढुकुटीमा	8	8	8
ढुसीले	8	8	8
तथ्याङ्कलाई	8	8	8
तनाव	8	8	8
तपाईँहरूले	8	8	8
तरिकाको	8	8	8
तरूण	8	8	8
तर्जुमा	8	8	8
तागत	8	8	8
तान्त्रिकले	8	8	8
तापमान	8	8	8
तामाङको	8	8	8
तारापुञ्ज	8	8	8
तिनमा	8	8	8
तेह्रथुमको	8	8	8
त्यसबखत	8	8	8
त्यसबाहेक	8	8	8
त्यसैको	8	8	8
थपिएका	8	8	7
थामी	8	8	8
थुनिएको	8	8	8
दक्षिणपूर्वी	8	8	8
दण्डी	8	8	8
दमक	8	8	8
दमाहा	8	8	8
दयालु	8	8	8
दर्शनको	8	8	8
दर्शनमा	8	8	8
दलीय	8	8	8
दवाबमा	8	8	7
दाजुभाइ	8	8	8
दार्शनिक	8	8	8
दाहसंस्कार	8	8	8
दि	8	8	8
दिइरहेको	8	8	8
दिनअघि	8	8	8
दिनभर	8	8	8
दिशाको	8	8	8
दुधको	8	8	8
दुनियाँको	8	8	8
दुम्जा	8	8	8
दुर्ग	8	8	8
दृश्यहरूलाई	8	8	8
दृष्टिको	8	8	8
देउकी	8	8	8
देऊ	8	8	8
देखिए	8	8	8
देखिन्न	8	8	8
देवकोटाद्वारा	8	8	8
देशबाट	8	8	8
देशविदेशबाट	8	8	8
देशविदेशमा	8	8	8
दो	8	8	8
धनकुटामा	8	8	8
धनुषको	8	8	8
धरोहरको	8	8	8
धर्ना	8	8	8
धर्मावलम्बीहरूको	8	8	8
धेर	8	7	7
धोका	8	8	8
ध्वन्यात्मक	8	8	8
नक्साको	8	8	8
नजर	8	8	8
नजानी	8	8	8
नदिई	8	8	8
नदीनालाहरू	8	8	8
नदीसँग	8	8	8
नपाउने	8	8	8
नपाएको	8	8	8
नभएकोले	8	8	8
नमाजका	8	8	8
नयाँबजार	8	8	8
नरम	8	8	8
नरहेका	8	8	8
नर्थ	8	8	8
नवजात	8	8	8
नवीन	8	8	8
नागपञ्चमीका	8	8	8
नाति	8	8	8
नाफा	8	8	8
नाभिकमा	8	8	8
नास्तिक	8	5	5
निकालियो	8	8	8
निकाले	8	8	7
नितान्त	8	8	8
निभाएकी	8	8	8
नियमअनुसार	8	8	8
नियममा	8	8	8
निशान	8	8	7
निष्कर्षमा	8	8	8
निस्केर	8	8	8
नेताको	8	8	8
नेतृत्वको	8	8	8
नेहरू	8	8	8
नोक्सान	8	8	8
नौयडा	8	4	4
न्यायालयको	8	8	8
न्युयोर्क	8	8	8
न्यू	8	8	8
पकाउन	8	8	8
पटकथा	8	8	8
पटुकी	8	8	8
पठाउँछ	8	8	8
पत्रमा	8	8	8
पद्धतिमा	8	8	8
पनिरको	8	8	7
पनौतीका	8	8	8
पनौतीको	8	8	8
पप	8	8	8
पप्पी	8	8	8
परम्पराअनुसार	8	8	8
परम्परालाई	8	8	8
परिणामलाई	8	8	8
परिवारहरूमा	8	8	8
परीक्षणहरू	8	8	8
परीक्षामा	8	8	8
पर्च	8	8	8
पर्दै	8	8	8
पर्यटकहरू	8	8	8
पर्यटकहरूका	8	8	8
पर्यटकहरूले	8	8	8
पश्चिमको	8	8	8
पसिना	8	8	8
पहिलासम्म	8	8	8
पहिलोपल्ट	8	8	8
पाइएका	8	8	8
पाइन	8	8	8
पाकिस्तानका	8	8	8
पाक्न	8	8	8
पाखुरा	8	8	8
पाचन	8	8	8
पाठक	8	8	8
पाठ्यक्रम	8	8	8
पाण्डवहरूलाई	8	8	8
पानीभित्र	8	8	8
पारिएको	8	8	8
पाल्तु	8	8	8
पिठो	8	8	8
पिठोलाई	8	8	8
पिण्डलाई	8	8	8
पितालाई	8	8	8
पुगिन्	8	8	8
पुग्छन्	8	8	8
पुच्छर	8	8	8
पूजामा	8	8	8
पूर्वका	8	8	8
पूर्वजन्मको	8	8	7
पृष्ठहरूमा	8	8	8
पेत्रालाई	8	8	8
पेरिस	8	8	8
पेरिसको	8	8	8
पैसाको	8	8	8
पोखराबाट	8	8	8
पोख्त	8	8	8
पोपको	8	8	8
पोर्ट	8	8	8
पौड्ने	8	8	8
पौष्टिक	8	8	8
प्यागोडा	8	8	8
प्रकारबाट	8	8	8
प्रगतिको	8	8	8
प्रथाको	8	8	8
प्रभावका	8	8	8
प्रभावमा	8	8	8
प्रभावशाली	8	8	8
प्रयोगशाला	8	8	8
प्रयोजन	8	8	7
प्रवास	8	8	8
प्रशासनको	8	8	8
प्रशिक्षक	8	8	8
प्रसार	8	8	8
प्रेमको	8	8	8
प्रोफाइल	8	8	8
प्लेटमा	8	8	8
फर्केको	8	8	8
फलामे	8	8	8
फाइलको	8	8	8
फाउन्डेसन	8	8	8
फापर	8	8	8
फारम	8	8	7
फिस्टो	8	8	8
फुट	8	8	8
फुटकर	8	8	8
फुट्ने	8	8	8
फुले	8	8	8
फूलको	8	8	8
बजेट	8	8	8
बजेदेखि	8	8	8
बजेसम्म	8	8	8
बडा	8	8	8
बढे	8	8	8
बढ्दछ	8	8	7
बताइन्	8	8	8
बदला	8	8	8
बदलिन्छ	8	8	8
बदल्न	8	8	8
बदल्नु	8	8	8
बनाइदिएको	8	8	8
बनाइदिन्छ	8	8	8
बनौधिया	8	8	8
बन्दरगाह	8	8	8
बर्मा	8	8	8
बस्छु	8	8	8
बस्तीको	8	8	8
बहुमतका	8	8	8
बाँचेको	8	8	8
बाँध	8	8	8
बाँसका	8	8	8
बाजाहरू	8	8	8
बादल	8	8	8
बाध्यता	8	8	8
बाबुलाई	8	8	8
बालबालिकाको	8	8	8
बाल्यकालदेखि	8	8	8
बिग्रन	8	8	8
बिछोड	8	8	8
बिजुलीको	8	8	8
बिजुवार	8	8	8
बित्तिकै	8	8	8
बिन्ती	8	8	8
बीसौँ	8	8	8
बुँदे	8	8	8
बुझाउने	8	8	8
बुटवल	8	8	8
बुढी	8	8	8
बृहत्	8	8	8
बेडा	8	8	8
बेल	8	8	8
बेलुकी	8	8	8
बोक्ने	8	8	8
बोबी	8	8	8
बोल्ने	8	8	8
ब्राउन	8	8	8
ब्राह्मणलाई	8	8	8
भइसकेपछि	8	8	8
भग्नावशेष	8	8	8
भट्टराईद्वारा	8	8	8
भनेछन्	8	8	8
भन्नुभयो	8	8	8
भित्रको	8	8	8
भित्र्याउने	8	8	8
भिन्नभिन्न	8	8	8
भिन्नै	8	8	8
भुइँमा	8	8	8
भुजाहरू	8	8	8
भुजेल	8	8	8
भुमिका	8	8	8
भूगोलका	8	8	8
भेगका	8	8	8
भेटेका	8	8	7
भ्रमणका	8	8	8
मघा	8	8	8
मतदानमा	8	8	8
मतभेद	8	8	8
मद्रास	8	8	8
मधुमेह	8	8	8
मनुष्यहरूलाई	8	8	8
मनोवैज्ञानिक	8	8	8
मन्त्रीमण्डलमा	8	8	8
मर्छ	8	8	8
मर्यादा	8	8	8
मसँगै	8	8	8
मसला	8	8	8
मसिनो	8	8	8
महँगो	8	8	8
महलका	8	8	8
महादेशीय	8	8	8
महाबौद्ध	8	8	7
महामन्त्री	8	8	8
महामारीको	8	8	7
महिनाभित्र	8	8	8
महिलामा	8	8	8
माइला	8	8	8
माई	8	8	8
माछापुच्छ्रे	8	8	8
माछाहरू	8	8	8
मातापिताको	8	8	8
मातृकाप्रसाद	8	8	7
मातृभाषाको	8	8	8
माथिबाट	8	8	8
मानेको	8	8	8
मान्दछ	8	8	8
मान्नुपर्ने	8	8	8
मामलामा	8	8	8
मारेको	8	8	8
मार्फत्	8	8	8
मिठाई	8	8	8
मिनेटदेखि	8	8	8
मिलाई	8	8	8
मिलेका	8	8	8
मिसाई	8	8	8
मिस्र	8	8	8
मुख्यतया	8	8	8
मुरली	8	8	8
मुसलमानको	8	8	8
मुसलमानहरू	8	8	8
मुसिकोट	8	8	7
मूर्ख	8	8	8
मूलका	8	8	8
मूल्याङ्कन	8	8	7
मृग	8	8	8
मृत्युका	8	8	8
मेरै	8	8	8
मोड	8	8	8
मोडिन्छ	8	8	8
मोबाइलमा	8	8	8
मोरङको	8	8	8
मोरेर	8	8	8
म्यानमारमा	8	8	8
यलम्बर	8	8	8
यसैबाट	8	8	8
यादगार	8	8	8
यीबाट	8	8	8
युनिकोड	8	8	8
रङका	8	8	8
रङ्गभेद	8	8	7
रङ्गुन	8	8	8
रमाउनु	8	8	8
रहनुका	8	8	8
रहेँ	8	8	8
रहेनछ	8	8	8
राउन्डमा	8	8	8
राख्नुभएको	8	8	8
राख्नुहुन्छ	8	8	8
राजको	8	8	8
राजारानी	8	8	8
राजेशजी	8	8	8
राज्यपाल	8	8	8
रामजी	8	8	8
रावलले	8	8	8
राष्ट्रपतिले	8	8	8
रेखाको	8	8	8
रेफ्रीको	8	8	8
रोक्दछ	8	8	8
रोक्न	8	8	8
रोगका	8	8	8
रोगहरूमा	8	8	8
रोपे	8	8	7
रोमान्टिक	8	8	8
लगाइएका	8	8	8
लगाउँछ	8	8	8
लडाईँ	8	8	8
लडाईँँ	8	8	8
लडेका	8	8	8
लाइट	8	8	8
लाइनको	8	8	8
लाइब्रेरी	8	8	8
लालटिन	8	8	8
लिनक्समा	8	8	8
लिनुभएकी	8	8	8
लेखिनु	8	8	8
लेख्छन्	8	8	8
लेख्नुहोस्	8	8	8
लैजान	8	8	7
ल्याइन्छ	8	8	8
ल्याउँदै	8	8	8
वडाहरू	8	8	8
वत्स	8	8	8
वनस्पतिका	8	8	8
वर्गीकृत	8	8	8
वर्षमै	8	8	8
वर्षहरूको	8	8	8
वस्तुले	8	8	8
वायुमण्डल	8	8	8
वायुमण्डलको	8	8	8
वासु	8	8	8
विखण्डन	8	8	8
विचारले	8	8	8
विजया	8	8	8
विज्ञापन	8	8	8
विथ	8	8	8
विद्यार्थीको	8	8	8
विधिवत्	8	8	8
विधेयक	8	8	8
विना	8	8	8
विनोद	8	8	8
विभागले	8	8	8
विभेदको	8	8	8
विराट	8	8	8
विलाप	8	8	7
विवाहित	8	8	8
विशुद्ध	8	8	8
विशेषताहरू	8	8	8
विश्वकप	8	8	8
विश्वप्रसिद्ध	8	8	8
विश्वयुद्धमा	8	8	8
विषयक	8	8	8
विसर्जन	8	8	7
विस्तारमा	8	8	8
विस्फोटक	8	8	8
विहे	8	8	8
वृत्तचित्र	8	8	8
वृश्चिक	8	8	7
वेद	8	8	8
वेब	8	8	8
वेल्सको	8	8	8
वेस्ट	8	8	8
वेस्टर्न	8	8	8
वैध	8	8	7
वैधता	8	8	8
व्यक्तिमा	8	8	8
व्यक्तिहरूले	8	8	8
व्यङ्ग्य	8	8	8
व्यवसायमा	8	8	8
व्रतकथा	8	8	8
व्रतालु	8	8	8
शङ्करको	8	8	8
शताब्दीसम्म	8	8	8
शरद	8	8	8
शसस्त्र	8	8	8
शिक्षामा	8	8	8
शुभारम्भ	8	8	8
शेर्पालाई	8	8	8
श्रोतको	8	8	8
श्वास	8	8	8
संखुवासभा	8	8	8
संगीतकार	8	8	8
संरक्षक	8	8	8
संरक्षणमा	8	8	8
संरचनाको	8	8	8
संरचनाहरू	8	8	8
संविधानद्वारा	8	8	8
संसाधनहरूको	8	8	8
संसारकै	8	8	8
सक्कली	8	8	8
सक्थ्यो	8	8	8
सङ्केतहरू	8	8	8
सङ्ख्याका	8	8	8
सङ्गममा	8	8	8
सङ्ग्रहालयमा	8	8	8
सजिलैसँग	8	8	8
सतीदेवीको	8	8	8
सदर	8	8	8
सदाबहार	8	8	8
सन्यास	8	8	8
सफलतापूर्वक	8	8	8
समन्वय	8	8	8
समानान्तर	8	8	8
समानुपातिकतर्फ	8	8	8
समुदायबाट	8	8	8
समुह	8	8	8
समेटेका	8	8	8
सम्झेर	8	8	8
सम्प्रदाय	8	8	8
सम्मानमा	8	8	8
सराहनीय	8	8	8
सर्च	8	8	8
सर्ने	8	8	8
सर्पलाई	8	8	8
सर्भर	8	8	8
सर्वव्यापी	8	8	7
सलामी	8	8	8
साँघुरो	8	8	8
साँझ	8	8	8
सातौं	8	8	8
साथीहरूको	8	8	8
सान	8	8	8
साम्प्रदायिक	8	8	8
सायदै	8	8	8
सार्न	8	8	8
सार्नु	8	8	8
सालपछि	8	8	8
सावधानी	8	8	8
सिँचाइ	8	8	8
सिकाए	8	8	8
सिटमा	8	8	8
सिटी	8	8	8
सिडी	8	8	8
सिद्धान्तहरूलाई	8	8	8
सिन्धुलीगढी	8	8	7
सिमे	8	8	8
सिसअप	8	8	8
सीमावर्ती	8	8	8
सुटिङ	8	8	7
सुदर्शन	8	8	8
सुदुर	8	8	8
सुनेपछि	8	8	8
सुन्दरी	8	8	8
सुपुत्रका	8	8	8
सुमो	8	8	8
सुम्पिएको	8	8	8
सुरुका	8	8	8
सूत्रमा	8	8	8
से	8	8	8
सेकेन्ड	8	8	8
सेनाहरूका	8	8	7
सोच्नु	8	8	8
सोझै	8	8	8
सोधियो	8	8	8
स्काउटहरूलाई	8	8	8
स्नातकको	8	8	8
स्रोतका	8	8	8
स्वत	8	8	8
स्वदेश	8	8	8
स्वास्थ	8	8	8
स्वास्थ्यकर्मी	8	8	8
स्वास्थ्यलाई	8	8	8
हङकङ	8	8	8
हजारेका	8	8	8
हटाएर	8	8	8
हराएको	8	8	8
हरूमा	8	8	8
हालमा	8	8	8
हालसालै	8	8	8
हावाले	8	8	8
हास्यव्यङ्ग्य	8	8	8
हिँड्ने	8	8	8
हिंसाका	8	8	8
हिंसात्मक	8	8	7
हिंस्रक	8	8	8
हिउँदमा	8	8	8
हिङ	8	8	8
हिन्दीको	8	8	8
हिमशृङ्खला	8	8	8
हिमालयन	8	8	8
हिमालयमा	8	8	8
हीरा	8	8	8
हुनै	8	8	8
हुन्छु	8	8	8
हृदयरोग	8	8	8
हेरी	8	8	8
हेरौँ	8	8	8
ह्रास	8	8	8
०१	8	8	8
१०५	8	8	8
१०७	8	8	7
१३०	8	8	8
१६०	8	8	8
१८४३	8	8	8
१९२३	8	8	8
१९६७	8	8	8
२००१को	8	8	8
२०३३	8	8	8
६०००	8	8	8
७१	8	8	8
९५	8	8	8
अग्रसर	7	7	7
अङ्गहरूमा	7	7	7
अङ्ग्रेजहरूले	7	7	7
अचेतन	7	7	7
अझैसम्म	7	7	7
अटल	7	7	7
अदुवा	7	7	7
अधिकतर	7	7	7
अधिकारहरूमा	7	7	7
अधिकारीहरूलाई	7	7	7
अधिनमा	7	7	7
अधिपत्य	7	7	7
अध्यक्षतामा	7	7	7
अनुयायीहरू	7	7	7
अनुविभाग	7	7	7
अन्ततः	7	7	7
अन्तर्निहित	7	7	7
अन्धकार	7	7	7
अन्साज	7	7	7
अपकृत्यको	7	7	7
अपच	7	7	7
अपवित्र	7	7	6
अपिल	7	7	7
अप्रिलको	7	7	7
अफ्नो	7	7	7
अबेर	7	7	7
अभावको	7	7	7
अभिजित	7	7	7
अभिनेत्रीको	7	7	7
अभिप्रायले	7	7	7
अभिमन्युको	7	7	7
अमरेली	7	7	6
अमृत	7	7	7
अमेरिकालाई	7	7	7
अरनिको	7	7	7
अरावलीको	7	7	7
अर्जेन्टिना	7	7	7
अली	7	7	7
अवस्थिति	7	7	7
अशुद्ध	7	7	7
असङ्ख्य	7	7	6
अहमदनगर	7	7	7
अहिंसात्मक	7	7	7
अहिलेसम्मको	7	7	7
अहिल्या	7	7	7
आँकको	7	7	7
आइतबारका	7	7	7
आइपी	7	7	7
आउँ	7	7	7
आउँदाआउँदै	7	7	7
आउनुभयो	7	7	7
आक्रमणबाट	7	7	6
आत्मनिर्भरता	7	7	7
आदिलिङ्ग	7	7	7
आधादेखि	7	7	7
आनियोजी	7	7	7
आनी	7	7	7
आप्रवासीहरूको	7	7	7
आफै	7	7	7
आबादी	7	7	7
आभार	7	7	7
आयुर्वेदिक	7	7	7
आयोगका	7	7	7
आरपी	7	7	7
आरम्भसम्म	7	7	7
आर्क	7	7	7
आलोचित	7	7	7
आवरण	7	7	7
आश्रमको	7	7	7
आश्विन	7	7	7
आषाढ	7	7	7
आस्थाको	7	7	7
इटालीमा	7	7	7
इन्टरनेटको	7	7	7
इन्स्टिच्युट	7	7	7
इमानदारी	7	7	7
इराक	7	7	7
इर्खु	7	7	7
इष्टदेवता	7	7	7
इसापूर्व	7	7	7
इस्लामले	7	7	7
ईशा	7	7	7
ईशापूर्व	7	7	7
ईश्वरद्वारा	7	7	7
ईसाले	7	7	7
उचाइका	7	7	6
उच्चतम	7	7	7
उठाउनु	7	7	7
उठाएर	7	7	7
उठ्ने	7	7	7
उत्तरपूर्वी	7	7	7
उत्तानो	7	7	7
उद्धवलाई	7	7	7
उद्धृत	7	7	7
उन	7	7	7
उनीद्वारा	7	7	7
उनै	7	7	7
उपकरणहरूका	7	7	7
उपथरको	7	7	6
उपभोग	7	7	7
उपस्वास्थ्य	7	7	7
उब्जाउ	7	7	7
उभिएको	7	7	7
उभिएर	7	7	7
उभौली	7	7	7
उमाकान्त	7	7	7
उमेरमै	7	7	7
उसबाट	7	7	7
ऋतुमा	7	7	7
एएनसीका	7	7	7
एएनसीको	7	7	6
एएनसीले	7	7	7
एकतालाई	7	7	6
एकभन्दा	7	7	7
एकरात	7	7	7
एकसिङे	7	7	7
एकादशीको	7	7	6
एकाधिकार	7	7	7
एक्कासि	7	7	7
एक्सेस	7	7	7
एचआईभी	7	7	7
एजेण्डा	7	7	7
एमए	7	7	7
एल	7	7	7
ऐनको	7	7	7
ओ	7	7	7
ओलिभर	7	7	7
ओसिलो	7	7	7
कक्षाहरू	7	7	7
कट्टर	7	7	7
कन्सर्ट	7	7	6
कपाली	7	7	7
कफ	7	7	7
कभी	7	4	4
कमरमा	7	7	7
कमिटी	7	7	7
कमीले	7	7	7
कमेडी	7	7	7
कम्पनीसँग	7	7	7
करिना	7	7	7
करियरको	7	7	7
कर्मकाण्ड	7	7	7
कर्मचारीहरू	7	7	7
कलियुगको	7	7	7
कल्याणकारी	7	7	7
कविताले	7	7	7
कव्वालीको	7	7	7
कष्टकर	7	7	7
कहलाउँछ	7	7	7
काग	7	7	7
काटेको	7	7	7
काठका	7	7	7
काठमा	7	7	7
कानून	7	7	7
कारणहरू	7	7	7
कारणहरूले	7	7	7
कारद्वारा	7	7	7
कारिगरी	7	7	7
कार्टुनहरू	7	7	7
कार्टुनिस्ट	7	7	7
कार्ड	7	7	7
कार्यकर्ताका	7	7	7
कार्यकालमा	7	7	7
कार्यहरूलाई	7	7	7
कालखण्डमा	7	7	7
कालीकोटको	7	7	7
कावासोती	7	7	7
कावेरी	7	7	7
कास्कीकोट	7	7	7
किनेमा	7	7	7
किबोर्ड	7	7	7
किशनगञ्ज	7	7	7
कीर्तिपुर	7	7	7
कीर्तिपुरमा	7	7	7
कुँदिएको	7	7	7
कुखुराले	7	7	7
कुटनीतिक	7	7	7
कुण्ड	7	7	7
कुन्ती	7	7	7
कुमारको	7	7	7
कुमारलाई	7	7	7
कुमारीघर	7	7	6
कुरबानी	7	7	7
कुरिलो	7	7	7
केट	7	7	7
केटीलाई	7	7	7
केन	7	7	7
केली	7	7	7
कै	7	7	7
कैदी	7	7	7
कैयन	7	7	7
कोइँच	7	7	7
कोइरालाले	7	7	7
कोचिला	7	7	6
कोटा	7	7	7
कोटिमा	7	7	7
कोर	7	7	7
कोरियामा	7	7	7
कोली	7	7	7
कोसी	7	7	7
क्यान्सरले	7	7	7
क्यारियरको	7	7	7
क्यालिफोर्निया	7	7	7
क्रियाहरूको	7	7	7
क्रिश	7	7	7
क्रिस्टीद्वारा	7	7	7
क्रूर	7	7	7
क्लबको	7	7	7
क्लबबाट	7	7	7
क्लासिक	7	7	7
क्षतिपूर्तिको	7	7	7
क्षेत्रहरूतर्फ	7	7	7
खनालको	7	7	7
खर्चको	7	7	7
खल्तीमा	7	7	7
खस्रो	7	7	7
खातुन	7	7	7
खानयोग्य	7	7	7
खारेज	7	7	7
खुकुरी	7	7	7
खुवाएर	7	7	7
खेतीपाती	7	7	7
खेल्छन्	7	7	7
खेल्दा	7	7	7
खोकी	7	7	7
खोजबाट	7	7	7
खोज्छु	7	7	7
खोलाहरू	7	7	7
खोलिएको	7	7	7
खोल्न	7	7	7
गठिलो	7	7	7
गणनाका	7	7	7
गणितका	7	7	7
गण्डक	7	7	7
गतेको	7	7	7
गरम	7	7	7
गरिँदैन	7	7	7
गरिएछ	7	7	7
गरिदिन	7	7	7
गरिदिनुभएकोमा	7	7	7
गरिनुपर्दछ	7	7	7
गरिसके	7	7	7
गरिसकेपछि	7	7	7
गरिसक्नुभएको	7	7	7
गर्नुहुनेछ	7	7	7
गर्मीको	7	7	7
गर्ल्स	7	7	7
गाउँदै	7	7	7
गाउँले	7	7	7
गाउनुभएको	7	7	7
गार्ड	7	7	7
गाविसलाई	7	7	7
गिद्ध	7	7	7
गुम्बद	7	7	7
गुरुजी	7	7	7
गुरुत्वाकर्षण	7	7	7
गुलाम	7	7	7
गोकुल	7	7	7
गोठालाहरूले	7	7	7
गोबरको	7	7	7
गोरुको	7	7	7
गोलाकार	7	7	7
गौतमका	7	7	7
गौतमको	7	7	7
ग्रहलाई	7	7	7
ग्राममा	7	7	7
ग्रास	7	7	7
ग्राहकको	7	7	7
ग्रिस	7	7	7
ग्रिसमा	7	7	7
ग्रेटर	7	7	7
ग्वाला	7	7	7
घ	7	7	7
घटिया	7	7	6
घट्ने	7	7	7
घरमै	7	7	7
घाउमा	7	7	7
घृणा	7	7	6
चक्कर	7	7	7
चक्लेट	7	7	7
चढाई	7	7	7
चढाएर	7	7	7
चढ्न	7	7	7
चतुर्दशीका	7	7	7
चतुर्युगी	7	7	7
चन्दन	7	7	7
चन्द्रमाले	7	7	7
चन्द्रशमशेरले	7	7	7
चरन	7	7	7
चलचित्रपछि	7	7	7
चलाएका	7	7	7
चलिरह्यो	7	7	7
चलेर	7	7	7
चाडपर्वहरू	7	7	6
चाहन्छौँ	7	7	7
चितवनको	7	7	7
चित्रकला	7	7	7
चिनिएको	7	7	7
चिनेका	7	7	7
चिन्दछन्	7	7	7
चिसापानीलाई	7	7	7
चुनिएका	7	7	7
चेक	7	7	7
चेपाङ	7	7	7
चेप्टो	7	7	7
चोपडा	7	7	7
चौकीडाँडा	7	7	7
चौकोट	7	7	7
चौथाइ	7	7	7
च्याउलाई	7	7	7
छक्क	7	7	7
छतिवन	7	7	7
छनोट	7	7	7
छानिएको	7	7	7
छाने	7	7	7
छाप्ने	7	7	7
छिन्ताङ	7	7	7
छुन	7	7	7
छेउछाउमा	7	7	6
छोड्दै	7	7	7
छोड्न	7	7	7
छोराछोरी	7	7	7
छोराहरूले	7	7	7
छ्न्	7	7	7
जगनाथ	7	7	7
जटा	7	7	7
जनअधिकार	7	7	7
जनकपुरधामको	7	7	7
जनताहरूले	7	7	7
जनपद	7	7	7
जनसङ्ख्याका	7	7	7
जनाउन	7	7	7
जनावरहरूको	7	7	7
जन्मदिन	7	7	7
जन्मदेखि	7	7	7
जन्मन्छ	7	7	7
जन्मियो	7	7	7
जमाउन	7	7	7
जमाउने	7	7	7
जरिवाना	7	7	7
जलेको	7	7	7
जाँतो	7	7	7
जाइफल	7	7	7
जाग्रत	7	7	7
जातिसँग	7	7	7
जानिने	7	7	7
जापानलाई	7	7	7
जामा	7	7	7
जाल	7	7	7
जाल्पादेवी	7	7	7
जिउने	7	7	7
जितिया	7	7	7
जिन्दगीको	7	7	7
जिराफ	7	7	7
जीवनरेखा	7	7	7
जीवाणुहरूको	7	7	7
जुट्ने	7	7	7
जुधाइ	7	7	7
जुस	7	7	7
जेठी	7	7	7
जेफरी	7	7	7
जोडले	7	7	7
जोड्दछ	7	7	7
जोशीद्वारा	7	7	7
जोशीले	7	7	7
ज्ञानेन्द्रले	7	7	7
ज्ञापन	7	7	7
ज्येष्ठा	7	7	7
ज्योतिबा	7	7	7
ज्वरोमा	7	7	7
ज्वानो	7	7	7
झण्डै	7	6	6
झनै	7	7	7
झाँक्रीलाई	7	7	7
झाँसी	7	7	7
झोला	7	7	7
झोलुङ्गे	7	7	7
टङ्कप्रसाद	7	7	7
टाइटन	7	7	7
टिएनटिका	7	7	7
टिकी	7	7	7
टिमका	7	7	7
टुँडाल	7	7	7
टुकुचा	7	7	7
टुट्यो	7	7	7
टुप्पा	7	7	7
टुप्पोले	7	7	7
टेक्सस	7	7	7
टेलरले	7	7	7
ट्याक्सी	7	7	7
ट्युमर	7	7	7
ठोक्काएर	7	7	7
डकुमेन्ट्री	7	7	7
डम्फु	7	7	7
डाँडाखर्क	7	7	7
डाँडो	7	7	7
डाइमस	7	7	7
डाउन	7	7	7
डुबेका	7	7	7
डेजर्ट	7	7	7
डेट	7	7	7
डेनमार्क	7	7	7
डेब्यु	7	7	7
ड्रिम	7	7	7
ढकालज्यू	7	7	7
ढकालद्वारा	7	7	7
ढकालहरूको	7	7	7
ढाक्ने	7	7	7
ढाड	7	7	7
ढालेर	7	7	7
ढिँडो	7	7	7
ढोकाको	7	7	7
ढोग	7	7	7
ढोला	7	7	7
तँ	7	7	7
तत्कालै	7	7	7
तत्त्वहरूको	7	7	7
तन्नेरी	7	7	7
तपाईँं	7	7	7
तपाईँहरूलाई	7	7	7
तपोवन	7	7	7
तमाम	7	7	7
तरकारीको	7	7	7
तरवार	7	7	7
तरेर	7	7	7
तलका	7	7	7
तस्वीर	7	7	7
तह	7	7	7
ताज	7	7	7
तातोपन	7	7	7
तारापुञ्जको	7	7	7
तारामण्डल	7	7	7
तारिखका	7	7	7
तालिका	7	7	7
तालिमका	7	7	7
तिनीहरूलाई	7	7	7
तिब्बतका	7	7	7
तिब्बतमा	7	7	7
तिला	7	7	7
तिस्ता	7	7	7
तीतो	7	7	7
तीर्थको	7	7	7
तीर्थमा	7	7	7
तीर्थस्थलमा	7	7	7
तुगलकले	7	7	7
तुल्याई	7	7	7
तृतीय	7	7	7
तृतीया	7	7	7
तेलको	7	7	7
तोरी	7	7	7
तोरीगाँडा	7	7	7
त्यतिबेलै	7	7	7
त्यसैलाई	7	7	7
त्यहि	7	7	7
त्यागी	7	7	7
त्रेता	7	7	7
थकाली	7	7	7
थकालीलाई	7	7	7
थप्दै	7	7	7
थलोलाई	7	7	7
थान	7	7	7
थाल्नुभएको	7	7	7
थोपो	7	7	7
थ्योरी	7	7	7
दक्षिणको	7	7	7
दरमा	7	7	7
दर्जन	7	7	7
दर्जनभन्दा	7	7	7
दर्जाको	7	7	7
दर्शनी	7	7	7
दर्शाउँदछ	7	7	7
दलिन्छ	7	7	7
दह्रो	7	7	7
दाइजो	7	7	7
दाद	7	7	7
दावी	7	7	7
दिइँदैन	7	7	7
दिनुहुन्छ	7	7	7
दिप्लुङ	7	7	7
दिसा	7	7	7
दुःखी	7	7	7
दुईटैका	7	7	7
दुईवटै	7	7	7
दुखद	7	7	7
दुरी	7	7	7
दुर्योधन	7	7	7
दुवैतर्फ	7	7	7
दुष्कृति	7	7	7
दूरीको	7	7	7
दृष्टिकोणमा	7	7	7
देखाइएको	7	7	7
देखाउँदै	7	7	7
देवतालाई	7	7	7
देवीदेवतालाई	7	7	7
देशप्रेम	7	7	7
देशहरूलाई	7	7	7
देशान्तरको	7	7	7
देसाईले	7	7	7
देहरादुन	7	7	7
दैनिकको	7	7	7
दोहोरिएको	7	7	7
द्रुत	7	7	7
द्वार	7	7	7
धनबहादुर	7	7	7
धनवान्	7	7	7
धनुषमा	7	7	6
धमला	7	7	7
धरतीमा	7	7	7
धर्मसम्बन्धी	7	7	7
धागोमा	7	7	7
धानखेती	7	7	7
धार	7	7	7
धाराहरू	7	7	7
धीर	7	7	7
धुलिखेल	7	7	7
ध्रुव	7	7	7
नक्साल	7	7	7
नगरलाई	7	7	7
नगरा	7	7	7
नजाने	7	7	7
नदीनाला	7	7	7
नदीसम्मको	7	7	7
नपाउँदै	7	7	7
नपाए	7	7	7
नभुल्नुहोला	7	7	7
नमानेको	7	7	7
नमोबुद्धमा	7	7	7
नरकको	7	7	7
नलाग्ने	7	7	7
नहुँदा	7	7	7
नाइकी	7	6	6
नाउर	7	7	7
नाकाबन्दी	7	7	7
नाङ्गो	7	7	7
नाचगान	7	7	7
नाच्ने	7	7	7
नाट्य	7	7	7
नातागोता	7	7	7
नानोमा	7	7	7
नामसँग	7	7	7
नामै	7	7	6
नारीको	7	7	6
नास	7	7	7
निकायहरूको	7	7	7
निकास	7	7	7
निकुञ्ज	7	7	7
निजगढ	7	7	7
निधारमा	7	7	7
निपत्र	7	7	7
निपुण	7	7	7
निम्तो	7	7	7
निम्नमाध्यमिक	7	7	7
नियमलाई	7	7	7
निर्देश	7	7	7
निर्दोष	7	7	7
निर्विवाद	7	7	7
निष्ठा	7	7	7
नुहाउने	7	7	6
नेताहरूका	7	7	7
नैनेल	7	7	7
नोक्सानी	7	7	7
प	7	7	7
पकाउँदा	7	7	7
पक्का	7	7	7
पक्षघात	7	7	7
पखाला	7	7	7
पटकको	7	7	7
पटकथामा	7	7	7
पटक्कै	7	7	7
पट्टर	7	7	7
पठाए	7	7	7
पठाएको	7	7	7
पढाइमा	7	7	7
पढेँ	7	7	7
पत्थरहरूको	7	7	7
पत्नीको	7	7	6
पत्रिकालाई	7	7	7
पदमुक्त	7	7	7
पदार्थबाट	7	7	7
परमाणुमा	7	7	7
परमात्मा	7	7	7
परमात्माको	7	7	7
पराजय	7	7	7
पराजुली	7	7	7
परालको	7	7	7
परिचालन	7	7	7
परियोजनामा	7	7	7
परीक्षणबाट	7	7	7
परीक्षाको	7	7	7
पर्खाल	7	7	7
पर्यटकको	7	7	7
पर्यटकहरूको	7	7	7
पर्यटनको	7	7	7
पाँचवटा	7	7	7
पाइनु	7	7	7
पाउनको	7	7	7
पाउनेछन्	7	7	7
पाएमा	7	7	6
पाक्षिक	7	7	7
पाठशालामा	7	7	7
पाण्डव	7	7	7
पातमा	7	7	7
पातहरूको	7	7	7
पापी	7	7	7
पापीको	7	7	7
पारपाचुके	7	7	7
पारिएका	7	7	7
पार्टीभित्र	7	7	7
पार्यो	7	7	7
पार्लियामेन्ट	7	7	7
पि	7	7	7
पिँडालु	7	7	7
पिउन	7	7	7
पिछडिएका	7	7	7
पित्त	7	7	7
पिपलकोट	7	7	7
पुँजी	7	7	7
पुनर्जीवित	7	7	7
पुरस्कारमा	7	7	7
पुरस्कारहरू	7	7	7
पुराणको	7	7	7
पुराणहरूमा	7	7	7
पुर्कोट	7	7	7
पुलको	7	7	7
पुवा	7	7	7
पूर्णता	7	7	7
पूर्णबहादुर	7	7	7
पूर्तिका	7	7	7
पूर्वपश्चिम	7	7	7
पृथ्वीराज	7	7	7
पृष्ठभूमिमा	7	7	7
पृष्ठहरूको	7	7	6
पेङ	7	7	7
पेटको	7	7	7
पेपरोनी	7	7	7
पेयको	7	7	7
पोइन्ट	7	7	7
पोखराथोक	7	7	7
पोतो	7	7	7
पोल्ने	7	7	7
प्रकारहरू	7	7	7
प्रक्षेपण	7	7	7
प्रणालीबाट	7	7	7
प्रतापी	7	7	7
प्रतिक्रियाको	7	7	7
प्रतिबिम्बित	7	7	7
प्रतिवद्धता	7	7	7
प्रतिष्ठानका	7	7	7
प्रतीकका	7	7	7
प्रत्यन्तर	7	7	7
प्रबन्धकहरूले	7	7	7
प्रभुत्व	7	7	7
प्रमाणको	7	7	7
प्रवर्तक	7	7	7
प्रशंसक	7	7	7
प्रशस्तै	7	7	7
प्रसङ्गमा	7	7	7
प्रसाईँ	7	7	7
प्राचीनकालदेखि	7	7	7
प्राचीनकालमा	7	7	7
प्राचीनतम	7	7	7
प्राध्यापन	7	7	7
प्राप्तिका	7	7	7
प्रायोजन	7	7	7
प्रारूप	7	7	7
प्रियका	7	7	7
प्रेरणादायी	7	7	7
प्ले	7	7	7
प्लेयर	7	7	7
फतवा	7	7	7
फन्दा	7	7	7
फर्कँदा	7	7	7
फर्किन	7	7	7
फर्पिङमा	7	7	7
फाइलमा	7	7	7
फिक्कल	7	7	7
फिटको	7	7	7
फिल्मका	7	7	7
फिसको	7	7	7
फुल्काहीको	7	7	7
फूलचोकी	7	7	7
फेवाताल	7	7	7
फैलाउन	7	7	7
फैलावट	7	7	6
फैलिएर	7	7	7
फोर्ट	7	7	7
फ्रान्सको	7	7	7
फ्रेसर	7	7	7
फ्लप	7	7	7
बक्सेपछि	7	7	7
बगैंचाको	7	7	7
बगैंचाभित्र	7	7	7
बग्न	7	7	7
बचेका	7	7	7
बजाउनु	7	7	7
बञ्चित	7	7	7
बढाइएको	7	7	6
बताउँदै	7	7	7
बनाउनलाई	7	7	7
बनाएपछि	7	7	7
बन्धुबान्धव	7	7	7
बमको	7	7	7
बर्खास्त	7	7	7
बलपूर्वक	7	7	7
बलात्कार	7	7	7
बसाइ	7	7	6
बसाइएको	7	7	7
बहिरङ्ग	7	7	7
बहुत	7	7	7
बहुसांस्कृतिक	7	7	7
बाँध्नु	7	7	6
बाउले	7	7	7
बाजालाई	7	7	7
बाजाले	7	7	7
बादशाह	7	7	6
बानीले	7	7	7
बार्सेलोनाको	7	7	7
बालकका	7	7	7
बाहन	7	7	7
बाहिरका	7	7	7
बाहिरसम्म	7	7	7
बाह्रै	7	7	7
बिक	7	7	7
बिताएका	7	7	7
बिते	7	7	7
बिरुवाको	7	7	7
बिलको	7	7	7
बीउ	7	7	7
बुझिन	7	7	7
बुट्टेदार	7	7	7
बुहारी	7	7	7
बृद्धि	7	7	7
बेगनास	7	7	7
बेमा	7	7	7
बेरोजगारी	7	7	7
बेलायतदेखि	7	7	7
बैरागी	7	7	7
बोलाइने	7	7	7
बोलाए	7	7	7
बोल्न	7	7	7
ब्रान्ड	7	7	7
ब्रेन	7	7	7
भइ	7	7	7
भएबाट	7	7	7
भट्टद्वारा	7	7	7
भण्डारीको	7	7	7
भन्नुहोला	7	7	7
भरत	7	7	7
भर्खरै	7	7	7
भाका	7	7	7
भागहरू	7	7	7
भाग्न	7	7	7
भाग्य	7	7	7
भानुभक्त	7	7	7
भारद्वाज	7	7	7
भावनाको	7	7	7
भाषाविज्ञानको	7	7	7
भाष्य	7	7	7
भि	7	7	7
भिक्षु	7	7	7
भिरेर	7	7	7
भूत	7	7	7
भूभागको	7	7	7
भेगको	7	7	7
भेटको	7	7	7
भेटिएका	7	7	7
भेट्टाउन	7	7	7
भेडा	7	7	7
भैरवस्थान	7	7	7
भोजनको	7	7	7
भ्रम	7	7	7
भ्रमणबाट	7	7	7
मकैको	7	7	7
मगरहरूको	7	7	7
मङ्गलको	7	7	7
मङ्गोलियन	7	7	7
मजदूर	7	7	7
मञ्च	7	7	7
मठको	7	7	7
मतका	7	7	7
मतदाता	7	7	7
मतदाताहरूको	7	7	7
मधुपर्क	7	7	7
मध्ययुगीन	7	7	7
मनद्वारा	7	7	7
मनपर्ने	7	7	7
मनमुटाव	7	7	7
मनाउन	7	7	7
मन्तरका	7	7	7
मन्त्रालयहरू	7	7	7
मन्त्रीको	7	7	7
मन्त्रीहरू	7	7	7
मरण	7	7	7
मरेपछि	7	7	7
मर्केको	7	7	7
मर्ने	7	7	7
मलयालम	7	7	7
मलामी	7	7	7
मल्लद्वारा	7	7	7
महत्व	7	7	6
महाधिवेशन	7	7	7
महारानी	7	7	7
महासङ्घको	7	7	7
महिनाभर	7	7	7
मही	7	7	7
महेन्द्रका	7	7	7
माईले	7	7	7
माग्दै	7	7	7
माघे	7	7	7
मातृभाषामा	7	7	7
मानविकी	7	7	7
मान्दैन	7	7	7
मान्यताको	7	7	7
माफाल्दा	7	7	7
मामिला	7	7	7
मारिएपछि	7	7	6
मास्टरको	7	7	6
माहाभारत	7	7	7
मिथुन	7	7	7
मिलेन	7	7	7
मिल्दो	7	7	7
मिसन	7	7	7
मिसिएको	7	7	7
मुल्याङ्कन	7	7	7
मुसलमानहरूले	7	7	7
मेघ	7	7	7
मेलमिलापको	7	7	7
मेहनत	7	7	7
मोहम्मद	7	7	7
म्यागले	7	7	7
यतिसम्म	7	7	7
यसबारे	7	7	7
याक	7	7	7
यिनीहरूमध्ये	7	7	7
युनानी	7	7	7
युरोपको	7	7	7
युरोपियन	7	7	7
रक्षाको	7	7	7
रगतको	7	7	7
रगतमा	7	7	7
रचेका	7	7	7
रणबहादुर	7	7	7
रत्ननगर	7	7	7
रथ	7	7	7
रनको	7	7	7
रबर्ट	7	7	7
रहनुभएका	7	7	7
रहर	7	7	7
रहस्यवादको	7	7	7
रहेकाहरू	7	7	7
राखिने	7	7	7
राखेमा	7	7	7
राजकुमारको	7	7	7
राजकुमारी	7	7	7
राजगद्दी	7	7	7
राजघाट	7	7	7
राजनेताहरूले	7	7	7
राजपथ	7	7	7
राजपूत	7	7	7
राजस्थानमा	7	7	7
राजिनामा	7	7	6
राज्यकालमा	7	7	7
राज्यसँग	7	7	7
राज्यसत्ता	7	7	7
राणाकालीन	7	7	7
रातको	7	7	7
राता	7	7	7
रातिको	7	7	7
रात्रिकाल	7	7	7
रात्रिमा	7	7	7
रामकृष्ण	7	7	7
रामलाई	7	7	7
रामेश्वर	7	7	7
रावणको	7	7	7
राष्ट्रलाई	7	7	7
राष्ट्रहरूमा	7	7	7
राहत	7	7	7
राहुल	7	7	7
रिडी	7	7	7
रुद्रावती	7	7	7
रूकुम	7	7	7
रूमानी	7	7	7
रेखदेख	7	7	7
रेलमार्ग	7	7	7
रेसादार	7	7	6
रैथाने	7	7	7
रोगद्वारा	7	7	7
रोपाइँ	7	7	7
रोयल	7	7	7
लगानीका	7	7	7
लगायो	7	7	7
लगे	7	7	7
लप्सीको	7	7	6
लम्की	7	5	5
ललिता	7	7	7
लाइन्स	7	7	7
लाउन	7	7	7
लागिपरेको	7	7	7
लागेमा	7	7	7
लाग्थे	7	7	7
लाग्नुभएको	7	7	7
लामखुट्टेको	7	7	7
लाल	7	7	7
लिच्छवी	7	7	7
लिन्छन्	7	7	7
लिपिलाई	7	7	7
लियु	7	7	7
लीलाराम	7	7	7
लेआउट	7	7	7
लेखनाथलाई	7	7	7
लेखबाट	7	7	7
लेखा	7	7	7
लेखिका	7	7	7
लेखिन्छन्	7	7	7
लेखी	7	7	7
लेख्नु	7	7	7
लेङ्गले	7	7	7
लेप्चा	7	7	7
लैजानु	7	7	7
लोकगीत	7	7	7
लोग्ने	7	7	7
लोड	7	7	5
लोहोरुङ	7	7	7
ल्याए	7	7	7
व	7	7	7
वंशी	7	7	7
वकिल	7	7	7
वर्गिकरण	7	7	7
वर्णनात्मक	7	7	7
वर्षकै	7	7	7
वर्षभरि	7	7	7
वहन	7	7	7
वाइन	7	7	7
वाचक	7	7	7
वाली	7	7	7
विकाश	7	7	7
विकिले	7	7	7
विगतका	7	7	7
विज्ञानले	7	7	7
विद्यालयहरू	7	7	7
विद्यावारिधि	7	7	7
विद्वानहरूको	7	7	7
विधिहरू	7	7	7
विनम्रता	7	7	7
वियोग	7	7	7
विरोधमा	7	7	7
विलय	7	7	7
विवाहमा	7	7	7
विवेचन	7	7	7
विवेचना	7	7	7
विश्राम	7	7	7
विश्वभर	7	7	7
विश्वसनीय	7	7	7
वुड्सलाई	7	7	7
वृद्धा	7	7	7
वृद्धिका	7	7	7
वृष	7	7	7
वेग	7	7	7
वैज्ञानिकहरूलाई	7	7	7
वैशाखदेखि	7	7	7
व्यक्तित्वका	7	7	7
व्यवस्थापिकामा	7	7	7
व्यहोरा	7	7	7
शंकरजी	7	7	7
शक्तिले	7	7	7
शक्तिहरूलाई	7	7	7
शङ्कराचार्यको	7	7	7
शनिबारका	7	7	7
शनिबारको	7	7	6
शमशेरको	7	7	7
शरण	7	7	7
शहरमा	7	7	7
शानदार	7	7	7
शासकले	7	7	7
शासनमा	7	7	7
शिल्पकला	7	7	7
शिवमन्दिर	7	7	7
शिवरात्रीको	7	7	7
शिवलिङ्गको	7	7	7
शेर्पाहरूको	7	7	6
श्रद्धालु	7	7	7
श्रीकृष्णलाई	7	7	7
षष्ठीका	7	7	7
संगममा	7	7	7
संगीतको	7	7	7
संसदले	7	7	7
संस्कृतका	7	7	7
सक्खर	7	7	7
सक्दो	7	7	7
सक्नुहुनेछ	7	7	7
सक्नेछौँ	7	7	7
सगुण	7	7	7
सङ्कलनमा	7	7	7
सङ्घसंस्थाहरूको	7	7	7
सञ्चय	7	7	7
सन्देशमा	7	7	7
सन्देह	7	7	7
सन्धिखर्क	7	7	7
सपोर्ट	7	7	7
सप्तर्षि	7	7	6
सभापतिको	7	7	7
सभ्यताहरू	7	7	7
समग्रमा	7	7	7
समर्थनको	7	7	7
समुचित	7	7	7
समूहसँग	7	7	7
सम्पादकको	7	7	7
सम्शेर	7	7	7
सयभन्दा	7	7	7
सरकारहरू	7	7	7
सराहना	7	7	7
सरिक	7	7	7
सरोकारको	7	7	7
सरोजजी	7	7	7
सरोवर	7	7	7
सर्वजित	7	7	7
सर्वेक्षणहरूमा	7	7	7
सल्यानटार	7	7	7
सवाल	7	7	7
सहभागिताको	7	7	7
सहायताबाट	7	7	7
साँगुरो	7	7	7
साउदी	7	5	5
साग	7	7	7
सातवटा	7	7	7
सातै	7	7	7
साथीले	7	7	7
सानासाना	7	7	7
साफ	7	7	7
साम	7	7	7
सार्वभौम	7	7	7
सिंहलाई	7	7	7
सिउँडी	7	7	7
सिकाउन	7	7	7
सिकेँ	7	7	7
सिकेको	7	7	7
सिक्किममा	7	7	7
सिग्नेचर	7	7	7
सिद्धान्तहरूको	7	7	7
सिद्धार्थ	7	7	7
सिन्धुपाल्चोकको	7	7	7
सिल्भर	7	7	7
सीताका	7	7	7
सीधा	7	7	7
सुँघ्ने	7	7	7
सुगम	7	7	7
सुगौली	7	7	6
सुधार्न	7	7	7
सुनाउँदै	7	7	6
सुप्रसिद्ध	7	7	7
सुयोग्य	7	7	7
सुरक्षामा	7	7	7
सुरुदेखि	7	7	7
सुवास	7	7	7
सुविधालाई	7	7	7
सुशील	7	7	7
सृजित	7	7	7
सेवाग्राहीले	7	7	7
सोची	7	7	7
सोझा	7	7	7
सोलु	7	7	7
सोसल	7	7	7
सोह्रौँ	7	7	7
स्क्रिन	7	7	7
स्टिफन	7	4	4
स्त्रीलाई	7	7	7
स्थलबाट	7	7	7
स्थापनापछि	7	7	7
स्थितिका	7	7	7
स्पेनको	7	7	7
स्पेसल	7	7	7
स्मरणीय	7	7	7
स्यालको	7	7	7
स्वतन्त्रताका	7	7	7
स्वप्न	7	7	7
स्वयंसेवी	7	7	7
स्वरहरूको	7	7	7
स्वरूपलाई	7	7	7
स्वर्गीय	7	7	7
स्वादिलो	7	7	7
हकको	7	7	7
हजुरको	7	7	7
हटाइएको	7	7	7
हटाए	7	7	7
हट्न	7	7	7
हड्डीमात्र	7	7	7
हत्केलामा	7	7	7
हत्याकाण्ड	7	7	7
हमलामा	7	7	7
हराइदिए	7	7	7
हराउने	7	7	7
हर्ष	7	7	7
हाइस्कुल	7	7	7
हाट	7	7	7
हातको	7	7	7
हातहरू	7	7	7
हालसम्ममा	7	7	7
हाल्न	7	7	7
हाल्यो	7	7	7
हावाको	7	7	7
हितका	7	7	7
हितको	7	7	7
हिमाचल	7	7	7
हिमालयबाट	7	7	7
हिरासतमा	7	7	7
हिर्काएर	7	7	7
हिल	7	7	7
हुकुम	7	7	7
हुनुपर्दछ	7	7	7
हुबहु	7	7	7
हेटौडा	7	7	7
हेमराज	7	7	7
हेरेको	7	7	7
हेलो	7	7	7
हौं	7	7	6
१०२	7	7	7
१४औं	7	7	7
१८२४	7	7	7
१८४०	7	7	7
१९१६	7	7	7
१९२७	7	7	7
१९३०	7	7	7
१९३७	7	7	7
१९६५	7	7	7
२०१६	7	7	7
२०३१	7	7	7
२०४४	7	7	7
२२०	7	7	7
७८	7	7	7
८६०	7	7	7
९००	7	7	7
अँध्यारो	6	6	6
अकुत	6	6	6
अक्षरले	6	6	6
अक्षौहिणी	6	5	5
अगावै	6	6	6
अघिको	6	6	6
अघोषित	6	6	6
अटाउँछन्	6	6	6
अड्काइदिन्छ	6	6	6
अण्डाकार	6	6	6
अदालतको	6	6	6
अधिकारप्रतिको	6	6	6
अधिराज्यलाई	6	6	6
अध्यक्षका	6	6	6
अध्यक्षता	6	6	6
अनवरत	6	6	5
अनाथ	6	6	6
अनुप	6	6	6
अनुभूतिहरू	6	6	6
अनैतिक	6	6	6
अन्तर्गतका	6	6	6
अन्धविश्वासको	6	6	6
अपतन	6	6	6
अपनाइएको	6	6	6
अपनाउँदै	6	6	6
अपनाए	6	6	6
अपनायो	6	6	6
अपरिहार्य	6	6	6
अपहरण	6	6	6
अपाङ्ग	6	6	6
अप्रिलदेखि	6	6	6
अप्रेसन	6	6	6
अप्लोड	6	6	6
अफिम	6	6	6
अफ्रिकाका	6	6	6
अभिनयका	6	6	6
अभिनयमा	6	6	6
अभिमान	6	6	6
अभिषेक	6	6	6
अभ्यासमा	6	6	6
अमला	6	6	6
अमलाको	6	6	6
अमेरिकाबाट	6	6	6
अमेरिकीहरूले	6	6	6
अरबमा	6	6	6
अरुण	6	6	6
अर्क	6	6	6
अर्कालाई	6	6	6
अर्घ	6	6	6
अर्थव्यवस्थाको	6	6	6
अर्थहरू	6	6	6
अर्दली	6	6	6
अल्सर	6	6	6
अवशेष	6	6	6
अविनले	6	6	6
अश्लेषा	6	6	6
अश्वेत	6	6	6
असान्दर्भिक	6	6	6
अस्पतालले	6	6	6
अस्पतालाहरूको	6	6	6
आँकडा	6	6	6
आँखाहरूमा	6	6	5
आँखु	6	6	6
आइतबारलाई	6	6	6
आइपि	6	6	6
आइपुगेका	6	6	6
आउँथ्यो	6	6	6
आउनेहरू	6	6	5
आकाशमण्डलको	6	6	6
आकाशमण्डलमा	6	6	6
आकाशमुनि	6	6	6
आगोको	6	6	5
आगोले	6	6	6
आग्नेय	6	6	6
आङ	6	6	6
आङसान	6	6	6
आजमगढ	6	6	5
आजाद	6	6	6
आज्ञाकारी	6	6	6
आटालाई	6	6	6
आत्म	6	6	6
आत्महत्याको	6	6	6
आदिकवि	6	6	6
आदिवासीहरूका	6	6	6
आधी	6	6	6
आनुवंशिक	6	6	6
आन्दोलनबाट	6	6	6
आफैँलाई	6	6	6
आमहड्ताल	6	6	6
आयकर	6	6	6
आयातित	6	6	6
आयुको	6	6	6
आयोजनाको	6	6	6
आरम्भदेखि	6	6	6
आर्ट	6	6	6
आर्मी	6	6	6
आवाजको	6	6	6
आवाजमा	6	6	6
आशावार	6	6	6
आशीर्वादबाट	6	6	6
इच्छाअनुसार	6	6	6
इतिहासबाट	6	6	6
इतिहासले	6	6	6
इन्जिनियर	6	6	6
इन्डियन	6	6	6
इन्द्रावती	6	6	6
इन्धनको	6	6	6
इमान्दार	6	6	6
इमारतहरू	6	6	6
इमेज	6	6	6
इमेलले	6	6	6
इराकबाट	6	6	6
इलाकामा	6	6	6
इस्माली	6	6	6
उठाएका	6	6	6
उतार	6	6	6
उत्तरगया	6	6	6
उत्तरपूर्वमा	6	6	6
उत्तरभाद्रपद	6	6	6
उत्परिवर्तनहरूको	6	6	6
उत्सव	6	6	6
उत्सवमा	6	6	5
उदात्त	6	6	6
उद्घाटन	6	6	5
उद्देश्यको	6	6	6
उद्देश्यलाई	6	6	6
उद्यमी	6	6	6
उद्वेलित	6	6	6
उनीले	6	6	6
उनीसँगै	6	6	6
उनीहरु	6	6	6
उन्मूलन	6	6	6
उपकरणहरूमा	6	6	6
उपकुलपति	6	6	6
उपत्यकाबाहिर	6	6	6
उपनिवेशमा	6	6	6
उपनिवेशवादीहरूलाई	6	6	6
उपनिषद्हरू	6	6	6
उपप्रमुखमा	6	6	6
उपर	6	6	6
उपलक्ष्यमा	6	6	6
उपस्थितिका	6	6	6
उपायको	6	6	6
उपोष्ण	6	6	6
उम्मेदवार	6	6	6
उम्रने	6	6	6
उराव	6	6	6
उस्मानी	6	6	6
ऋषिकेश	6	6	6
ऋषिमुनिका	6	6	6
एउट	6	6	6
एकजुट	6	6	6
एकरूपता	6	6	6
एकैसाथ	6	6	6
एकोहोरो	6	6	6
एक्सरे	6	6	6
एक्स्ट्रा	6	6	6
एमिनो	6	6	6
ओटघन	6	6	6
ओपनमा	6	6	6
ओम	6	6	6
ओली	6	5	5
ओलीको	6	6	6
औचित्य	6	6	6
औलो	6	6	6
औषधिजन्य	6	6	6
कक्षमा	6	6	6
कञ्चनपुर	6	6	6
कतैकतै	6	6	6
कथाले	6	6	6
कदमको	6	6	5
कदमहरू	6	6	6
कन्नड	6	6	6
कपास	6	6	6
कमभन्दा	6	6	6
कमलराज	6	6	6
कमलाजीको	6	6	6
कमलाले	6	6	6
कम्युटर	6	6	6
करिडोर	6	6	6
करियर	6	6	6
करूणानिधि	6	6	6
कर्खा	6	6	6
कर्णेल	6	6	6
कवहीगोठ	6	6	6
कवीरले	6	6	6
कसिएको	6	6	6
कसैबाट	6	6	6
काँक्रोको	6	6	6
काँचुली	6	6	6
काङ्ग्रेसमा	6	6	5
काठमाडौँदेखि	6	6	6
काण्डमा	6	6	6
कानभित्र	6	6	6
काबुलमा	6	6	6
कायमै	6	6	6
कारणवश	6	6	6
कारागारमा	6	6	6
कार्टुनिस्टहरूद्वारा	6	6	6
कार्यभार	6	6	6
कार्यान्वयनको	6	6	6
कार्यालयमा	6	6	6
कार्ल	6	6	6
कालबाट	6	6	6
कालिदास	6	6	6
काष्ठमण्डप	6	6	6
किनकी	6	6	6
किनाराबाट	6	6	6
किपट	6	6	5
किरणहरू	6	6	6
किसिमबाट	6	6	6
कुखुराको	6	6	6
कुटुम्बको	6	6	6
कुनाहरूमा	6	6	6
कुनैकुनै	6	6	6
कुबाचा	6	6	6
कुमाउँको	6	6	6
कुलीन	6	6	6
कुवेतमा	6	6	6
कुसुन्डा	6	6	6
कृत्रिम	6	6	6
कृष्णचन्द्र	6	6	6
केआई	6	6	6
केटी	6	6	6
कैल	6	6	6
कोठी	6	6	6
कोलकातामा	6	6	6
कोषाध्यक्ष	6	6	6
क्यानडाको	6	6	6
क्याफे	6	6	6
क्यामरुन	6	6	6
क्यामेरन	6	6	6
क्युबी	6	6	6
क्रियाहरूमा	6	6	6
क्रेन	6	6	6
क्लस्टर	6	6	6
क्षत्रियहीन	6	6	5
क्षेत्रहरूबाट	6	6	6
क्षेत्राधिकार	6	6	6
खननको	6	6	6
खनिजको	6	6	6
खनेर	6	6	6
खरानी	6	6	6
खरेल	6	6	6
खसेर	6	6	6
खस्ने	6	6	6
खाँ	6	6	6
खानमा	6	6	6
खान्छन्	6	6	6
खिचिएको	6	6	6
खिन्न	6	6	6
खुब	6	6	6
खुल्छ	6	6	6
खेलाड़ीहरूको	6	6	6
खैँजडी	6	6	6
खोजको	6	6	6
खोपिएको	6	6	6
खोपीको	6	6	6
खोपीबाट	6	6	6
खोल्छ	6	6	6
खोल्नु	6	6	6
गङ्गामा	6	6	6
गङ्गालाई	6	6	6
गणेशमान	6	6	6
गतिले	6	6	6
गतिशील	6	6	6
गभर्नर	6	6	6
गराउनका	6	6	6
गराउनुपर्छ	6	6	6
गराउनुपर्ने	6	6	6
गरिदिउँला	6	6	6
गरिदिएमा	6	6	6
गरिदिन्छ	6	6	6
गरिबक्सेका	6	6	6
गरून्	6	6	6
गरेन	6	6	6
गर्टिनको	6	6	6
गर्दछ्न्	6	6	6
गर्नुपरेका	6	6	6
गर्नुहुन्थ्यो	6	6	6
गर्नेको	6	6	6
गर्नेहरूको	6	6	6
गर्नेहरूमा	6	6	6
गाइन्छ	6	6	6
गाउँलाई	6	6	6
गाउँहरूलाई	6	6	6
गाडिन्छ	6	6	6
गाडी	6	6	6
गान्धीले	6	6	6
गाविसभित्र	6	6	6
गीतहरूको	6	6	6
गुणहरूको	6	6	6
गुफामा	6	6	6
गुमाउनु	6	6	6
गुमाएको	6	6	6
गुमेको	6	6	6
गुरुकुलमा	6	6	6
गुरुङको	6	6	6
गोकर्णको	6	6	6
गोकर्णमा	6	6	6
गोकर्णेश्वरको	6	6	6
गोकुलेश्वर	6	6	6
गोगनपानी	6	6	6
गोड्ने	6	6	6
गोपीकृष्ण	6	6	6
गोर्खाल्यान्ड	6	6	6
गोलमा	6	6	6
गौरी	6	6	5
ग्रसित	6	6	6
घटनालाई	6	6	6
घटबढ	6	6	6
घटाइनेछ	6	6	6
घण्ट	6	6	6
घमण्डी	6	6	6
घाट	6	4	4
घात	6	6	5
घिउमा	6	6	6
घिमिरेले	6	6	6
घेराबाहिर	6	6	6
घोडचढी	6	6	6
चकलेट	6	6	6
चट्टानहरूले	6	6	6
चट्याङ	6	6	6
चढाए	6	6	6
चढाएको	6	6	6
चन्द्रदास	6	6	6
चमत्कार	6	6	6
चमेरो	6	4	4
चराचर	6	6	6
चरित्रलाई	6	6	6
चर्म	6	6	6
चर्मरोगमा	6	6	5
चलाउनेलाई	6	6	6
चलेका	6	6	6
चाँदनी	6	6	6
चापागाउँ	6	6	6
चामुण्डा	6	6	6
चारैतर्फ	6	6	6
चाहन्थ्यो	6	6	6
चिठी	6	6	6
चिता	6	6	6
चित्रकलाका	6	6	6
चिनारी	6	6	6
चिने	6	6	6
चिप्लिएर	6	6	6
चिप्लो	6	6	6
चिफ	6	6	6
चिरस्थायी	6	6	6
चुनेका	6	6	6
चुनौतीका	6	6	6
चेतनाले	6	6	6
चेम्जोङ	6	6	6
चेलाहरूले	6	6	6
चेलीसँग	6	6	6
चेल्सीले	6	6	6
चोकमा	6	6	6
च्याउले	6	6	6
च्याङ्बा	6	3	3
च्यामाको	6	6	6
च्याम्पियन	6	6	6
छत	6	6	6
छत्तिसगढको	6	6	6
छातीमा	6	6	6
छानाको	6	6	6
छानिन्छ	6	6	6
छापको	6	6	6
छाप्रोमा	6	6	6
छायाँग्रह	6	6	6
छाल	6	6	6
छिटै	6	6	6
छिन्नमस्ता	6	6	6
छिप्पिँदै	6	6	6
छुटेपछि	6	6	6
छुट्ट्याइयो	6	6	6
छुट्याएको	6	6	6
छैटौँ	6	6	6
छोड्ने	6	6	6
छोराले	6	6	6
छोरीकी	6	6	5
छौं	6	6	6
ज	6	6	6
जगत्	6	6	6
जङ्गलको	6	6	6
जङ्गलहरूमा	6	6	6
जङ्गी	6	6	6
जड	6	6	6
जडिबुटी	6	6	6
जनआन्दोलनपछि	6	6	6
जनगणनाले	6	6	6
जनजातिका	6	6	6
जनजीवन	6	6	6
जनतामा	6	6	5
जनताहरूलाई	6	6	6
जनविश्वास	6	6	6
जनसभामा	6	6	6
जनैपूर्णिमाको	6	6	6
जन्तु	6	6	6
जन्मस्थान	6	6	6
जन्मिए	6	6	5
जमदग्नीले	6	6	6
जलधारामा	6	6	6
जलले	6	6	5
जवाहरलाल	6	6	6
जा	6	6	6
जातिहरूलाई	6	6	6
जात्राका	6	6	6
जात्रालाई	6	6	6
जानेछ	6	6	6
जान्दथे	6	6	6
जालमा	6	6	6
जाली	6	6	6
जावी	6	6	6
जावीको	6	6	6
जिएनयु	6	6	6
जितिसकेपछि	6	6	6
जित्नु	6	6	6
जिम्मेवार	6	6	6
जिरीको	6	6	6
जिल्लाहरूमध्ये	6	6	6
जीतपुर	6	6	6
जीवनकालका	6	6	6
जीवहरूलाई	6	6	6
जीवाणुको	6	6	6
जीवितै	6	6	6
जुनियर	6	6	6
जुनेली	6	6	6
जुन्ता	6	6	6
जुलिया	6	6	6
जुल्दो	6	6	6
जेट	6	6	6
जेन	6	6	6
जेनेटिक्सको	6	6	6
जेलका	6	6	6
जेलब्रेक	6	6	6
जोडने	6	6	6
जोडे	6	6	6
जोया	6	6	6
जोशीको	6	6	6
ज्ञाता	6	6	6
ज्योतिषीय	6	6	6
झम्केफुली	6	6	6
झम्टेको	6	6	6
झरेपछि	6	6	6
झर्को	6	6	6
झलनाथ	6	6	6
झापामा	6	6	6
झिनो	6	6	6
झिल्को	6	6	6
झ्यालखानामा	6	6	6
झ्वाट्ट	6	6	6
टक्र्याउँदछु	6	6	6
टाँसिएर	6	6	6
टाइटानिक	6	6	6
टाकटुके	6	6	6
टाढै	6	6	6
टावर	6	6	6
टिकाथली	6	6	6
टिकाराम	6	6	6
टिपेर	6	6	6
टि्वटर	6	6	6
टुङ्गो	6	6	6
टेरी	6	6	6
टेलिफोनमा	6	6	6
टोखा	6	6	6
टोलीलाई	6	6	6
ट्याबमा	6	6	6
ट्याब्लेट	6	6	6
ट्याम्के	6	6	6
ट्रफी	6	6	6
ट्रेनिङ	6	6	6
ठकुरी	6	6	6
ठगिएकी	6	6	6
ठाकुरद्वारा	6	6	6
ठान्छन्	6	6	6
ठुलाकोटको	6	6	6
ठेकी	6	6	6
ठेगानाको	6	6	6
ठोकर्पा	6	6	6
ठोकुवा	6	6	6
डक्टर	6	6	6
डगौरा	6	6	6
डप	6	6	6
डम्फुको	6	6	6
डल्फिन	6	6	6
डाँठ	6	6	5
डाँडोमा	6	6	6
डाइरेक्ट	6	6	6
डाक्टरहरूको	6	6	6
डिक्सन	6	6	6
डुब्ने	6	6	6
डुम्रीको	6	6	6
डेरा	6	6	6
ड्रागनफल	6	6	6
ढुक्क	6	6	6
ढोकामा	6	6	6
ढोरपाटन	6	6	6
तँलाई	6	6	6
तताएर	6	6	5
तपस्याको	6	6	6
तपस्वी	6	6	6
तपाईँबाट	6	6	6
तबला	6	6	6
तरबार	6	6	6
तरवारबाजी	6	6	6
तरुल	6	6	6
तवरबाट	6	6	6
तातोपानीको	6	6	6
तात्पर्य	6	6	6
तानेर	6	6	6
तान्त्रिक	6	6	6
तान्दै	6	6	6
तामाको	6	6	6
तिखो	6	6	6
तिथिलाई	6	6	6
तिमीसँग	6	6	6
तीव्रता	6	6	6
तुषारो	6	6	5
तेलकोटमा	6	6	6
तोडेका	6	6	6
त्यसकारणले	6	6	6
त्यसमध्ये	6	6	6
त्रिपुराको	6	6	6
त्रिवि	6	6	6
त्रिशुल	6	6	6
थपेका	6	6	6
थरको	6	6	6
थरीका	6	6	6
थाल्नुभयो	6	6	6
थिचिएका	6	6	6
थुकी	6	6	6
थेम्बु	6	6	6
थोर	6	6	6
दखल	6	6	6
दबावका	6	6	6
दम	6	6	6
दयाको	6	6	6
दलद्वारा	6	6	6
दललाई	6	6	6
दलहरूले	6	6	6
दशकदेखि	6	6	6
दशैँको	6	6	6
दशौँ	6	6	6
दाङको	6	6	6
दाफा	6	6	6
दिइएन	6	6	6
दिनबाट	6	6	6
दिनमै	6	6	6
दिनाले	6	6	6
दिनुपर्यो	6	6	6
दिनुभएकोमा	6	6	6
दिन्छौँ	6	6	6
दिमाग	6	6	6
दिल्लीदेखि	6	6	6
दिवंगत	6	6	6
दुईभन्दा	6	6	6
दुईले	6	6	6
दुखान्त	6	6	6
दुबई	6	6	6
दुर्योधनलाई	6	6	6
दुर्वासा	6	6	6
दुल्लु	6	6	6
दुवैले	6	6	6
दुहवी	6	6	6
दृश्यहरू	6	6	6
देउपुर	6	6	6
देखाउनु	6	6	6
देखेका	6	6	6
देवताहरूद्वारा	6	6	6
देवदहको	6	6	6
देवदहमा	6	6	6
देवल	6	6	6
देवलाई	6	6	6
देवीदेवताका	6	6	6
देशविदेशका	6	6	6
दैलेखको	6	6	6
दैवी	6	6	6
द्रव्यमान	6	6	6
द्रौपदीलाई	6	6	6
द्वापर	6	6	6
धनका	6	6	6
धन्दा	6	6	6
धर्ती	6	6	6
धर्मग्रन्थमा	6	6	6
धर्मराज	6	6	6
धामी	6	6	6
धुन	6	6	6
धूलो	6	6	6
धैर्य	6	6	6
ध्रुवचन्द्र	6	6	6
ध्वनिलाई	6	6	6
नकुल	6	6	6
नखेल्ने	6	6	6
नगरदेखि	6	6	6
नगरपालिकाका	6	6	6
नगरबाट	6	6	6
नगरीय	6	6	6
नग्न	6	6	6
नजरमा	6	6	6
नन्दकृष्ण	6	6	6
नन्दी	6	6	6
नपाइने	6	6	6
नपाएरै	6	6	6
नपुर्याउनु	6	6	6
नबी	6	6	6
नभएकाले	6	6	6
नमूना	6	6	6
नयराज	6	6	6
नरायणी	6	6	6
नर्मदा	6	6	6
नव	6	6	6
नसकी	6	6	6
नसकेपछि	6	6	6
नसकेर	6	6	6
नहुनु	6	6	6
नाचलाई	6	6	6
नाटककार	6	6	6
नाथ	6	6	6
नानो	6	6	6
नाप्नको	6	6	6
नाप्नु	6	6	6
नारायणगढमा	6	6	5
नाल	6	6	6
नासिमेन्तो	6	6	6
निकालिएको	6	6	6
निखिल	6	6	6
निजहरूलाई	6	6	6
निद्रा	6	6	6
निधार	6	6	6
निबन्धात्मक	6	6	6
निभाएका	6	6	6
निमको	6	6	6
नियमावलीमा	6	6	6
निराला	6	6	6
निराश	6	6	6
निराशा	6	6	6
निरीक्षण	6	6	6
निरुता	6	6	6
निर्दिष्ट	6	6	6
निर्देशकले	6	6	6
निवासमा	6	6	6
निवासीहरूका	6	6	6
निवासीहरूको	6	6	6
निष्कासित	6	6	6
निसन्तान	6	6	6
निसी	6	6	6
निस्कन	6	6	6
नीम	6	6	5
नीलो	6	6	6
नेतृत्वदायी	6	6	6
नेपालीलाई	6	6	6
नोटिस	6	6	6
न्यायशास्त्र	6	6	6
न्वागी	6	6	6
पकड	6	6	6
पकाउने	6	6	6
पछुतो	6	6	6
पञ्चाङ्गका	6	6	6
पञ्चायतको	6	6	6
पञ्चायतमा	6	6	6
पठाइएको	6	6	6
पठाइने	6	6	6
पढाइको	6	6	6
पढ्नुभयो	6	6	6
पत्थरमा	6	6	6
पत्रकारिता	6	6	6
पत्रिकाहरूको	6	6	6
पदम	6	6	6
परजीवी	6	6	6
परम्पराहरू	6	6	6
परम्पराहरूको	6	6	6
परि	6	6	6
परिधि	6	6	6
परियार	6	6	6
परिवर्तनहरूमा	6	6	6
परिवेश	6	6	6
परिषद्को	6	6	6
परिषद्सँग	6	6	6
परिस्थितिहरूमा	6	6	6
पर्यटकलाई	6	6	6
पर्यटकहरूलाई	6	6	6
पर्यावरणको	6	6	6
पर्वकाल	6	6	5
पर्वतारोही	6	6	6
पर्वहरूको	6	6	6
पलायो	6	6	6
पल्टमा	6	6	6
पशुहरूको	6	6	6
पहाडले	6	6	6
पहिलेसम्म	6	6	6
पहिल्यै	6	6	6
पहेनहारा	6	6	6
पाँचपाँच	6	6	6
पाइनन्	6	6	6
पाइसकेको	6	6	6
पाउडर	6	6	6
पाउनुहुनेछ	6	6	5
पाखोमा	6	6	6
पाटीको	6	6	6
पाटे	6	6	6
पाठकलाई	6	6	6
पाठलाई	6	6	6
पाण्डवहरू	6	6	6
पातलिएका	6	6	6
पारसमणि	6	6	6
पार्वती	6	6	6
पालुवा	6	6	6
पालैपालो	6	6	6
पाल्न	6	6	6
पासवान	6	6	6
पी	6	6	6
पुँजीजीवी	6	6	6
पुरातत्त्व	6	6	6
पुरुषवाचक	6	3	3
पुरुषहरूको	6	6	6
पुर्खाहरूको	6	6	6
पुर्याए	6	6	6
पुषा	6	6	6
पुष्पलालको	6	6	6
पुस्तकहरुको	6	6	6
पुस्तामा	6	6	6
पूँजी	6	6	6
पूजाको	6	6	6
पूरक	6	6	6
पूर्णिमामा	6	6	6
पृथ्वीनारायणको	6	6	6
पृष्ठबाट	6	6	6
पृष्ठहरूलाई	6	6	6
पेजको	6	6	6
पेमा	6	6	6
पेशेवर	6	6	5
पोकली	6	6	6
पोर्टल	6	6	4
पोस्ट	6	6	6
पौडेलज्यू	6	6	6
प्याजी	6	6	6
प्यार	6	6	6
प्यारा	6	6	6
प्यार्जुङ	6	6	6
प्युठानका	6	6	5
प्रकाशले	6	6	6
प्रकृतिमा	6	6	6
प्रखर	6	6	6
प्रचण्डले	6	6	6
प्रजातन्त्रका	6	6	6
प्रताप	6	6	6
प्रतिक्रियावादीहरूका	6	6	6
प्रतिमूर्ति	6	6	6
प्रतियोगिताका	6	6	6
प्रतियोगिताहरू	6	6	6
प्रतिशतसम्म	6	6	6
प्रतिस्पर्धात्मक	6	6	6
प्रत्यय	6	6	5
प्रत्यारोपण	6	6	6
प्रदर	6	6	6
प्रदर्शनमा	6	6	6
प्रदर्शनहरू	6	6	6
प्रदेशका	6	6	5
प्रबन्धकलाई	6	6	6
प्रभावकारिता	6	6	6
प्रमाणले	6	6	6
प्रयोगबारे	6	6	6
प्रलय	6	6	6
प्रवक्ता	6	6	6
प्रवचन	6	6	6
प्रवल	6	6	6
प्रवाहलाई	6	6	6
प्रविधिले	6	6	6
प्रशिद्ध	6	6	5
प्रश्नको	6	6	6
प्रस्तोता	6	6	6
प्रहारमा	6	6	6
प्राइज	6	6	6
प्राणीहरूको	6	6	6
प्रेमपूर्वक	6	6	6
प्रेमेजुङ्ग	6	6	6
फर्किने	6	6	5
फललाई	6	6	6
फलादेश	6	6	6
फिक्स	6	6	6
फिटसम्म	6	6	6
फुकुवा	6	6	6
फुट्न	6	6	6
फेदमा	6	6	6
फेदी	6	6	6
फेदीमा	6	6	6
फेयर	6	6	6
फेर्ने	6	6	6
फोर्सको	6	6	6
फ्रान्सिस	6	6	6
फ्रिडम	6	6	6
बक्सलाई	6	6	6
बगाइदिनुपर्छ	6	6	5
बगैँचामा	6	6	6
बगैंचालाई	6	6	6
बग्यो	6	4	4
बङ्गलादेशको	6	6	6
बङ्गलादेशमा	6	6	6
बच्ने	6	6	6
बजेटमा	6	6	6
बज्र	6	6	6
बज्राचार्य	6	6	6
बज्राचार्यले	6	6	6
बझाङको	6	6	6
बटालियन	6	6	6
बढाउनका	6	6	6
बढाए	6	6	6
बढावा	6	6	6
बतायो	6	6	6
बतासे	6	6	6
बधको	6	6	6
बनाउनका	6	6	6
बनावटको	6	6	5
बनिसकेका	6	6	6
बनोस्	6	6	6
बराबरी	6	6	6
बसन्त	6	6	6
बसाई	6	6	6
बसाले	6	6	6
बसुले	6	6	6
बसेकोले	6	6	6
बसेपछि	6	6	6
बस्थे	6	6	6
बहने	6	6	6
बाँके	6	6	6
बाँचे	6	6	6
बाँचेर	6	6	6
बाँधहरू	6	6	6
बाइबलको	6	6	6
बाकस	6	6	6
बाम	6	6	6
बारीमा	6	6	6
बारेको	6	6	6
बालबच्चा	6	6	6
बालबालिकाका	6	6	6
बाल्यकालमा	6	6	6
बासस्थान	6	6	6
बासिन्दाहरू	6	6	6
बास्कोटा	6	6	6
बि	6	6	6
बिँड	6	6	6
बिट	6	6	6
बिताएकी	6	6	6
बित्दा	6	6	6
बिमारीहरू	6	6	6
बिहानबेलुका	6	6	6
बिहारमा	6	6	6
बिहारी	6	6	6
बिहेमा	6	6	6
बुड्स	6	6	6
बुढाको	6	6	6
बुद्धिमानी	6	6	6
बुबाको	6	6	5
बेदी	6	6	6
बेपत्ता	6	6	6
बेरोजगारीका	6	6	5
बेल्ट	6	6	6
बैंकको	6	6	6
बैंकले	6	6	6
बैठकले	6	6	6
बोगटी	6	6	6
बोझ	6	6	6
बोर्ड	6	6	6
बोल्दा	6	6	6
बोसको	6	6	6
बोहरा	6	6	6
ब्रह्माण्ड	6	6	6
ब्राजिल	6	6	6
ब्राह्मणहरू	6	6	6
ब्रिटेनमा	6	6	6
ब्लकमा	6	6	6
भइन्छ	6	6	6
भइरहेका	6	6	6
भइसक्नुभएको	6	6	6
भक्तको	6	6	6
भद्रकाली	6	6	6
भन्दैमा	6	6	6
भय	6	6	6
भरतमुनि	6	6	6
भरतमोहन	6	6	6
भरि	6	6	6
भरिणी	6	6	6
भरौटेद्वारा	6	6	6
भलाइ	6	6	6
भवनलाई	6	6	6
भाँचिएको	6	6	6
भावको	6	6	6
भावमा	6	6	6
भाषण	6	6	6
भाषाकै	6	6	6
भिजाइ	6	6	6
भित्रिने	6	6	6
भिन्नाभिन्नै	6	6	6
भीड	6	6	6
भीरमा	6	6	6
भुटानको	6	6	5
भुटानमा	6	6	6
भुरेर	6	6	6
भुवा	6	6	6
भू	6	6	6
भूमिकाबाट	6	6	5
भेग	6	6	6
भेटघाट	6	6	6
भेट्ने	6	6	6
भेषभूषा	6	6	6
भेषमा	6	6	6
भेषराज	6	6	6
भैँसीको	6	6	6
मङ्गलग्रहमा	6	6	6
मङ्गोल	6	6	6
मजदुरहरूलाई	6	6	6
मजुमदारको	6	6	6
मज्जा	6	6	5
मझौला	6	6	6
मण्डलद्वारा	6	6	6
मदानी	6	6	6
मद्दतले	6	6	6
मधेश	6	6	6
मनासलु	6	6	6
मनोरन्जन	6	6	6
मन्त्रालयले	6	6	6
मन्त्रीमण्डल	6	6	6
मरिचको	6	6	6
मरिस	6	6	6
मलेरिया	6	6	6
मलेसिया	6	6	6
मल्लकालको	6	6	6
मल्लकालदेखि	6	6	6
मसान	6	6	6
मसाल	6	6	6
मसिना	6	6	6
मस्त	6	6	6
महङ्गी	6	6	6
महत	6	6	6
महाकाव्य	6	6	6
महाद्वीप	6	6	6
महानगरीय	6	6	6
महासन्धिको	6	6	6
महासागरहरू	6	6	6
महिनामै	6	6	6
माग्ने	6	6	6
माग्यो	6	6	6
माटोको	6	6	6
माढी	6	6	6
माथिका	6	6	6
माध्यमको	6	6	6
मानचित्र	6	6	6
मानवअधिकार	6	6	6
मानवको	6	6	6
मानियो	6	6	6
मान्यताका	6	6	6
मामाको	6	6	6
मारेर	6	6	6
मार्क	6	5	5
मार्गहरू	6	6	6
मार्मिक	6	6	6
मालिकहरूबाट	6	6	6
माले	6	6	6
मिक्षेन	6	6	6
मिटरसम्मका	6	6	6
मिठो	6	6	5
मिर्जा	6	6	6
मिलिमिटर	6	6	6
मिल्दछन्	6	6	6
मिसाइलको	6	6	6
मुखपत्र	6	6	6
मुख्यत	6	6	6
मुगा	6	6	6
मुबारक	6	6	6
मुस्किलले	6	6	6
मेगजिन	6	6	6
मेमोरियल	6	6	6
मेरठमा	6	6	6
मेरी	6	6	6
मेरीको	6	6	6
मैथिल	6	3	3
मोडमा	6	6	6
म्याट्रिक	6	6	6
म्यानचेस्टर	6	6	6
म्यानिपुलेसनमा	6	6	6
यथेष्ट	6	6	6
यमराज	6	6	6
यसैलाई	6	6	6
यि	6	6	6
युटिसी	6	6	6
युद्धपछि	6	6	6
युद्धबाट	6	6	6
युद्धलाई	6	6	6
युनिकोडमा	6	6	6
युवक	6	6	6
युवाहरूलाई	6	6	6
योगदानका	6	6	6
योजनाका	6	6	6
योद्धा	6	6	6
योनि	6	6	6
योनी	6	6	6
रकमको	6	6	6
रक्षाका	6	6	6
रङमा	6	6	6
रङ्गमञ्चमा	6	6	6
रजनीश	6	6	6
रमझमका	6	6	6
रमाई	6	6	6
रमेशजी	6	6	6
रसिला	6	6	6
रसिलो	6	6	6
रहनुभएको	6	6	6
रहस्य	6	6	6
रहिरहने	6	6	6
राँगाको	6	6	6
राइफल	6	6	6
राउटे	6	6	6
राखिन्छन्	6	6	6
राख्छु	6	6	6
राजस्थानको	6	6	6
राजाहरूसँग	6	6	6
राजीव	6	6	6
राजेशले	6	6	6
राज्यहरूमा	6	6	6
राणाको	6	6	6
राणाजी	6	6	6
रामको	6	6	6
रामवरण	6	6	6
रामेछापको	6	6	6
रायमा	6	6	6
राष्ट्रपतिका	6	6	6
राष्ट्रपतिलाई	6	6	6
राष्ट्रप्रमुख	6	6	6
राष्ट्रले	6	6	6
राहुले	6	6	5
रिवर	6	6	6
रीतिरिवाज	6	6	6
रुकुमका	6	6	6
रुघाखोकी	6	6	6
रुबन्ध	6	6	6
रुष्ट	6	6	6
रूचि	6	6	6
रूपको	6	6	6
रूपहरू	6	6	6
रूपहरूमा	6	6	6
रूपान्तरणको	6	6	6
रेडियोधर्मी	6	6	6
रेफ्री	6	6	6
रेशा	6	6	6
रोक्नका	6	6	6
रोक्नको	6	6	6
रोगग्रस्त	6	6	6
रोगलाई	6	6	6
रोपिन्छ	6	6	6
रोल्पाको	6	6	6
रोल्पामा	6	6	6
लक्षित	6	6	6
लक्ष्यहरू	6	6	6
लगाइदिए	6	6	6
लगाउँदा	6	6	6
लगाउनुहोस्	6	6	6
लगाएमा	6	6	6
लग्यो	6	6	6
लज्जाको	6	6	6
लडाईँमा	6	6	6
लड्दै	6	6	6
लड्न	6	6	6
लत	6	6	6
लभ	6	6	6
लम्बाइको	6	6	6
लम्बाई	6	6	6
लय	6	6	6
लाइनमा	6	6	6
लाइसेन्सको	6	6	6
लाग्नुपर्ने	6	6	6
लाज	6	6	6
लामाको	6	6	6
लामाद्वारा	6	6	6
लालमोहर	6	6	6
लाहुरेको	6	6	6
लिइने	6	6	6
लिगमा	6	6	6
लिङ्कन	6	6	6
लिङ्कनले	6	6	6
लिङ्कलाई	6	6	6
लिच्छविकालीन	6	6	6
लिटर	6	6	6
लुटपाट	6	6	6
लेखकका	6	6	6
लेखकलाई	6	6	6
लेखका	6	6	6
लेखकीय	6	6	6
लेखनाथहरूका	6	6	6
लेखाधिकारको	6	6	6
लेखेँ	6	6	6
लेख्दछ	6	6	6
लेदो	6	6	6
लोकगायक	6	6	6
लोकसेवामा	6	6	6
लोखर्के	6	6	6
ल्याउनमा	6	6	6
ल्होसारको	6	6	6
वधको	6	6	6
वनजङ्गल	6	6	6
वनरक्षक	6	6	6
वनहरू	6	6	6
वर्णनप्रधान	6	6	6
वर्षाको	6	6	6
वसुन्धरा	6	6	6
वादक	6	6	6
वादीलाई	6	6	6
वाहन	6	6	6
वि	6	6	6
विकीमा	6	6	6
विखण्डनबाट	6	6	6
विजयपुर	6	6	6
वित्तल	6	6	6
विधायिका	6	6	6
विपक्षमा	6	6	6
विपन्नता	6	6	6
विफलता	6	6	6
विभूति	6	6	6
विमानलाई	6	6	6
विमानस्थलमा	6	6	6
विरोधका	6	6	6
विरोधको	6	6	6
विलुप्त	6	6	6
विवरणको	6	6	6
विवरणबाट	6	6	6
विवादले	6	6	6
विवादित	6	6	6
विविधताले	6	6	6
विशेषज्ञहरूले	6	6	6
विश्वकोष	6	6	6
विश्वविद्यालयका	6	6	6
विषयले	6	6	6
विष्णुलाई	6	6	6
वीरेन्द्रलाई	6	6	6
वुड्सका	6	6	6
वृक्षलाई	6	6	6
वृहत	6	6	6
वेदका	6	6	6
वैद्य	6	6	6
व्यक्तित्वको	6	6	6
व्यवस्थापक	6	6	6
व्यवहारका	6	6	6
व्याख्यात्मक	6	6	6
व्यापारलाई	6	6	6
व्यापारीको	6	6	6
व्यापारीहरूलाई	6	6	6
व्याप्त	6	6	6
व्यायाम	6	4	4
शङ्कराचार्यले	6	6	6
शब्दकोशको	6	6	6
शब्दकोशमा	6	6	6
शब्दहरूका	6	6	6
शम्शेरको	6	6	6
शरद्चन्द्र	6	6	6
शहर	6	6	6
शारदा	6	6	6
शासकसँग	6	6	6
शाहजहाँको	6	6	6
शिकार	6	6	6
शिक्षाशास्त्रमा	6	6	6
शिरमा	6	6	6
शिवनाथ	6	6	6
शिवरात्री	6	6	6
शिवलाई	6	6	6
शिशुको	6	6	6
शैय्याको	6	6	6
शैल	6	6	6
शैलीभन्दा	6	6	6
श्याम	6	6	5
श्रापबाट	6	6	6
श्रेणीहरूमा	6	6	6
षष्ठी	6	6	6
संग्रहमा	6	6	6
संयोजक	6	6	6
संलयन	6	6	6
संविधानमै	6	6	6
संस्थाहरूले	6	6	5
सकाउनु	6	6	6
सकिँन	6	6	6
सकिन	6	6	6
सकृय	6	6	6
सक्थे	6	6	6
सङ्कटका	6	6	6
सङ्गठनहरू	6	6	6
सङ्गीतको	6	6	6
सङ्ग्रहालयलाई	6	6	6
सङ्घर्षमा	6	6	6
सजग	6	6	6
सजाइन्छ	6	6	6
सजिलैसित	6	6	6
सज्जा	6	6	6
सञ्चालनका	6	6	6
सतहभन्दा	6	6	6
सत्र	6	6	6
सन्तानले	6	6	6
सन्तोषजनक	6	6	6
सबल	6	6	6
सबैसँग	6	6	5
सम	6	6	6
समर्थक	6	6	6
समर्थकहरूले	6	6	6
समस्थानिक	6	6	6
समाएर	6	6	6
समाचारहरू	6	6	6
समाधिस्थल	6	6	6
समितिलाई	6	6	6
समेटिएका	6	6	6
समेटेर	6	6	6
सम्झाउनु	6	6	6
सम्पन	6	6	6
सम्पर्कको	6	6	6
सम्मुख	6	6	6
सम्हाल्नु	6	6	6
सरहको	6	6	6
सर्लाहीको	6	6	6
सर्वकालीन	6	6	6
सर्वत्र	6	6	6
सर्वमान्य	6	6	6
सर्वसाधारणलाई	6	6	6
सलाम	6	6	6
सल्लाहअनुसार	6	6	6
सल्लाहको	6	6	6
सहरिया	6	6	6
सहस्त्रबाहु	6	6	6
सहारा	6	6	6
साइनोको	6	6	6
साकार	6	6	6
साटासाट	6	6	6
सानी	6	6	6
सामानहरू	6	6	6
सामान्यत	6	6	6
साम्राज्यवादी	6	6	6
सारियो	6	6	6
सावित	6	6	6
साहित्यकारहरूले	6	6	6
साह्रो	6	6	6
सिंहका	6	6	6
सिउँडीको	6	6	6
सिउरेर	6	6	6
सिक्नु	6	6	6
सिङ्गो	6	6	6
सित्तैमा	6	6	6
सिन्ध	6	6	6
सिन्धुलीगढीको	6	6	6
सिपालु	6	6	6
सिपिङ	6	6	6
सिफारिसमा	6	6	6
सिमित	6	6	6
सिलौटो	6	6	6
सिविल	6	6	6
सिसप	6	6	6
सीमाको	6	6	6
सुक्दै	6	6	6
सुधारका	6	6	6
सुनाउँथिन्	6	6	6
सुरूदेखि	6	6	6
सुविधाहरूले	6	6	6
सूचीबद्ध	6	6	5
सूर्यबहादुर	6	6	6
सृष्टिको	6	6	6
सेनाबाट	6	6	6
सेनासहित	6	6	6
सेप्टेम्बरमा	6	6	6
सेरोफेरोमा	6	6	6
सेेवा	6	6	6
सैनिकको	6	6	6
सोचाइ	6	6	6
सोचेको	6	6	6
सोधेका	6	6	6
सोसाइटी	6	6	6
सौन्दर्यले	6	6	6
सौर्यमण्डलको	6	6	6
स्कन्द	6	6	6
स्कोरमा	6	6	6
स्कोरिङ	6	6	6
स्टन्ट	6	6	6
स्टारकिड	6	6	6
स्टेडियम	6	6	6
स्टेसनमा	6	6	6
स्ट्रोकबाट	6	6	6
स्तम्भ	6	6	6
स्तुति	6	6	6
स्थलमध्ये	6	6	6
स्थानबाट	6	6	6
स्थूल	6	6	6
स्पस्ट	6	6	6
स्मारक	6	6	6
स्रष्टाहरूलाई	6	6	6
स्वचालित	6	6	6
स्वतः	6	6	6
स्वभाविक	6	6	6
स्वयंको	6	6	6
स्वयम्भू	6	6	6
स्वरूपमा	6	6	6
स्वर्गका	6	6	6
स्वादिला	6	6	6
स्विस	6	6	6
हकका	6	6	6
हङ्चुर	6	6	6
हटाइदिए	6	6	6
हटाइदिनु	6	6	6
हटाउनुपर्ने	6	6	6
हटाएको	6	6	6
हट्यो	6	6	6
हडतालको	6	6	6
हतियारको	6	6	6
हमलाको	6	6	6
हरि	6	6	6
हरिप्रसाद	6	6	6
हरियानाको	6	6	6
हरे	6	6	6
हरेकपल्ट	6	6	5
हर्जोगको	6	6	6
हलिवुड	6	6	6
हल्ला	6	6	6
हवारी	6	6	6
हस्तिनापुरका	6	6	6
हाँगामा	6	6	6
हाइस्कुलमा	6	6	6
हातबाट	6	6	6
हाते	6	6	6
हिँड्न	6	6	6
हिउँले	6	6	6
हिमालयको	6	6	6
हुनुका	6	6	6
हुनेहुँदा	6	6	6
हुम्लाको	6	6	6
हेतुले	6	6	6
हेरचाह	6	6	6
हेरविचार	6	6	6
हेरिन्छ	6	6	6
हेर्नका	6	6	6
हेर्नमा	6	6	6
हैनन्	6	6	6
होटलहरू	6	6	6
हौसला	6	6	6
ह्याङ्क्स	6	6	6
०२३	6	6	6
१२०	6	6	6
१२००	6	6	6
१८००	6	6	5
१८६४	6	6	6
१८८०	6	6	6
१९औँ	6	6	6
१९००	6	6	6
१९२४	6	6	6
१९२८	6	6	6
१९३६	6	6	6
१९३८	6	6	6
१९४६	6	6	6
२००६मा	6	6	6
२००८मा	6	6	6
२०१०मा	6	6	6
२०२	6	6	6
२०२५	6	6	6
२०४१	6	6	6
२०४५	6	6	6
३६०	6	6	6
५१०	6	6	6
५२५	6	6	6
६४०	6	6	6
८३०	6	6	6
८५७	6	6	6
८८	6	6	6
८८३	6	6	6
८८९	6	6	5
९६३	6	6	6
अंशहरूमा	5	5	5
अकबर	5	5	5
अखण्डता	5	5	5
अखबार	5	5	5
अगस्त	5	5	5
अगस्तमा	5	5	5
अङ्कबाट	5	5	5
अचाहिँदा	5	5	5
अछामी	5	5	5
अजीर्ण	5	5	5
अञ्चलका	5	5	5
अञ्चलहरू	5	5	5
अटाउने	5	5	5
अटोरिक्सा	5	5	5
अठारौँ	5	5	5
अडेस	5	5	5
अड्कल	5	5	5
अड्याइएको	5	5	5
अतियुक्त	5	5	5
अथाह	5	5	5
अथिति	5	5	5
अदर	5	5	5
अधिकारकर्मी	5	5	5
अधिकारीद्वारा	5	5	5
अधिराज्यमाथि	5	5	5
अध्ययनपछि	5	5	5
अध्यापन	5	5	5
अनन्तर	5	5	5
अनिष्टकारी	5	5	5
अनुचित	5	5	5
अनुपस्थितिमा	5	5	5
अनुप्रयुक्त	5	5	5
अनुमतिपत्र	5	5	5
अनुमोदनको	5	5	5
अनुशासन	5	5	5
अनुसन्धानबाट	5	5	5
अनुसरण	5	5	5
अन्डा	5	5	5
अन्तरदशा	5	5	5
अन्तरालपछि	5	5	5
अन्तिमको	5	5	5
अन्तिमतिर	5	5	5
अन्तु	5	5	5
अन्तुडाँडा	5	5	5
अन्त्यतिर	5	5	5
अन्धराष्ट्रवादी	5	5	5
अन्नाका	5	5	5
अप	5	5	5
अपनाउन	5	5	5
अपनाउनु	5	5	5
अपराधी	5	5	5
अपरेटिङ	5	5	5
अफिस	5	5	5
अफ्रिकाबाट	5	5	5
अफ्रिकालाई	5	5	5
अब्बासी	5	5	5
अभावले	5	5	5
अभिजाततन्त्र	5	5	5
अभिमन्यु	5	5	5
अभिरुचि	5	5	5
अभिरुचिमा	5	5	5
अभिलक्षणहरू	5	5	5
अभिषेकजी	5	5	4
अभिहित	5	5	5
अभूतपूर्व	5	5	5
अमरबहादुर	5	5	5
अमृतको	5	5	5
अम्बा	5	5	5
अरबाह	5	5	5
अरबौँ	5	5	5
अरुचि	5	5	5
अरुचिमा	5	5	5
अरेवा	5	5	5
अर्घाखाँचीको	5	5	5
अर्थका	5	5	5
अर्थव्यवस्थामा	5	5	5
अर्पित	5	5	5
अलबारदेईलाई	5	5	5
अल्पसङ्ख्यक	5	5	5
अल्पाइन	5	5	5
अल्लाहका	5	5	5
अवतारको	5	5	5
अवधिभर	5	5	5
अवधिसम्म	5	5	5
अवलम्बन	5	5	5
अवसरसँगै	5	5	5
अवस्थाबारे	5	5	5
अवस्थासम्म	5	5	5
अवस्थाहरूमा	5	5	5
अविरल	5	5	5
अशान्ति	5	5	5
अश्रु	5	5	5
असहयोग	5	5	5
असामान्य	5	5	5
असिद्धि	5	5	5
असुविधा	5	5	5
अस्कल	5	5	5
अस्टिन	5	5	5
अस्ताउँदो	5	5	5
अस्ति	5	5	5
अस्थिपञ्जर	5	5	5
अस्थिर	5	5	5
अस्थिरता	5	5	5
अस्थिरताका	5	5	5
अहिंसक	5	5	5
अहिल्याको	5	5	5
आँकुरो	5	5	5
आँधीखोला	5	5	5
आँसु	5	5	5
आइए	5	5	5
आइओएस	5	5	5
आइट्युन	5	5	5
आइट्युन्स	5	5	5
आइतवार	5	5	5
आइन्	5	5	4
आइपरेको	5	5	5
आइपर्ने	5	5	5
आइपुगेको	5	5	5
आइरहन्छ	5	5	5
आइरिस	5	5	5
आइसिसि	5	5	5
आउनाले	5	5	5
आउनेको	5	5	5
आएकाले	5	5	5
आकाशवाणी	5	5	5
आकृतिका	5	5	5
आकृती	5	5	5
आक्रमणकारीहरूले	5	5	5
आखिरी	5	5	5
आगन्तुक	5	5	5
आजका	5	5	5
आत्मज्ञान	5	5	5
आत्मप्रकाशन	5	5	5
आदिकालमा	5	5	5
आदिबाट	5	5	5
आदिवासीहरूद्वारा	5	5	5
आदिवासीहरूलाई	5	5	5
आदिवासीहरूले	5	5	5
आनुवंशिकी	5	5	5
आपत्ति	5	5	5
आफन्तहरू	5	5	5
आफुलाई	5	5	5
आफूभित्र	5	5	5
आफैसँग	5	5	5
आयताकार	5	5	5
आयुक्तका	5	5	5
आयोगलाई	5	5	5
आलय	5	5	5
आलो	5	5	5
आलोचनात्मक	5	5	5
आव	5	5	5
आवद्ध	5	5	5
आवश्यकताको	5	5	5
आवश्यकताहरू	5	5	5
आवश्यकताहरूका	5	5	5
आवाजबाट	5	5	5
आवाजले	5	5	5
आवास	5	5	5
आवृत्तिहरू	5	5	5
आशय	5	5	4
आश्चर्यको	5	5	5
आश्वस्त	5	5	5
आहारालाई	5	5	5
इँटा	5	5	5
इच्छुक	5	5	5
इजरायल	5	5	5
इडोको	5	5	5
इदो	5	5	5
इनका	5	5	5
इन्जिनको	5	5	5
इन्टरनेसनलमा	5	5	5
इन्टरफेस	5	5	5
इन्दिवरजी	5	5	5
इन्द्रचोक	5	5	5
इन्द्रचोकमै	5	5	5
इन्द्रप्रस्थ	5	5	5
इन्द्रबहादुर	5	5	5
इन्धनका	5	5	5
इबन	5	5	5
इब्न	5	4	4
इरानका	5	5	5
इलामबाट	5	5	5
इलेक्ट्रोन	5	5	5
इष्ट	5	5	5
इसप	5	5	5
इस्माको	5	5	5
ईन्जिनियरिङ	5	5	5
ईश्वरकुमार	5	5	5
ईश्वरपुत्र	5	5	5
ईश्वरी	5	5	5
ईस्वीमा	5	5	5
उचाइको	5	5	5
उज्यालोको	5	5	5
उठेर	5	5	5
उठ्नुमा	5	5	5
उडानपछि	5	5	5
उड्न	5	5	5
उतार्नु	5	5	5
उत्खनन	5	5	5
उत्तरपश्चिम	5	5	5
उत्पत्तिबारे	5	5	5
उत्रिए	5	5	5
उत्रिएका	5	5	5
उत्साहले	5	5	5
उदाउने	5	5	5
उनैको	5	5	5
उनैद्वारा	5	5	5
उपकप्तान	5	5	5
उपकरणहरूको	5	5	5
उपग्रहको	5	5	5
उपचारको	5	5	5
उपत्यकाभित्र	5	5	5
उपत्यकाले	5	5	5
उपत्यकासँग	5	5	5
उपथरहरू	5	5	5
उपनगरीय	5	5	5
उपनिवेशिक	5	5	5
उपप्रमुख	5	5	5
उपसर्ग	5	5	5
उपस्थितिमा	5	5	5
उपाध्यक्षको	5	5	5
उपायहरूको	5	5	5
उमामहेश्वरको	5	5	5
उमारिन्छ	5	5	5
उम्रिन	5	5	5
उर्जा	5	5	5
उर्दी	5	5	5
उसमाथि	5	5	5
उसिनेपछि	5	5	5
ऋषिकी	5	5	5
एकअर्कामा	5	5	5
एकआपसमा	5	5	5
एकत्र	5	5	5
एकादशीका	5	5	5
एकान्त	5	5	5
एकेडेमी	5	5	5
एकेन्द्र	5	5	5
एकेन्द्रमा	5	5	5
एडवर्ड	5	5	5
एडिसन	5	5	5
एड्सन	5	5	5
एण्ड	5	5	5
एन्जलस	5	5	5
एन्थोनी	5	5	5
एप्लिकेसन	5	5	5
एमालेबाट	5	5	5
एयर	5	5	5
एलन	5	5	5
एल्वा	5	5	5
एसएलसीसम्मको	5	5	5
ऐनालाई	5	5	5
ऐश्वर्या	5	5	5
ओठमा	5	5	5
ओमानका	5	5	5
ओर्लेर	5	5	5
ओसामा	5	5	5
औँसी	5	5	5
औँसीको	5	5	5
और	5	5	5
औषधिमा	5	5	5
कच्चा	5	5	5
कछडिया	5	5	5
कटु	5	5	5
कटौतीमा	5	5	5
कठिनाइहरूको	5	5	5
कतिले	5	5	5
कत्ति	5	5	5
कथाका	5	5	5
कथाकार	5	5	5
कथावस्तु	5	5	5
कदममा	5	5	5
कदापि	5	5	5
कन्ट्री	5	5	5
कपडाले	5	5	5
कपडाहरू	5	5	5
कपन	5	5	5
कमजोरी	5	5	5
कमजोरीको	5	5	5
कमलको	5	5	5
कमाई	5	5	5
कमाण्डर	5	5	5
कमान्डरहरूले	5	5	5
कम्प्युटरका	5	5	5
करिडोरको	5	5	5
करूणा	5	5	5
करोडको	5	5	5
कर्मचारीहरूलाई	5	5	5
कर्मयोगी	5	5	5
कलकत्ताबाट	5	5	5
कलाकारहरूलाई	5	5	5
कलाकारहरूले	5	5	5
कलाकृति	5	5	5
कलामा	5	5	5
कल्याणको	5	5	5
कल्लेरी	5	5	5
कवर	5	5	5
कवोल	5	5	5
कव्वालीमा	5	5	5
काँक्रेविहार	5	5	5
काँक्रो	5	5	5
काखी	5	5	5
काजी	5	5	5
काटिएको	5	5	5
काटिएर	5	5	5
काट्न	5	5	5
काठमाडौ	5	5	5
काण्डले	5	5	5
कानपुरमा	5	5	5
काप्रो	5	5	5
काफलकोट	5	5	5
कामतापुर	5	5	5
कामधेनु	5	5	5
कामपा	5	5	5
कामोत्तेजक	5	5	5
कायस्थ	5	5	5
कारागार	5	5	5
कार्टुनिस्टको	5	5	5
कार्तवीर्यले	5	5	5
कार्बनमा	5	5	4
कार्यक्रमका	5	5	5
कार्यक्षेत्र	5	5	5
कार्यदिशा	5	5	5
कार्यदिशाका	5	5	5
कार्यालयबाट	5	5	5
कालखण्ड	5	5	5
कालापानीको	5	5	5
कालीप्रसाद	5	5	5
काव्यको	5	5	5
काशीको	5	5	5
काष्ठकला	5	5	5
काहीँ	5	5	5
किंवदन्ती	5	5	5
किटिङ	5	5	5
किताबहरू	5	5	4
किनारहरूमा	5	5	5
किन्ने	5	5	5
किफायती	5	5	5
किरणकुमार	5	5	5
किराना	5	5	5
किरीट	5	5	5
किलोग्राम	5	5	5
किलोसम्म	5	5	5
किस्सा	5	5	5
कुकको	5	5	5
कुटीर	5	5	5
कुण्डबाट	5	5	5
कुण्डलीको	5	5	5
कुबाचालाई	5	5	5
कुबेतलाई	5	5	5
कुमाउँनी	5	5	5
कुमुदिनी	5	5	5
कुम्भकर्ण	5	5	5
कुरुराज्य	5	5	5
कुर्नुपर्ने	5	5	5
कुर्सीमा	5	5	5
कुलको	5	5	5
कुलदेवता	5	5	5
कुशलता	5	5	5
कुस्मा	5	5	5
कूटनीति	5	5	5
कृतिबाटै	5	5	5
कृत्तिका	5	5	5
कृषकले	5	5	5
कृष्णपक्षको	5	5	5
केटाले	5	5	5
केतुलाई	5	5	5
केनरा	5	5	5
केन्द्रहरू	5	5	5
केरलमा	5	5	5
केशरमहल	5	5	5
केशवराज	5	5	5
केहि	5	5	5
केहीले	5	5	5
केहीहरू	5	5	5
कोखमा	5	5	5
कोटबाहेक	5	5	5
कोटेश्वर	5	5	5
कोणधारी	5	5	5
कोपिलाको	5	5	5
कोरमा	5	5	5
कोरिएको	5	5	5
कोर्ने	5	5	5
कोर्समा	5	5	5
कोलिन्स	5	5	5
कोलीय	5	5	5
कोलेस्ट्रल	5	5	5
कोषको	5	5	5
कौन	5	5	5
कौरवहरूको	5	5	5
क्या	5	5	5
क्याइम्बिङ	5	5	5
क्यामेरनले	5	5	5
क्याम्पसको	5	5	5
क्यालेन्डर	5	5	5
क्रमबद्ध	5	5	5
क्रान्तिले	5	5	5
क्रिएटिभ	5	5	5
क्रियाकलापले	5	5	5
क्रिस	5	5	5
क्लर्क	5	5	5
क्वाँटी	5	5	5
क्षमतामा	5	5	5
क्षीण	5	5	4
क्षेत्रहरूको	5	5	5
क्षेत्रीको	5	5	5
खटजात्रा	5	5	5
खटलाई	5	5	5
खयरको	5	5	5
खर्ना	5	5	5
खलङ्गादेखि	5	5	5
खलङ्गाबाट	5	5	5
खाइने	5	5	5
खाएपछि	5	5	5
खाद्यपदार्थ	5	5	5
खानीमा	5	5	5
खानेपानीको	5	5	5
खामको	5	5	5
खारिन	5	5	5
खाल्डोमा	5	5	5
खास्टे	5	5	5
खिलजी	5	5	5
खुड्किलो	5	5	5
खुलाएको	5	5	5
खुलेको	5	5	4
खुल्दैन	5	5	5
खेतीहरूको	5	5	5
खेलक्षेत्र	5	5	5
खेलमैदान	5	5	5
खेललाई	5	5	5
खेलाउन	5	5	5
खेलेको	5	5	5
खोकनास्थित	5	5	5
खोक्रो	5	5	4
खोजिदिन	5	5	5
खोप	5	5	5
खोपी	5	5	5
गएमा	5	5	5
गजोले	5	5	5
गढीमा	5	5	5
गणको	5	5	5
गणतन्त्रलाई	5	5	5
गणतान्त्रिक	5	5	5
गणितमा	5	5	5
गतिविधिका	5	5	5
गद्दी	5	5	5
गन्तव्यस्थल	5	5	5
गमला	5	5	5
गराउनमा	5	5	5
गराउनुहोस्	5	5	5
गरिएपछि	5	5	5
गरिरहनुभएको	5	5	5
गरें	5	5	5
गरेकामा	5	5	5
गरेरै	5	5	5
गरेवापत	5	5	5
गर्थिन्	5	5	5
गर्दाको	5	5	5
गर्दाखेरि	5	5	5
गर्दैछु	5	5	5
गर्नुहुन	5	5	5
गर्नेछु	5	5	5
गर्भ	5	5	5
गर्यौँ	5	5	5
गल्छी	5	5	5
गल्फकोर्स	5	5	5
गहिरा	5	5	5
गाँठागुठी	5	5	5
गाँठो	5	5	5
गाइघाट	5	5	5
गाईवस्तु	5	5	5
गाउँबाटै	5	5	5
गाएर	5	5	5
गाडिएको	5	5	5
गाना	5	5	5
गायकको	5	5	5
गालीगलौज	5	5	5
गाविसहरूमा	5	5	5
गिनिज	5	5	5
गिन्ती	5	5	5
गिरावट	5	5	5
गीता	5	5	5
गुगलले	5	5	5
गुजारा	5	5	5
गुणन	5	5	5
गुणलाई	5	5	5
गुणसूत्रहरूको	5	5	5
गुना	5	5	5
गुरुज्यू	5	5	5
गुरुबाट	5	5	5
गेडालाई	5	5	5
गैँडाकोट	5	5	5
गोठ	5	5	5
गोडाको	5	5	5
गोडामा	5	5	5
गोत्रको	5	5	5
गोपालसिंह	5	5	5
गोराहरूको	5	5	5
गोरी	5	5	5
गोलप्रति	5	5	5
गोल्डन	5	5	5
गौतमज्यू	5	5	4
गौतमद्वारा	5	5	5
गौरमा	5	5	5
ग्रन्थहरूबाट	5	5	5
ग्लास	5	5	5
ग्लीमा	5	5	5
घटनाक्रम	5	5	5
घटनापछि	5	5	5
घटाउन	5	5	5
घट्न	5	5	5
घडा	5	3	3
घनमिटर	5	5	5
घरतर्फ	5	5	5
घरायसी	5	5	5
घाइतेहरूलाई	5	5	5
घाटबाट	5	5	5
घाटीमा	5	5	5
घाममा	5	5	5
घायल	5	5	5
घुमफिर	5	5	5
घुमाउन	5	5	5
घुमाउने	5	5	5
घुर्ने	5	5	5
घेरेर	5	5	5
घोलिन्छ	5	5	5
घोषणाको	5	5	5
घोषणासम्म	5	5	5
घ्याम्पोमा	5	5	5
चक्का	5	5	5
चक्रको	5	5	5
चटकारे	5	5	5
चड्डा	5	5	5
चढाइने	5	5	5
चना	5	5	5
चन्द्रमती	5	5	5
चन्द्रसिंह	5	5	5
चमेरे	5	5	5
चम्कन	5	5	5
चर्केको	5	5	5
चर्चको	5	5	5
चर्बीको	5	5	5
चल	5	5	5
चलचित्रलाई	5	5	5
चलचित्रहरूको	5	5	5
चलाउँदा	5	5	5
चलि	5	5	5
चलिआएको	5	5	5
चलिरहन्छ	5	5	5
चल्दो	5	5	5
चाडको	5	5	5
चाडमा	5	5	5
चाडलाई	5	5	5
चापागाईँद्वारा	5	5	5
चारवटै	5	5	5
चारैतर्फको	5	5	5
चारैतिरबाट	5	5	5
चालु	5	5	5
चालेको	5	5	5
चाहन्छ	5	5	5
चाहेका	5	5	5
चितवनमा	5	5	5
चितुवा	5	5	5
चित्रकार	5	5	5
चित्रकारी	5	5	5
चित्रलाई	5	5	5
चित्रहरूको	5	5	5
चित्रहरूमा	5	5	5
चिनाउने	5	5	5
चिनामा	5	5	5
चिनिएका	5	5	5
चिन्तक	5	5	5
चिन्ने	5	5	5
चिन्ह	5	5	5
चिराइतो	5	5	5
चिललाई	5	5	5
चीन	5	5	5
चुचुरामा	5	5	5
चुडानाथ	5	5	5
चुनिनुभएको	5	5	5
चुस्न	5	5	5
चुस्ने	5	5	5
चूडामणि	5	5	5
चेतनामा	5	5	5
चोक	5	5	5
चोला	5	5	5
चौक	5	5	5
चौबीसी	5	5	5
च्याम्पटीलाई	5	5	5
च्याम्पेन्ज	5	5	5
छँदैछ	5	5	5
छन्दमा	5	5	5
छपरा	5	5	5
छल्न	5	5	5
छवटा	5	5	5
छविहरू	5	5	5
छाँगो	5	5	5
छाउपडी	5	5	5
छाडी	5	5	5
छाड्न	5	5	5
छात्रावासमा	5	5	5
छापिन	5	5	5
छाप्न	5	5	5
छायाँमा	5	5	5
छालिङ	5	5	5
छिपिटार	5	5	5
छुट्टी	5	5	5
छुट्याउन	5	5	5
छुट्याउने	5	5	5
छुट्यो	5	5	5
छुनु	5	5	5
छुने	5	5	5
छेउछाउका	5	5	5
छेपारो	5	5	4
छोड	5	5	4
छोडपत्र	5	5	5
छोडपत्रको	5	5	5
छोतकी	5	5	5
छोयो	5	5	5
छोरीसित	5	5	5
जगाउनु	5	5	5
जग्गाको	5	5	5
जङ्गलहरू	5	5	5
जडिबुटीहरू	5	5	5
जडेर	5	5	5
जता	5	5	5
जनकपुरधाममा	5	5	5
जनगणनामा	5	5	5
जनजातिलाई	5	5	5
जनताद्वारा	5	5	5
जनप्रिय	5	5	5
जनमुखी	5	5	5
जनश्रुति	5	5	5
जनसमुदायको	5	5	5
जनसहभागिता	5	5	5
जन्ती	5	5	5
जन्मनुभएकी	5	5	5
जन्मिई	5	5	5
जन्मिएको	5	5	5
जन्मेर	5	5	5
जमदग्नीको	5	5	5
जमात	5	5	5
जम्मु	5	5	5
जयसिंह	5	5	5
जरामा	5	5	5
जलको	5	5	5
जलप	5	5	5
जलेर	5	5	5
जवानहरू	5	5	5
जवाफदेही	5	5	5
जहाँसम्म	5	5	5
जहिल्यै	5	5	5
जाँदाजाँदै	5	5	5
जागीर	5	5	5
जाजरकोटको	5	5	5
जातकलाई	5	5	5
जादु	5	5	5
जानेका	5	5	5
जान्दिन	5	5	5
जालझेल	5	5	5
जालपादेवी	5	5	5
जावीले	5	5	5
जितपुर	5	5	5
जिता	5	5	5
जितियो	5	5	5
जिब्राउन	5	5	5
जिम्मेदार	5	5	5
जिल्लामै	5	5	5
जिल्लाहरूका	5	5	5
जीर्णोद्धार	5	5	5
जीवनप्रेम	5	5	5
जीवनस्तर	5	5	5
जीवाणुलाई	5	5	5
जुटे	5	5	5
जुठो	5	5	5
जुलुसमा	5	5	5
जेलभित्र	5	5	5
जोगाउन	5	5	5
जोगाउने	5	5	5
जोगी	5	5	5
जोडीमध्ये	5	5	5
जोड्दै	5	5	5
जोड्नु	5	5	5
जोर	5	5	4
जोश	5	5	5
जोसुकै	5	5	5
जोसेफ	5	5	5
ज्ञानविज्ञान	5	5	5
ज्ञानु	5	5	5
ज्ञानेन्द्रबहादुर	5	5	5
ज्यादातर	5	5	5
ज्यामिति	5	5	5
ज्योतिषशास्त्र	5	5	5
ज्वाइँ	5	5	5
ज्वार	5	5	5
ज्वाला	5	5	5
झम्झमा	5	5	5
झरेर	5	5	5
झाडीका	5	5	5
झुप्रा	5	5	5
झुमरी	5	5	5
झोडा	5	5	5
झोप्क्यो	5	5	5
झ्यालहरू	5	5	5
टकटक	5	5	5
टर्चका	5	5	5
टर्चवाला	5	5	5
टर्न	5	5	5
टस	5	5	5
टाएरी	5	5	5
टाग्पा	5	5	5
टाढाको	5	5	5
टायल	5	5	5
टारहरू	5	5	5
टिएच	5	5	5
टिकेको	5	5	5
टिभी	5	5	5
टिमुरे	5	5	5
टुप्पी	5	5	5
टेकनपुर	5	5	5
टेक्स्ट	5	5	5
टेनिस	5	5	5
टेबलमा	5	5	5
टेम्पलेटलाई	5	5	5
टेम्प्लेटले	5	5	5
टेरेसा	5	5	4
टेलिकमको	5	5	5
टेलिचलचित्रमा	5	5	5
टेलिफोनको	5	5	5
टेलिभिजनबाट	5	5	5
टेलिभिजनले	5	5	5
टोकाइबाट	5	5	5
टोकेर	5	5	5
टोलका	5	5	5
ट्रायल	5	5	5
ठप्प	5	5	5
ठाँटी	5	5	5
ठाउँका	5	5	5
ठाउँहरूमा	5	5	5
ठुटा	5	5	5
ठेक्का	5	5	5
ठेगानाबाट	5	5	5
ठोकिएर	5	5	5
ठोकेर	5	5	4
डङ्का	5	5	5
डट	5	5	5
डनलाई	5	5	5
डरको	5	5	5
डरमुक्त	5	5	5
डलरभन्दा	5	5	5
डाँडाको	5	5	5
डाम्बा	5	5	5
डिनर	5	5	5
डिम्ब	5	5	5
डुबाई	5	5	5
डुबाउँदा	5	5	5
डेनदेखि	5	5	5
डेमोसेल	5	5	5
डेस्कटप	5	5	5
डोय	5	5	5
डोलीबाजा	5	5	5
ढकढक्याउँदै	5	5	5
ढकालको	5	5	5
ढङ्गबाट	5	5	5
ढाक्दछ	5	5	5
ढुङ्गाना	5	5	5
ढुङ्गाले	5	5	5
ढुङ्ग्रोमा	5	5	5
ढुण्डिराज	5	5	5
ढुवानी	5	5	5
ढोडेनी	5	5	5
तटवर्ती	5	5	5
तताउने	5	5	5
तत्त्वले	5	5	5
तत्सम	5	5	5
तथाकथित	5	5	5
तथ्यमा	5	5	5
तथ्यहरू	5	5	5
तन	5	5	5
तनावको	5	5	5
तन्त्रको	5	5	5
तप	5	5	5
तपसी	5	5	5
तपाईँकै	5	5	5
तमोर	5	5	5
तमौरा	5	5	5
तम्घास	5	5	5
तरङ्गहरू	5	5	5
तरङ्गहरूको	5	5	5
तराइको	5	5	5
तराईका	5	5	5
तरूनी	5	5	5
तरेपछि	5	5	5
तर्नु	5	5	5
तर्फगेनिक	5	5	5
तर्साउनु	5	5	5
तलबको	5	5	5
तलैया	5	5	5
तवरमा	5	5	5
तवरले	5	5	5
तस्मानिया	5	5	5
ताओ	5	5	5
ताकुकोट	5	5	5
तातोपानी	5	5	5
तानमा	5	5	5
तानसेनमा	5	5	5
तानेको	5	5	5
तापमानमा	5	5	5
तामाङहरूले	5	5	5
तामाबाट	5	5	5
ताराको	5	5	5
तारापुञ्जहरू	5	5	5
तालुमा	5	5	5
तिखा	5	5	5
तिनवटा	5	5	5
तिनीहरूमा	5	5	5
तिब्बतीहरूको	5	5	5
तिमीको	5	5	5
तिलक	5	5	5
तिवारीद्वारा	5	5	5
तीर्थस्थलका	5	5	5
तीर्थालुहरू	5	5	5
तुरन्त	5	5	5
तुरून्तै	5	5	5
तुल्याउन	5	5	5
तेजस्वी	5	5	5
तेन्दुलकर	5	5	5
तेरे	5	5	5
तेस्रोमा	5	5	5
त्यतिकै	5	5	5
त्यतिखेरको	5	5	5
त्यतिबेलासम्म	5	5	5
त्यसकै	5	5	5
त्यसमाथि	5	5	5
त्यसैबाट	5	5	5
त्याग्दछ	5	5	5
त्रिचि	5	5	5
थपिँदा	5	5	5
थला	5	5	5
थापाकी	5	5	5
थाम	5	5	5
थालिसकेका	5	5	5
थाल्नुभएका	5	5	5
थुम्कोमा	5	5	5
थैलो	5	5	5
थोप्लाहरू	5	5	5
दक्षिणबाहु	5	5	5
दण्डात्मक	5	5	5
दण्डित	5	5	5
दबावको	5	5	5
दरबारहरू	5	5	5
दरवारमा	5	5	5
दर्शकहरूलाई	5	5	5
दर्शनीय	5	5	5
दलमा	5	5	5
दलाई	5	5	5
दशकपछि	5	5	5
दशाहरू	5	5	5
दहसम्म	5	5	5
दाइ	5	5	5
दाग	5	5	5
दागसमेत	5	5	5
दाङमा	5	5	5
दानी	5	5	5
दाप्चा	5	5	5
दामुपालको	5	5	5
दायाँबायाँ	5	5	5
दालचिनी	5	5	5
दिँदैनथे	5	5	5
दिइएका	5	5	5
दिइयोस्	5	5	5
दिएकोमा	5	5	5
दिनदिन	5	5	5
दिनहरू	5	5	5
दिनुहुन	5	5	5
दिन्थे	5	5	5
दिन्थ्यो	5	5	5
दिमागमा	5	5	5
दिलाउन	5	5	5
दिलाएका	5	5	5
दीक्षा	5	5	5
दीपक	5	5	5
दुःखद	5	5	5
दुईतिर	5	5	5
दुधालु	5	5	5
दुनियामा	5	5	5
दुबईमा	5	5	5
दुबैमा	5	5	5
दुर्गाकै	5	5	5
दुर्व्यवहार	5	5	5
दुलालले	5	5	5
दुष्यन्तलाई	5	5	5
दूर	5	5	5
दूषित	5	5	5
दृश्यावलोकन	5	5	5
दृष्टिकोणबाट	5	5	5
दृष्टिगत	5	5	5
दृष्टिबिन्दुमा	5	5	5
देउरालीमा	5	5	5
देखाउँछन्	5	5	5
देखाउँदा	5	5	5
देखाए	5	5	5
देखापरेका	5	5	5
देखावटी	5	5	5
देखिँदै	5	5	5
देखिएन	5	5	5
देख्छन्	5	5	5
देख्यो	5	5	4
देवकोटालाई	5	5	5
देवताहरूसमेत	5	5	5
देवदह	5	5	5
देवनिया	5	5	5
देवीदेवता	5	5	5
देवीप्रसाद	5	5	5
देशान्तर	5	5	5
दैत्यहरूको	5	5	5
दैवीय	5	5	5
दौरमा	5	5	5
दौरान	5	5	5
दौरामाथि	5	5	5
द्वन्द	5	5	5
द्वन्द्वको	5	5	5
द्वन्द्वलाई	5	5	5
द्वैमासिक	5	5	5
धम्काउनु	5	5	5
धरतीको	5	5	5
धरान	5	5	5
धर्मग्रन्थ	5	5	5
धर्मश्री	5	5	5
धर्महरू	5	5	5
धर्मावलम्बीहरूका	5	5	5
धाएर	5	5	5
धातुको	5	5	5
धारबाट	5	5	4
धारिलो	5	5	5
धिर	5	4	4
धुवाँ	5	5	5
धेरैभन्दा	5	5	5
ध्रुवीय	5	5	5
ध्वजाले	5	5	5
नक्षत्रहरू	5	5	5
नक्षेत्र	5	5	5
नगरका	5	5	5
नगरकोटबाट	5	5	5
नगरले	5	5	5
नगेन्द्र	5	5	5
नचल्ने	5	5	5
नजिकैको	5	5	5
नदिमा	5	5	5
नन्दा	5	5	5
नपुगी	5	5	5
नबिन	5	5	5
नभएपछि	5	5	5
नमान्ने	5	5	5
नमार	5	5	5
नमिल्ने	5	5	5
नया	5	5	5
नयाँपन	5	5	5
नरदेव	5	5	5
नरहरि	5	5	5
नरहे	5	5	5
नराम्रा	5	5	5
नर्स	5	5	5
नवरात्रीमा	5	5	5
नहुन	5	5	5
नहोला	5	5	5
नाई	5	5	5
नाकको	5	5	5
नाका	5	5	5
नागरिकको	5	5	5
नागरिकहरूको	5	5	5
नागी	5	5	5
नाङपाला	5	5	5
नाचगानको	5	5	5
नाटकको	5	5	5
नाटकहरूमा	5	5	5
नाट्यशास्त्र	5	5	5
नातिनी	5	5	5
नान्यदेव	5	5	5
नापी	5	5	5
नाप्ने	5	5	5
नाबालक	5	5	5
नामकरणदेखि	5	5	5
नामी	5	5	5
नायकका	5	5	5
नायिकाका	5	5	5
नारायणको	5	5	5
नारायणहिटी	5	5	5
नारीमाथि	5	5	5
नारीले	5	5	5
नासोका	5	5	5
निकायको	5	5	5
निकालेका	5	5	5
निकालेको	5	5	5
निकाल्नु	5	5	5
निकेतन	5	5	5
निजको	5	5	5
निदाउँदैनथेँ	5	5	5
निधनसँगै	5	5	5
निबन्धहरूलाई	5	5	5
नियमहरू	5	5	5
नियमहरूको	5	5	5
नियमहरूमा	5	5	5
नियोजन	5	5	5
नियोजनको	5	5	5
नियोजित	5	5	5
निरन्तरताको	5	5	5
निरपेक्ष	5	5	5
निराकरण	5	5	5
निरुक्त	5	5	5
निरुक्तकार	5	5	5
निर्गुण	5	5	5
निर्जन	5	5	5
निर्जीव	5	5	5
निर्णयलाई	5	5	5
निर्दलीय	5	5	5
निर्धन	5	5	5
निर्माणस्थलमा	5	5	5
निर्यातमा	5	5	5
निर्वाचनपछि	5	5	5
निर्वाचिकाका	5	5	5
निर्वार्चित	5	5	5
निर्वासन	5	5	5
निलो	5	5	5
निवारक	5	5	5
निषेचित	5	5	5
निस्क्रिय	5	5	5
नुनिलो	5	5	5
नुहाएर	5	5	5
नेटवर्क	5	5	5
नेपालद्वारा	5	5	5
नेपालभाषा	5	5	5
नेपालीका	5	5	5
नेभर	5	3	3
नेभिगेसन	5	5	5
नेवारले	5	5	5
नैसर्गिक	5	5	5
न्युजिल्यान्ड	5	5	5
न्युटन	5	5	5
न्युट्रोन	5	5	5
न्युरोडमा	5	5	5
पकवान	5	5	5
पकाएको	5	5	5
पक्षबारे	5	5	5
पङ्क्ति	5	5	5
पछाडिपट्टि	5	5	5
पछ्यौरी	5	5	5
पञ्चतत्त्व	5	5	5
पञ्चासे	5	5	5
पटकसम्म	5	5	5
पटि	5	5	5
पटियालाको	5	5	5
पटिहानि	5	5	5
पठन	5	5	5
पढाइका	5	5	5
पढाउँथे	5	5	5
पढाउनुपर्छ	5	5	5
पढाए	5	5	5
पढिरहेका	5	5	5
पढ्थे	5	5	5
पणेना	5	5	5
पतञ्जलिको	5	5	5
पत्रक	5	5	5
पत्रहरूमा	5	5	5
पदका	5	5	5
पदभार	5	5	5
पदमपोखरी	5	5	5
पदवियोग	5	5	5
पदवियोगका	5	5	5
पदवियोगमा	5	5	5
पदहरूमा	5	5	5
पदार्थहरूलाई	5	5	5
पद्मकन्या	5	5	5
पनौतीमा	5	5	5
पनौतीलाई	5	5	5
पन्ध्रौँ	5	5	5
पब्लिक	5	5	5
परकीय	5	5	5
परिचर्चा	5	5	5
परिणामका	5	5	5
परिपत्र	5	5	5
परिपूर्ण	5	5	5
परिप्रेक्ष्यमा	5	5	5
परिमार्जित	5	5	5
परियोजनालाई	5	5	5
परिवारजनको	5	5	5
परिवारसँग	5	5	5
परिवारहरूको	5	5	5
परिवेशको	5	5	5
परिषद्ले	5	5	5
परिस्थिति	5	5	5
परीक्षणपछि	5	5	5
परेवादिन	5	5	5
पर्वलाई	5	5	5
पलाञ्चोक	5	5	5
पलायन	5	5	5
पशुपतिनाथ	5	5	5
पशुपतिनाथले	5	5	5
पशुपालन	5	5	5
पश्चिमा	5	5	5
पहाडबाट	5	5	5
पहाडहरू	5	5	5
पहाडहरूले	5	5	5
पहिचानमा	5	5	5
पहेँला	5	5	5
पाइँदो	5	5	5
पाउँछु	5	5	5
पाउँछौ	5	5	5
पाउँदै	5	5	5
पाएन	5	5	5
पाओस्	5	5	5
पाकिस्तानले	5	5	5
पाक्यो	5	5	5
पाङमा	5	5	5
पाछा	5	5	5
पाठशाला	5	5	5
पाठहरू	5	5	5
पातका	5	5	5
पातले	5	5	5
पान	5	5	5
पानाहरू	5	5	5
पानाहरूमा	5	5	5
पानीभित्रको	5	5	5
पानीमाथि	5	5	5
पापबाट	5	5	5
पारङ्गत	5	5	5
पारदर्शिता	5	5	5
पारिए	5	5	5
पार्छ	5	5	5
पार्टीहरूका	5	5	5
पार्नुपर्ने	5	5	5
पालनकार	5	5	5
पालेका	5	5	5
पिउनु	5	5	5
पिकनिक	5	5	5
पिण्डको	5	5	5
पिताजी	5	5	5
पित्तलाई	5	5	5
पिनिएको	5	5	5
पिर	5	5	5
पिसेर	5	5	5
पीठको	5	5	5
पीडामा	5	5	5
पुगेकी	5	5	5
पुग्दैन	5	5	5
पुग्नका	5	5	5
पुग्नुभयो	5	5	5
पुछारमा	5	5	5
पुजारीहरू	5	5	5
पुज्ने	5	5	5
पुतली	5	5	5
पुत्री	5	5	5
पुनःप्राप्त	5	5	5
पुनर्स्थापन	5	5	5
पुरस्कारका	5	5	5
पुरस्कारबाट	5	5	5
पुरी	5	5	5
पुरुषार्थमा	5	5	5
पुरूषहरूले	5	5	5
पुरोहित	5	5	5
पुर्ख्यौली	5	5	5
पुर्याएका	5	5	5
पुष्पकमल	5	5	5
पुष्पा	5	5	5
पुस्तकहरूमध्ये	5	5	5
पुस्तकहरूमा	5	5	5
पुस्ताको	5	5	5
पुस्ताले	5	5	5
पुस्तासम्म	5	5	5
पुस्ताहरूले	5	5	5
पूजापाठ	5	5	5
पूजाबाट	5	5	5
पूर्णरूपले	5	5	5
पूर्णिया	5	5	5
पूर्वजहरू	5	5	5
पूर्वपट्टि	5	5	5
पूर्वाधारबाट	5	5	5
पृथु	5	5	5
पृथ्वीनगर	5	5	5
पृथ्वीभन्दा	5	5	5
पेट्रोलियम	5	5	5
पेपर	5	5	5
पेरिल	5	5	5
पेलेलाई	5	5	5
पेशा	5	5	5
पेसा	5	5	5
पोखरेल	5	5	5
पोटर	5	5	5
पोल	5	5	5
पौडेलहरू	5	5	5
पौड्याल	5	5	5
पौड्यालको	5	5	4
पौराही	5	5	5
प्याङका	5	5	5
प्याराकिट	5	5	5
प्युठानमा	5	5	5
प्युठानलाई	5	5	5
प्रकरण	5	5	5
प्रकरणमा	5	5	5
प्रकाशनद्वारा	5	5	5
प्रकाशनमा	5	5	5
प्रकाशिनी	5	5	5
प्रगतिवादी	5	5	5
प्रचण्डको	5	5	5
प्रचारलाई	5	5	5
प्रचीन	5	5	5
प्रजाको	5	5	5
प्रजातिमा	5	5	5
प्रणालीलाई	5	5	5
प्रतिक्रियावादी	5	5	5
प्रतिद्वन्द्वीलाई	5	5	5
प्रतिभाका	5	5	5
प्रतिमालाई	5	5	5
प्रतियोगिताहरूमा	5	5	5
प्रतिशतको	5	5	5
प्रतिष्ठानद्वारा	5	5	5
प्रतिस्पर्धाको	5	5	5
प्रतिस्पर्धाले	5	5	5
प्रत्यारोपसमेत	5	5	5
प्रत्येकलाई	5	5	5
प्रथमपटक	5	5	5
प्रथाहरूबाट	5	5	5
प्रधानपञ्च	5	5	5
प्रधानले	5	5	5
प्रनानि	5	5	5
प्रमण्डल	5	5	5
प्रयत्नरत	5	5	5
प्रयासले	5	5	5
प्रयासहरू	5	5	5
प्रलोभ	5	5	5
प्रविधिमा	5	5	5
प्रशासनका	5	5	5
प्रशिक्षित	5	5	5
प्रस्तावमा	5	5	5
प्रागैतिहासिक	5	5	5
प्राणीमा	5	5	5
प्राप्तिको	5	5	5
प्रायोजक	5	5	5
प्रिया	5	5	5
प्रेत	5	5	4
प्रेमीका	5	5	5
प्रेरक	5	5	5
प्रेसको	5	5	5
प्रेसमा	5	5	5
प्रोटोनहरूको	5	5	5
प्रोत्साहित	5	5	5
प्रौढ	5	5	5
प्लेग	5	5	5
प्वाङ	5	5	5
फकाउन	5	5	5
फड्को	5	5	5
फन्को	5	5	5
फन्ट	5	5	5
फरिया	5	5	5
फरियादी	5	5	5
फर्किन्छन्	5	5	5
फर्केका	5	5	5
फलदायी	5	5	5
फलबाट	5	5	5
फलसँग	5	5	5
फलिफाप	5	5	5
फल्छ	5	5	5
फस्ट	5	5	5
फागुनको	5	5	5
फाल्ने	5	5	5
फितलो	5	5	5
फिलिपिनो	5	5	5
फिल्मी	5	5	5
फुटको	5	5	5
फुटेको	5	5	5
फुपू	5	5	5
फुरेको	5	5	5
फुलेक	5	5	5
फुलेको	5	5	5
फुल्छ	5	5	5
फुस्रो	5	5	5
फैलिए	5	5	5
फैलेको	5	5	5
फोनको	5	5	5
फोनबाट	5	5	5
फौजमा	5	5	5
फौजी	5	5	5
फ्याँकिदिन्छ	5	5	4
फ्याक्ट्री	5	5	5
फ्रक	5	5	5
फ्रि	5	5	5
फ्लावर	5	5	5
बगेर	5	5	5
बङ्गलादेशलाई	5	5	5
बच्ची	5	5	5
बजाउन	5	5	5
बजेको	5	5	5
बटन	5	5	5
बढीमा	5	5	5
बढ्ता	5	5	4
बढ्नेछ	5	5	5
बताएपछि	5	5	5
बत्तीसौँ	5	5	5
बदल्दै	5	5	5
बनाउँदछन्	5	5	5
बनारस	5	5	5
बनेकी	5	5	5
बनेगा	5	5	5
बन्दैछ	5	5	5
बन्ध	5	5	5
बन्धनमा	5	5	5
बन्नका	5	5	5
बबल	5	5	5
बलबहादुर	5	5	5
बलशाली	5	5	5
बलिउडका	5	5	5
बल्ने	5	5	5
बसाएको	5	5	5
बस्दैन	5	5	5
बस्नेले	5	5	5
बहिनीमा	5	5	5
बहिनीले	5	5	5
बहुदल	5	5	5
बहुदलको	5	5	5
बहुभाषिक	5	5	5
बाँकेको	5	5	5
बाँडिएका	5	5	5
बाँडेर	5	5	5
बाँड्ने	5	5	5
बाँधिएको	5	5	5
बाँधिन्	5	5	5
बाजेले	5	5	5
बाटामा	5	5	5
बाबजुद	5	5	5
बार्सेलोनाले	5	5	5
बालकलाकारको	5	5	5
बालबालिकाहरूलाई	5	5	5
बालिग	5	5	5
बाल्ने	5	5	5
बासिन्दाबाट	5	5	5
बाहिरिनु	5	5	5
बाहुला	5	5	5
बाह्रवटा	5	5	5
बिग्रिन्छन्	5	5	5
बिग्रियो	5	5	5
बिताइरहेको	5	5	5
बिनोद	5	5	5
बिपी	5	5	5
बियोले	5	5	5
बिरामीले	5	5	5
बिरालो	5	5	5
बिरुवाहरू	5	3	3
बिरुवाहरूमा	5	5	5
बिल्कुल	5	5	5
बिस	5	5	5
बिहानै	5	5	5
बीए	5	5	5
बुकमा	5	5	5
बुझाउन	5	5	5
बुझे	5	5	5
बुद्धका	5	5	5
बुद्धि	5	5	5
बुद्धिसागरद्वारा	5	5	5
बुबाले	5	5	5
बे	5	5	5
बेँसी	5	5	5
बेइजिङ	5	5	5
बेक्ह्याम	5	5	5
बेची	5	5	5
बेच्न	5	5	5
बेर्ना	5	5	5
बेलको	5	5	5
बेलासम्म	5	5	5
बेलुकीको	5	5	5
बेस	5	5	5
बैशाखदेखि	5	5	5
बोकेका	5	5	5
बोधिसत्व	5	5	5
बोल	5	5	5
बोलेको	5	5	5
बोल्ड	5	5	5
बोल्नु	5	5	5
बौद्धिकता	5	5	5
बौफिन	5	5	5
ब्यारेक	5	5	5
ब्युरोक्र्याट	5	5	4
ब्रह्मचारीले	5	5	5
ब्राजिलमा	5	5	5
ब्राजिलियन	5	5	5
ब्राह्मणकी	5	5	5
ब्रेक	5	5	5
ब्लगिङ	5	5	5
ब्लुज	5	5	5
ब्ल्यु	5	5	5
भइहाल्छ	5	5	5
भएतापनि	5	5	5
भएसँगै	5	5	5
भएसरह	5	5	5
भक्तपुरबाट	5	5	5
भट्टराईले	5	5	5
भड्कियो	5	5	5
भण्डारीले	5	5	5
भत्काइएका	5	5	4
भत्काउँदै	5	5	5
भनिएका	5	5	5
भनिन्छन्	5	5	5
भनेअनुसार	5	5	5
भन्नेमा	5	5	5
भयानक	5	5	5
भरखरै	5	5	5
भर्ति	5	5	5
भलायोको	5	5	5
भवनहरूको	5	5	5
भष्मासुर	5	5	5
भाँडोको	5	5	5
भाँति	5	3	3
भागका	5	5	5
भाडा	5	5	5
भाद्रकृष्ण	5	5	5
भान्सामा	5	5	5
भारततिर	5	5	5
भारलाई	5	5	5
भालाका	5	5	5
भाषणहरूमा	5	5	5
भाषाले	5	5	5
भाषासम्बन्धी	5	5	5
भिमान	5	5	4
भिराला	5	5	5
भुक्तान	5	5	5
भुटेको	5	5	5
भूकम्पका	5	5	5
भूमे	5	5	5
भूसंरक्षण	5	5	5
भेटिनु	5	5	5
भेटियो	5	5	5
भेलामा	5	5	5
भोगी	5	5	5
भोग्न	5	5	5
भोग्नुपर्छ	5	5	5
भोजभतेर	5	5	5
भोलिबाट	5	5	5
भोल्टको	5	5	5
भ्याए	5	5	5
मक्का	5	5	5
मगध	5	5	5
मगरले	5	5	5
मङ्गलमा	5	5	5
मजगैयाँ	5	5	5
मजदुरका	5	5	5
मठमन्दिरमा	5	5	5
मण्डन	5	5	5
मण्डेला	5	5	5
मतदानद्वारा	5	5	5
मदत	5	5	5
मदुरै	5	5	5
मद्दतबाट	5	5	5
मध्यदेखि	5	5	5
मध्यपुर	5	5	5
मनन	5	5	5
मनाइएको	5	5	5
मनाउनका	5	5	5
मनुष्यले	5	5	5
मनोज	5	5	5
मनोहर	5	5	5
मन्त्रिपरिषद्	5	5	5
मन्दिरहरूमध्ये	5	5	5
मन्दिरहरूमा	5	5	5
मर्जी	5	5	5
मलामीलाई	5	5	5
महत्तम	5	5	5
महत्त्वका	5	5	5
महसुल	5	5	5
महादेवलाई	5	5	5
महादेवले	5	5	5
महादेशका	5	5	5
महायज्ञ	5	5	5
महालक्ष्मी	5	5	5
महालक्ष्मीले	5	5	5
महाव्रत	5	5	5
महासन्धिका	5	5	5
महासन्धिलाई	5	5	5
महिनाहरूको	5	5	5
महिलाहरूका	5	5	5
महेशपुर	5	5	5
महेशविक्रम	5	5	5
महोत्सवमा	5	5	5
मह्कुमा	5	5	5
माइक	5	5	5
माइतीको	5	5	5
माउरी	5	5	5
माओवादीसँग	5	5	5
मागेर	5	5	5
माछामा	5	5	5
माझमा	5	5	5
माझी	5	5	5
मातृवंश	5	5	5
मादी	5	5	5
माधवप्रसाद	5	5	5
माध्यममा	5	5	5
मानक	5	5	5
मानको	5	5	5
मानगृह	5	5	5
मानवताको	5	5	5
मानवद्वारा	5	5	5
मानवले	5	5	5
मानिनु	5	5	5
मान्छेका	5	5	5
मान्छेबाट	5	5	5
मान्यतामा	5	5	5
मान्यताहरूका	5	5	5
मारिएका	5	5	5
मारे	5	5	4
मार्गदेखि	5	5	5
मार्गहरूमा	5	5	5
मार्चको	5	5	5
मावली	5	5	5
मास्के	5	5	5
मिटरभन्दा	5	5	5
मिडियाले	5	5	5
मित्रले	5	5	5
मित्रहरूलाई	5	5	5
मियाग	5	5	5
मिलाएका	5	5	5
मिश्रणको	5	5	5
मिश्रले	5	5	5
मिसनको	5	5	5
मिसिएका	5	5	5
मिसिन	5	5	5
मिस्टर	5	4	4
मुकुट	5	5	5
मुक्तेश्वर	5	5	5
मुखगत	5	5	5
मुख्यालयमा	5	5	5
मुटुमा	5	5	5
मुड	5	5	5
मुद्दाहरूलाई	5	5	5
मुनिले	5	5	5
मुलुकमा	5	5	5
मुस्किल	5	5	5
मुहान	5	5	5
मूर्तिले	5	5	5
मूर्ती	5	5	5
मूलकी	5	5	5
मृगशिरा	5	5	5
मृत्युदण्ड	5	5	5
मेगाहर्ज	5	5	5
मेटाउनु	5	5	5
मेथड्स	5	5	5
मेलबर्न	5	5	5
मेहसि	5	5	5
मो	5	5	5
मोडेर	5	5	5
मोतीराम	5	5	5
मोबाइलको	5	5	5
मोर्गन	5	5	5
मोर्चाहरूको	5	5	5
मोहडा	5	5	5
मोहनविक्रम	5	5	5
मोही	5	5	5
मौकामा	5	5	5
मौलाएको	5	5	5
मौलिकता	5	5	5
मौसमी	5	5	5
म्यागको	5	5	5
म्याच	5	5	5
म्याड्रिड	5	5	5
यङले	5	5	5
यज्ञको	5	5	5
यथार्थको	5	3	3
यलमाया	5	5	5
यल्दौज	5	5	5
यशोधरा	5	5	5
यसप्रति	5	5	5
यसमाथि	5	5	5
यस्को	5	5	5
यहाँले	5	5	5
याट	5	5	5
यात्रालाई	5	5	5
यात्रुका	5	5	5
यादवले	5	5	5
यान्त्रिक	5	5	5
यान्त्रिकी	5	5	5
यास्क	5	5	5
यिनीहरूका	5	5	5
यीमध्ये	5	5	5
युगचेतनाको	5	5	5
युद्धविराम	5	5	5
युनिभर्सिटीका	5	5	5
युनिभर्सिटीबाट	5	5	5
युनिभर्सिटीसँग	5	5	5
युनियनका	5	5	5
युनियनहरूको	5	5	5
युरोपीय	5	5	5
युवाहरूको	5	5	5
योगका	5	5	5
योजनालाई	5	5	5
योजनाहरूको	5	5	5
योनिको	5	5	5
यौगिकहरूमा	5	5	5
रक्तचाप	5	5	5
रगतले	5	5	5
रचनाकार	5	5	5
रचनाहरूलाई	5	5	5
रजिष्ट्रारको	5	5	5
रजिस्टरमा	5	5	5
रणनीति	5	5	5
रणवीर	5	5	5
रन्कोमा	5	5	5
रबर	5	5	5
रमाउने	5	5	5
रमिता	5	5	5
रम्पेड	5	5	5
रवि	5	5	5
रसले	5	5	5
रसायनिक	5	5	5
रहँदछ	5	5	5
रहनसहनमा	5	5	5
रहनुपर्छ	5	5	5
रहेकी	5	5	5
रहेनन्	5	5	5
रहेपछि	5	5	5
राईले	5	5	5
राईहरूले	5	5	5
राख	5	5	5
राखेँ	5	5	5
राख्दथे	5	5	5
राख्नुपर्ने	5	5	5
राजदूतको	5	5	5
राजनेता	5	5	5
राजनेताहरू	5	5	5
राजभण्डारी	5	5	5
राजमा	5	5	5
राजासँग	5	5	5
राजाहरू	5	5	5
राजाहरूले	5	5	5
राजेशजीले	5	5	4
राज्यमाथि	5	5	5
राणाका	5	5	5
राणाहरूको	5	5	5
राणाहरूले	5	5	5
रातहरूलाई	5	5	5
राथले	5	5	5
राना	5	5	5
रानीहरू	5	5	5
राप्तीमै	5	5	5
रामचन्द्र	5	5	5
रामनगरको	5	5	5
रावणलाई	5	5	5
राशिअनुसार	5	5	5
राशिलाई	5	5	5
राष्ट्रपतिद्वारा	5	5	5
राष्ट्रपतीय	5	5	5
राष्ट्रमा	5	5	5
राष्ट्रवादको	5	5	5
राष्ट्रवादी	5	5	5
राष्ट्रसङ्घीय	5	5	5
रिको	5	5	5
रिजालद्वारा	5	5	5
रिट	5	5	5
रिफ्र्याक्सन	5	5	5
रिफ्लेक्सन	5	5	5
रिमोट	5	5	5
रुचाउँछन्	5	5	5
रुचाउनु	5	5	5
रुचाउने	5	5	5
रुद्र	5	5	5
रुद्री	5	5	5
रुन्छ	5	5	5
रूपियाँ	5	5	5
रूपी	5	5	5
रूपैयाँको	5	5	5
रेग्मीले	5	5	5
रेणुकाको	5	5	5
रेसिस्टेन्सको	5	5	5
रेस्टुरेन्टमा	5	5	5
रोएर	5	5	5
रोकटोक	5	5	5
रोका	5	5	5
रोकावट	5	5	5
रोक्छ	5	5	5
रोगहरूका	5	5	5
रोगहरूको	5	5	5
रोगीहरूका	5	5	5
रोगीहरूलाई	5	5	5
रोजगारी	5	5	5
रोजर	5	5	5
रोप	5	5	5
रोपाइँको	5	5	5
रोप्ने	5	5	5
रोमसँग	5	5	5
रोय	5	5	5
र्यापर	5	5	5
लगाउनको	5	5	5
लगिने	5	5	5
लडाईँँका	5	5	5
लडाकुहरूको	5	5	5
लडे	5	5	5
लडेको	5	5	5
लड्नु	5	5	5
लड्नुभयो	5	5	5
लत्याएर	5	5	5
लमही	5	5	5
लम्बाइमा	5	5	5
लर्ड	5	5	5
लसीका	5	5	5
लागेँ	5	5	5
लागेछ	5	5	5
लाग्दैछ	5	5	5
लाग्नेछ	5	5	5
लाजोङ	5	5	5
लाभदायी	5	5	5
लामासँग	5	5	5
लामीडाँडा	5	5	5
लालसा	5	5	5
लावारिस	5	5	5
लास्ट	5	5	5
लाहुरे	5	5	5
लिगको	5	5	5
लिथुवानिया	5	5	5
लिनाले	5	5	5
लिनुहुन्छ	5	5	5
लिनुहोस्	5	5	5
लिपिका	5	5	5
ली	5	5	5
लुइटेल	5	5	5
लुकुम	5	5	5
लेकसम्मको	5	5	5
लेखनका	5	5	5
लेखियो	5	5	5
लेख्दैछु	5	5	5
लेख्यो	5	5	5
लेङ्गा	5	5	5
लैङ्गिक	5	5	5
लोकप्रियता	5	5	5
लोछेन	5	5	5
लोटस	5	5	5
लोपोन्मुख	5	5	5
लौ	5	5	5
लौकिक	5	5	5
ल्याउँदा	5	5	5
ल्याउनु	5	5	5
ल्यायो	5	5	5
वंशावलीहरूमा	5	5	5
वकिमि	5	5	5
वजन	5	5	5
वटै	5	5	5
वन्यजन्तुहरू	5	5	5
वराहपुराणमा	5	5	5
वर्णशंकर	5	5	5
वर्तमानको	5	5	5
वर्ल्डको	5	5	5
वर्षभरिमा	5	5	5
वर्षेनी	5	5	5
वसन्तपुर	5	5	5
वसन्तमा	5	5	5
वस्ती	5	5	5
वस्तुगत	5	5	5
वस्तुहरूका	5	5	5
वहाँलाई	5	5	5
वाग्ले	5	5	5
वार्ड	5	5	5
वार्तालाव	5	5	5
वाल्मीकि	5	5	5
वासुदेव	5	5	5
वास्तविकतामा	5	5	5
वास्तुकला	5	5	5
वाहक	5	5	5
विकासक्रमसँगै	5	5	4
विकासले	5	5	5
विकिपिडिया	5	5	5
विचित्रको	5	5	5
विज्ञानसम्बन्धी	5	5	5
वितरक	5	5	5
विदुर	5	5	5
विद्यालयबाट	5	5	5
विद्यालयले	5	5	5
विद्यालयहरूमा	5	5	5
विद्रोहको	5	5	5
विधिक	5	5	5
विधिद्वारा	5	5	5
विनिधानका	5	5	5
विन्दुमा	5	5	5
विपत्ति	5	5	5
विपन्न	5	5	5
विभागहरूलाई	5	5	5
विमानस्थलबाट	5	5	5
विरह	5	5	5
विरुध्द	5	5	5
विवादलाई	5	5	5
विवाहपछि	5	5	5
विवाहहरू	5	5	5
विशेषण	5	5	5
विश्वासका	5	5	5
विष्णुमती	5	5	5
वीरहरूको	5	5	5
वीरेन्द्र	5	5	4
वृत्ताकार	5	5	5
वृद्धिमा	5	5	5
वेल्थले	5	5	5
वैचारिक	5	5	5
वैन	5	5	5
व्यक्तित्वबाट	5	5	5
व्यक्तित्वहरूले	5	5	5
व्यक्तिसँग	5	5	5
व्यतित	5	5	4
व्यथा	5	5	5
व्यवसायका	5	5	5
व्यवस्थाका	5	5	5
व्यवस्थाहरू	5	5	5
व्यहोर्नु	5	5	5
व्याकुल	5	5	5
व्रतलाई	5	5	5
व्रतालुहरूले	5	5	5
व्हाइट	5	5	5
शक	5	5	5
शक्तिबाट	5	5	5
शत्रुको	5	5	5
शनिका	5	5	5
शनिबारलाई	5	5	5
शब्दलाई	5	5	5
शमन	5	5	5
शमशेरका	5	5	5
शमीको	5	5	4
शर	5	5	5
शरणमा	5	5	5
शरीरभर	5	5	5
शाकाहारी	5	5	5
शाखाहरूको	5	5	5
शारदामा	5	5	5
शालिवाहन	5	5	5
शासकहरू	5	5	5
शासनका	5	5	5
शास्त्रका	5	5	5
शाहलाई	5	5	5
शिरको	5	5	5
शिलालेख	5	5	5
शिलालेखमा	5	5	5
शिवगुरु	5	5	5
शिवरात्रि	5	5	5
शिवहरि	5	5	5
शिविरमा	5	5	5
शिशुअवस्थामा	5	5	5
शिशुलाई	5	5	5
शिष्यको	5	5	5
शीत	5	5	5
शीतल	5	5	5
शेर्पाली	5	5	5
शैक्षणिक	5	5	5
शोक	5	5	5
शोषित	5	5	5
श्रष्टा	5	5	5
श्रीअन्तुमा	5	5	5
श्रीकृष्णको	5	5	5
श्रीनगर	5	5	5
श्रीनन्दको	5	5	5
श्रेणीको	5	5	5
श्रेष्ठलाई	5	5	5
श्रेष्ठसँग	5	5	5
षट्कोणको	5	5	5
संकट	5	5	5
संक्रान्तिका	5	5	5
संगठनहरू	5	5	5
संगीतमा	5	5	5
संयोग	5	5	5
संयोगवश	5	5	5
संरक्षणका	5	5	5
संरचनालाई	5	5	5
संविधानसभाले	5	5	5
संशोधनको	5	5	5
संशोधित	5	5	5
संसदको	5	5	5
संसदमा	5	5	5
संसारभरका	5	5	5
संस्करणहरू	5	5	5
संस्कारका	5	5	5
संस्कृतिलाई	5	5	5
संस्कृतिले	5	5	5
संस्थापन	5	5	5
संस्मरण	5	5	5
सकल	5	5	5
सकिएन	5	5	5
सकून्	5	5	5
सकृयता	5	5	5
सकेमा	5	5	5
सक्थेँ	5	5	5
सङ्कटकालमा	5	5	5
सङ्कटमा	5	5	5
सङ्ख्याभन्दा	5	5	5
सङ्ख्यालाई	5	5	5
सङ्गठनमा	5	5	5
सङ्घटक	5	5	5
सङ्लग्नता	5	5	5
सचेत	5	5	5
सच्याउन	5	5	5
सच्याउनु	5	5	5
सजावटका	5	5	5
सज्जन	5	5	5
सञ्चारमाध्यमले	5	5	5
सञ्जीवनी	5	5	5
सट्टामा	5	5	5
सडकहरूको	5	5	5
सतहको	5	5	5
सतायो	5	5	5
सदश्य	5	5	5
सदुपयोग	5	5	5
सधैँजसो	5	5	5
सन्ततिहरू	5	5	5
सन्तोष	5	5	5
सन्देशको	5	5	5
सन्याल	5	5	5
सप्तऋषि	5	5	5
सब्जी	5	5	5
सभाका	5	5	5
सभाहरू	5	5	5
सभ्यतालाई	5	5	5
सभ्यताहरूमा	5	5	5
समती	5	5	5
समयसमयमा	5	5	5
समर	5	5	5
समसामयिक	5	5	5
समस्याका	5	5	5
समाचारलाई	5	5	5
समाजशास्त्रीहरूको	5	5	5
समातेर	5	5	5
समायोजन	5	5	5
समालोचनामा	5	5	5
समितिहरू	5	5	5
समुद्रलाई	5	5	5
समुन्द्री	5	5	5
समूहगत	5	5	5
समृद्धि	5	5	5
समृद्धिको	5	5	5
सम्झन	5	5	5
सम्झौताहरू	5	5	5
सम्प्रदायको	5	5	5
सम्बन्धका	5	5	5
सम्बन्धहरू	5	5	5
सम्बन्धहरूमा	5	5	5
सम्भावनालाई	5	5	5
सम्मानको	5	5	5
सम्मिश्रण	5	5	5
सरकारतिर	5	5	5
सरकारदेखि	5	5	5
सरकारसँग	5	5	5
सरी	5	5	5
सरे	5	5	5
सरोकार	5	5	5
सर्जकहरू	5	5	5
सर्जरी	5	5	5
सर्भरमा	5	5	5
सर्वसाधारणको	5	5	5
सर्वोत्कृष्ट	5	5	5
सलाई	5	5	5
सल्लो	5	3	3
सवार	5	5	5
सहकार्य	5	5	5
सहकार्यमा	5	5	4
सहने	5	5	5
सहपाठी	5	5	5
सहयोगबाट	5	5	5
सहयोगले	5	5	5
सहरहरूका	5	5	5
सहरीकरण	5	5	5
सहायकका	5	5	5
सहायताका	5	5	5
सहायताको	5	5	5
साँच्चिकै	5	5	5
साँझको	5	5	5
साँझपख	5	5	5
साँझमा	5	5	5
साँढेको	5	5	5
साइकल	5	5	5
साइटमा	5	5	5
साइबेरियामा	5	5	5
साङ्केतिक	5	5	5
साथीभाइ	5	5	5
साधनबाट	5	5	5
साधनहरू	5	5	5
साधनहरूमा	5	5	5
सापकोटाद्वारा	5	5	5
साप्ताहिकमा	5	5	5
सामरिक	5	5	5
साम्राज्यलाई	5	5	5
सारका	5	5	5
सारथि	5	5	5
सारथी	5	5	5
सार्दै	5	5	5
सालका	5	5	5
साविक	5	5	5
साहित्यकारका	5	5	5
साहित्यकारहरूको	5	5	5
साहित्यलाई	5	5	5
सि	5	5	5
सिकाउँदछ	5	5	5
सिकाउनु	5	5	5
सिकागो	5	5	5
सिके	5	5	5
सिकेका	5	5	4
सिङ्गापुर	5	5	5
सिजर	5	5	4
सिडनीको	5	5	5
सिद्धहस्त	5	5	5
सिद्धान्तका	5	5	5
सिद्धान्तहरू	5	5	5
सिद्धिखोला	5	5	5
सिन्दूर	5	5	5
सिपाहीहरू	5	5	5
सिरक	5	5	5
सिरानीको	5	5	5
सिर्फ	5	5	5
सिलाइको	5	5	5
सिलोङ	5	5	5
सिस्टमको	5	5	5
सीताराम	5	5	5
सीतारामको	5	5	5
सीमान्तकृत	5	5	5
सुकुम्बासी	5	5	5
सुखका	5	5	5
सुखद	5	5	5
सुत्थे	5	5	5
सुत्न	5	5	5
सुत्रमा	5	5	5
सुधारवादी	5	5	4
सुनका	5	5	5
सुनाउन	5	5	5
सुनिने	5	5	5
सुनिन्	5	5	5
सुनिल	5	5	5
सुन्दरताको	5	5	5
सुन्दा	5	5	5
सुपुत्रको	5	5	5
सुब्बाद्वारा	5	5	5
सुम	5	5	5
सुमति	5	5	5
सुम्पिएका	5	5	5
सुरजपुरी	5	5	5
सुरुआत	5	5	5
सुरुको	5	5	5
सुरुवातमा	5	5	5
सुर्खेतको	5	5	5
सुविधाको	5	5	5
सूचनाबाट	5	5	5
सूर्यास्तको	5	5	5
सेन्टिग्रेड	5	5	5
सेन्टिमिटरको	5	5	5
सेमी	5	5	5
सेवाका	5	5	5
सेवाले	5	5	5
सेवी	5	5	5
सैकडौँ	5	5	5
सैनिकहरूले	5	5	5
सैयद	5	5	5
सोध्दा	5	5	5
सोध्यो	5	5	5
सोन	5	5	5
सोमनाथ	5	5	5
सोरेन	5	5	5
सोहि	5	5	5
सौतेनी	5	5	5
सौन्दर्यको	5	5	5
सौभाग्य	5	5	5
सौरभ	5	5	5
स्काइनेटको	5	5	5
स्काई	5	5	5
स्काउट	5	5	5
स्क्रिप्ट	5	5	5
स्टाफ	5	5	5
स्टेज	5	5	5
स्ट्रोकले	5	5	5
स्तम्भको	5	5	5
स्तरबाट	5	5	5
स्तूपको	5	5	5
स्थानान्तरित	5	5	5
स्थानीयको	5	5	5
स्थापनाभन्दा	5	5	5
स्नातकसम्मको	5	5	5
स्नेह	5	5	5
स्पेनले	5	5	5
स्मार्टफोन	5	5	5
स्याउ	5	5	5
स्रोतको	5	5	5
स्रोतहरू	5	5	5
स्रोतहरूका	5	5	5
स्वर्गतर्फ	5	5	5
स्वर्णिम	5	5	5
स्वान	5	5	5
स्वास्थ्यका	5	5	5
स्वास्थ्यसेवालाई	5	5	5
स्वीकारे	5	5	5
हकलाई	5	5	5
हजारौँले	5	5	5
हजुरआमाले	5	5	5
हटाइए	5	5	5
हटाइदिन	5	5	5
हटाई	5	5	5
हनुमानढोका	5	5	5
हपहपी	5	5	5
हप्तासम्मको	5	5	5
हमबाट	5	5	5
हरिण	5	5	5
हरिद्वार	5	5	5
हरियालीलाई	5	5	5
हलिउडको	5	5	5
हवर्डले	5	5	5
हवाइजहाज	5	5	5
हस्तकलाको	5	5	5
हस्तक्षेप	5	5	5
हस्ता	5	5	5
हाँसो	5	5	5
हाइकोर्ट	5	5	5
हाउ	5	5	5
हातखुट्टाको	5	5	5
हातखुट्टालाई	5	5	5
हानिको	5	5	5
हारी	5	5	5
हार्दिकता	5	5	5
हालतमा	5	5	5
हावापानीमा	5	5	5
हिँडेर	5	5	5
हितकारी	5	5	5
हिन्दीबाट	5	5	5
हिन्दूहरूको	5	5	5
हिमकला	5	5	5
हिमवत्खण्डमा	5	5	5
हिरोको	5	5	5
हुँदाखेरि	5	5	5
हुनत	5	5	5
हुनमा	5	5	5
हुनुहन्थ्यो	5	5	5
हुनेको	5	5	5
हुर्काउनुभएकी	5	5	5
हेक्टरमा	5	5	5
हेरोल्ड	5	5	5
हेर्नुपर्ने	5	5	5
हैकम	5	5	5
हैसियत	5	5	5
१०१	5	5	5
११०	5	5	5
१२८	5	5	5
१४०	5	5	5
१७२७	5	5	5
१७८३	5	5	5
१८०	5	5	5
१८२९	5	5	5
१८५४	5	5	5
१८५५	5	5	5
१८५७	5	5	4
१८७०	5	5	5
१८९५	5	5	5
१८९९	5	5	5
१९०३	5	5	5
१९१५	5	5	5
१९१९	5	5	5
१९२१	5	5	5
१९३३	5	5	4
१९३४	5	5	5
१९७७	5	5	5
२००९मा	5	5	5
२०३९	5	5	5
२०४०	5	5	5
२०५२	5	5	5
२४०	5	5	4
२५०	5	5	5
३५०	5	5	5
५४५	5	5	5
६१	5	5	5
६१०	5	5	5
७७	5	5	5
८१	5	5	5
८५२	5	5	5
८७९	5	5	5
८८०	5	5	5
८९३	5	5	5
९०४	5	5	5
९४१	5	5	5
९७	5	5	5
अँ	4	4	4
अंशलाई	4	4	4
अंशावतार	4	4	4
अकबरका	4	4	4
अकबरले	4	4	4
अकबरीको	4	4	4
अकाबाको	4	4	4
अक्टोबरको	4	4	4
अक्षम	4	4	4
अक्षरमा	4	4	4
अक्सफोर्ड	4	4	4
अक्सर	4	4	4
अखिलबाट	4	4	4
अगमसिंह	4	4	4
अगाडिदेखि	4	4	4
अगेन	4	4	4
अग्रेजी	4	4	4
अघाएपछि	4	4	4
अङ्कमा	4	4	4
अङ्कहरू	4	4	4
अङ्गले	4	4	4
अङ्गुल	4	4	4
अङ्ग्रेजको	4	4	4
अङ्ग्रेजीका	4	4	4
अङ्रेजी	4	4	4
अचारमा	4	4	4
अचेत	4	4	4
अछुतो	4	4	4
अजितपाद	4	4	4
अडिरहे	4	4	4
अडेका	4	4	4
अड्चन	4	4	4
अड्याउने	4	4	4
अतः	4	4	4
अतवारी	4	4	4
अतिथिको	4	4	4
अतिवादी	4	4	4
अत्तोपत्तो	4	4	4
अत्याचारले	4	4	4
अत्यावश्यक	4	4	4
अदम्य	4	4	4
अदालतलाई	4	4	4
अद्भूत	4	4	4
अद्यावधिक	4	4	4
अधिकांशलाई	4	4	4
अधिकारकर्मीहरूको	4	4	4
अधिकारहरूको	4	4	4
अधिन	4	4	4
अधिपति	4	4	4
अधिसूचना	4	4	4
अध्यनरत	4	4	4
अध्ययनरत	4	4	4
अध्यापक	4	4	4
अनगिन्ती	4	4	4
अनिर्धारित	4	4	4
अनिवार्यता	4	4	4
अनुपस्थित	4	4	4
अनुपात	4	4	4
अनुभूतिलाई	4	4	4
अनुमानका	4	4	4
अनुमानको	4	4	4
अनुमानित	4	4	4
अनुमित	4	4	4
अनुवर्गसूची	4	4	4
अनुवर्णसूची	4	4	4
अनुसन्धानका	4	4	4
अनुसन्धानहरूको	4	4	4
अनुसारका	4	4	4
अनेकन	4	4	4
अनेमसङ्घ	4	4	4
अनोखा	4	4	4
अन्जनको	4	4	4
अन्तरले	4	4	4
अन्तर्मुखी	4	4	4
अन्तर्राष्ट्रियस्तरको	4	4	4
अन्तर्वार्ता	4	4	4
अन्दाजी	4	4	3
अन्नको	4	4	4
अन्यत्र	4	4	4
अपकृत्यमा	4	4	4
अपन	4	4	4
अपनाएको	4	4	4
अपराधमा	4	4	4
अपराधीहरू	4	4	4
अपराधीहरूलाई	4	4	4
अपर्याप्त	4	4	4
अपवाद	4	4	4
अपार	4	4	4
अपुग	4	4	4
अपूर्व	4	4	4
अप्ठेरोमा	4	4	4
अप्राकृतिक	4	4	4
अप्सन	4	4	4
अप्सनलाई	4	4	4
अफगानी	4	4	4
अफवाह	4	4	4
अफाप	4	4	4
अफिसको	4	4	4
अफ्रिकामाथि	4	4	4
अफ्रिकाली	4	4	4
अभद्र	4	4	4
अभावलाई	4	4	4
अभिनेताहरू	4	4	4
अभिभावकको	4	4	4
अभियुक्तलाई	4	4	4
अभिलक्षणहरूलाई	4	4	4
अभिवृद्धि	4	4	4
अमरकोश	4	4	4
अमरसिंहको	4	4	4
अमिटी	4	4	4
अमित	4	4	4
अमितासित	4	4	4
अम्पायरहरूको	4	4	4
अम्बाला	4	4	4
अयोध्यामा	4	4	4
अरमान	4	4	4
अरान्ते	4	4	4
अरूहरू	4	4	4
अर्काका	4	4	4
अर्काले	4	4	4
अर्चना	4	4	4
अर्जुनधारा	4	4	4
अर्जेन्टिनाको	4	4	4
अर्थतन्त्र	4	4	4
अर्थतन्त्रमा	4	4	4
अर्थलाई	4	4	4
अर्थविस्तार	4	4	4
अर्धवार्षिक	4	4	4
अर्धसरकारी	4	4	4
अर्बको	4	4	4
अलिक	4	4	4
अलिनो	4	4	4
अलेक्जेन्डर	4	4	4
अलोकप्रिय	4	4	4
अलौ	4	4	4
अल्कोहल	4	4	4
अल्कोहलको	4	4	4
अल्पमतमा	4	4	4
अल्पायुमा	4	4	4
अल्मोदोबार	4	4	4
अल्लाहदेखि	4	4	4
अवचेतन	4	4	4
अवतीर्ण	4	4	4
अवधिलाई	4	4	4
अवशिष्ट	4	4	4
अवसरको	4	4	4
अवसरहरूको	4	4	4
अषाढ	4	4	4
अष्टवसु	4	4	4
असन्तोष	4	4	4
असम	4	4	4
असमको	4	4	4
असमलाई	4	4	4
असामयिक	4	4	4
असारको	4	4	4
असारे	4	4	4
असित	4	4	4
असुरहरूको	4	4	4
असुविधाले	4	4	4
असोजदेखि	4	4	4
अस्ट्रेलियाबाट	4	4	4
अस्तबलको	4	4	4
अस्तु	4	4	4
आँकडाअनुसार	4	4	4
आँखीभुई	4	4	4
आँधी	4	4	4
आआफ्नै	4	4	4
आइन्सटाइन	4	4	4
आइपुगिन्	4	4	4
आइपुग्छ	4	4	4
आइपुग्यो	4	4	4
आइफल	4	4	4
आइरहने	4	4	4
आइलागेपछि	4	4	4
आइसक्रिम	4	4	4
आईएल	4	4	4
आईएस्सीमा	4	4	4
आईडिमा	4	4	4
आउँदथे	4	4	4
आउनुमा	4	4	4
आउनेछ	4	4	4
आकांक्षा	4	4	4
आकाशबेली	4	4	4
आकास	4	4	4
आकृतिमा	4	4	4
आकृष्ट	4	4	4
आक्रान्त	4	4	4
आगम	4	4	4
आगमनका	4	4	4
आगोमा	4	4	4
आङदिम	4	4	4
आचार्यकै	4	4	4
आजकाल	4	4	4
आजबाट	4	4	4
आठपरे	4	4	4
आठौँमा	4	4	4
आत्मकथाको	4	4	4
आत्मनिर्भर	4	4	4
आत्माराम	4	4	4
आत्मीय	4	4	4
आदरार्थी	4	4	4
आदिकाल	4	4	4
आदिसँग	4	4	4
आधिपत्य	4	4	4
आधुनिकता	4	4	4
आनन्दको	4	4	4
आनन्दमय	4	4	4
आनुवंशिकीको	4	4	4
आनेको	4	4	4
आन्दोलनलार्इ	4	4	4
आन्दोलनहरू	4	4	4
आन्दोलित	4	4	4
आप	4	4	4
आपत्कालीन	4	4	4
आफनो	4	4	4
आफन्तबाट	4	4	4
आफूतर्फ	4	4	4
आफूमा	4	4	4
आफैँमा	4	4	4
आभारी	4	4	4
आमना	4	4	4
आमनिर्वाचनमा	4	4	4
आमाका	4	4	4
आमाबाट	4	4	4
आमिर	4	4	4
आमैलाई	4	4	4
आयतनको	4	4	4
आयन	4	4	4
आयुर्वेदले	4	4	4
आयोजनालाई	4	4	4
आरक्षण	4	4	4
आरक्षित	4	4	4
आरोपहरूको	4	4	4
आर्मीका	4	4	4
आर्यघाटमा	4	4	4
आर्यन	4	4	4
आर्यावर्तका	4	4	4
आवर्त	4	4	4
आवश्यकताहरूको	4	4	4
आवाह	4	4	4
आविष्कारको	4	4	4
आवृत्ति	4	4	4
आवेशरहित	4	4	4
आव्हान	4	4	4
आशावादी	4	4	4
आशावारहरूका	4	4	4
आसन्न	4	4	4
इकाइहरू	4	4	4
इकाइहरूको	4	4	4
इगोर	4	4	4
इङ्ग्ल्यान्ड	4	4	4
इच्छाको	4	4	4
इच्छाले	4	4	4
इज	4	4	4
इजिप्ट	4	4	4
इतिवृत्तान्त	4	4	4
इतिहासकारले	4	4	4
इतिहासविद्	4	4	4
इतिहास्	4	4	4
इनपुट	4	4	4
इन्जिनियरिङ्ग	4	4	4
इन्टेरियर	4	4	4
इन्द्रजात्राका	4	4	4
इन्द्रप्रस्थको	4	4	4
इन्द्रायणी	4	4	4
इन्धन	4	4	4
इन्फोबक्स	4	4	4
इन्सपेक्टरको	4	4	4
इप्लिमेन्ट	4	4	4
इब्राहिमले	4	4	4
इलम	4	4	4
इलाहावाद	4	4	4
इलेक्ट्रोनिक्स	4	4	4
इशानी	4	4	4
इसपको	4	4	4
इसाईहरूको	4	4	4
इस्ट	4	4	4
इस्लामिया	4	4	4
ईश	4	4	4
ईश्वरका	4	4	4
ईश्वरबल्लभ	4	4	4
ईस्ट	4	4	4
उँचो	4	4	4
उग्रवाद	4	4	4
उछालले	4	4	4
उज्यालोलाई	4	4	4
उठानका	4	4	4
उठी	4	4	4
उठेपछि	4	4	4
उठ्नु	4	4	4
उडनतस्तरी	4	4	4
उडानहरूलाई	4	4	4
उडिसा	4	4	4
उतार्ने	4	4	4
उतिबेला	4	4	4
उतै	4	4	4
उत्तरका	4	4	4
उत्तरतर्फको	4	4	4
उत्तरतिरको	4	4	4
उत्तरदेखि	4	4	4
उत्तरप्रदेशको	4	4	4
उत्तराखण्ड	4	4	4
उत्पादनशील	4	4	4
उदयपुरको	4	4	4
उदयपुरकोट	4	4	4
उदास	4	4	4
उदाहरणार्थ	4	4	4
उद्घोष	4	4	4
उद्योगका	4	4	4
उद्योगहरूका	4	4	4
उनीहरुको	4	4	4
उनीहरूकै	4	4	4
उनीहरूमाथि	4	4	4
उनीहरूसँग	4	4	4
उनीहरूसित	4	4	4
उनैले	4	4	4
उन्मुक्त	4	4	4
उपकरणले	4	4	4
उपकारको	4	4	4
उपजातिहरू	4	4	4
उपत्यकाभित्रको	4	4	4
उपनगरहरूका	4	4	4
उपनिवेशहरूमा	4	4	4
उपनिवेशहरूले	4	4	4
उपन्यासले	4	4	4
उपपर्व	4	4	4
उपमहानगरपालिका	4	4	4
उपमाहरू	4	4	4
उपयोगको	4	4	4
उपयोगसँग	4	4	4
उपलब्धिका	4	4	4
उपलब्धिहरू	4	4	4
उपल्लो	4	4	4
उपस्थितिले	4	4	4
उप्रेतीहरूको	4	4	4
उब्जनी	4	4	4
उमारिएको	4	4	4
उमाल्यो	4	4	4
उमेशसँग	4	4	4
उम्मयद	4	4	4
उम्मेद्वारी	4	4	4
उम्लन	4	4	4
उम्लने	4	4	4
उर्दु	4	4	4
उर्लाबारी	4	4	4
उषा	4	4	4
उसपछि	4	4	4
उसिनिन्छ	4	4	4
उसिन्नको	4	4	4
उहाँलगायत	4	4	4
उहाँसँग	4	4	4
उहिले	4	4	4
ऊन	4	4	3
ऊर्जाका	4	4	4
ऋणले	4	4	4
ऋणी	4	4	4
ऋषिहरू	4	4	4
ऋषी	4	4	4
एआइएफका	4	4	4
एकअर्कासँग	4	4	4
एकको	4	4	4
एकमा	4	4	4
एकसाथ	4	4	4
एकाइका	4	4	4
एकाई	4	4	4
एकाउन्न	4	4	4
एकैछिन	4	4	4
एक्काइसपटक	4	4	4
एक्ट	4	4	4
एक्टर्स	4	4	4
एक्टिविस्ट	4	4	4
एक्लिएको	4	4	4
एक्लैले	4	4	4
एक्सप्लोरर	4	4	4
एज	4	4	4
एट्लान्टिक	4	4	4
एडमन्ड	4	4	4
एडमिनको	4	4	4
एडिथ	4	4	4
एड्ड्रेस	4	4	4
एड्मिनिस्ट्रेटरको	4	4	4
एड्सको	4	4	4
एनएलडीले	4	4	4
एन्डी	4	4	4
एन्ड्रोइड	4	4	3
एन्फाको	4	4	4
एमएफए	4	4	4
एमकम	4	4	4
एमपिपिबाट	4	4	4
एम्बेस्डर	4	4	4
एरियल	4	4	4
एरेना	4	4	4
एलिजाबेथ	4	4	4
एलिजावेथ	4	4	4
एलिन	4	4	4
एलियनको	4	4	4
एलेक्स	4	4	4
एलेन	4	4	4
एलेना	4	4	4
एसआई	4	4	4
एसएलसीपछि	4	4	4
ऐक्ट	4	4	4
ऐक्यबद्धता	4	4	4
ऐनामा	4	4	4
ओतप्रोत	4	4	4
ओभानो	4	4	4
ओमकार	4	4	4
ओमान	4	4	4
ओयल	4	4	4
ओरियन	4	4	4
ओल्ड	4	4	4
औंलाका	4	4	4
औषत	4	4	4
औषधिय	4	4	4
औषधिलाई	4	4	4
औषधिहरू	4	4	4
कँडेल	4	4	4
कक्षाको	4	4	4
कक्षासम्मको	4	4	4
कङ्ग्रेसबाट	4	4	4
कङ्ग्रेसमा	4	4	4
कछुवाको	4	4	4
कञ्चनजङ्घा	4	4	4
कट	4	4	4
कटुवाललाई	4	4	4
कठ	4	4	4
कठिनाइहरूका	4	4	4
कण	4	4	4
कण्ठस्थ	4	4	4
कतिमा	4	4	4
कथाकारमा	4	4	4
कथालाई	4	4	4
कथालेखनकै	4	4	4
कथासँग	4	4	4
कथाहरूमा	4	4	4
कथित	4	4	4
कदमका	4	4	4
कदमपछि	4	4	4
कन्ट्रोल	4	4	4
कपडामा	4	4	4
कपडाहरूमा	4	4	4
कपिराइट	4	4	4
कब्जामा	4	4	4
कब्जालाई	4	4	4
कब्जियतमा	4	4	4
कब्र	4	4	4
कमजोरीप्रति	4	4	4
कमन्सको	4	4	4
कमलपित्त	4	4	4
कमाउनसँग	4	4	4
कमाएको	4	4	4
कमानीलाई	4	4	4
कमिज	4	4	4
कमिटीमा	4	4	4
कमिसार	4	4	4
कमीका	4	4	4
कमीहरूलाई	4	4	4
कमेन्ट	4	4	4
कम्पन	4	4	4
कम्पनीलाई	4	4	4
कम्पासलाई	4	4	4
कम्मरको	4	4	4
कम्मरभन्दा	4	4	4
कम्युनिस्टहरूले	4	4	4
कयौँ	4	4	4
करतब	4	4	4
कराहीको	4	4	4
करीब	4	4	3
करुणाले	4	4	4
करूणाको	4	4	4
करेन्टले	4	4	4
करौता	4	4	4
कर्कट	4	4	4
कर्टेन	4	4	4
कर्णको	4	4	4
कर्णलाई	4	4	4
कर्णालीको	4	4	4
कर्पस	4	4	4
कर्पोरेसन	4	4	4
कर्मचारीको	4	4	4
कर्मचारीहरूका	4	4	4
कर्ममा	4	4	4
कलवारको	4	4	4
कलाकारहरूको	4	4	4
कलाकारहरूसँग	4	4	4
कलाशास्त्रमा	4	4	4
कलियुगमा	4	4	4
कलेजहरू	4	4	4
कलेजी	4	4	4
कलेजोको	4	4	4
कल्पनाशक्तिको	4	4	4
कल्याणपुर	4	4	4
कल्ली	4	4	4
कवितारामका	4	4	4
कसुरदार	4	4	4
कसेनी	4	4	4
कसै	4	4	4
कसैमा	4	4	4
कसौडी	4	4	4
कस्टेलो	4	4	4
कस्तुरीको	4	4	4
कस्मोलोजी	4	4	4
कहलिए	4	4	4
कहाँबाट	4	4	4
कहिलेकहिले	4	4	4
कहिलेकाँही	4	4	4
काँक्रा	4	4	4
काँगडा	4	4	4
कांकेर	4	4	4
काइँला	4	4	4
काउन्सिल	4	4	4
काउलोको	4	4	4
काकडा	4	4	4
काकाको	4	4	4
काकीको	4	4	4
काजक्रिया	4	4	4
काजीको	4	4	4
काटिएका	4	4	4
काटिन्छ	4	4	4
काट्छ	4	4	4
काठमाडौँलाई	4	4	4
काठमाडौबाट	4	4	4
काडाँ	4	4	4
कात्तिके	4	4	4
कात्रे	4	4	4
कानूनी	4	4	4
कान्तिपुरको	4	4	4
काप्रीकोटमा	4	4	4
काफी	4	4	4
काभ्रेका	4	4	4
कामका	4	4	4
कामदारले	4	4	4
कामदारहरूलाई	4	4	4
कामबाट	4	4	4
कामेश्वर	4	4	4
कायस्थद्वारा	4	4	4
कारणमा	4	4	4
कारणलाई	4	4	4
कारबाहीलाई	4	4	4
कारमेन	4	4	4
काराकोरम	4	4	4
कारोबार	4	4	4
कारोबारको	4	4	4
कार्कीसँग	4	4	4
कार्के	4	4	4
कार्बनको	4	4	4
कार्बोहाइड्रेट	4	4	4
कार्यन्वयन	4	4	4
कार्यपत्र	4	4	4
काललाई	4	4	4
कालिज	4	4	4
कालिदासभन्दा	4	4	4
कालिम्पोङ	4	4	4
कालीमाटी	4	4	4
कालु	4	4	4
कालोभन्दा	4	4	4
कालोमा	4	4	4
काशीराम	4	4	4
काष्ठकलाले	4	4	4
काहुले	4	4	4
किग्रा	4	4	4
किङ	4	4	4
किनलोकको	4	4	4
किनारलाई	4	4	4
किनी	4	4	4
किने	4	4	4
किनोस्कोपिओ	4	4	4
किन्नर	4	4	4
किमका	4	4	4
किम्वदन्ती	4	4	4
किरणहरूले	4	4	4
किराँतको	4	4	4
किर्तन	4	4	4
किर्तिमान	4	4	4
किलोमिटरभन्दा	4	4	4
किल्लासहितको	4	4	4
किस्मतबारे	4	4	4
किहोतेले	4	4	4
कुकद्वारा	4	4	4
कुटनैतिक	4	4	4
कुटिल	4	4	4
कुटी	4	4	4
कुट्ने	4	4	4
कुण्ठाले	4	4	4
कुण्डहरू	4	4	4
कुतुब	4	4	4
कुथुर्के	4	4	4
कुन्छा	4	4	4
कुबेर	4	4	4
कुम	4	4	4
कुमाउँबाट	4	4	4
कुमारबहादुर	4	4	4
कुमारवर्ती	4	4	4
कुरानको	4	4	4
कुरारी	4	4	4
कुराहरु	4	4	4
कुराहरूले	4	4	4
कुरुक्षेत्र	4	4	4
कुर्म	4	4	4
कुलका	4	4	4
कुलिग	4	4	4
कुवा	4	4	4
कुवाको	4	4	4
कुशलताको	4	4	4
कुष्ठरोग	4	4	4
कुहिरोले	4	4	4
कृतिमा	4	4	4
कृपाबाट	4	4	4
कृपाले	4	4	4
कृयाकलापहरूमा	4	4	4
कृयाशील	4	4	4
कृषिबाली	4	4	4
कृष्णबहादुर	4	4	4
केदारनाथको	4	4	4
केपटाउनबाट	4	4	4
केबुलको	4	4	4
केबुलले	4	4	4
केभेडोस	4	4	4
केरललाई	4	4	4
केराउको	4	4	4
केराबारी	4	4	4
केवलपुर	4	4	4
केशरी	4	4	4
केहीलाई	4	4	4
कैमरूनसँग	4	4	4
कैलालीको	4	4	4
कैलाश	4	4	4
कैलो	4	4	4
कोइरालाद्वारा	4	4	4
कोइरालासँग	4	4	4
कोटि	4	4	4
कोट्याइएको	4	4	4
कोण	4	4	4
कोरियाबाट	4	4	4
कोर्न	4	4	4
कोलोनीहरूको	4	4	4
कोशिकामा	4	4	4
कोशिकाहरूमा	4	4	4
कोहीले	4	4	4
कौरवहरू	4	4	4
कौरियाला	4	4	4
कौशल	4	4	4
कौशलयुक्त	4	4	4
क्याटेगोराइजेसनको	4	4	3
क्याथोलिक	4	4	4
क्यान	4	4	4
क्यानबरामा	4	4	4
क्याप्टेन	4	4	4
क्यामेरनकै	4	4	4
क्यालिफोर्नियामा	4	4	4
क्यालेण्डर	4	4	4
क्रमिक	4	4	4
क्रस्ट	4	4	4
क्राइस्ट	4	4	4
क्राउन	4	4	4
क्रान्तिकारीको	4	4	4
क्रिम	4	4	4
क्रियात्मक	4	4	4
क्रिस्चियन	4	4	4
क्रिस्टलद्वारा	4	4	4
क्रिस्ले	4	4	4
क्लबका	4	4	4
क्लबहरू	4	4	4
क्लार्क	4	4	4
क्लियर	4	4	4
क्षणमा	4	4	4
क्षतिपूर्तिका	4	4	4
क्षत्रियहरूलाई	4	4	4
क्षमताले	4	4	4
क्षमाको	4	4	4
क्षयका	4	4	4
क्षारीय	4	4	4
क्षुद्र	4	4	4
क्षेत्रपाल	4	4	4
क्षेत्रबाहिर	4	4	4
क्षेत्रहरूमाथिको	4	4	4
खजाना	4	4	4
खजानागृहको	4	4	4
खडेरीमा	4	4	4
खण्डले	4	4	4
खत	4	4	4
खतराको	4	4	4
खतरामा	4	4	4
खत्री	4	4	4
खनी	4	4	4
खप्ने	4	4	4
खम्बुहोङले	4	4	4
खराबी	4	4	4
खरिदका	4	4	4
खरिदको	4	4	4
खर्चिनुपरेको	4	4	4
खर्पन	4	4	4
खलङ्गाको	4	4	4
खलनायकको	4	4	4
खलल	4	4	4
खाजा	4	4	4
खाडीसम्म	4	4	4
खाताको	4	4	4
खाद्यपदार्थको	4	4	4
खाद्यहरू	4	4	4
खाद्यान्नको	4	4	4
खानदानका	4	4	4
खानपान	4	4	4
खाम्पाहरूले	4	4	4
खारेजीमा	4	4	4
खाल्टे	4	4	4
खाल्टो	4	4	4
खासमा	4	4	4
खासी	4	4	4
खिम्ती	4	4	4
खिर	4	4	4
खिलाडीहरूमा	4	4	4
खुबै	4	4	4
खुम्चेको	4	4	4
खुसीमा	4	4	4
खेतिपातीमै	4	4	4
खेतीमा	4	4	4
खेद	4	4	4
खेलहरूले	4	4	4
खेलाडीलाई	4	4	4
खेलाडीहरुको	4	4	4
खेलाडीहरूले	4	4	4
खेलिने	4	4	4
खेल्छौँ	4	4	4
खोजमा	4	4	4
खोजहरूबाट	4	4	4
खोजिने	4	4	4
खोजे	4	4	4
खोजेँ	4	4	4
खोज्दछ	4	4	4
खोज्दा	4	4	4
खोज्दैछन्	4	4	4
खोपासी	4	4	4
खोलेकाले	4	4	4
खोलो	4	4	4
खोल्दा	4	4	4
ख्वाई	4	4	4
ख्वाउने	4	4	4
गइन्	4	4	4
गएकाले	4	4	4
गजकेशरी	4	4	4
गजरौला	4	4	4
गठबन्धनका	4	4	4
गठबन्धनले	4	4	4
गढवाल	4	4	4
गढीमाई	4	4	4
गणन	4	4	4
गणराज्यका	4	4	4
गणराज्यको	4	4	4
गतिविधिको	4	4	4
गतिविधिले	4	4	4
गद्दीमा	4	4	4
गनिन्छन्	4	4	4
गन्धर्वहरूले	4	4	4
गमाल	4	4	4
गयामा	4	4	4
गयासुद्धिन	4	4	4
गराइदिए	4	4	4
गराइने	4	4	4
गराउँदछौँ	4	4	4
गराउनेछन्	4	4	4
गरिएकोले	4	4	4
गरिदिन्थे	4	4	4
गरिनुका	4	4	4
गरिनुपर्छ	4	4	4
गरिनेसम्म	4	4	4
गरिबक्सी	4	4	4
गरिबक्सेको	4	4	4
गरिमामय	4	4	4
गरिमालाई	4	4	4
गरिरहनु	4	4	4
गरिरहने	4	4	4
गरिरहन्छन्	4	4	4
गरेकै	4	4	4
गरेबमोजिमको	4	4	4
गर्छन	4	4	4
गर्छौँ	4	4	4
गर्जन	4	4	4
गर्दछन	4	4	4
गर्दनमा	4	4	4
गर्दैछ	4	4	4
गर्दैछन्	4	4	4
गर्दैरहे	4	4	4
गर्नाको	4	4	4
गर्नुपूर्व	4	4	4
गर्नुभए	4	4	4
गर्नुहुँदैछ	4	4	4
गर्नेहरूले	4	4	4
गर्मीबाट	4	4	4
गर्मीयामको	4	4	4
गर्ल	4	4	4
गल्लीबाट	4	4	4
गहकिलो	4	4	4
गहिराईमा	4	4	4
गहुँत	4	4	4
गाइघाटमा	4	4	4
गाईका	4	4	4
गाउँकै	4	4	4
गाउँदेखि	4	4	4
गाउँवासीहरूले	4	4	4
गाड्दा	4	4	4
गाभिए	4	4	4
गारदमा	4	4	4
गार्सिया	4	4	4
गालामा	4	4	4
गालीका	4	4	4
गिना	4	4	4
गीतहरूलाई	4	4	4
गीताको	4	4	4
गुठीकी	4	4	4
गुठीहरूले	4	4	4
गुणसूत्र	4	4	4
गुने	4	4	4
गुफाको	4	4	4
गुमाएकी	4	4	4
गुम्बज	4	4	4
गुम्बाहरूमा	4	4	4
गुराँसको	4	4	4
गुरागाईँ	4	4	4
गुरुसँग	4	4	4
गुल्जार	4	4	4
गृष्म	4	4	4
गृहत्याग	4	4	4
गृहस्थी	4	4	4
गेटको	4	4	4
गेटदेखि	4	4	4
गेडाले	4	4	4
गेस्ट	4	4	4
गैरभुटानी	4	4	4
गैरसंस्कृत	4	4	4
गोइङ	4	4	4
गोङ	4	4	4
गोठगाउँ	4	4	4
गोठमा	4	4	4
गोठाले	4	4	4
गोडा	4	4	4
गोत्रका	4	4	4
गोत्रबाट	4	4	4
गोथा	4	4	4
गोदावरीमा	4	4	4
गोपनियताको	4	4	4
गोपालको	4	4	4
गोपालदास	4	4	4
गोपीहरूले	4	4	4
गोबरलाई	4	4	4
गोबर्धन	4	4	4
गोबी	4	4	4
गोम्पा	4	4	4
गोरखनाथको	4	4	4
गोरखापत्रमा	4	4	4
गोराहरू	4	4	4
गोरुसिङे	4	4	4
गोरू	4	4	4
गोर्खे	4	3	3
गोलपाडा	4	4	4
गोलाघाट	4	4	4
गोल्ड	4	4	4
गोवालाई	4	4	4
गोविन्दराज	4	4	4
गौकोटमा	4	4	4
गौण	4	4	4
गौतमी	4	4	4
गौदान	4	4	4
ग्यालेक्सीका	4	4	4
ग्याल्मो	4	4	4
ग्रन्थहरू	4	4	4
ग्रामका	4	4	4
ग्रिन	4	4	4
ग्लोबको	4	4	4
ग्लोबल	4	4	4
घचारो	4	4	4
घटकहरू	4	4	4
घटाउने	4	4	4
घट्दै	4	4	4
घडिहरू	4	4	4
घडीमा	4	4	4
घण्टहरू	4	4	4
घरधुरीमध्ये	4	4	4
घरमुसो	4	4	4
घर्षण	4	4	4
घाटा	4	4	4
घाटु	4	4	4
घुँइचो	4	4	4
घुमेको	4	4	4
घुम्छ	4	4	4
घुम्ती	4	4	4
घुलमिल	4	4	4
घोडामा	4	4	4
घोरल	4	4	4
घोलेर	4	4	4
घोषको	4	4	4
घ्यार	4	2	2
चक्रपथबाट	4	4	4
चक्रराज	4	4	4
चक्रवर्तीसँगको	4	4	4
चङ्खे	4	4	4
चढाइदिए	4	4	4
चढाउन	4	4	4
चतुर्थ	4	4	4
चनाखी	4	4	4
चन्द्रपथका	4	4	4
चन्द्रबिन्दुको	4	4	4
चन्द्रवंशी	4	4	4
चन्द्रोदय	4	4	4
चमेलिया	4	4	4
चम्चादेखि	4	4	4
चरणअन्तर्गत	4	4	4
चराउने	4	4	4
चर्काउँदै	4	4	4
चलनचल्तीमा	4	4	4
चलाइएको	4	4	4
चलाइने	4	4	4
चलाउँछन्	4	4	4
चल्तीको	4	4	4
चल्दा	4	4	4
चाँचरीमा	4	4	4
चाँदीका	4	4	4
चाकडी	4	4	4
चाप	4	4	4
चार्ट	4	4	4
चाहन्छौ	4	4	4
चाहन्न	4	4	4
चाहिएको	4	4	4
चिं	4	2	2
चिउरी	4	4	4
चिकित्सकका	4	4	4
चिकित्सकहरूले	4	4	4
चिकित्सकीय	4	4	4
चिजको	4	4	4
चिटिक्क	4	4	4
चित्तल	4	4	4
चित्रकलाको	4	4	4
चित्रकारहरूले	4	4	4
चित्रको	4	4	4
चिनभन्दा	4	4	4
चिनाएको	4	4	4
चिनिन	4	4	4
चिन्तनलाई	4	4	4
चिबे	4	4	4
चिर	4	4	4
चिरेर	4	4	4
चिर्को	4	4	4
चिर्विर	4	4	4
चिलाउने	4	4	4
चिसा	4	4	4
चीजको	4	4	4
चुक	4	4	4
चुकाउनमा	4	4	4
चुचुराहरूका	4	4	4
चुनावका	4	4	4
चुनावहरूमा	4	4	4
चुनिएकी	4	4	4
चुनिन्छ	4	4	4
चुन्दछन्	4	4	4
चुन्न	4	4	4
चेन्समा	4	4	4
चेपे	4	4	4
चेला	4	4	4
चेलो	4	4	4
चेल्सी	4	4	4
चोपडाले	4	4	4
चोभार	4	4	4
चोर	4	4	4
चोलाहरूले	4	4	4
चोली	4	4	4
चौका	4	4	4
चौकेटार	4	4	4
चौथौको	4	4	4
चौधौँ	4	4	4
चौलाने	4	4	4
च्याउसँग	4	4	4
च्याउहरूमा	4	4	4
च्याङली	4	4	4
च्यानलको	4	4	4
च्यानाम	4	4	4
च्यापेर	4	4	4
च्याम्पियनसिपमा	4	4	4
छनोटमा	4	4	4
छन्दका	4	4	4
छपका	4	4	4
छहारी	4	4	4
छाइएको	4	4	4
छाउराले	4	4	4
छाउराहरू	4	4	4
छाडिदिए	4	4	4
छाड्ने	4	4	4
छाति	4	4	4
छात्रको	4	4	4
छात्रसङ्घ	4	4	4
छानाहरूको	4	4	4
छानिए	4	4	4
छान्दोग्य	4	4	3
छाप	4	4	4
छापा	4	4	4
छाप्दा	4	4	4
छाप्रो	4	4	4
छालाका	4	4	4
छालाजुत्ता	4	4	4
छालामा	4	4	4
छितपोखरी	4	4	4
छितापोखरी	4	4	4
छिन्चु	4	4	4
छिन्ताङ्ग	4	4	4
छिन्दवाडा	4	4	4
छिपछिपे	4	4	4
छिमेकीहरू	4	4	4
छिर्के	4	4	4
छुट्टिएर	4	4	4
छुर्पी	4	4	4
छे	4	4	4
छेउछेउमा	4	4	4
छेड्ने	4	4	4
छेपारा	4	4	4
छेपारोहरू	4	4	4
छोएर	4	4	4
छोटे	4	4	4
छोडिएको	4	4	4
छोपिएका	4	4	4
छोपिएको	4	4	4
छोपेर	4	4	4
छोप्न	4	4	4
छोराबाटै	4	4	4
छोराहरूमा	4	4	4
छोराहरूलाई	4	4	4
जगत	4	4	4
जगतलाई	4	4	4
जगदम्बा	4	4	4
जगाउनका	4	4	4
जग्गाहरू	4	4	4
जङ्गबहादुरको	4	4	4
जङ्गललाई	4	4	4
जटामसीको	4	4	4
जडिएका	4	4	4
जतिको	4	4	4
जत्रो	4	4	4
जनकराज	4	4	4
जनकले	4	4	4
जनजातीय	4	4	4
जनतामध्ये	4	4	4
जनधारणा	4	4	4
जनप्रशासन	4	4	4
जनमतसँग्रहमा	4	4	4
जनमोर्चाको	4	4	4
जनशक्ति	4	4	4
जनसङख्या	4	4	4
जन्मकुण्डलीमा	4	4	4
जन्मकैद	4	4	4
जन्मजात	4	4	4
जन्मनु	4	4	4
जन्मनुभएका	4	4	4
जन्मनुभयो	4	4	4
जन्मलाई	4	4	4
जन्माउने	4	4	4
जन्माए	4	4	4
जन्मिएर	4	4	4
जन्य	4	4	4
जबरजस्त	4	4	4
जबाफ	4	4	4
जमुना	4	4	4
जमुनी	4	4	4
जयन्ती	4	4	4
जयप्रकाश	4	4	4
जयसेनको	4	4	4
जरुरत	4	4	4
जरो	4	4	4
जर्के	4	4	4
जर्जेट	4	4	4
जर्मनीसँग	4	4	4
जलकुण्डलाई	4	4	4
जलदेवी	4	4	4
जलमग्न	4	4	4
जलवायुमा	4	4	4
जलाइए	4	4	4
जलाउनुभन्दा	4	4	4
जल्न	4	4	4
जवलपुरमा	4	4	4
जवाफमा	4	4	4
जसअनुसार	4	4	4
जससँग	4	4	4
जस्लाई	4	4	4
जहाजभित्र	4	4	4
जहाजहरूको	4	4	4
जाँगर	4	4	4
जाँदो	4	4	4
जागरुक	4	4	4
जागीरे	4	4	4
जागृति	4	4	4
जाजरकोटमा	4	4	4
जातकसँग	4	4	4
जातजाति	4	4	4
जातिपछिको	4	4	4
जातिमध्ये	4	4	4
जातिहरूका	4	4	4
जातिहरूबाट	4	4	4
जादुगर	4	4	4
जानकार	4	4	4
जानकारीमा	4	4	4
जानकारीलाई	4	4	4
जानिन्थ्यो	4	4	4
जानुभएको	4	4	4
जानेरै	4	4	4
जान्नुहुन्छ	4	4	4
जामिया	4	4	4
जामुन	4	4	4
जामुनखाडी	4	4	4
जायसवाल	4	4	4
जिउला	4	4	4
जिज्या	4	4	4
जितेकै	4	4	4
जिद्दी	4	4	4
जिनको	4	4	4
जिन्दगीलाई	4	4	4
जिमी	4	4	4
जिम्मामा	4	4	4
जिया	4	4	4
जिरालाई	4	4	4
जिरे	4	4	4
जिलियनको	4	4	4
जिल्लाभरका	4	4	4
जिल्लासँगै	4	4	4
जिसस	4	4	4
जीवनचर्या	4	4	4
जीवनदास	4	4	4
जीवनपछि	4	4	4
जीवाणुहरूबाट	4	4	4
जुकाको	4	4	4
जुकाले	4	4	4
जुगको	4	4	4
जुगौँ	4	4	4
जुटाउन	4	4	4
जुटेका	4	4	4
जुधाउने	4	4	4
जुनबेला	4	4	4
जुनि	4	4	4
जुपिटर	4	4	4
जुफाल	4	4	4
जुम्लाको	4	4	4
जुम्लामा	4	4	4
जुरेबाज	4	4	4
जुलाईका	4	4	4
जुलाईसम्म	4	4	4
जुलियस	4	4	4
जेन्टु	4	4	4
जेफाले	4	4	4
जेलभित्रै	4	4	4
जैलब्रेकिङ	4	4	4
जोखाना	4	4	4
जोखिमपूर्ण	4	4	4
जोखिममा	4	4	4
जोड़िएका	4	4	4
जोडिसकेको	4	4	4
जोड्नका	4	4	4
जोनाथन	4	4	4
जोर्डन	4	4	4
ज्ञानी	4	4	4
ज्याकेट	4	4	4
ज्याक्सन	4	4	4
ज्यादाजसो	4	4	4
ज्यापुले	4	4	4
ज्यामितिमा	4	4	4
ज्यामीलाई	4	4	4
ज्युरिचबाट	4	4	4
ज्योतिषीको	4	4	4
झट्का	4	4	4
झर्न	4	4	4
झलकमानले	4	4	3
झस्का	4	4	4
झागको	4	4	4
झागदार	4	4	4
झाडीफिस्टो	4	4	4
झारखण्डको	4	4	4
झालाई	4	4	4
झिँगटीले	4	4	4
झिल्का	4	4	4
झुकाउन	4	4	4
झुप्पे	4	4	4
झुम्का	4	4	4
झेनाम	4	4	4
झेल्नु	4	4	4
झोराहाट	4	4	4
झौखेल	4	4	4
टंकप्रसाद	4	4	4
टंकारको	4	4	4
टक्सार	4	4	4
टम्म	4	4	4
टर्मिनेटरको	4	4	4
टाइगरले	4	4	4
टाइलहरूमा	4	4	4
टाउन	4	4	4
टाढाटाढासम्म	4	4	4
टाढासम्म	4	4	4
टायलले	4	4	3
टावरको	4	4	4
टिकमाला	4	4	4
टिचीको	4	4	4
टिमटिमा	4	4	4
टिमलाई	4	4	4
टिमुर	4	4	4
टिम्की	4	4	4
टिस्टा	4	4	4
टुकडीहरूलाई	4	4	4
टुकुमैया	4	4	4
टुना	4	4	4
टुनी	4	4	4
टेकेमात्र	4	4	4
टेक्निकल	4	4	4
टेमु	4	4	4
टेम्पलेटमा	4	4	4
टेलिभिजनमा	4	4	4
टोक्यो	4	4	4
टोक्सेल	4	4	4
टोल	4	4	4
टोलीमा	4	4	4
टौदह	4	4	4
ट्याम्को	4	4	4
ट्रेडिसनल	4	4	4
ट्वीट्स	4	4	4
ठकुरीका	4	4	4
ठक्कर	4	4	4
ठक्करलाई	4	4	4
ठन्डा	4	4	4
ठमेल	4	4	4
ठाकरे	4	4	4
ठाकुरप्रसाद	4	4	4
ठाकुरबाबा	4	4	4
ठाकुरले	4	4	4
ठाडी	4	4	4
ठानिने	4	4	4
ठानेका	4	4	4
ठुली	4	4	4
ठेक्कापट्टा	4	4	4
ठोक्कियो	4	4	4
डन्डीबियो	4	4	4
डन्डीले	4	4	4
डन्डेलि	4	4	4
डबलिनको	4	4	4
डबली	4	4	4
डराउँदैन	4	4	4
डल	4	4	4
डाँफे	4	4	4
डाटाको	4	4	4
डाटालाई	4	4	4
डान	4	4	4
डार	4	4	4
डार्क	4	4	4
डार्लिंङको	4	4	4
डालेचुकमा	4	4	4
डिएचएल	4	4	4
डिकोमा	4	4	4
डिक्सनरीमा	4	4	4
डिग्रीभित्र	4	4	4
डिम्जो	4	4	4
डियर	4	4	4
डिल्लीचौर	4	4	4
डिल्लीबजार	4	4	4
डिल्लीबजारमा	4	4	4
डिसेप्सन	4	4	4
डुबेर	4	4	4
डे	4	4	4
डेइजी	4	4	4
डेवी	4	4	4
डोकाभरि	4	4	4
डोको	4	4	4
डोगरीमा	4	4	4
डोजोको	4	4	4
डोमिनिकाको	4	4	4
डोरीले	4	4	4
डोलेश्वर	4	4	4
ड्याडी	4	4	4
ड्रोसोफिलाको	4	4	4
ड्र्यु	4	4	4
ढल	4	4	4
ढले	4	4	4
ढाकिरहन्छ	4	4	4
ढाडे	4	4	4
ढिकामा	4	4	4
ढिक्का	4	4	4
ढुँडी	4	4	4
ढुकुटीको	4	4	4
ढुकुर	4	4	4
ढुङेल	4	4	4
ढोकाबाट	4	4	4
ढोरफिर्दीको	4	4	4
ढोल	4	4	4
ढ्याक	4	4	4
ढ्याङ्ग्रो	4	4	4
तकनिकी	4	4	4
तट	4	4	4
तत्त्वका	4	4	4
तत्त्वहरूमा	4	4	4
तथ्याङ्कको	4	4	4
तनहुँसुर	4	4	4
तन्जानियाको	4	4	4
तपाईँजस्ता	4	4	4
तमुवान	4	4	4
तर्कहरू	4	4	4
तलपट्टि	4	4	3
तला	4	4	4
तलाउ	4	4	4
तहत	4	4	4
ताजमहललाई	4	4	4
ताना	4	4	4
तानातान	4	4	4
तानाशाह	4	4	4
तानिए	4	4	4
तान्जानियाको	4	4	4
तारपेडो	4	4	4
तारानाथ	4	4	4
तारालाई	4	4	4
ताराहरूमा	4	4	4
तारिक	4	4	4
तालका	4	4	4
तालक्षेत्रमा	4	4	4
तालिबान	4	4	4
तालिबानको	4	4	4
ताली	4	4	4
तिङक्येमा	4	4	4
तित्रा	4	4	4
तिथिका	4	4	4
तिथिको	4	4	4
तिनताका	4	4	4
तिन्धारे	4	4	4
तिब्बतभन्दा	4	4	4
तिब्बतीहरूले	4	4	4
तिरहुत	4	4	4
तिहाइ	4	4	4
तीनै	4	4	4
तुगलक	4	4	4
तुलसीबहादुर	4	4	4
तुल्य	4	4	4
तुल्सीपुरसम्म	4	4	4
तेलहन	4	4	4
तेलिया	4	4	4
तै	4	4	4
तैरने	4	4	4
तैले	4	4	4
तोकिदिएको	4	4	4
तोकेका	4	4	4
त्यती	4	4	4
त्यसतर्फ	4	4	4
त्यसपटक	4	4	4
त्यसबेलाको	4	4	4
त्यससँग	4	4	4
त्यसैकारण	4	4	4
त्याग्न	4	4	4
त्रिकोणमिति	4	4	4
त्रिपाठी	4	4	4
त्रिभुवननगर	4	4	4
त्रिशुलीका	4	4	4
त्रैमासिकको	4	4	4
थङका	4	4	4
थपलियाद्वारा	4	4	4
थपिएको	4	4	4
थपिनु	4	4	4
थपे	4	4	4
थलोका	4	4	4
थाँक्रा	4	4	4
थाइमिन	4	4	4
थाइल्याण्ड	4	4	4
थानपाटी	4	4	4
थाना	4	4	4
थाबित	4	4	4
थारा	4	4	4
थारुको	4	4	4
थालनीको	4	4	4
थालनीसँगै	4	4	4
थाल्दा	4	4	4
थुप्रो	4	4	4
थुम	4	4	4
थे	4	4	4
थेँ	4	4	4
थोचो	4	4	4
थोमासको	4	4	4
दक्षता	4	4	4
दक्षिणपन्थी	4	4	4
दक्षिणपूर्व	4	4	4
दण्डनायक	4	4	4
दबाउन	4	4	4
दबाउनाले	4	4	4
दबिएको	4	4	3
दमनका	4	4	4
दमाईं	4	4	4
दमित	4	4	4
दमिनी	4	4	4
दमौली	4	4	4
दयाहाङ	4	4	4
दरबारका	4	4	4
दरबारक्षेत्र	4	4	4
दरभङ्गा	4	4	4
दर्ज	4	4	4
दर्जनौँ	4	4	4
दर्जाद्वारा	4	4	4
दर्जी	4	4	4
दर्नालका	4	4	4
दर्शनशास्त्रमा	4	4	4
दलहरूद्वारा	4	4	4
दलहरूसँग	4	4	4
दशमीमा	4	4	4
दशामा	4	4	4
दाउरा	4	4	4
दागमा	4	4	4
दामोदर	4	4	4
दायाँतर्फ	4	4	4
दायित्व	4	4	4
दार	4	4	4
दार्जीलिङ	4	4	4
दावेदार	4	4	4
दासहरूमा	4	4	4
दासहरूलाई	4	4	4
दिङ	4	4	4
दिदीको	4	4	4
दिनले	4	4	4
दिनहरूको	4	4	4
दिनुहुनेछ	4	4	4
दिनेछन्	4	4	4
दिनोस्	4	4	4
दिप	4	4	4
दिपायल	4	4	4
दिमागी	4	4	4
दियोलाई	4	4	4
दिलबहादुर	4	4	4
दिलिप	4	4	4
दिवसलाई	4	4	4
दिवा	4	4	4
दिवानाका	4	4	4
दिशाका	4	4	4
दीक्षित	4	4	4
दुईजना	4	4	4
दुखमा	4	4	4
दुखाइ	4	4	4
दुख्छ	4	4	4
दुख्ने	4	4	4
दुग्ध	4	4	4
दुबईको	4	4	4
दुबैलाई	4	4	4
दुमी	4	4	4
दुर	4	4	4
दुर्गादेवी	4	4	4
दुर्गौलीको	4	4	4
दुलही	4	4	4
दुवैजनाका	4	4	4
दुष्ट	4	4	4
दुष्यन्तले	4	4	4
दुहुँदै	4	4	4
दृष्टिगोचर	4	4	4
दृष्य	4	4	4
देख	4	4	4
देखभाल	4	4	4
देखाई	4	4	4
देखायो	4	4	4
देखिँन	4	4	4
देखिएछ	4	4	4
देखिएपछि	4	4	4
देखिन्	4	4	4
देखी	4	4	4
देखेँ	4	4	4
देख्छौ	4	4	4
देख्दछ	4	4	4
देख्नु	4	4	4
देख्नुभएको	4	4	4
देख्ने	4	4	4
देला	4	4	3
देवतुल्य	4	4	4
देवदत्त	4	4	4
देवमाला	4	4	4
देवर्षि	4	4	4
देवानी	4	4	4
देवालय	4	4	4
देवीलाई	4	4	4
देशदेशान्तरमा	4	4	4
देशनिकाला	4	4	4
देहायका	4	4	4
दैनिकबाट	4	4	4
दैनिकमा	4	4	4
दैविक	4	4	4
दोभानको	4	4	4
दोर्जे	4	4	4
दोर्जेले	4	4	4
दोस्रोको	4	4	4
दोस्रोपटक	4	4	4
दोहा	4	4	4
दौडिन्छन्	4	4	4
दौरा	4	4	4
द्रव्यशाह	4	4	4
द्वादशी	4	4	4
द्वारअगाडि	4	4	4
धड्किने	4	4	4
धनकुटाबाट	4	4	4
धन्धा	4	4	4
धमलाको	4	4	4
धम्की	4	4	4
धरती	4	4	4
धरहरा	4	4	4
धर्मपत्नी	4	4	4
धर्मपुत्री	4	4	4
धर्मयुद्ध	4	4	4
धर्मले	4	4	4
धर्महरूमा	4	4	4
धर्मार्थ	4	4	4
धात्विक	4	4	4
धालिसको	4	4	4
धावक	4	4	4
धिताललाई	4	4	4
धुरी	4	4	4
धेरैजना	4	4	4
धेरैपछि	4	4	4
धेरैबाट	4	4	4
धोती	4	4	4
ध्वजाको	4	4	4
ध्वनिहरू	4	4	4
ध्वनिहरूका	4	4	3
नकद	4	4	4
नकोट्याउने	4	4	4
नक्षत्रहरूमध्ये	4	4	4
नक्सलवादी	4	4	4
नगरकोटमा	4	4	4
नगरिएको	4	4	4
नगर्नुहोला	4	4	4
नङ	4	4	4
नछाप्ने	4	4	4
नजरबन्द	4	4	4
नजरबन्दबाट	4	4	4
नजानु	4	4	4
नजीकै	4	4	4
नट	4	4	4
नतासा	4	4	4
नदिँदै	4	4	4
नदिएकाले	4	4	4
नदिको	4	4	4
नदिनुहोस्	4	4	4
नदीमध्ये	4	4	4
नदीहरूमध्ये	4	4	4
नदेख्दा	4	4	4
नन्दुरबार	4	4	4
नपराउने	4	4	4
नपरेको	4	4	4
नपाउनेले	4	4	4
नफाप्ने	4	4	4
नबिनका	4	4	4
नभएसम्म	4	4	4
नमाजको	4	4	4
नरकमा	4	4	4
नरहने	4	4	4
नरेश	4	4	4
नर्सका	4	4	4
नलिने	4	4	4
नलेखेर	4	4	4
नलेखौँ	4	4	4
नवरात्रभर	4	4	4
नशा	4	4	4
नसकेमा	4	4	4
नसक्दा	4	4	4
नसक्नु	4	4	4
नसोच्नु	4	4	4
नस्ल	4	4	4
नहेर्नुहोस्	4	4	4
नहोलान्	4	4	4
नाइनास्ती	4	4	4
नाइस	4	4	4
नाइसिन	4	4	4
नाकाबाट	4	4	4
नागकेशरीको	4	4	4
नागदह	4	4	4
नागबेली	4	4	4
नागमूल	4	4	4
नाचसहित	4	4	4
नाच्छन्	4	4	4
नाटकमा	4	4	4
नाताले	4	4	4
नाना	4	4	4
नानी	4	4	4
नाभिक	4	4	4
नामहरूमा	4	4	4
नामुद	4	4	4
नाम्चे	4	4	4
नारूपादेखि	4	4	4
नालाहरू	4	4	4
नासिरबाट	4	4	4
निकटवर्ती	4	4	4
निकायबाट	4	4	4
निकायमा	4	4	4
निकासको	4	4	4
निकुञ्जको	4	4	4
निकोल	4	4	4
निजगढमा	4	4	4
निजहरू	4	4	4
निजादती	4	4	4
निट्टल	4	4	4
निद्रामा	4	4	4
निन्द्रा	4	4	4
निबन्धहरूमा	4	4	4
निभाउँछ	4	4	4
निभाडा	4	4	4
निभायो	4	4	4
निमोनिया	4	4	4
नियत	4	4	4
नियन्त्रक	4	4	4
नियमन	4	4	4
नियो	4	4	4
नियोग	4	4	4
निरंकुश	4	4	4
निरस्त	4	4	4
निराशाको	4	4	4
निराहार	4	4	4
निरोधक	4	4	4
निरोधात्मक	4	4	4
निर्णयको	4	4	4
निर्णयमा	4	4	4
निर्णयसँग	4	4	4
निर्देशकहरूबाट	4	4	4
निर्भिक	4	4	4
निर्माणपछि	4	4	4
निर्मूल	4	4	4
निर्यातको	4	4	4
निर्वाचक	4	4	4
निर्वात	4	4	4
निलिशाला	4	4	4
निवारणमा	4	4	4
निवार्ता	4	4	4
निवृत्त	4	4	4
निवेदनको	4	4	4
निष्ठानन्द	4	4	4
निष्ठापूर्वक	4	4	4
निष्ठावान्	4	4	4
निस्कन्थ्यो	4	4	4
निस्किन्छन्	4	4	4
नीलम	4	4	3
नुहाउनाले	4	4	4
नेताहरूको	4	4	4
नेताहरूभन्दा	4	4	4
नेपालीहरू	4	4	4
नेपाले	4	4	4
नेपोलियन	4	4	4
नेपोलियनले	4	4	4
नेली	4	4	4
नेवारसँगै	4	4	4
नेवारहरूको	4	4	4
नेसन	4	4	4
नैनीमा	4	4	4
नैमित्तिक	4	4	4
नोभेम्बरसम्म	4	4	4
नोम्जामो	4	4	4
नौमती	4	4	4
नौमा	4	4	4
नौलखा	4	4	4
नौसेनाले	4	4	4
न्याउरीमुसा	4	4	4
न्यायका	4	4	4
पंक्तिमा	4	4	4
पआ	4	4	4
पकाइन्छ	4	4	4
पक्रेर	4	4	4
पक्षविपक्षका	4	4	4
पक्षहरू	4	4	4
पखालिएको	4	4	4
पखेटा	4	4	4
पङ्गेनी	4	4	4
पचाँस	4	4	4
पचाल	4	4	4
पछाडिका	4	4	4
पछिका	4	4	4
पञ्चकुले	4	4	4
पञ्चशीलमा	4	4	4
पञ्जीकृत	4	4	4
पटकपटकका	4	4	4
पटनदेवीदेखि	4	4	4
पटनाका	4	4	4
पटनाबाट	4	4	4
पट्मारा	4	4	4
पठाएर	4	4	4
पढिन्छन्	4	4	4
पण्डितकी	4	4	4
पतझर	4	4	4
पतञ्जलिले	4	4	4
पतनपछि	4	4	4
पतरिया	4	4	4
पतौरा	4	4	4
पत्तै	4	4	4
पत्नीसँग	4	4	4
पत्यार	4	4	4
पत्रकारको	4	4	4
पत्रले	4	4	4
पत्रहरूको	4	4	4
पत्रेदार	4	4	4
पदवी	4	4	4
पदहरूको	4	4	4
पदाधिकारीहरूले	4	4	4
पदार्थहरूबाट	4	4	4
पदावली	4	4	4
पदेन	4	4	4
पद्य	4	4	4
पन	4	4	4
पनिरलाई	4	4	4
पनौतीबाट	4	4	4
पनौतीसँग	4	4	4
पन्जाबी	4	4	4
पन्थ	4	4	4
पन्नालाल	4	4	4
पपुवा	4	4	4
पब्लिकेसन्सका	4	4	4
परपर	4	4	4
परमाणुका	4	4	4
परमाणुहरूमा	4	4	4
परमादेश	4	4	4
परमेश्वरको	4	4	4
परम्पराहरूमध्ये	4	4	4
परम्पराहरूमा	4	4	4
परम्परित	4	4	4
परशुरामजी	4	4	4
परशुरामपुर	4	4	4
परशुरामसँग	4	4	4
पराक्रम	4	4	4
पराक्रमबाट	4	4	4
पराक्रममा	4	4	4
पराजुलीद्वारा	4	4	4
पराजुलीसँग	4	4	4
परापूर्वकालदेखि	4	4	4
पराल्मी	4	4	4
परिकल्पना	4	4	4
परिचयपछि	4	4	4
परिचारिकाहरू	4	4	4
परिचालनलाई	4	4	4
परिणामले	4	4	4
परिपाटी	4	4	4
परिपूर्ति	4	4	4
परिभाषाभित्र	4	4	4
परिभाषाहरू	4	4	4
परिमेय	4	4	4
परियोजनाको	4	4	4
परियोजनाहरूमा	4	4	4
परिवर्धन	4	4	4
परिवारबाट	4	4	4
परिश्रमको	4	4	4
परिहाल्छन्	4	4	4
परीक्षणका	4	4	4
परेकाले	4	4	4
परेछ	4	4	4
पर्खालमा	4	4	4
पर्नेमा	4	4	4
पर्यटकमा	4	4	4
पर्यटनका	4	4	4
पर्वका	4	4	4
पर्वले	4	4	4
पर्वसँग	4	4	3
पल	4	4	4
पल्टनको	4	4	4
पल्लो	4	4	4
पल्स	4	4	4
पल्सर	4	4	4
पवित्रता	4	4	4
पशुबाट	4	4	4
पशुलाई	4	4	4
पश्चिमपट्टि	4	4	4
पश्चिमसम्म	4	4	4
पश्चिमाञ्चलको	4	4	4
पसलमा	4	4	4
पसिनाको	4	4	4
पस्किन	4	4	4
पस्छु	4	4	4
पस्तुन	4	4	4
पस्नु	4	4	4
पस्ने	4	4	4
पस्यो	4	4	4
पहरा	4	4	4
पहरामा	4	4	4
पहले	4	4	4
पहाडका	4	4	4
पहाडतिर	4	4	4
पहाडदेखि	4	4	4
पहाडहरूमा	4	4	4
पहिरो	4	4	4
पहिलाकै	4	4	4
पहिलादेखि	4	4	4
पहेंलो	4	4	4
पाँचथरको	4	4	4
पाँचौँमा	4	4	4
पाइएता	4	4	4
पाइएन	4	4	4
पाइथागोरस	4	4	4
पाइरहेका	4	4	4
पाईको	4	4	4
पाउँथे	4	4	4
पाउनुपर्छ	4	4	4
पाउनुभयो	4	4	4
पाउनेछ	4	4	4
पाउमा	4	4	4
पाऊँ	4	4	4
पाएकोमा	4	4	4
पाकिस्तानमा	4	4	4
पाकिस्तानी	4	4	4
पाखण्ड	4	4	4
पाङ्ग्रे	4	4	4
पाचक	4	4	4
पाचौँ	4	4	4
पाटनढोकामा	4	4	4
पाटनमा	4	4	4
पाटीले	4	4	4
पाठन	4	4	4
पाण्डवहरूका	4	4	4
पाण्डुलिपिको	4	4	4
पातहरूमा	4	4	4
पात्रहरूलाई	4	4	4
पाथीभरा	4	4	4
पानमा	4	4	4
पाना	4	4	4
पानामा	4	4	4
पानीट्याङ्की	4	4	4
पानीलाई	4	4	4
पारलौकिक	4	4	4
पारस्परिक	4	4	4
पारहरू	4	4	4
पाराले	4	4	4
पारेकी	4	4	4
पार्कमा	4	4	4
पार्टीबाट	4	4	4
पार्दै	4	4	4
पार्वतीको	4	4	4
पालमपुरमा	4	4	4
पाशुपत	4	4	4
पिँढिहरूसम्म	4	4	4
पिँधमा	4	4	4
पिकअप	4	4	4
पिकेन्ट	4	4	4
पिच	4	4	4
पिट्दा	4	4	4
पिठोबाट	4	4	4
पिताजीबाट	4	4	4
पिताजीलाई	4	4	4
पितृलाई	4	4	4
पित्तल	4	4	4
पिपुल	4	4	4
पिलोलाई	4	4	4
पीडाबाट	4	4	4
पुग्छौं	4	4	4
पुग्दैनन्	4	4	4
पुग्नासाथ	4	4	4
पुछ	4	4	4
पुजारीहरूले	4	4	4
पुणेमा	4	4	4
पुण्यवती	4	4	4
पुनःनामाकरण	4	4	4
पुनःसकृय	4	4	4
पुनरागमन	4	4	4
पुनर्मिलन	4	4	4
पुराणका	4	4	4
पुराणवाचक	4	4	4
पुराणवाचन	4	4	4
पुराणहरूको	4	4	4
पुर्याउँदछ	4	4	4
पुलहरू	4	4	4
पुलुकिसी	4	4	4
पुल्चोक	4	4	4
पुल्चोकमा	4	4	4
पुवार	4	4	4
पुष्करध्वज	4	4	4
पुष्टिको	4	4	4
पुस्तकहरूलाई	4	4	4
पुस्तकालयहरूमा	4	4	4
पुस्तिका	4	4	4
पूजनीय	4	4	4
पूजाअर्चना	4	4	4
पूजारी	4	4	4
पूर्णा	4	4	4
पूर्वतर्फको	4	4	4
पूर्वबाट	4	4	4
पूर्वराष्ट्रपति	4	4	4
पूर्वाञ्चलका	4	4	4
पूर्वानुमान	4	4	4
पूर्वाषाढा	4	4	4
पूर्वोत्तर	4	4	4
पृथ्वीध्वज	4	4	4
पृथ्वीभित्रको	4	4	4
पृथ्वीलाल	4	4	4
पेत्रा	4	4	4
पेत्राको	4	4	4
पेन	4	4	4
पेन्सन	4	4	4
पेरिसमा	4	4	4
पैटरसनको	4	4	4
पैताला	4	4	4
पैाडेल	4	4	4
पोखरेलद्वारा	4	4	4
पोटासियम	4	4	4
पोपकी	4	4	4
पोर्ट्स	4	4	4
पोलेर	4	4	4
पोलो	4	4	4
पोल्स्मोर	4	4	4
पौडेलजी	4	4	4
पौने	4	4	4
पौवासेरा	4	4	4
प्याङ	4	4	4
प्याटेन्टको	4	4	4
प्यान	4	4	4
प्यानल	4	4	4
प्युठानी	4	4	4
प्योङयाङ	4	4	4
प्रकटिकरण	4	4	4
प्रकारमा	4	4	4
प्रकारहरूका	4	4	4
प्रकाशमय	4	4	4
प्रकाशवर्ष	4	4	4
प्रकृतिलाई	4	4	3
प्रकृया	4	4	4
प्रखण्ड	4	4	4
प्रगतिलाई	4	4	4
प्रगतिहरूका	4	4	4
प्रजा	4	4	4
प्रजातन्त्रवादी	4	4	4
प्रणामी	4	4	4
प्रणामीमा	4	4	4
प्रतिकूल	4	4	4
प्रतिगमन	4	4	4
प्रतिफल	4	4	4
प्रतिभावान	4	4	4
प्रतिरूप	4	4	4
प्रतिवद्ध	4	4	4
प्रतिवेदनमा	4	4	4
प्रतिष्ठानहरूको	4	4	4
प्रतिसेकेन्ड	4	4	4
प्रतिस्थापन	4	4	4
प्रत्यक्षतर्फ	4	4	4
प्रत्यक्षबाट	4	4	4
प्रत्याशी	4	4	4
प्रदर्शनपछि	4	4	4
प्रदर्शनहरूको	4	4	4
प्रदीप	4	4	4
प्रदेशले	4	4	4
प्रदेशहरू	4	4	4
प्रदेशहरूबाट	4	4	4
प्रबन्धन	4	4	4
प्रभावहरू	4	4	4
प्रभु	4	4	4
प्रमाणहरूका	4	4	4
प्रमुखतासाथ	4	4	4
प्रमुखले	4	4	4
प्रमुखहरूमा	4	4	4
प्रमेयको	4	4	4
प्रयत्नशील	4	4	4
प्रयासका	4	4	4
प्रयासको	4	4	4
प्रयोगद्वारा	4	4	4
प्रयोगबिना	4	4	4
प्रयोगशालाबाट	4	4	4
प्रयोजनले	4	4	4
प्रवक्ताले	4	4	4
प्रवर्तकमध्ये	4	4	4
प्रवासमा	4	4	4
प्रवाहमा	4	4	4
प्रवृतिका	4	4	4
प्रवेशद्वारको	4	4	4
प्रशासक	4	4	4
प्रशासनलाई	4	4	4
प्रशिक्षणमा	4	4	3
प्रशोधन	4	4	4
प्रश्नमा	4	4	4
प्रसारको	4	4	4
प्रसारित	4	4	4
प्रस्तर	4	4	4
प्रस्तावको	4	4	4
प्रस्तावना	4	4	4
प्रहरीसमक्ष	4	4	4
प्राज्ञिक	4	4	4
प्राणीहरू	4	4	4
प्राणीहरूमा	4	4	4
प्रातमा	4	4	4
प्राध्यापक	4	4	4
प्रामाण्य	4	4	4
प्रार्थनासम्बन्धी	4	4	4
प्रालि	4	4	4
प्रावधानहरू	4	4	4
प्रियजनको	4	4	4
प्रेरणाले	4	4	4
प्रेसित	4	4	4
प्रेस्ट	4	4	4
प्रो	4	4	4
प्रोटोकल	4	4	4
प्लाजा	4	4	4
प्लाजाको	4	4	4
प्लाज्मा	4	4	4
प्लान्ट	4	4	4
प्लुथानबाट	4	4	4
प्वालबाट	4	4	4
फक्सले	4	4	4
फजलले	4	4	4
फतेहाबाद	4	4	4
फन्दामा	4	4	4
फरेस्ट	4	4	4
फर्काइदिए	4	4	4
फर्महरू	4	4	4
फर्सी	4	4	4
फलका	4	4	4
फलदायक	4	4	4
फलामको	4	4	4
फहराउन	4	4	4
फाँटका	4	4	4
फाइन	4	4	4
फाइनल	4	4	4
फाइललाई	4	4	3
फाट्छ	4	4	4
फाप्ने	4	4	4
फाल्दा	4	4	4
फिचर	4	4	4
फिफा	4	4	4
फिर्ती	4	4	4
फिलिपिन्सका	4	4	4
फिलिम	4	4	4
फिल्महरूको	4	4	4
फिल्महरूमा	4	4	4
फिसेज	4	4	4
फुपूको	4	4	4
फुर्सदमा	4	4	4
फुल्याए	4	4	4
फूलमा	4	4	4
फेब्रुवरी	4	4	4
फेरेर	4	4	4
फेरेरी	4	4	4
फेल	4	4	4
फैजाबाद	4	4	4
फैलिन	4	4	4
फैलिन्छ	4	4	4
फोइल	4	4	4
फोको	4	4	4
फोटा	4	4	4
फोनेटिक	4	4	4
फौजीका	4	4	4
फ्याक्ने	4	4	4
फ्यालफ्याले	4	4	4
फ्रान्सबाट	4	4	4
फ्रान्सिस्कोमा	4	4	4
फ्रेन्क	4	4	4
फ्रेसरका	4	4	4
फ्लस	4	4	4
फ्लि	4	4	4
फ्लोरिडाको	4	4	4
बक्समा	4	4	4
बगाएर	4	4	4
बगे	4	4	4
बघिनीको	4	4	4
बचाउनका	4	4	4
बचेर	4	4	4
बच्चाहरूसहित	4	4	4
बच्नको	4	4	4
बजारका	4	4	4
बज्ने	4	4	4
बडादशैँको	4	4	4
बडामहाराज	4	4	4
बडी	4	4	4
बढाउँछ	4	4	4
बढि	4	4	4
बढीले	4	4	4
बताइएका	4	4	4
बताउनुहुनेछ	4	4	4
बत्ति	4	4	4
बत्ती	4	4	4
बदलिएको	4	4	4
बदले	4	4	4
बनाइ	4	4	4
बनाइदिन	4	4	4
बनाइन्छन्	4	4	4
बनाइरहेको	4	4	4
बनारसमा	4	4	4
बन्टिङ	4	4	4
बन्नुभएको	4	4	4
बन्नुभन्दा	4	4	4
बन्नुहुन्छ	4	4	4
बन्नेछ	4	4	4
बब	4	4	4
बममा	4	4	4
बमहरूको	4	4	4
बम्बे	4	4	4
बयानमा	4	4	4
बर	4	4	4
बरमुडा	4	4	4
बरालका	4	4	4
बराह	4	4	4
बर्डी	4	4	4
बर्माका	4	4	4
बर्मी	4	4	4
बर्लिनमा	4	4	4
बलका	4	4	4
बलले	4	4	4
बलिउडसम्म	4	4	4
बलिको	4	4	4
बलिदानका	4	4	4
बलिदिने	4	4	4
बसमा	4	4	4
बसाएर	4	4	4
बसिरहने	4	4	4
बसिरहेको	4	4	4
बसुको	4	4	4
बसेकाले	4	4	4
बस्तछन्	4	4	4
बस्तीहरू	4	4	4
बस्तीहरूका	4	4	4
बस्नुपर्ने	4	4	4
बस्नेतले	4	4	4
बहिरी	4	4	4
बहिष्कारकै	4	4	4
बहु	4	4	4
बहुधार्मिक	4	4	4
बहुल	4	4	4
बहुविषयक	4	4	4
बाँकेका	4	4	4
बाँच्यो	4	4	4
बाँदरचरी	4	4	4
बाँधी	4	4	4
बाँध्न	4	4	4
बाँध्ने	4	4	4
बाँसबारी	4	4	4
बाइस	4	4	4
बाकसको	4	4	4
बाख्रा	4	4	4
बाख्रो	4	4	4
बागडोर	4	4	4
बागलुङको	4	4	4
बाघको	4	4	4
बाजाको	4	4	4
बाणहरूबाट	4	4	4
बातचित	4	4	4
बादलका	4	4	4
बादलले	4	4	4
बाध्यकारी	4	4	4
बानियाँ	4	4	4
बानेश्वरमा	4	4	4
बान्ता	4	4	4
बाबर	4	4	4
बाबुका	4	4	4
बाबुले	4	4	4
बायाँतर्फ	4	4	4
बारको	4	4	4
बारपेटा	4	4	4
बारो	4	4	4
बार्सिलोना	4	4	4
बालचित्र	4	4	4
बालबालिकाहरूको	4	4	4
बालसेवक	4	4	4
बालीको	4	4	4
बाल्यकालको	4	4	4
बासिन्दाका	4	4	4
बासीहरूलाई	4	4	4
बासुदेव	4	4	4
बाहिरतिर	4	4	4
बाहिरिए	4	4	4
बाहिरिन	4	4	4
बाहेकका	4	4	4
बिएस्सी	4	4	4
बिक्रि	4	4	4
बिग्रँदो	4	4	4
बिग्रिएपछि	4	4	4
बिजुलीका	4	4	4
बिताउनका	4	4	4
बिताउनु	4	4	4
बिताको	4	4	4
बितिन्	4	4	4
बितेका	4	4	4
बिदाको	4	4	4
बिन	4	4	4
बिमला	4	4	4
बिमलादेवीको	4	4	4
बिमा	4	4	4
बिरला	4	4	4
बिराएकै	4	4	4
बिरामीको	4	4	4
बिरालोले	4	4	4
बिरिङ	4	4	4
बिरुद्धमा	4	4	4
बिलका	4	4	4
बिलय	4	4	4
बिवाह	4	4	4
बिषय	4	4	4
बिसाइन्	4	4	4
बिसि	4	4	4
बिस्तार	4	4	4
बीउबाट	4	4	4
बीजगणितको	4	4	4
बीपी	4	4	4
बुझाएको	4	4	4
बुझ्नु	4	4	4
बुझ्नुपर्छ	4	4	4
बुधकर्कट	4	4	4
बुधबारका	4	4	4
बुनियादी	4	4	4
बुबाआमालाई	4	4	4
बुल्डोजर	4	4	4
बुस्टर	4	4	4
बूढी	4	4	4
बृद्धबृद्धाहरूको	4	4	4
बृन्दा	4	4	4
बृहस्पतिका	4	4	4
बेको	4	4	4
बेग्लाबेग्लै	4	4	4
बेच्ने	4	4	4
बेठी	4	4	4
बेबी	4	4	4
बेरलान	4	4	4
बेरेर	4	4	4
बेलले	4	4	4
बेलाबेलामा	4	4	4
बेलायतमै	4	4	4
बेलैमा	4	4	4
बेसबल	4	4	4
बेसमा	4	4	4
बैंकहरूका	4	4	4
बैङ्कमा	4	4	4
बैजनी	4	4	4
बैध	4	4	4
बैरी	4	4	4
बोक्न	4	4	4
बोगी	4	4	4
बोटहरू	4	4	4
बोफोर्स	4	4	4
बोर्डको	4	4	4
बोर्डमा	4	4	4
बोलाइयो	4	4	4
बोलिन्थ्यो	4	4	4
बोलीको	4	4	4
ब्याजमा	4	4	4
ब्यानरमा	4	4	4
ब्युनर्स	4	4	4
ब्रह्मा	4	4	4
ब्रह्माको	4	4	4
ब्राउजरको	4	4	4
ब्रान्डका	4	4	4
ब्राहमण	4	4	4
ब्रिटिसहरूले	4	4	4
ब्रिटेनको	4	4	4
ब्रुनाई	4	4	4
ब्लक	4	4	4
ब्लिथ	4	4	4
ब्लेयर	4	4	4
ब्वाइज	4	4	4
भइरहेकाहरू	4	4	4
भएकाहरूले	4	4	4
भएछन्	4	4	4
भक्तपुरका	4	4	4
भक्तहरूलाई	4	4	4
भगतद्वारा	4	4	4
भञ्ज्याङ	4	4	4
भट्टको	4	4	4
भट्टराईका	4	4	4
भट्टर्राईको	4	4	4
भण्डारको	4	4	4
भदौरे	4	4	4
भनाइको	4	4	4
भनाई	4	4	4
भनाईमा	4	4	4
भनिए	4	4	4
भनेछ	4	4	4
भन्नुभएको	4	4	4
भन्नेबारे	4	4	4
भयबाट	4	4	4
भयभीत	4	4	4
भरसक	4	4	4
भरिएका	4	4	4
भरे	4	4	4
भरेको	4	4	4
भर्खर	4	4	4
भर्न	4	4	4
भलाकुसारी	4	4	4
भलो	4	4	4
भवनका	4	4	4
भाँडाको	4	4	4
भाँतिका	4	4	4
भाकामा	4	4	4
भागदेखि	4	4	4
भागेर	4	4	4
भाग्नुपरेको	4	4	4
भातभान्सा	4	4	4
भातमा	4	4	4
भातृ	4	4	4
भाद्रमा	4	4	4
भान्सा	4	4	4
भायोलिन	4	4	4
भारतद्वारा	4	4	4
भारती	4	4	4
भालाकृत	4	4	4
भालेसँग	4	4	4
भावनालाई	4	4	4
भावनाले	4	4	4
भावर	4	4	4
भाषावंशावली	4	4	4
भाषाहरूका	4	4	4
भाषाहरूलाई	4	4	4
भाषी	4	4	4
भिआइपी	4	4	4
भिक्षुद्वारा	4	4	4
भिडियोमा	4	4	4
भित्ता	4	4	4
भित्तेपात्रोमा	4	4	4
भित्रियो	4	4	4
भिन्नताका	4	4	4
भियतनामको	4	4	4
भियतनामबाट	4	4	4
भियतनाममा	4	4	4
भियतनामी	4	4	3
भीमसेनले	4	4	4
भुँइचालो	4	4	4
भुजाहरूबाट	4	4	4
भुटानका	4	4	4
भुवादार	4	4	4
भुसजस्तो	4	4	4
भुसालले	4	4	4
भूउपग्रह	4	4	4
भूबनोट	4	4	4
भूबनौट	4	4	4
भूमिकाहरू	4	4	4
भूमिलाई	4	4	4
भूमिसुधार	4	4	4
भूल	4	4	4
भेकतिर	4	4	4
भेटाइएका	4	4	4
भेट्दा	4	4	4
भेडाको	4	4	4
भैँसी	4	4	4
भोकको	4	4	4
भोको	4	4	4
भोगेको	4	4	4
भोजनका	4	4	4
भोल्टेज	4	4	4
भौगर्भिक	4	4	4
भौतिकशास्त्री	4	4	4
भ्याक्युम	4	4	4
भ्रमणको	4	4	4
भ्रमणमा	4	4	4
भ्रष्टाचारका	4	4	4
भ्रष्ट्राचार	4	4	4
मकवानी	4	4	4
मजुरे	4	4	4
मञ्चमा	4	4	4
मठका	4	4	4
मठमा	4	4	4
मण्डप	4	4	4
मथुरादेखि	4	4	4
मथुरामा	4	4	4
मदेखि	4	4	4
मद्दतको	4	4	4
मधुबाला	4	4	4
मधुर	4	4	4
मध्यपश्चिमी	4	4	4
मध्यपूर्वमा	4	4	4
मध्यमवर्गीय	4	4	4
मध्यान्तरको	4	4	4
मध्येमा	4	4	4
मनग्गे	4	4	4
मनसुनी	4	4	4
मनाइन्छन्	4	4	4
मनाइयो	4	4	4
मनाउँछ	4	4	4
मनुष्यबाट	4	4	4
मनुष्यमा	4	4	4
मनोकांक्षा	4	4	4
मनोनयन	4	4	4
मनोनीत	4	4	4
मनोरञ्जनको	4	4	4
मन्डप	4	4	4
मन्तरमा	4	4	4
मन्त्रद्वारा	4	4	4
मन्त्रालयअन्तर्गत	4	4	4
मन्त्रालयका	4	4	4
मन्त्रीपरिषद्	4	4	4
मन्त्रीलाई	4	4	4
मन्त्रीले	4	4	4
मन्त्रीहरूलाई	4	4	4
मन्थली	4	4	4
मन्दिरका	4	4	4
मन्दिरबाट	4	4	4
मन्दिरै	4	4	4
मन्दीका	4	4	4
ममा	4	4	4
मरिच	4	4	4
मरिमेट्ने	4	4	4
मरियम	4	4	4
मलङ्गवामा	4	4	4
मलामीहरूले	4	4	4
मल्खु	4	4	4
मल्खे	4	4	4
मल्ललाई	4	4	4
मल्हारसहितका	4	4	4
मशालका	4	4	4
मसीद्वारा	4	4	4
मस्जिदमा	4	4	4
महतले	4	4	4
महतोले	4	4	4
महत्ता	4	4	4
महन्त	4	4	4
महलबाट	4	4	4
महललाई	4	4	4
महाअष्टमी	4	4	4
महाङ्काल	4	4	4
महादेवका	4	4	4
महाद्वीपलाई	4	4	4
महाद्वीपीय	4	4	4
महानन्दा	4	4	4
महानवमी	4	4	4
महामारीका	4	4	4
महामारीले	4	4	4
महामुर्ख	4	4	4
महारथी	4	4	4
महाराजगंज	4	4	4
महारानीले	4	4	4
महाशाक्य	4	4	4
महासागरले	4	4	4
महिनाअघि	4	4	4
महिनाबाट	4	4	4
महिनाहरू	4	4	4
महिषपाल	4	4	4
महोत्सव	4	4	4
माइकल	4	4	4
माउन्ट	4	4	4
माकुरीचरी	4	4	4
मागी	4	4	4
मागेँ	4	4	4
माछासँगै	4	4	4
माटाको	4	4	4
माडेलको	4	4	4
मातापिता	4	4	4
मातृकालाई	4	4	4
मात्रमा	4	4	4
मादक	4	4	4
माधवकुमार	4	4	4
माध्यमहरू	4	4	4
मानचित्रमा	4	4	4
मानवता	4	4	4
मानस	4	4	4
मानिँदै	4	4	4
मानिआएका	4	4	4
मानिनुपर्ने	4	4	4
मानिसमा	4	4	4
मानिसहरूसँग	4	4	4
मानेन	4	4	4
मान्छेजस्तै	4	4	4
मान्छेहरूलाई	4	4	4
मान्दैनन्	4	4	4
मान्यतालाई	4	4	4
मारिएकालाई	4	4	4
मारिएको	4	4	4
मारिनुभयो	4	4	4
मार्कसको	4	4	4
मार्गचित्र	4	4	4
मार्नु	4	4	4
मार्सी	4	4	4
मालपोत	4	4	4
मालिश	4	4	4
मालिस	4	4	4
माली	4	4	4
माल्दिप्स	4	4	4
माविबाट	4	4	3
मासुको	4	4	4
मासुमा	4	4	4
मास्टर	4	4	4
माहिला	4	4	4
माहिलो	4	4	4
मिगुएली	4	4	4
मिटरसम्म	4	4	4
मिडियामा	4	4	4
मिडी	4	4	4
मित्रा	4	4	4
मिनरल	4	4	4
मिनार	4	4	4
मिनिनको	4	4	4
मियागपाको	4	4	4
मिलाउनु	4	4	4
मिलिरहेको	4	4	4
मिलेपछि	4	4	4
मिल्छन्	4	4	4
मिल्थ्यो	4	4	4
मिश्रद्वारा	4	4	4
मिसनहरूतर्फ	4	4	4
मिसाइल	4	4	4
मिसाउँदा	4	4	4
मिसिँदै	4	4	4
मिसिएर	4	4	3
मिसिगन	4	4	4
मिसिनहरूलाई	4	4	4
मिस्री	4	4	4
मुक	4	4	4
मुकाबलहरूमा	4	4	4
मुकाम	4	4	4
मुक्तिमोर्चा	4	4	4
मुक्तिमोर्चाको	4	4	4
मुखको	4	4	4
मुखपृष्ठमा	4	4	4
मुग्ध	4	4	4
मुताबिक	4	4	4
मुताविक	4	4	4
मुना	4	4	4
मुनाफा	4	4	4
मुन्धुम	4	4	4
मुम्बईबाट	4	4	4
मुलुकलाई	4	4	4
मुलुकहरू	4	4	4
मुसि	4	4	4
मुस्कुराए	4	4	4
मूर्खता	4	4	4
मूर्तिको	4	4	4
मूलको	4	4	4
मूलथलो	4	4	4
मूलबासिन्दा	4	4	4
मूलाधार	4	4	4
मूल्यवान्	4	4	4
मूल्यहरू	4	4	4
मृगी	4	4	4
मेक्सिको	4	4	4
मेक्सिकोमा	4	4	4
मेग्राहीलाई	4	4	4
मेटाउन	4	4	4
मेटाउने	4	4	4
मेटामा	4	4	4
मेटिँदैन	4	4	4
मेटिएको	4	4	4
मेटिदिने	4	4	4
मेटिन	4	4	4
मेटियो	4	4	4
मेट्न	4	4	4
मेट्ने	4	4	4
मेट्रोको	4	4	4
मेत्तर	4	4	4
मेलालाई	4	4	4
मैदानबाट	4	4	4
मोक्षदायिनीको	4	4	4
मोगली	4	4	4
मोजेक	4	4	4
मोतिहारीदेखि	4	4	4
मोर्चाका	4	4	4
मोर्चाको	4	4	4
मोर्चाले	4	4	4
मोल	4	4	4
मोस्ट	4	4	4
मौखिक	4	4	4
मौर्य	4	4	4
मौर्यकालको	4	4	4
मौर्यहरूको	4	4	4
मौलायो	4	4	4
मौसमको	4	4	4
म्याग्मा	4	4	4
म्याड्रिडको	4	4	4
म्यानमार	4	4	4
म्यानेजमेन्ट	4	4	4
यताउता	4	4	4
यथार्थमा	4	4	4
यथासम्भव	4	4	4
यथासिघ्र	4	4	4
यन्त्रको	4	4	4
यलम्बरलाई	4	4	4
यसबारेमा	4	4	4
यसबेला	4	4	4
यससँगै	4	4	4
यस्तोलाई	4	4	4
यहींँ	4	4	4
यहुदीहरूसँग	4	4	4
याचना	4	4	3
यातायातद्वारा	4	4	4
यातायातमा	4	4	4
यात्रापछि	4	4	4
यात्राबाट	4	4	4
यात्रीलाई	4	4	4
याम	4	4	4
यामात्राहरूको	4	4	4
यिनकी	4	4	4
युएस	4	4	4
युगौँदेखि	4	4	4
युद्धबन्दी	4	4	4
युद्धभूमिमा	4	4	4
योगदानकर्ता	4	4	4
योगदानमा	4	4	4
योगदानले	4	4	4
योगफल	4	4	4
योगमा	4	4	4
योगिनी	4	4	4
योनिद्वार	4	4	4
योनिबाट	4	4	4
योसँग	4	4	4
यौनजनित	4	4	4
रकमहरू	4	4	4
रक्तपित्त	4	4	4
रक्सीसँग	4	4	4
रङ्गका	4	4	4
रङ्गभेदका	4	4	4
रङ्गमा	4	4	4
रङ्गशाला	4	4	4
रचनादेखि	4	4	4
रचयिताको	4	4	4
रचिएका	4	4	4
रचिएको	4	4	4
रचे	4	4	4
रच्ने	4	4	4
रजहर	4	4	4
रजौटाको	4	4	4
रणभूमिमा	4	4	4
रतनचुरा	4	4	4
रन्कोले	4	4	4
रब	4	4	4
रमणीयता	4	4	4
रमाउनुहुनेछ	4	4	4
रयल	4	4	4
रविन्द्र	4	4	4
रविशंकरले	4	4	4
रहमान	4	4	4
रहि	4	4	4
रहिन्	4	4	4
रहिरहन्छ	4	4	4
रहेकोमा	4	4	4
राईहरूको	4	4	4
राकम	4	4	4
राक्षी	4	4	4
राखिएकी	4	4	4
राखिछाडेको	4	4	4
राखेपछि	4	4	4
राख्छौ	4	4	4
राख्दछु	4	4	4
राजकमल	4	4	4
राजधानीमा	4	4	4
राजनीतिबाहेक	4	4	4
राजसभा	4	4	4
राजाराम	4	4	4
राजेश्वर	4	4	4
राज्यपक्षबाट	4	4	4
राज्यबाट	4	4	4
राणालाई	4	4	4
राणाविरोधी	4	4	4
रातभरि	4	4	4
रानाले	4	4	4
रानीकुवा	4	4	4
रानीकुवामा	4	4	4
रानीपोखरी	4	4	3
रामचन्दलाई	4	4	4
रामटेक	4	4	4
रामनगर	4	4	4
रामप्रसादलाई	4	4	4
रामसँगै	4	4	4
रायको	4	4	4
रायपुर	4	4	4
राष्ट्रपतिमा	4	4	4
राष्ट्रसङ्घ	4	4	4
राष्ट्रियकरण	4	4	4
राष्ट्रियगान	4	4	4
राष्ट्रियता	4	4	4
राहुलाई	4	4	4
रिँगाइ	4	2	2
रित्ताउने	4	4	4
रिप्रेन्स	4	4	4
रियल	4	4	4
रिलायन्सको	4	4	4
रिवाज	4	4	4
रिसाएका	4	4	4
रिसाएर	4	4	4
रिसोर्ट	4	4	4
रीमा	4	4	4
रुकुममा	4	4	4
रुखजस्तै	4	4	4
रुखमा	4	4	4
रुद्रदेव	4	4	4
रुद्राक्ष	4	4	4
रुधिरबाट	4	4	4
रुन	4	4	4
रुससँग	4	4	4
रूडले	4	4	4
रूपसम्म	4	4	4
रूपैया	4	4	4
रूम्जाटार	4	4	4
रेखाचित्र	4	4	4
रेखामा	4	4	4
रेखालाई	4	4	4
रेडक्रसका	4	4	4
रेन	4	4	4
रेलको	4	4	4
रेलद्वारा	4	4	4
रेललाई	4	4	4
रेल्वे	4	4	4
रेशम	4	4	4
रोकिएको	4	4	4
रोकिएर	4	4	4
रोके	4	4	4
रोक्छन्	4	4	4
रोगव्याधि	4	4	4
रोगीले	4	4	4
रोज	4	4	4
रोजा	4	4	4
रोज्न	4	4	4
रोटको	4	4	4
रोपिने	4	4	4
रोमको	4	4	4
रोमाञ्चक	4	4	4
लक्ष्मीपूजा	4	4	4
लक्ष्मीप्रसाद	4	4	4
लगानीको	4	4	4
लज	4	4	4
लडाकुको	4	4	4
लन्डनको	4	4	4
लब्ध	4	4	4
लम्बाइका	4	4	4
लम्ब्याउन	4	4	4
लवज	4	4	4
लहरमा	4	4	4
लहरोलाई	4	4	4
लाखमा	4	4	4
लाखौँको	4	4	4
लागतमा	4	4	4
लागोस्	4	4	4
लाग्थ्यो	4	4	4
लाने	4	4	4
लाभका	4	4	4
लामिछानेद्वारा	4	4	4
लायकु	4	4	4
लालमोहरमा	4	4	4
लालीघाटमा	4	4	4
लासमा	4	4	4
लिइएका	4	4	4
लिइयो	4	4	4
लिकर	4	4	4
लिखत	4	4	4
लिखु	4	4	4
लिची	4	4	4
लिच्छविकालसम्म	4	4	4
लिच्छवीकालभन्दा	4	4	4
लिड्ग	4	4	4
लिनका	4	4	4
लिनुभएका	4	4	4
लिपिदेखि	4	4	4
लिमा	4	4	4
लिम्बुवानको	4	4	4
लुम्ले	4	4	4
लेकाली	4	4	4
लेखकले	4	4	4
लेखनमा	4	4	4
लेखनी	4	4	4
लेखसित	4	4	4
लेखहरु	4	4	4
लेख्दैनन्	4	4	4
लेख्नुहुनेछ	4	4	4
लेगाटोले	4	4	4
लेहलका	4	4	4
लोककथा	4	4	4
लोकनायक	4	4	4
लोकहित	4	4	4
लोगोको	4	4	4
लोभलाग्दो	4	4	4
ल्याइहाल्ने	4	4	4
ल्याम्प	4	4	4
ल्याम्पार्ड	4	4	4
वंशज	4	4	4
वंशजका	4	4	4
वंशजको	4	4	4
वंशहरूको	4	4	4
वंशीसमेतको	4	4	4
वक्र	4	4	4
वज्राचार्यलाई	4	4	4
वटकिन	4	4	4
वनमारा	4	2	2
वनवास	4	4	4
वन्यजन्तुको	4	4	4
वन्यजीव	4	4	4
वरद	4	4	4
वरदानको	4	4	4
वरुण	4	4	4
वर्गहरूको	4	4	4
वर्गीकरणमा	4	4	4
वर्णका	4	4	4
वर्णहरू	4	4	4
वर्धक	4	4	4
वर्षायाममा	4	4	4
वल्डकपमा	4	4	4
वशमा	4	4	4
वसन्तीको	4	4	4
वसल्लमको	4	4	3
वसुदेव	4	4	4
वस्तुहरूमा	4	4	4
वाइवाइले	4	4	4
वाक्य	4	4	4
वाणिज्यिक	4	4	4
वातावरणको	4	4	4
वान्टेड	4	4	4
वामन	4	4	4
वामपन्थी	4	4	4
वाममोर्चाको	4	4	4
वायुमण्डलीय	4	4	4
वाराणसी	4	4	4
वार्तालापमा	4	4	4
वार्तालापहरू	4	4	4
वार्नर	4	4	4
वार्ब्लर	4	4	4
वासस्थानको	4	4	4
वासुदेवले	4	4	4
वास्तविकतालाई	4	4	4
विकराल	4	4	4
विकल	4	4	4
विकारहरूमा	4	4	4
विकासलाई	4	4	4
विकिपीडिया	4	4	4
विकिप्रतिको	4	4	4
विकिरण	4	4	4
विकिरणको	4	4	3
विकिरणद्वारा	4	4	4
विकृत	4	4	4
विकेटले	4	4	4
विकेन्द्रित	4	4	4
विक्टर	4	4	4
विक्रमको	4	4	4
विघ्न	4	4	4
विचारकहरूले	4	4	4
विचारहरू	4	4	4
विजयकुमार	4	4	4
विज्ञानबाट	4	4	4
विज्ञानहरूका	4	4	4
विज्ञानी	4	4	4
विडाल	4	4	4
वितर	4	4	4
वितरित	4	4	4
विदित	4	4	4
विदेशबाट	4	4	4
विदेशीहरू	4	4	4
विदेह	4	4	4
विद्यात्मक	4	4	4
विद्वानहरूले	4	4	4
विधानसभा	4	4	4
विधिले	4	4	4
विधेयकहरू	4	4	4
विनको	4	4	4
विनायकहरूमध्ये	4	4	4
विनाशकारी	4	4	4
विन्डो	4	4	4
विन्दुको	4	4	4
विपक्षीहरूको	4	4	4
विपरित	4	4	4
विभागलाई	4	4	4
विभागहरू	4	4	4
विभागहरूमा	4	4	4
विभिन्नता	4	4	4
वियोगमा	4	4	4
विरगो	4	4	4
विरूपी	4	4	4
विलक्षण	4	4	4
विलासिता	4	4	4
विवादास्पद	4	4	4
विविधतालाई	4	4	4
विवेक	4	4	4
विवेकानन्दको	4	4	4
विशाखा	4	4	4
विशेषतया	4	4	4
विशेषताहरूद्वारा	4	4	4
विश्वलाई	4	4	4
विश्वविजय	4	4	4
विश्वविद्यालयलाई	4	4	4
विश्वसँग	4	4	4
विश्वेश्वर	4	4	4
विषयवस्तुहरू	4	4	4
विषले	4	4	4
विषहरू	4	4	4
विषाक्त	4	4	4
विषादी	4	4	4
विषेश	4	4	4
विस्तारको	4	4	4
वीरगति	4	4	4
वीरेन्द्रनगर	4	4	4
वृक्षपात	4	4	4
वृक्षहरू	4	4	4
वृत्त	4	4	4
वृहस्पति	4	4	4
वेगसँग	4	4	4
वेधशाला	4	4	4
वैज्ञानिकहरूका	4	4	4
वैज्ञानिकहरूको	4	4	4
वैभवको	4	4	4
वैशाखतिर	4	4	4
व्यवस्थापनसमेत	4	4	4
व्यवस्थापिका	4	4	4
व्यवहारबाट	4	4	4
व्याख्यान	4	4	4
व्यापकता	4	4	4
व्यापारिक	4	4	4
व्यापारीले	4	4	4
व्यावसाय	4	4	4
व्यासी	4	4	4
व्यासीका	4	4	4
व्रिद्रोहको	4	4	4
व्हेल	4	4	4
शकुन्तलाका	4	4	4
शक्तिवर्धक	4	4	4
शङ्कराचार्यलाई	4	4	3
शताब्दीदेखि	4	4	4
शताब्दीभित्रका	4	4	4
शनिश्चर	4	4	4
शब्दहरूले	4	4	4
शब्दार्थ	4	4	4
शमशेर	4	4	4
शमशेरजस्तै	4	4	4
शम्भुराम	4	4	4
शरीरभन्दा	4	4	4
शव	4	4	4
शहीद	4	4	4
शाकुन्तलममा	4	4	4
शाक्त	4	4	4
शाश्वत	4	4	4
शासनतन्त्र	4	4	4
शासनबाट	4	4	4
शास्त्रको	4	4	4
शास्त्रहरूमा	4	4	4
शाहजहाँले	4	4	4
शिक्षाविद्	4	4	4
शिक्षिका	4	4	4
शिला	4	4	4
शिलान्यास	4	4	4
शिलालेखलाई	4	4	4
शिवजी	4	4	4
शिवजीको	4	4	4
शिवपार्वती	4	4	4
शिवरात्रीमा	4	4	4
शीर्षकहरूमा	4	4	4
शीर्षस्थानमा	4	4	4
शुक्रबारको	4	4	4
शुद्धलेखनको	4	4	4
शुभकामनाले	4	4	4
शुरु	4	4	4
शेर्पाका	4	4	4
शेर्पाहरूका	4	4	4
शेशी	4	4	4
शैलीलाई	4	4	4
शोधकार्य	4	4	4
शोमा	4	4	4
श्रावणदेखि	4	4	4
श्रीनगरदेखि	4	4	4
श्रीलङ्काको	4	4	4
श्रीलङ्कातिर	4	4	4
श्रीलङ्कामा	4	4	4
श्रीहरिको	4	4	4
श्रृङ्खलाका	4	4	4
श्रेणीका	4	4	4
श्रेणीहरू	4	4	4
श्रेणीहरूले	4	4	4
श्रेष्ठजी	4	4	4
श्रेष्ठतम	4	4	4
श्रेष्ठमा	4	4	4
श्लोकहरू	4	4	4
सँगालो	4	4	4
सँधै	4	4	4
संक्षेपमा	4	4	4
संगठनका	4	4	4
संगीतबाट	4	4	4
संग्रहित	4	4	4
संरक्षणको	4	4	4
संरक्षित	4	4	4
संरचनाहरूलाई	4	4	4
संसदका	4	4	4
संसारमै	4	4	4
संसारलाई	4	4	4
संस्कृतिका	4	4	4
संहितामा	4	4	4
सकिएपछि	4	4	4
सकी	4	4	4
सकेर	4	4	4
सक्दा	4	4	4
सक्दैनथे	4	4	4
सक्रियताले	4	4	4
सक्सिड	4	4	4
सखर	4	4	4
सगरमाथालाई	4	4	4
सङ्कटबाट	4	4	4
सङ्ख्याहरूका	4	4	4
सङ्गठनहरूको	4	4	4
सङ्गीतकार	4	4	4
सङ्ग्रहहरू	4	4	4
सङ्ग्रहित	4	4	4
सङ्ग्रामको	4	4	4
सङ्घबाट	4	4	4
सङ्घर्षमय	4	4	4
सङ्घर्षशील	4	4	4
सङ्घीयता	4	4	4
सङ्लो	4	4	3
सचिवको	4	4	4
सच्याउनको	4	4	4
सजाइएको	4	4	4
सजायको	4	4	4
सजावट	4	4	4
सजिएको	4	4	4
सञ्चयकोष	4	4	4
सञ्चारका	4	4	4
सञ्जालमा	4	4	4
सटल	4	4	4
सतगुरूको	4	4	4
सतही	4	4	4
सत्तामाथि	4	4	4
सदरमुकामदेखि	4	4	4
सदाकत	4	4	4
सद्भाव	4	4	4
सधा	4	4	4
सधैँका	4	4	4
सनबर्ड	4	4	4
सन्तानमा	4	4	4
सन्दीप	4	4	4
सप्तरीमा	4	4	4
सप्तशतीको	4	4	4
सप्ताहको	4	4	4
सफलतापछि	4	4	4
सबबाट	4	4	4
सबेरै	4	4	4
सबैकुरा	4	4	4
सबैमाथि	4	4	4
सब्जीको	4	4	4
सभ्यतासँग	4	4	4
समझदारी	4	4	4
समद्वारा	4	4	4
समन्वयको	4	4	4
समयभन्दा	4	4	4
समयावधि	4	4	4
समयावधिलाई	4	4	4
समस्याबाट	4	4	4
समाउने	4	4	4
समाजबाट	4	4	4
समाजले	4	4	3
समाजवादको	4	4	4
समाजशास्त्रीय	4	4	4
समाजहरू	4	4	4
समाजहरूले	4	4	4
समाती	4	4	4
समात्न	4	4	4
समात्ने	4	4	4
समानताको	4	4	4
समालोचनाका	4	4	3
समावेशी	4	4	4
समितिकी	4	4	4
समीक्षण	4	4	4
समीक्षामा	4	4	4
समुदायहरू	4	4	4
समुन्द्र	4	4	4
समुन्द्रमा	4	4	4
समूहबाट	4	4	4
समूहमध्ये	4	4	4
समूहहरूमा	4	4	4
समेट्न	4	4	4
सम्झनामा	4	4	4
सम्झिन	4	4	4
सम्झी	4	4	4
सम्पतिलाई	4	4	4
सम्पदाहरूको	4	4	4
सम्पादकले	4	4	4
सम्भावनाहरू	4	4	4
सम्भावनाहरूको	4	4	4
सम्मेलनका	4	4	4
सम्शेरको	4	4	4
सम्हाले	4	4	4
सरकारहरूद्वारा	4	4	4
सरले	4	4	4
सरोजले	4	4	4
सर्जन	4	3	3
सर्त	4	4	4
सर्नुपर्ने	4	4	4
सर्व	4	4	4
सलामि	4	4	4
सल्तनतको	4	4	4
सल्यानकोटमा	4	4	4
सल्लाहका	4	4	4
सल्लेधारा	4	4	4
सवा	4	4	4
सवालको	4	4	4
सविस्तार	4	4	4
सशङ्कित	4	4	4
सह	4	4	4
सहकमान्डर	4	4	4
सहकर्मीले	4	4	4
सहगायक	4	4	3
सहयोगीहरूले	4	4	4
सहरहरूबाट	4	4	4
सहरहरूमध्येको	4	4	4
साँखु	4	4	4
साँगाचोक	4	4	4
साँढे	4	4	4
साँध	4	4	4
साइड	4	4	4
साइन	4	4	4
साइन्ससम्बन्धी	4	4	4
साइबर	4	4	4
साक्षरताको	4	4	4
सागरका	4	4	4
सागरदेखि	4	4	4
साडी	4	4	4
साथीको	4	4	4
साथीहरूमा	4	4	4
सानोभन्दा	4	4	4
सापेक्षता	4	4	4
साप्ताहिकलाई	4	4	4
साबुन	4	4	4
सामग्रीबाट	4	4	4
सामग्रीहरूको	4	4	4
सामयिक	4	4	4
सामुहिक	4	4	4
साम्यवादी	4	4	4
साम्राज्यहरूमा	4	4	4
सारणीको	4	4	4
सारिएको	4	4	4
सारिन्छ	4	4	4
सारीबाहन	4	4	4
सारौँ	4	4	4
सालक	4	4	4
साहिब	4	4	4
साहेबको	4	4	4
सिंहासन	4	4	4
सिंहासनमा	4	4	4
सिएनएन	4	4	4
सिकाउँछ	4	4	4
सिकाउनुहोस्	4	4	4
सिकाएका	4	4	4
सिकारको	4	4	4
सिकुवा	4	4	4
सिक्किमेली	4	4	4
सिक्नुपर्ने	4	4	4
सिख	4	4	4
सिग्देल	4	4	4
सिङे	4	4	4
सिङ्गमर्मरको	4	4	4
सिङ्गापुरस्थित	4	4	4
सिङ्गै	4	4	4
सिटहरूका	4	4	4
सिटहरूको	4	4	4
सिटो	4	4	4
सिताराहरू	4	4	4
सिद्धको	4	4	4
सिद्धदूत	4	4	4
सिद्धान्तकार	4	4	4
सिद्धिमा	4	4	4
सिधा	4	4	4
सिधे	4	4	4
सिन्ड्रोम	4	4	4
सिन्दुरमा	4	4	4
सिन्धुलीको	4	4	4
सिन्धुलीमा	4	4	4
सिन्धुलीमाढी	4	4	4
सिन्धुलीमाढीबाट	4	4	4
सिन्हा	4	4	4
सिमलबोटका	4	4	4
सिमावर्ती	4	4	4
सिमोन	4	4	4
सिर्जनाहरू	4	4	4
सिलामलाई	4	4	4
सिलिन्डर	4	4	4
सिस्नुको	4	4	4
सीमाहरू	4	4	4
सुइँको	4	4	4
सुईँको	4	4	4
सुकाउने	4	4	4
सुकीका	4	4	4
सुखको	4	4	4
सुखले	4	4	4
सुजनन	4	4	4
सुजाक	4	4	4
सुधारक	4	4	4
सुधारहरू	4	4	4
सुधार्ने	4	4	4
सुनकोसी	4	4	4
सुनकोसीको	4	4	4
सुनखानी	4	4	4
सुनपानी	4	4	4
सुनपानीको	4	4	4
सुनाइएको	4	4	4
सुनाए	4	4	4
सुनिश्चितता	4	4	4
सुनेनन्	4	4	4
सुन्नमा	4	4	4
सुन्यो	4	4	4
सुप	4	4	4
सुपले	4	4	4
सुपारीको	4	4	4
सुमतिका	4	4	4
सुमन	4	4	4
सुरुवातको	4	4	4
सुरुवाती	4	4	4
सुविधाबाट	4	4	4
सुविधाले	4	4	4
सुवेदीद्वारा	4	4	4
सुवेदीले	4	4	4
सुस्वास्थ्य	4	4	4
सूचकाङ्कमा	4	4	4
सूचनालाई	4	4	4
सूत्रीय	4	4	4
सूर्यकन्या	4	4	4
सूर्यप्रकाश	4	4	4
सूर्यास्त	4	4	4
सूर्योदय	4	4	4
सृजनाजी	4	4	4
सृष्टिका	4	4	4
सेकन्डमा	4	4	4
सेकेन्डदेखि	4	4	4
सेटहरूमा	4	4	4
सेनका	4	4	4
सेनानी	4	4	4
सेन्चुरी	4	4	4
सेप्टेम्बरदेखि	4	4	4
सेमिफाइनलमा	4	4	4
सेर	4	4	4
सेलाइन्छ	4	4	4
सेल्सियसदेखि	4	4	4
सेवालाई	4	4	4
सोंठ	4	4	4
सोचलाई	4	4	4
सोचे	4	4	4
सोच्दै	4	4	4
सोच्ने	4	4	3
सोझी	4	4	4
सोधिने	4	4	4
सोधेको	4	4	4
सोध्नु	4	4	4
सोनी	4	4	4
सोव	4	4	4
सोहोन	4	4	4
सौभाग्यसूचक	4	4	4
सौर्यमण्डलबाहिर	4	4	4
सौर्यमास	4	4	4
स्कटको	4	4	4
स्कुलहरूमा	4	4	4
स्कुलहरूलाई	4	4	4
स्कूल	4	4	4
स्टक	4	4	4
स्टब	4	4	4
स्टिभ	4	4	4
स्टिल	4	4	4
स्टुअर्ट	4	4	4
स्टेसनहरूमा	4	4	4
स्टोर	4	4	4
स्टोरिज	4	4	4
स्तुतिबाट	4	4	4
स्त्रीरोग	4	4	4
स्थलान्तरित	4	4	4
स्थानसम्म	4	4	4
स्थानहरूलाई	4	4	4
स्थानान्तरण	4	4	4
स्थापत्य	4	4	4
स्थापनापूर्व	4	4	4
स्थापनालाई	4	4	4
स्थायीबासी	4	4	4
स्पन्ज	4	4	4
स्पाइनल	4	4	4
स्पेनका	4	4	4
स्पेनिस	4	4	4
स्मिथले	4	4	4
स्लिम	4	4	4
स्वनिर्मित	4	4	4
स्वयम्का	4	4	4
स्वरूपको	4	4	4
स्वर्गमा	4	4	4
स्वस्ति	4	4	4
स्वस्थकर	4	4	4
स्वादले	4	4	4
स्वानुभूतिको	4	4	4
स्वार्थी	4	4	4
स्वास्थ्यकर्मीहरूको	4	4	4
स्वैरकल्पनाको	4	4	4
हकदार	4	4	4
हजारको	4	4	4
हजारलाई	4	4	4
हजारवटा	4	4	4
हजारीप्रसाद	4	4	4
हजारेलाई	4	4	4
हटाइनेछ	4	4	4
हटाइन्छ	4	4	4
हटाइयो	4	4	4
हटाउनका	4	4	4
हटेपछि	4	4	4
हडप्पा	4	4	4
हतियारका	4	4	4
हत्याएका	4	4	4
हत्याका	4	4	4
हत्याकाण्डको	4	4	4
हनुमानगढ	4	4	4
हप्तामा	4	4	4
हप्तासम्म	4	4	4
हप्परको	4	4	4
हफ्ताभित्र	4	4	4
हमलाका	4	4	4
हमाल	4	4	4
हमालद्वारा	4	4	4
हम्मलको	4	4	4
हरदम	4	4	4
हराउनु	4	4	4
हराए	4	4	4
हराएका	4	4	4
हरायो	4	4	4
हरिनारायण	4	4	4
हरिमाने	4	4	4
हरियाना	4	4	4
हरिवन	4	4	4
हरिहरसिंहदेवले	4	4	4
हलचल	4	4	4
हलिउडदेखि	4	4	4
हवर्ड	4	4	4
हस्तकला	4	4	4
हस्तिहरू	4	4	4
हस्पिटल	4	4	4
हाँक्ने	4	4	4
हाँसिन्	4	4	4
हाइड्रोजनको	4	4	4
हाइस्कुलको	4	4	4
हाई	4	4	4
हाकिम	4	4	4
हाकिमले	4	4	4
हाटबजारमा	4	4	4
हातका	4	4	4
हातहरूमा	4	4	4
हानियो	4	4	4
हान्ने	4	4	4
हामीबाट	4	4	4
हामीसँग	4	4	4
हार्डवेयर	4	4	4
हार्वेस्टरको	4	4	4
हाल्दै	4	4	4
हावाका	4	4	4
हाहाहुहु	4	4	4
हि	4	4	4
हिँउ	4	4	4
हिँड्छन्	4	4	4
हिँड्नुपर्छ	4	4	4
हिंसाबाट	4	4	4
हिंसाले	4	4	4
हिजरी	4	4	4
हिजोको	4	4	4
हिटीलाई	4	4	4
हिन्दुहरूको	4	4	4
हिन्दूहरू	4	4	4
हिमश्रृङ्खला	4	4	4
हिमालयका	4	4	4
हिरादेवी	4	4	4
हिलियम	4	4	4
हिल्स	4	4	4
हुडी	4	2	2
हुनपुग्यो	4	4	4
हुनाको	4	4	4
हुनुपरेको	4	4	4
हुनुभएकी	4	4	4
हुनुहुनेछ	4	4	4
हुनुहुन्न	4	4	4
हुनेमा	4	4	4
हुनेहरूमा	4	4	4
हुनैपर्ने	4	4	4
हुलमा	4	4	4
हेड	4	4	4
हेयर	4	4	4
हेरिदिनुहोला	4	4	4
हेर्छ	4	4	4
हेर्छु	4	4	4
हेर्नेले	4	4	4
हैदराबाद	4	4	4
हैसियतको	4	4	4
हैहय	4	4	4
होक्काइडो	4	4	4
होटलमा	4	4	4
होटेल	4	4	4
होडा	4	4	4
होमिएका	4	4	4
होली	4	4	4
हौज	4	4	4
ह्याम्बर्गमा	4	4	4
ॠणको	4	4	4
ॠतुमा	4	4	4
०२	4	4	4
०३	4	4	4
०४६	4	4	4
०४७	4	4	4
०५२	4	4	4
०५३	4	4	4
०५८	4	4	4
०५९	4	4	4
१००२	4	4	4
१००५	4	4	4
१००८	4	4	4
१००९	4	4	4
१०२०	4	4	4
१२२	4	4	4
१३४	4	4	4
१४८	4	4	4
१७४	4	4	4
१७५	4	4	4
१७९९	4	4	4
१८०२	4	4	4
१८०३	4	4	4
१८१४	4	4	4
१८२०	4	4	4
१८२३	4	4	4
१८३	4	4	4
१८६०	4	4	4
१८६९	4	4	4
१८७१	4	4	4
१८८१	4	4	4
१८८७	4	4	4
१९१०	4	4	4
१९११	4	4	3
१९२	4	4	4
१९२६	4	4	4
१९३	4	4	4
१९४१	4	4	4
१९८६मा	4	4	4
१९९०को	4	4	4
१९९३मा	4	4	4
२०००मा	4	4	4
२०१२मा	4	4	4
२०६९को	4	4	4
२२६	4	4	4
२५००	4	4	4
२८१	4	4	4
३मा	4	4	4
३०६	4	4	4
३२८	4	4	4
३३२	4	4	4
३३३	4	4	4
३६९	4	4	4
३८०	4	4	4
४०००	4	4	4
५९	4	4	4
५९५	4	4	4
६१४	4	4	4
६४३	4	4	4
६५०	4	4	4
७२९	4	4	4
७४	4	4	4
७९४	4	4	4
८६९	4	4	4
८७२	4	4	4
८७५	4	4	4
८९	4	4	4
८९०	4	4	4
८९४	4	4	4
८९५	4	4	4
८९६	4	4	4
८९८	4	4	4
९०७	4	4	4
९१०	4	4	4
९११	4	4	4
९१४	4	4	4
९२	4	4	4
९२५	4	4	4
९२८	4	4	4
९३२	4	4	4
९४४	4	4	4
९४६	4	4	4
९५५	4	4	4
‎जसलाई	4	4	4
अँगालिएको	3	3	3
अंशुवर्माको	3	3	3
अकर्मक	3	3	3
अकर्मको	3	3	3
अकवर	3	3	3
अकालमा	3	3	3
अकुशल	3	3	3
अक्टोबरसम्म	3	3	3
अक्बर	3	3	3
अक्याडेमिया	3	3	3
अक्स	3	3	3
अक्सपोर्ड	3	3	3
अगस्त्यको	3	3	3
अगाडिबाटै	3	3	3
अगाडिसम्म	3	3	3
अगाध	3	3	3
अगुवा	3	3	3
अगुवाको	3	3	3
अगुवाहरू	3	3	3
अग्निप्रसाद	3	3	3
अग्निबाट	3	3	3
अग्निवेश	3	3	3
अग्रज	3	3	3
अग्रदूत	3	3	3
अग्रबाण	3	3	3
अग्रवनका	3	3	3
अङग्रेजी	3	3	3
अङ्गका	3	3	3
अङ्गमा	3	3	3
अङ्गहरूको	3	3	3
अङ्गालोमा	3	3	3
अङ्गुरमा	3	3	3
अङ्ग्रेजसँग	3	3	3
अङ्ग्रेजीकै	3	3	3
अङ्ग्रेजीबाट	3	3	3
अचारको	3	3	3
अछाममा	3	3	3
अजिङ्गर	3	3	3
अजिज	3	3	3
अजीवित	3	3	3
अज्ञानतालाई	3	3	3
अञ्चललाई	3	3	3
अञ्चलहरूमा	3	3	3
अटाउन	3	3	3
अटोमेटिक	3	3	3
अट्छ	3	3	3
अडकलहरू	3	3	3
अडियो	3	3	3
अड्काउ	3	3	3
अड्डाबाट	3	3	3
अण्डवृद्धि	3	3	3
अतएव	3	3	3
अतुल	3	3	2
अत्तरपुर	3	3	3
अत्तो	3	3	3
अत्याधुनिक	3	3	3
अत्युक्ति	3	3	3
अत्युत्तम	3	3	3
अदलाबदली	3	3	3
अदालतसँग	3	3	3
अदालतहरूको	3	3	3
अदुवाको	3	3	3
अधिकका	3	3	3
अधिकको	3	3	3
अधिकारपत्र	3	3	3
अधिकारसँगै	3	3	3
अधिकारहीन	3	3	3
अधिकारीका	3	3	3
अधिकारीसँग	3	3	3
अधिकारीहरू	3	3	3
अधिकारीहरूले	3	3	3
अधिदेवताका	3	3	3
अधिरकारलाई	3	3	3
अधिराज्यकै	3	3	3
अधिवेशनले	3	3	3
अध्यक्षसमेत	3	3	3
अध्ययनबाट	3	3	3
अध्यात्मको	3	3	3
अध्यादेश	3	3	3
अध्यायहरूको	3	3	3
अध्यायहरूमा	3	3	3
अनजान	3	3	3
अनजानमा	3	3	3
अनधिकृत	3	3	3
अनन्तराम	3	3	3
अनलाइनमार्फत	3	3	3
अनलाइनलाई	3	3	3
अनसनको	3	3	3
अनामनगर	3	3	3
अनायासै	3	3	3
अनिकालसमेत	3	3	3
अनियन्त्रित	3	3	3
अनिष्टकार	3	3	3
अनुकूलन	3	3	3
अनुदानमा	3	3	3
अनुपस्थितिले	3	3	3
अनुभवि	3	3	3
अनुभवी	3	3	3
अनुमतिको	3	3	3
अनुमानमा	3	3	3
अनुरागी	3	3	3
अनुराधाका	3	3	3
अनुरूपका	3	3	3
अनुवादको	3	3	3
अनुवादित	3	3	3
अनुसन्धानकर्ताहरू	3	3	3
अनुसन्धानलाई	3	3	3
अनुसन्धानात्मक	3	3	3
अनेकानेक	3	3	3
अनौँठो	3	3	3
अन्जन	3	3	3
अन्टार्क्टिकामा	3	3	3
अन्तदेखि	3	3	3
अन्तरा	3	3	3
अन्तरिक्षीय	3	3	3
अन्तर्गतमा	3	3	3
अन्तर्देशीय	3	3	3
अन्तर्वार्तालाई	3	3	3
अन्तशुल्क	3	3	3
अन्तस्फोट	3	3	3
अन्त्यको	3	3	3
अन्त्येष्टिपछि	3	3	3
अन्त्येष्टिहरूको	3	3	3
अन्दाज	3	3	3
अन्धा	3	3	3
अन्धो	3	3	3
अन्नपूर्णले	3	3	3
अन्नलाई	3	3	3
अन्नाले	3	3	3
अन्यको	3	3	3
अन्याय	3	3	3
अन्यायको	3	3	3
अपकृत्यात्मक	3	3	3
अपनाउनुभएको	3	3	3
अपमान	3	3	3
अपराधहरू	3	3	3
अपराधीहरूका	3	3	3
अपराधीहरूमा	3	3	3
अपरिचित	3	3	3
अपरिवर्तनशील	3	3	3
अपरिवर्तनीय	3	3	3
अपवर्तक	3	3	3
अपवादका	3	3	3
अपुरो	3	3	3
अप्रत्याशित	3	3	3
अप्लाइड	3	3	3
अप्सराको	3	3	3
अप्सराहरूसँग	3	3	3
अफगानको	3	3	3
अफसोस	3	3	3
अबसम्म	3	3	3
अब्बल	3	3	3
अभयदान	3	3	3
अभयारण्य	3	3	3
अभागी	3	3	3
अभावका	3	3	3
अभिधारणाहरूलाई	3	3	3
अभिधार्थ	3	3	3
अभिनयहरूमा	3	3	3
अभिनित	3	3	3
अभिनीत	3	3	3
अभिनेतासँग	3	3	3
अभिप्राय	3	3	3
अभियानलाई	3	3	3
अभियानहरूमा	3	3	3
अभियान्त्रिकी	3	3	3
अभियोग	3	3	3
अभियोजक	3	3	3
अभिलेखागार	3	3	3
अभिलेखालयमा	3	3	3
अभिवक्तालाई	3	3	3
अभिव्यक्तिका	3	3	3
अभिव्यक्तिमा	3	3	3
अभिव्यक्तिलाई	3	3	3
अभिष्ट	3	3	3
अभिसन्धि	3	3	3
अमरशक्ति	3	3	3
अमरावती	3	3	3
अमल	3	3	3
अमात्यले	3	3	3
अमानत	3	3	3
अमावस्यापछि	3	3	3
अमिताभका	3	3	3
अमिरको	3	3	3
अमिला	3	3	3
अमूर्त	3	3	3
अमृतसरी	3	3	3
अमेजन	3	3	3
अमेरिकाबाटै	3	3	3
अमोढा	3	3	3
अम्बामा	3	3	3
अम्ल	3	3	3
अम्लीय	3	3	3
अयस्कलाई	3	3	3
अयोध्यायमा	3	3	3
अरबका	3	3	3
अरूण	3	3	3
अरूबाट	3	3	3
अरूहरूद्वारा	3	3	3
अर्कातिर	3	3	3
अर्काप्रति	3	3	3
अर्की	3	3	3
अर्कोतिर	3	3	3
अर्कोपट्टिको	3	3	3
अर्घाखाँचि	3	3	3
अर्जित	3	3	3
अर्जेन्टिनाबाट	3	3	3
अर्थतन्त्रको	3	3	3
अर्थदण्ड	3	3	3
अर्थपूर्ण	3	3	3
अर्थशास्त्र	3	3	3
अर्थशास्त्री	3	3	3
अर्द्धश्लोक	3	3	3
अर्धसैनिक	3	3	3
अर्न्तगत	3	3	3
अर्यालको	3	3	3
अलबर्टले	3	3	3
अलमोदोबारकी	3	3	3
अलेक्जेन्डरको	3	3	3
अलेही	3	3	3
अल्पमत	3	3	3
अल्पसंख्यकको	3	3	3
अल्बर्ट	3	3	3
अवकास	3	3	3
अवतारका	3	3	3
अवधूत	3	3	3
अवरुद्ध	3	3	3
अवरोधले	3	3	3
अवरोधै	3	3	3
अवलोकनहरूको	3	3	3
अवशेषलाई	3	3	3
अवसरवादी	3	3	3
अवसरहरूमा	3	3	3
अवस्थाअनुसार	3	3	3
अवस्थामै	3	3	3
अवस्थाले	3	3	3
अवस्थाहरू	3	3	3
अवस्थाहरूलाई	3	3	3
अवस्थितिका	3	3	3
अविकसित	3	3	3
अविलम्ब	3	3	3
अविवाहित	3	3	3
अव्यवस्था	3	3	3
अशान्त	3	3	3
अशिक्षित	3	3	3
अष्ट	3	3	3
अष्टभुजाकार	3	3	3
अष्टमीका	3	3	3
अष्ट्रेलियाका	3	3	3
अस	3	3	3
असन	3	3	3
असन्तुलन	3	3	3
असफलता	3	3	3
असफलताहरूलाई	3	3	3
असमी	3	3	3
असरहरूको	3	3	3
असहमति	3	3	3
असहयोगको	3	3	3
असहाय	3	3	3
असाध्य	3	3	3
असारदेखि	3	3	3
असीमित	3	3	3
असुली	3	3	3
अस्ट्रियामा	3	3	3
अस्ट्रेलियादेखि	3	3	3
अस्ताउन	3	3	3
अस्थि	3	3	3
अस्थिपंजर	3	3	3
अस्थिहरू	3	3	3
अस्पतालहरूको	3	3	3
अस्पतालहरूमा	3	3	2
अस्पृश्य	3	3	3
अस्लेवा	3	3	3
अस्सर	3	3	3
अहिंसामूलक	3	3	3
अहिंसालाई	3	3	3
अहितकारी	3	3	3
अहिलेकै	3	3	3
अहिलेसम्मकै	3	3	3
अहिल्यासँग	3	3	3
अहोम	3	3	3
आँक	3	3	3
आँकडाको	3	3	3
आँकलन	3	3	3
आँखेँ	3	3	3
आँगनलाई	3	3	3
आँटिस	3	3	3
आँधीको	3	3	3
आँपका	3	3	3
आइएको	3	3	3
आइएसम्म	3	3	3
आइएसम्मको	3	3	3
आइपिबाट	3	3	3
आइप्याड	3	3	3
आइयुसिएन	3	3	3
आइल्यान्ड	3	3	3
आइसकेछु	3	3	3
आईएसबीएन	3	3	3
आउँदछन्	3	3	3
आउँदो	3	3	3
आउनुभएकी	3	3	3
आउनेछन्	3	3	3
आउनेवाला	3	3	3
आउलेट	3	3	3
आएनन्	3	3	3
आकलन	3	3	3
आकाङ्क्षा	3	3	3
आकारलाई	3	3	3
आकारले	3	3	3
आकाशको	3	3	3
आकृतिसँग	3	3	3
आक्रमणलाई	3	3	3
आक्रामक	3	3	3
आखिरकार	3	3	2
आख्यानकार	3	3	3
आख्यानहरू	3	3	3
आगनमा	3	3	3
आगमको	3	3	3
आगमनपछि	3	3	3
आगमनले	3	3	3
आग्रहको	3	3	3
आग्रा	3	3	3
आचरणका	3	3	3
आजसम्मकै	3	3	3
आजा	3	3	3
आज्ञाबाट	3	3	3
आटा	3	3	3
आठकुने	3	3	3
आठपटक	3	3	3
आठपरिया	3	3	3
आठमध्ये	3	3	3
आठराई	3	3	3
आठै	3	3	3
आतङ्क	3	3	3
आत्मतत्त्वहरूको	3	3	3
आत्मनिर्णयको	3	3	3
आत्मबाट	3	3	3
आत्मसंस्मरणको	3	3	3
आत्मामा	3	3	3
आत्मालाई	3	3	3
आदतन	3	3	3
आदर्शवाणी	3	3	3
आदर्शवादी	3	3	2
आदान	3	3	3
आदित्यवार	3	3	3
आदेशको	3	3	3
आद्रता	3	3	3
आधारको	3	3	3
आधारयुक्त	3	3	3
आधारस्तम्भ	3	3	3
आनन्दबाघ	3	3	3
आनाकानी	3	3	3
आनियो	3	3	3
आनुपातिक	3	3	3
आनुवांशिकी	3	3	3
आन्दोलनपछि	3	3	3
आन्दोलनप्रति	3	3	3
आपराधिक	3	3	3
आपूर्तिलाई	3	3	3
आप्रवास	3	3	3
आप्रवासनलाई	3	3	3
आफन्तको	3	3	3
आफन्तहरूले	3	3	3
आफुले	3	3	3
आफूमाथि	3	3	3
आफूसँग	3	3	3
आफूहरूसँगै	3	3	3
आफैले	3	3	3
आफ्नोआफ्नो	3	3	3
आमपाठकलाई	3	3	3
आमासँग	3	3	3
आमुको	3	3	3
आमुन्ने	3	3	3
आमूल	3	3	3
आमै	3	3	3
आयतनका	3	3	3
आयर्सका	3	3	3
आयातमा	3	3	3
आयातीत	3	3	3
आयाम	3	3	3
आयुक्तहरूको	3	3	3
आयुर्वेदका	3	3	3
आयुर्वेदको	3	3	3
आयुर्वेदीय	3	3	3
आयोजक	3	3	3
आयोजनामा	3	3	3
आयोजनाले	3	3	3
आयोडिन	3	3	3
आरक्षमा	3	3	3
आरती	3	3	3
आराधनामा	3	3	3
आराधनाले	3	3	3
आरु	3	3	3
आरोपहरूका	3	3	3
आरोहणका	3	3	3
आरोहणलाई	3	3	3
आरोहीहरूलाई	3	3	3
आर्कबाहिर	3	3	3
आर्टस्	3	3	3
आर्द्रा	3	3	3
आर्नहेम	3	3	3
आर्यावर्त	3	3	3
आलस्य	3	3	3
आलस्यका	3	3	3
आलिङ्गन	3	3	3
आल्मुनियमबाट	3	3	3
आवन्टन	3	3	3
आवरणले	3	3	3
आवर्तन	3	3	3
आवश्यकताभन्दा	3	3	3
आवागमनको	3	3	3
आवादीको	3	3	3
आविष्कारहरूद्वारा	3	3	3
आशादेवी	3	3	3
आसाम	3	3	3
आसी	3	3	3
आसुत	3	3	3
आस्थाका	3	3	3
आहार	3	3	3
आहारका	3	3	3
आहारबाट	3	3	3
आहाले	3	3	3
इँटालाई	3	3	3
इअर्ड	3	3	3
इकाई	3	3	3
इक्षुमती	3	3	3
इङ्क	3	3	3
इङ्ल्यान्ड	3	3	3
इच्छाअनुसारको	3	3	3
इच्छाबाट	3	3	3
इजरायली	3	3	3
इजिप्टका	3	3	3
इतिहासकारहरूको	3	3	3
इत्यादिमा	3	3	3
इनफेन्ट्रीको	3	3	3
इनामे	3	3	3
इन्चदेखि	3	3	3
इन्जरी	3	3	3
इन्जिन	3	3	3
इन्जेक्सन	3	3	3
इन्टर	3	3	3
इन्टरनेसनलका	3	3	3
इन्टु	3	3	3
इन्डियानामा	3	3	3
इन्डेक्स	3	3	3
इन्द्रकील	3	3	3
इन्द्राणी	3	3	3
इन्द्रेणीको	3	3	3
इन्पुट	3	3	3
इपू	3	3	3
इफेक्टमा	3	3	3
इबादतको	3	3	3
इमाडोलमा	3	3	3
इमाम	3	3	3
इमारसम्मा	3	3	3
इमिरेट्स	3	3	3
इयर	3	3	3
इराकद्वारा	3	3	3
इरेकन्सिलिएबल	3	3	3
इरेबस	3	3	3
इल	3	3	3
इलाममा	3	3	3
इलाहाबादको	3	3	3
इलेक्ट्रिकल	3	3	3
इशानकोणतर्फ	3	3	3
इशारा	3	3	3
इस्टोनिया	3	3	3
इस्मामा	3	3	3
ईँटको	3	3	3
ईटानगर	3	3	3
ईन्द्रेणी	3	3	3
ईमार्चमा	3	3	3
ईर्ष्याले	3	3	3
ईशापूर्वसम्म	3	3	3
ईशालाई	3	3	3
ईश्वरतर्फ	3	3	3
ईश्वरमा	3	3	3
ईश्वरवादी	3	3	3
ईसापूर्व	3	3	3
ईसालाई	3	3	3
ईस्मा	3	3	3
उँधो	3	3	3
उकास्न	3	3	3
उखान	3	3	3
उचालेकै	3	3	3
उच्चता	3	3	3
उच्चारणका	3	3	3
उज्याला	3	3	3
उठाउदै	3	3	3
उठाउनमा	3	3	3
उठायौँ	3	3	3
उठ्छन्	3	3	3
उठ्दछन्	3	3	3
उठ्न	3	3	3
उड्डयन	3	3	3
उतारचढाव	3	3	3
उत्कर्षको	3	3	3
उत्तमाङ्ग	3	3	3
उत्तरगयासमेत	3	3	3
उत्तरदायित्व	3	3	3
उत्तराखण्डमा	3	3	3
उत्तरार्धमा	3	3	3
उत्तरीय	3	3	3
उत्ताउलो	3	3	3
उत्तेजक	3	3	3
उत्परितर्वन	3	3	3
उत्पादनहरू	3	3	3
उत्प्रेक्षा	3	3	3
उत्प्रेरित	3	3	3
उत्रिएको	3	3	3
उत्रेका	3	3	3
उत्सवहरूको	3	3	3
उत्सवहरूले	3	3	3
उत्साह	3	3	3
उत्साहजनक	3	3	3
उदघाटनका	3	3	3
उदयदेव	3	3	3
उदाएकी	3	3	3
उदार	3	3	3
उदारवादी	3	3	3
उदारीकरण	3	3	3
उदाहरणमा	3	3	3
उदाहरणहरू	3	3	3
उदाहरणीय	3	3	3
उदिपुर	3	3	3
उद्गम	3	3	3
उद्देश्यअनुरूप	3	3	3
उद्देश्यबाट	3	3	3
उद्देश्यमा	3	3	3
उद्धम्पुर	3	3	3
उद्यमीलाई	3	3	3
उद्यान	3	3	3
उद्योगपति	3	3	3
उद्योगसमेत	3	3	3
उद्योगहरू	3	3	3
उधिन्छन्	3	3	3
उनिहरू	3	3	3
उनिहरूलाई	3	3	3
उनिहरूले	3	3	3
उनीपछि	3	3	3
उनीहरुलाई	3	3	3
उनीहरुले	3	3	3
उनेपछि	3	3	3
उनेर	3	3	3
उन्नतिका	3	3	3
उन्नतिको	3	3	3
उन्नाइस	3	3	3
उन्नाइसवटा	3	3	3
उन्मेष	3	3	3
उपकथा	3	3	3
उपकरणमा	3	3	3
उपकरणहरूले	3	3	3
उपकारका	3	3	3
उपक्रम	3	3	3
उपचारित	3	3	3
उपज	3	3	3
उपत्यकाकी	3	3	3
उपत्यकाभित्रै	3	3	3
उपत्यकालगायत	3	3	3
उपदेशमा	3	3	3
उपदेशलाई	3	3	3
उपनामहरू	3	3	3
उपनिवेशलाई	3	3	3
उपनिवेशवादीहरू	3	3	3
उपनिवेशवादीहरूका	3	3	3
उपन्यासका	3	3	3
उपन्यासहरू	3	3	3
उपभोक्ताको	3	3	3
उपमन्युको	3	3	3
उपमहाद्वीपको	3	3	3
उपमहानगरपालिकामा	3	3	3
उपयोगका	3	3	3
उपयोगले	3	3	3
उपरान्त	3	3	3
उपलब्धिबाट	3	3	3
उपलब्धिमा	3	3	3
उपलब्धिहरूलाई	3	3	3
उपवर्ग	3	3	3
उपवासको	3	3	3
उपविधा	3	3	3
उपशीर्षकहरू	3	3	3
उपसर्गले	3	3	3
उपस्थितिलाई	3	3	3
उपहास	3	3	3
उपाधिदेखि	3	3	3
उपार्जन	3	3	3
उपासनासँग	3	3	3
उपियाँको	3	3	3
उपेन्द्रवज्रा	3	3	3
उप्रेती	3	3	3
उफ्	3	3	3
उब्जिएको	3	3	3
उब्जेका	3	3	3
उभिन्छ	3	3	3
उमरिया	3	3	3
उमाल्ने	3	3	3
उम्मेदवारी	3	3	3
उम्रिएको	3	3	3
उम्रियो	3	3	3
उरूग्वेमा	3	3	3
उर्लेको	3	3	3
उल	3	3	3
उल्टा	3	3	3
उल्ट्याउने	3	3	3
उसबेला	3	3	3
ऊनको	3	3	3
ऊर्जास्तर	3	3	3
ऋषिमुनिहरूकै	3	3	3
ऋषिलाई	3	3	3
एकअन्तर्गत	3	3	3
एकअर्काको	3	3	3
एकका	3	3	3
एकदलीय	3	3	3
एकदेखि	3	3	3
एकपटकमा	3	3	3
एकप्रकारको	3	3	3
एकमाना	3	3	3
एकलाई	3	3	3
एकलौटी	3	3	3
एकाइलाई	3	3	3
एकीकरणमा	3	3	3
एकीकृतको	3	3	3
एकैपल्ट	3	3	3
एकोहोरिएको	3	3	3
एक्टको	3	3	3
एक्युरियममा	3	3	3
एक्लिए	3	3	3
एक्लो	3	3	3
एक्सचेन्ज	3	3	3
एक्सचेन्जको	3	3	3
एक्सप्रेसदेखि	3	3	3
एक्स्प्रेस	3	3	3
एघारौँमा	3	3	3
एटाँ	3	3	3
एडिस	3	3	3
एडुकेसन	3	3	3
एड्डी	3	3	3
एतत्सम्बन्धी	3	3	3
एथलेटिक्स	3	3	3
एनआरएनको	3	3	3
एनएलडीद्वारा	3	3	3
एनाबाङ	3	3	3
एनिस्टन	3	3	3
एनेस्थेटिक	3	3	3
एन्डरसन	3	3	3
एफएमको	3	3	3
एबिसिएल	3	3	3
एबोट	3	3	3
एमएस्सीका	3	3	3
एमजिएमको	3	3	3
एमालेमा	3	3	3
एलेक्जेन्डर	3	3	3
एलोकेट	3	3	3
एवैटले	3	3	3
एशियाका	3	3	3
एसए	3	3	3
एसएमएसले	3	3	3
एसएलसीसम्म	3	3	3
एसकर्भिक	3	3	3
एसडिएच	3	3	3
एसडी	3	3	3
एसिड	3	3	3
एसिस्टेन्ट	3	3	3
एसिस्टेन्स	3	3	3
एसी	3	3	3
एसोसिएट	3	3	3
एस्ट्रोनट्सलाई	3	3	3
एस्ली	3	3	3
ए३३०	3	3	3
ऐतिहासिकता	3	3	3
ऐनमा	3	3	3
ऐरावती	3	3	3
ऐश्वर्यासँग	3	3	3
ओएक	3	3	3
ओकिफीको	3	3	3
ओकुलर	3	3	3
ओखरको	3	3	3
ओखलढुङ्गाबाट	3	3	3
ओजस्वी	3	3	3
ओझलमै	3	3	3
ओटो	3	3	3
ओठ	3	3	3
ओडिआइ	3	3	3
ओत	3	3	3
ओपेरा	3	3	3
ओभर	3	3	3
ओम्	3	3	3
ओर्लिए	3	3	3
ओर्लिएर	3	3	3
ओल	3	3	3
ओलम्पिकमा	3	3	3
ओल्डन	3	3	3
औँलाजस्ता	3	3	3
औँलाले	3	3	3
औँशी	3	3	3
औंलाहरू	3	3	3
औजारको	3	3	3
औटोरिक्सा	3	3	3
औद	3	3	3
औलियाको	3	3	3
औषधालय	3	3	3
औषधिका	3	3	3
औषधोपचारका	3	3	3
कक्षको	3	3	3
कक्षाले	3	3	3
कङ्ग्रेस	3	3	3
कचुर	3	3	3
कचौरा	3	3	3
कछाड	3	3	3
कञ्चटमा	3	3	3
कट्स	3	3	3
कठीन	3	3	3
कठै	3	3	3
कडीलाई	3	3	3
कणको	3	3	3
कण्व	3	3	3
कतिपटक	3	3	3
कतिलाई	3	3	3
कथाअनुसार	3	3	3
कथाव्यथा	3	3	3
कथासंग्रह	3	3	3
कथाहरूले	3	3	3
कनट	3	3	3
कनर	3	3	3
कनरको	3	3	3
कन्चनपुर	3	3	3
कन्जरभेटरि	3	3	3
कन्टिनेन्टल	3	3	3
कन्ट्रिपप	3	3	3
कन्दमूल	3	3	3
कन्भेन्सन	3	3	3
कन्सास	3	3	3
कन्स्ट्रक्टिभ	3	3	3
कप्लानले	3	3	3
कफनमा	3	3	3
कभर	3	3	3
कमको	3	3	3
कमरेड्स	3	3	3
कमलपित्तको	3	3	3
कमलरी	3	3	3
कमलाको	3	3	3
कमा	3	3	3
कमाउनुभएका	3	3	3
कमाउने	3	3	3
कमान्ड	3	3	3
कमि	3	3	3
कमिटीको	3	3	3
कमिला	3	3	3
कमीको	3	3	3
कमेरो	3	3	3
कमेरोसँग	3	3	3
कम्पनीहरु	3	3	3
कम्पनीहरूका	3	3	3
कम्प्युटरलाई	3	3	3
कम्ब	3	3	3
कम्युनिटी	3	3	3
करन	3	3	3
करप्सन	3	3	3
करहिया	3	3	3
कराइन्	3	3	3
करिश्माले	3	3	3
करेन्टको	3	3	3
करोडसम्म	3	3	3
कर्टको	3	3	3
कर्तव्यभित्र	3	3	3
कर्ताको	3	3	3
कर्नेलको	3	3	3
कर्मकाण्डमा	3	3	3
कर्मकारलाई	3	3	3
कर्मगत	3	3	3
कर्मचारीले	3	3	3
कर्मवीर	3	3	3
कर्मस	3	3	3
कर्माचार्य	3	3	3
कर्रा	3	3	3
कलकल	3	3	3
कलन	3	3	3
कलमको	3	3	3
कलर	3	3	3
कलशमा	3	3	3
कलाका	3	3	3
कलाकारहरूद्वारा	3	3	3
कलाकृतिहरू	3	3	3
कलाघर	3	3	3
कलामको	3	3	3
कलेजोलाई	3	3	3
कल्पको	3	3	3
कल्पनाका	3	3	3
कल्ले	3	3	3
कविताका	3	3	3
कवितालाई	3	3	3
कविताहरूको	3	3	3
कविले	3	3	3
कवीरपन्थीहरू	3	3	3
कवीरलाई	3	3	3
कव्वालीलाई	3	3	3
कष्टकारी	3	3	3
कष्टप्रद	3	3	3
कसको	3	3	3
कस्मिक	3	3	3
कहिलेकाही	3	3	3
कही	3	3	3
काँकडभिट्टा	3	3	3
काँक्रेविहारको	3	3	3
काँक्रोले	3	3	3
काँगियो	3	3	3
काँडाघारी	3	3	3
काँडादार	3	3	3
काँडैकाँडाले	3	3	3
काँसको	3	3	3
काँसबाट	3	3	3
काँसे	3	3	3
काँस्य	3	3	3
काइँली	3	3	3
काउच	3	3	3
काउन्टर	3	3	3
काक्रे	3	3	3
काखैमा	3	3	3
कागति	3	3	3
काग्ती	3	3	2
काङ्ग्रेसमै	3	3	3
काङ्ग्रेसलाई	3	3	3
काचुच्चोहरु	3	3	3
काजबाङ	3	3	3
काजीद्वारा	3	3	3
काटिनु	3	3	3
काठमाडौँंमै	3	3	3
काठमाडौको	3	3	3
काढा	3	3	3
कानन	3	3	3
कानपाते	3	3	3
कानयनको	3	3	3
कानहरूसम्म	3	3	3
काने	3	3	3
कान्तो	3	3	3
कापुचीनोको	3	3	3
काबा	3	3	3
काभ्रेपलाञ्चोकको	3	3	3
काभ्रेस्थित	3	3	3
कामतुर	3	3	3
कामदेवसित	3	3	3
कामनाका	3	3	3
काममात्र	3	3	3
कामला	3	3	3
कामै	3	3	3
काम्य	3	3	3
कायला	3	3	3
कारकहरूको	3	3	3
कारणहरूबाट	3	3	3
कारमा	3	3	3
कारा	3	3	3
कारागारको	3	3	3
कारावासका	3	3	3
कारीले	3	3	3
कारोबारका	3	3	3
कार्कीको	3	3	3
कार्कीबाडा	3	3	3
कार्टिज	3	3	3
कार्तविर्यको	3	3	3
कार्तवीर्य	3	3	3
कार्यकर्तालाई	3	3	3
कार्यक्रमले	3	3	3
कार्यक्षमता	3	3	3
कार्यदल	3	3	3
कार्यद्वारा	3	3	3
कार्यबलको	3	3	3
कार्ययोजना	3	3	3
कार्यसमितिका	3	3	3
कार्यसम्पादनले	3	3	3
कार्यस्थल	3	3	3
कार्यहरूका	3	3	3
कार्यालयका	3	3	3
कार्यालयमार्फत	3	3	3
कार्यालयहरूमा	3	3	3
कार्वाही	3	3	3
कालमोचन	3	3	3
कालविभाजन	3	3	3
कालसित	3	3	3
कालिखबाट	3	3	3
कालिगडी	3	3	3
कालिगण्डकी	3	3	3
कालिन्जर	3	3	3
कालीकोटमा	3	3	3
कालीदेवीको	3	3	3
कालीबंगा	3	3	3
कालीबंगाबाट	3	3	3
कालोबंगा	3	3	3
कालोलाई	3	3	3
काव्यसौन्दर्यको	3	3	3
काशीराज	3	3	3
काष्ट	3	3	3
काष्ठभैरवका	3	3	3
किङ्ग्सद्वारा	3	3	3
किताबको	3	3	3
किताबहरूमा	3	3	3
किताबी	3	3	3
किनारका	3	3	3
किन्डल	3	3	3
किन्दै	3	3	3
किन्दैनथे	3	3	3
किन्नु	3	3	3
किपटको	3	3	3
किबोर्डको	3	3	3
किमकी	3	3	3
किमालुङ	3	3	3
किमीमा	3	3	3
किम्बदन्ती	3	3	3
किम्बु	3	3	3
किरणले	3	3	3
किरणहरूको	3	3	3
किरन	3	3	3
किराँतकालमै	3	3	3
किराँतकै	3	3	3
किराँतभित्र	3	3	3
किराँतमा	3	3	3
किरातहरूको	3	3	3
किरी	3	3	3
किरो	3	3	3
किर्नाले	3	3	3
किलाहरू	3	3	3
किलोमिटरका	3	3	3
किल्लाकै	3	3	3
किल्लामा	3	3	3
किशोरावस्थाको	3	3	3
किशोरावस्थामा	3	3	3
किस्ट	3	3	3
किस्ता	3	3	3
किस्ती	3	3	3
कीटनाशक	3	3	3
कीरालाई	3	3	3
कीर्तिपुरको	3	3	3
कुकर्मको	3	3	3
कुकुरका	3	3	3
कुकुरठाकुर	3	3	3
कुकुरहरूको	3	3	3
कुक्कु	3	3	3
कुख्यात	3	3	3
कुचा	3	3	3
कुचिपुडी	3	3	3
कुटाई	3	3	3
कुटीमा	3	3	3
कुट्दा	3	3	3
कुट्न	3	3	3
कुण्ठालाई	3	3	3
कुण्ठित	3	3	3
कुण्डली	3	3	3
कुण्डा	3	3	3
कुतकुती	3	3	3
कुनचाहिँ	3	3	3
कुनाकाप्चा	3	3	3
कुनातिर	3	3	3
कुनिन्दहरू	3	3	3
कुनैको	3	3	3
कुन्तीले	3	3	3
कुमथोप्ले	3	3	3
कुमरखोद	3	3	3
कुमाउनी	3	3	3
कुमारका	3	3	3
कुमारद्वारा	3	3	3
कुमारीका	3	3	3
कुमारीको	3	3	3
कुमाल	3	3	3
कुम्भमा	3	3	3
कुरबानीको	3	3	3
कुराउनी	3	3	3
कुराका	3	3	3
कुरानमा	3	3	3
कुराहरूमा	3	3	3
कुरिया	3	3	3
कुरी	3	2	2
कुरीतिले	3	3	3
कुरुक्षेत्रका	3	3	3
कुरै	3	3	3
कुर्था	3	3	3
कुर्सीको	3	3	3
कुलकुटुम्बलाई	3	3	3
कुलपति	3	3	3
कुलप्रसाद	3	3	3
कुलमा	3	3	3
कुलुङ्	3	3	3
कुसु	3	3	3
कुहिने	3	3	3
कूटनीतिज्ञ	3	3	3
कृत	3	3	3
कृतज्ञता	3	3	3
कृतिसमीक्षा	3	3	3
कृतिहरूमा	3	3	3
कृत्य	3	3	3
कृषिका	3	3	3
कृषियोग्य	3	3	3
कृष्णजी	3	3	3
कृष्णमान	3	3	3
केजि	3	3	3
केटाकेटीका	3	3	3
केटाकेटीहरू	3	3	3
केटीसँग	3	3	3
केटु	3	3	3
केटुमाथि	3	3	3
केदारनाथ	3	3	3
केन्जाबुरो	3	3	3
केन्द्रदेखि	3	3	3
केन्द्रलगायतका	3	3	3
केन्द्रविन्दु	3	3	3
केन्द्रहरूका	3	3	3
केबिनेटको	3	3	3
केरलीहरूले	3	3	3
केराटिनले	3	3	3
केरिबियन	3	3	3
केलाउनु	3	3	3
केलाउने	3	3	3
केशरमान	3	3	3
केशरशमशेरका	3	3	3
केशवकुमार	3	3	3
केस	3	3	3
केसीद्वारा	3	3	3
केहीमा	3	3	3
कैथी	3	3	3
कैदमा	3	3	3
कैदीहरूले	3	3	3
कैलको	3	3	3
कैले	3	3	3
कोइरालालाई	3	3	3
कोइला	3	3	3
कोटमा	3	3	3
कोटो	3	3	3
कोठाको	3	3	3
कोठाभित्र	3	3	3
कोठीहरूमा	3	3	3
कोणीय	3	3	3
कोत	3	3	3
कोदारिया	3	3	3
कोरसले	3	3	3
कोर्ट	3	3	3
कोर्टमा	3	3	3
कोल	3	3	3
कोलिग्राममा	3	3	3
कोलोनीमा	3	3	3
कोशराज	3	3	3
कोषका	3	3	3
कोषपाल	3	3	3
कोषलाई	3	3	3
कोहीको	3	3	3
कोहीलाई	3	3	3
कौडा	3	3	3
कौरव	3	3	3
कौरवहरूका	3	3	3
कौवा	3	3	3
क्याटेगोरी	3	3	3
क्यानोनिकल	3	3	3
क्याप्टेनले	3	3	3
क्यामेरनलाई	3	3	3
क्यारी	3	3	3
क्यारोल	3	3	3
क्यारोलिना	3	3	3
क्यारोलिनामा	3	3	3
क्यालिफोर्नियाका	3	3	3
क्यालिफोर्नियास्थित	3	3	3
क्युएफएक्स	3	3	3
क्योटो	3	3	3
क्राइसिसको	3	3	3
क्रान्तिक	3	3	3
क्रान्तिपश्चात्	3	3	3
क्रान्तियोद्धा	3	3	3
क्रिमको	3	3	3
क्रियाकलापका	3	3	3
क्रियाकलापबाट	3	3	3
क्रियाद्वारा	3	3	3
क्रियाफल	3	3	3
क्रिस्टल	3	3	3
क्रिस्टिन	3	3	3
क्रुज	3	3	3
क्रेक	3	3	3
क्रेडिट्स	3	3	3
क्रेस्टेड	3	3	3
क्रोधको	3	3	3
क्रोधलाई	3	3	3
क्लबले	3	3	2
क्लाउड्स	3	3	3
क्लार्कसँग	3	3	3
क्लासको	3	3	3
क्लासमा	3	3	3
क्लासिकल	3	3	3
क्विन्सल्यान्ड	3	3	3
क्वै	3	3	3
क्षतिग्रस्त	3	3	3
क्षतिपूर्तिलाई	3	3	3
क्षयमास	3	3	3
क्षयरोग	3	3	3
क्षुद्रग्रह	3	3	3
क्षेत्रकी	3	3	3
क्षेत्रकै	3	3	3
क्षेत्रद्वारा	3	3	3
क्षेत्रमै	3	3	3
क्षेत्ररक्षण	3	3	3
क्षेत्रसँग	3	3	3
क्षेत्रिय	3	3	3
क्षेत्रीहरूको	3	3	3
खगेन्द्रप्रसाद	3	3	3
खगोलविद्हरू	3	3	3
खजान्ची	3	3	3
खटाइयो	3	3	3
खटिएका	3	3	3
खडानन्द	3	3	3
खड्काको	3	3	3
खड्काले	3	3	3
खण्डन	3	3	3
खण्डित	3	3	3
खतरापूर्ण	3	3	3
खती	3	3	3
खत्रीले	3	3	3
खनालका	3	3	3
खनाललाई	3	3	3
खन्याई	3	3	3
खम्बु	3	3	3
खम्सोङहोङका	3	3	3
खर	3	3	3
खरसाङ	3	3	2
खरिदमा	3	3	3
खर्के	3	3	3
खर्ब	3	3	3
खर्साङबाट	3	3	3
खलङ्गामा	3	3	3
खलीफा	3	3	3
खसालेको	3	3	3
खाँए	3	3	3
खाँक	3	3	3
खाँचित	3	3	3
खाँडामा	3	3	3
खाँदबारी	3	3	3
खाँदै	3	3	3
खाइँदैन	3	3	3
खाइदिन्थिन्	3	3	3
खाइन्	3	3	3
खाकी	3	3	3
खाडी	3	3	3
खानतलासी	3	3	3
खान्छे	3	3	3
खामतिर	3	3	3
खायो	3	3	3
खालिङ	3	3	3
खाल्टा	3	3	3
खाल्डोको	3	3	3
खास्टो	3	3	3
खिचेको	3	3	3
खिन्नता	3	3	3
खिरिब्रु	3	3	3
खिरैखिर	3	3	3
खुट्टाका	3	3	3
खुट्टालाई	3	3	3
खुदा	3	3	3
खुबी	3	3	3
खुम्चिएको	3	3	3
खुम्बुतिर	3	3	3
खुर	3	3	3
खुलस्तका	3	3	3
खुलाउनुहोला	3	3	3
खुलाएका	3	3	3
खुवाई	3	3	3
खुसि	3	3	3
खेतलाई	3	3	3
खेप्नु	3	3	3
खेलस्थलको	3	3	3
खेलहरूका	3	3	3
खेला	3	3	3
खेलाइन्छ	3	3	3
खेलाडीद्वारा	3	3	3
खेलिँदै	3	3	3
खेलिन्छ	3	3	3
खेली	3	3	3
खेलौना	3	3	3
खेल्नको	3	3	3
खेल्नुभयो	3	3	3
खेल्यो	3	3	3
खैँचडी	3	3	3
खैरो	3	3	3
खोइरो	3	3	3
खोजकर्ता	3	3	3
खोजतलास	3	3	3
खोजिरहे	3	3	3
खोटाङकै	3	3	3
खोटाङको	3	3	3
खोरिया	3	3	3
खोलले	3	3	3
खोलानाला	3	3	3
खोलाहरूको	3	3	3
खोलिन्	3	3	3
खोलिन्छ	3	2	2
खोलेमा	3	3	3
खोल्नुभयो	3	3	3
खोल्ने	3	3	3
खोल्यो	3	3	3
खोसिएको	3	3	3
खोसे	3	3	3
ख्याक	3	3	3
ख्यालमा	3	3	3
ख्याली	3	3	3
गंभीर	3	3	3
गइसकेपछि	3	3	3
गएँ	3	3	3
गएकी	3	3	3
गगनगौंडा	3	3	3
गङ्गाजल	3	3	3
गङ्गाले	3	3	3
गजनीका	3	3	3
गजनीमाथि	3	3	3
गजल	3	3	3
गठनका	3	3	3
गठबन्धनद्वारा	3	3	2
गठबन्धनमा	3	3	3
गठवन्धन	3	3	3
गडबड	3	3	3
गढीमाईको	3	3	3
गणतन्त्रहरूमा	3	3	3
गणेशका	3	3	3
गणेशजीको	3	3	3
गणेशबहादुर	3	3	3
गणेशले	3	3	3
गतिरोध	3	3	3
गतिलो	3	3	3
गतिवादी	3	3	3
गतिविधिहरूद्वारा	3	3	3
गतेबाट	3	3	3
गधा	3	3	3
गनिएको	3	3	3
गन्तव्यको	3	3	3
गन्तव्यतर्फ	3	3	3
गन्दा	3	3	3
गन्ध	3	3	3
गन्धर्वकन्या	3	3	3
गन्धर्वलाई	3	3	3
गन्हाएर	3	3	3
गफै	3	3	3
गयाश्राद्ध	3	3	3
गरको	3	3	3
गरगहना	3	3	3
गरले	3	3	3
गराउँछन्	3	3	3
गराउँछु	3	3	3
गरिएकै	3	3	3
गरिदिएँ	3	3	3
गरिदिनुभयो	3	3	3
गरिदेऊ	3	3	3
गरिबीको	3	3	3
गरिमाको	3	3	3
गरिसकेँ	3	3	3
गरिहाल्न	3	3	3
गरिहेको	3	3	3
गरीबलाई	3	3	3
गरेभन्दा	3	3	3
गरौँला	3	3	3
गर्थेँ	3	3	3
गर्द	3	3	3
गर्दथिन्	3	3	3
गर्धन	3	3	3
गर्नेमा	3	3	3
गर्नेले	3	3	3
गर्नै	3	3	3
गर्भाधान	3	3	3
गर्मसिद्धान्तदेखि	3	3	3
गर्लफ्रेन्डलाई	3	3	3
गलगाँड	3	3	3
गला	3	3	3
गलाएर	3	3	3
गलेश्वरमा	3	3	3
गल्ति	3	3	3
गल्तीहरू	3	3	3
गल्फ	3	3	3
गवित	3	3	3
गस्ती	3	3	3
गहनरूपमा	3	3	3
गहनाले	3	3	3
गहुँमा	3	3	3
गह्रमा	3	3	3
गाइने	3	3	3
गाइरहेको	3	3	3
गाईवस्तुका	3	3	3
गाउँघरको	3	3	3
गाउँबस्ती	3	3	3
गाउँलेहरू	3	3	3
गाउँसम्म	3	3	3
गाङ्गुली	3	3	3
गाडको	3	3	3
गाडीमाथि	3	3	3
गाडे	3	3	3
गाथा	3	3	3
गाथाका	3	3	3
गाथाहरू	3	3	3
गान्धीकी	3	3	3
गान्धीनगरलाई	3	3	3
गान्धीबाट	3	3	3
गाभिएको	3	3	3
गाभे	3	3	3
गायकहरू	3	3	3
गायनका	3	3	3
गायिकाका	3	3	3
गार्डन	3	3	3
गाविससम्म	3	3	3
गिक	3	3	3
गिजा	3	3	3
गितानगर	3	3	3
गिनी	3	2	2
गिन्तीमा	3	3	3
गिरावटले	3	3	3
गिरिको	3	3	3
गिरिजाप्रसाद	3	3	3
गिरिजाबाबु	3	3	3
गिरिद्वारा	3	3	3
गिरीलाई	3	3	3
गिरेको	3	3	3
गिलनको	3	3	3
गीतका	3	3	3
गीतल	3	3	3
गीतले	3	3	3
गीति	3	3	3
गुजरातका	3	3	3
गुजरातपछिको	3	3	3
गुजराती	3	3	3
गुड	3	3	3
गुडबाई	3	3	3
गुणको	3	3	3
गुणसूत्रहरू	3	3	3
गुणसूत्रहरूलाई	3	3	3
गुणस्तरका	3	3	3
गुणस्तरयुक्त	3	3	3
गुणात्मक	3	3	3
गुदई	3	3	3
गुदी	3	3	3
गुदीमा	3	3	3
गुफाबाट	3	3	3
गुमाउँछ	3	3	3
गुमे	3	3	3
गुमेकोमध्ये	3	3	3
गुम्बदका	3	3	3
गुम्बदको	3	3	3
गुम्बाको	3	3	3
गुराँसले	3	3	3
गुरुकुल	3	3	3
गुरुकुलको	3	3	3
गुरुङसँग	3	3	3
गुरुङसहित	3	3	3
गुरुहरू	3	3	3
गुरूजीको	3	3	3
गुरूद्वार	3	3	3
गुलाफी	3	3	3
गुलिया	3	3	3
गुहँ	3	3	3
गुह्यश्वरीको	3	3	3
गृष्मकालमा	3	3	3
गृहकार्य	3	3	3
गृहसूत्रमा	3	3	3
गेजिङ	3	3	3
गेझा	3	3	3
गेमको	3	3	3
गेय	3	3	3
गेलु	3	3	3
गेलुग	3	3	3
गेसरको	3	3	3
गैंडाकोत	3	3	3
गैमेजको	3	3	3
गैरपृथ्वी	3	3	3
गैरहनु	3	3	3
गैरी	3	3	3
गोकर्णजस्तो	3	3	3
गोकर्णस्थित	3	3	3
गोखुङ्गा	3	3	3
गोगने	3	3	3
गोटिहवा	3	3	3
गोठभित्र	3	3	3
गोठाटार	3	3	3
गोठादी	3	3	3
गोठाला	3	3	3
गोडाले	3	3	3
गोपालप्रसाद	3	3	3
गोपिकृष्ण	3	3	3
गोपीहरू	3	3	3
गोबरै	3	3	3
गोब्रेसल्ला	3	3	3
गोमाको	3	3	3
गोम्पाको	3	3	3
गोरको	3	3	3
गोरखनाथलाई	3	3	3
गोरखपुरमा	3	3	3
गोरखाका	3	3	3
गोराहरूसँग	3	3	3
गोरुलाई	3	3	3
गोरुसँग	3	3	3
गोर्खालीहरूको	3	3	3
गोर्टन	3	3	3
गोलधाप	3	3	3
गोलबैठकमा	3	3	3
गोलमेच	3	3	3
गोलाको	3	3	3
गोल्फको	3	3	3
गोविन्दप्रसाद	3	3	3
गोष्ठीमा	3	3	3
गोसाइँकुण्ड	3	3	3
गौंथली	3	3	3
गौडा	3	3	3
गौमुखी	3	3	3
ग्याँसमध्ये	3	3	3
ग्यालिलियोको	3	3	3
ग्यालेक्सिबाट	3	3	3
ग्रन्थको	3	3	3
ग्रन्थलाई	3	3	3
ग्रन्थिहरूद्वारा	3	3	3
ग्रहजस्तै	3	3	3
ग्रहमा	3	3	3
ग्रहयोग	3	3	3
ग्रहहरूलाई	3	3	3
ग्रान्ड	3	3	3
ग्राबिल	3	3	3
ग्राभेल	3	3	3
ग्रामदेखि	3	3	3
ग्राहक	3	3	3
ग्रिक	3	3	3
ग्रिसको	3	3	3
ग्लासको	3	3	3
ग्लुकोज	3	3	3
ग्वालियर	3	3	3
घटक	3	3	3
घटनाबाट	3	3	3
घटनाहरु	3	3	3
घटाउँदै	3	3	3
घडीको	3	3	3
घण्टाको	3	3	3
घनत्वको	3	3	3
घनपोखरा	3	3	3
घनमूल	3	3	3
घनाबस्ती	3	3	3
घन्टे	3	3	3
घमासान	3	3	3
घरकै	3	3	3
घरबाहिर	3	3	3
घरभित्र	3	3	3
घाँगर	3	3	3
घाँटीबाट	3	3	3
घाउहरूको	3	3	3
घाघरा	3	3	3
घिमराजद्वारा	3	3	3
घिमिरेका	3	3	3
घिमिरेलाई	3	3	3
घिर्नीमा	3	3	3
घुँडा	3	3	3
घुन	3	3	3
घुमन्ते	3	3	3
घुमफिरमा	3	3	3
घुमाइदियो	3	3	3
घुमाएको	3	3	3
घुमाएजस्तै	3	3	3
घुमाएर	3	3	3
घूर्णदर्शी	3	3	3
घेर्न	3	3	3
घोडताप्रे	3	3	3
घोडशालामा	3	3	3
घोडसवारी	3	3	3
घोडी	3	3	3
घ्यूमा	3	3	3
चकचकी	3	3	3
चक्काको	3	3	3
चक्कु	3	3	3
चक्रबाट	3	3	3
चक्राकृति	3	3	3
चङ्गा	3	3	3
चङ्पारणको	3	3	3
चञ्चलद्वारा	3	3	3
चटक्क	3	3	3
चटक्कै	3	3	3
चट्टको	3	3	3
चढाउँदा	3	3	3
चढाएका	3	3	3
चढाएमा	3	3	3
चढावसँगै	3	3	3
चढेका	3	3	3
चढ्नको	3	3	3
चण्डी	3	3	3
चतुर्दशीको	3	3	3
चतुर्भुजको	3	3	3
चन्दननाथ	3	3	3
चन्दा	3	3	3
चन्द्रका	3	3	3
चन्द्रको	3	3	3
चन्द्रकोट	3	3	3
चन्द्रगढी	3	2	2
चन्द्रमाका	3	3	3
चन्द्रमालाई	3	3	3
चन्द्रमासभित्र	3	3	3
चन्द्रशेखर	3	3	3
चपाएर	3	3	3
चमर	3	3	3
चमेना	3	3	3
चम्किन्छ	3	3	3
चम्चाले	3	3	2
चम्पारन	3	3	3
चम्बयाली	3	3	3
चम्बा	3	3	3
चरणसम्म	3	3	3
चराचुरुङ्गीहरूले	3	3	3
चरित्रमा	3	3	3
चरी	3	3	3
चरो	3	3	3
चर्किदै	3	3	3
चर्कियो	3	3	3
चर्को	3	3	3
चर्चाको	3	3	3
चर्चिलको	3	3	3
चर्ने	3	3	3
चर्या	3	3	3
चलाखी	3	3	3
चलाखीको	3	3	3
चले	3	3	3
चल्दथ्यो	3	3	3
चहरूबरमा	3	3	3
चाँगुनारायणको	3	3	3
चाँदिका	3	3	3
चाँदीसँग	3	3	3
चाउचाउ	3	3	3
चाउरिन	3	3	3
चाउरी	3	3	3
चाकु	3	3	3
चाडपर्वको	3	3	3
चाडपर्वमा	3	3	3
चाडबाड	3	3	3
चाप्लुसी	3	3	3
चारखोला	3	3	3
चारो	3	3	3
चाहने	3	3	3
चाहिए	3	3	3
चाहेमा	3	3	3
चिउँडोको	3	3	3
चिउरीको	3	3	3
चिकित्साका	3	3	3
चिकित्साद्वारा	3	3	3
चिजहरूको	3	3	3
चिडियाघर	3	3	3
चिताएको	3	3	3
चितापोल	3	3	3
चितामाथि	3	3	3
चित्ररथ	3	3	3
चिनदेखि	3	3	3
चिनाइएको	3	3	3
चिनाए	3	3	3
चिनिनुहुन्छ	3	3	3
चिनियाँको	3	3	3
चिनियो	3	3	3
चिनीया	3	3	3
चिन्तनको	3	3	3
चिन्नु	3	3	3
चिपबाट	3	3	3
चिप्स	3	3	3
चिम्नीबाट	3	3	3
चिसापानीको	3	3	3
चिसिएको	3	3	3
चिसोबाट	3	3	3
चिसोले	3	3	3
चिस्ती	3	3	3
चिस्यानको	3	3	3
चिहानको	3	3	3
चिहानमा	3	3	3
चिह्नहरू	3	3	3
चुट्की	3	3	3
चुन	3	3	3
चुनढुङ्गा	3	3	3
चुनिएपछि	3	3	3
चुनिनुभएका	3	3	3
चुने	3	3	3
चुन्यो	3	3	3
चुम्बकत्व	3	3	3
चुम्बन	3	3	3
चुरेभावर	3	3	3
चुरोटको	3	3	3
चुलेसी	3	3	3
चुल्ठोमा	3	3	3
चुल्हो	3	3	3
चुल्होमा	3	3	3
चुस्दै	3	3	3
चेतनाका	3	3	3
चेनलाई	3	3	3
चेपिएका	3	3	3
चेपिएको	3	3	3
चेर	3	3	3
चेल्सीका	3	3	3
चेवलियर	3	3	3
चैतमा	3	3	3
चैतसम्मको	3	3	3
चोकको	3	3	3
चोगे	3	3	3
चोटिलो	3	3	3
चोयु	3	3	3
चौकमा	3	3	2
चौघरा	3	3	3
चौडाइको	3	3	3
चौतारामा	3	3	3
चौतारो	3	3	3
चौधमा	3	3	3
चौधरीले	3	3	3
चौपट	3	3	3
चौबीस	3	3	3
चौभान	3	3	3
चौर	3	3	3
चौवन्नी	3	3	3
चौहा	3	3	3
चौहाको	3	3	3
चौहान	3	3	3
च्याउका	3	3	3
च्याउबरेसा	3	3	3
च्याउहरूलाई	3	3	3
च्याङ्ग्रा	3	3	3
च्याट्टको	3	3	3
च्यानामको	3	3	3
च्याप्टर	3	3	3
च्याब्रुङ	3	3	3
छँदैछन्	3	3	3
छटपटीका	3	3	3
छटपटीहरूलाई	3	3	3
छट्पटाइरहनु	3	3	3
छठलाई	3	3	3
छडजस्तो	3	3	3
छतिउन	3	3	3
छत्रधारणि	3	3	3
छनौटका	3	3	3
छपरी	3	3	3
छपाएको	3	3	3
छरिने	3	3	3
छर्लङ्गै	3	3	3
छविलाल	3	3	3
छविहरूका	3	3	3
छाउने	3	3	3
छाउराहरूलाई	3	3	3
छाड्यो	3	3	3
छातापिपरा	3	3	3
छात्रपरिषद्	3	3	3
छानबिन	3	3	3
छानामा	3	3	3
छानामुनि	3	3	3
छानेको	3	3	3
छान्दोग्योपनिषद्	3	3	3
छान्न	3	3	3
छापाखानामा	3	3	3
छापियो	3	3	3
छापे	3	3	3
छाप्री	3	3	3
छाप्रे	3	3	3
छाब्दी	3	3	3
छामघाट	3	3	3
छायामा	3	3	3
छितरवितर	3	3	3
छिनछिनमा	3	3	3
छिनामखु	3	3	3
छिप्पाएर	3	3	3
छिप्रा	3	3	3
छिमी	3	3	3
छिमेकमा	3	3	3
छिमेकि	3	3	3
छिरिङ	3	3	3
छिरेपछि	3	3	3
छिरेर	3	3	3
छिर्ने	3	3	3
छुचुन्द्रो	3	3	3
छुटेका	3	3	3
छुटेजस्तो	3	3	3
छुट्ट्याएको	3	3	3
छुट्ने	3	3	3
छुट्याइएको	3	3	3
छुन्छ	3	3	3
छुवाछुतको	3	3	3
छुसाङ	3	3	3
छेउछाउको	3	3	3
छेउबाट	3	3	3
छेक्ने	3	3	3
छेत्रमा	3	3	3
छेत्री	3	3	3
छेत्रीद्वारा	3	3	3
छेदक	3	3	3
छेदन	3	3	3
छेनाको	3	3	3
छेपाराका	3	3	3
छैँठो	3	3	3
छैठौँको	3	3	3
छैनस्	3	3	3
छैमले	3	3	3
छोइङ	3	3	3
छोकडा	3	3	3
छोटकरिमा	3	3	3
छोटकरी	3	3	3
छोटाछोटा	3	3	3
छोडिएका	3	3	3
छोडिजानेहरूलाई	3	3	3
छोडिरहेको	3	3	3
छोड्छन्	3	3	3
छोड्दछौँ	3	3	3
छोड्दैछु	3	3	3
छोरीमध्ये	3	3	3
छोरीमा	3	3	3
छोरीसँग	3	3	3
छोरीहरू	3	3	3
छोरोले	3	3	3
छ्यापी	3	3	2
जंजीर	3	3	3
जक्सनमा	3	3	3
जगदम्बाकुमारीको	3	3	3
जगदलपुर	3	3	3
जगदीशले	3	3	3
जगदेव	3	3	3
जगद्गुरु	3	3	3
जगन्नाथले	3	3	3
जगमा	3	3	3
जग्गाधनीलाई	3	3	3
जग्गासम्बन्धी	3	3	3
जङ्गबहादुरकी	3	3	3
जङ्गलैजङ्गल	3	3	3
जटापोखरी	3	3	3
जटिलताहरूसँग	3	3	3
जडाउ	3	3	3
जडीबुटी	3	3	3
जडीबुटीको	3	3	3
जतासुकैको	3	3	3
जतिबेला	3	3	3
जनकलाल	3	3	3
जनकल्याण	3	3	3
जनगणनाका	3	3	3
जनगणनासम्म	3	3	3
जनजातिहरू	3	3	3
जनजातिहरूको	3	3	3
जनजीवनमा	3	3	3
जनतामाझ	3	3	3
जनतासँगको	3	3	3
जननिर्वाचित	3	3	3
जननेता	3	3	3
जनपथ	3	3	3
जनपदहरूले	3	3	3
जनपरिषद्का	3	3	3
जनबोलीमा	3	3	3
जनरलद्वारा	3	3	3
जनवरीका	3	3	3
जनवाद	3	3	3
जनसङ्ख्यासँग	3	3	3
जनसङ्ख्यासहित	3	3	3
जनसागरै	3	3	3
जनसाधारण	3	3	3
जनसाधारणहरूले	3	3	3
जनसुखी	3	3	3
जनहिताय	3	3	3
जनाउँदछु	3	3	3
जनाएका	3	3	3
जनादेशलाई	3	3	3
जनावरहरूलाई	3	3	3
जनिएन	3	3	3
जन्तरमन्तरसम्मको	3	3	3
जन्तुहरूको	3	3	3
जन्मदिनका	3	3	3
जन्मदिनमा	3	3	3
जन्माउन	3	3	3
जन्माउनु	3	3	3
जन्मिँदा	3	3	3
जन्मिएकाहरूका	3	3	3
जन्मी	3	3	3
जफत	3	3	3
जबकी	3	3	3
जबर्जस्ती	3	3	3
जमघट	3	3	3
जमदग्निले	3	3	3
जमातले	3	3	3
जमिनसँग	3	3	3
जम्ने	3	3	3
जम्मू	3	3	3
जयकार	3	3	3
जयगाउँ	3	3	3
जरखान	3	3	3
जरुर	3	3	3
जर्जर	3	3	3
जर्नलमा	3	3	3
जर्मनको	3	3	3
जर्मनीमा	3	3	3
जर्विस	3	3	3
जर्सी	3	3	3
जलक्रीडा	3	3	3
जलघनत्वको	3	3	3
जलनको	3	3	3
जलपयुक्त	3	3	3
जलमार्ग	3	3	3
जलरङ्क	3	3	3
जलाशयलाई	3	3	3
जल्दथे	3	3	3
जवलपुरकै	3	3	3
जवान	3	3	3
जवाफको	3	3	3
जसअन्तर्गत	3	3	3
जसपछि	3	3	3
जहाँका	3	3	3
जहाजका	3	3	3
जहाजहरूलाई	3	3	3
जहाजहरूले	3	3	2
जाँचहरूको	3	3	3
जाँदैछ	3	3	3
जाँदैछन्	3	3	3
जागर	3	3	3
जाङपो	3	3	3
जाडोयाममा	3	3	3
जातकहरूले	3	3	3
जातजातिका	3	3	3
जातजातिले	3	3	3
जातिपातिमा	3	3	3
जातिविशेष	3	3	3
जातिविशेषको	3	3	3
जातिहरूमा	3	3	3
जातीको	3	3	3
जादुमय	3	3	3
जाना	3	3	3
जानाको	3	3	3
जानुपर्दछ	3	3	3
जानुभन्दा	3	3	3
जानेछन्	3	3	3
जानेछु	3	3	3
जानेवाला	3	3	3
जान्थेँ	3	3	3
जान्दासम्म	3	3	3
जालना	3	3	3
जालन्धर	3	3	3
जालसाजीसँग	3	3	3
जालीमा	3	3	3
जालौर	3	3	3
जाल्पा	3	3	3
जासुस	3	3	3
जिउनु	3	3	3
जिएनयुलिनक्समा	3	3	3
जिग	3	3	3
जिग्मे	3	3	3
जितपुरफेदी	3	3	3
जितेपछि	3	3	3
जित्नको	3	3	3
जित्नेहरूका	3	3	3
जिद्दीमा	3	3	3
जिन्जर	3	3	3
जिन्दगीका	3	3	3
जिपिआरएस	3	3	3
जिमाली	3	3	3
जिमूतवाहन	3	3	3
जिम्बाब्वे	3	3	3
जिम्बाब्वेको	3	3	3
जिम्मी	3	3	3
जिम्मेवारीलाई	3	3	3
जियोलोजी	3	3	3
जिरा	3	3	3
जिरादेई	3	3	3
जिलेट	3	3	3
जिल्लाभित्रका	3	3	3
जिल्लाभित्रको	3	3	3
जिल्लाहरूदेखि	3	3	3
जिल्लुर	3	3	3
जिल्लुरको	3	3	3
जिस्काइरहेका	3	3	3
जीउमा	3	3	3
जीतबहादुर	3	3	3
जीतशमशेरको	3	3	3
जीप	3	3	3
जीर्ण	3	3	3
जीवनप्रति	3	3	3
जीवनयापन	3	3	3
जीवनशैलीको	3	3	3
जीवमध्ये	3	3	3
जीवलाई	3	3	3
जीवहरूमा	3	3	3
जीवहरूसँग	3	3	3
जुंगे	3	3	3
जुकती	3	3	3
जुटेको	3	3	3
जुठी	3	3	3
जुडोमा	3	3	3
जुत्ताको	3	3	3
जुद्धोदय	3	3	3
जुधाउन	3	3	3
जुनिया	3	3	3
जुमहोङ	3	3	3
जुमानु	3	3	3
जुम्रा	3	3	3
जुरेचरा	3	3	3
जुलाहा	3	3	3
जूनियर	3	3	3
जेएफकेको	3	3	3
जेएस	3	3	3
जेना	3	3	3
जेनेभामा	3	3	3
जेबमा	3	3	3
जेब्रा	3	3	3
जेमा	3	3	3
जेलजस्तो	3	3	3
जेलजीवन	3	3	3
जेसवार	3	3	3
जैवक्षेत्र	3	3	3
जैसवारको	3	3	3
जोकसैले	3	3	3
जोखा	3	3	3
जोगियो	3	3	3
जोडिकन	3	3	3
जोतिन्छ	3	3	3
जोन्जोन्दिङ	3	3	3
जोरको	3	3	3
जोसुकैलाई	3	3	3
जोसे	3	3	3
ज्ञवालीद्वारा	3	3	3
ज्ञानवृद्धिको	3	3	3
ज्ञानहरू	3	3	3
ज्यानै	3	3	3
ज्योतिषीहरू	3	3	3
ज्वरोबाट	3	3	3
ज्वानोलाई	3	3	3
ज्वालामुखी	3	3	3
ज्वालालाई	3	3	3
झट्कालाई	3	3	3
झडपमा	3	3	3
झन्झटिला	3	3	3
झन्डा	3	3	3
झन्नै	3	3	3
झरेका	3	3	3
झर्छ	3	3	3
झलनाथको	3	3	3
झल्किएको	3	3	3
झल्किने	3	3	3
झस्काउँछ	3	3	3
झाँकी	3	3	3
झाँक्रिद्वारा	3	3	3
झागाझोली	3	3	3
झापालाई	3	3	3
झारलको	3	3	3
झिकिन्छ	3	3	3
झिकेर	3	3	3
झिङ्गा	3	3	3
झिझिया	3	3	3
झिली	3	3	3
झिल्कोबाट	3	3	3
झुकाएर	3	3	3
झुकेको	3	3	3
झुन्ड	3	3	3
झुन्ड्याइने	3	3	3
झुपडीमा	3	3	3
झुलुङ्गे	3	3	3
झुले	3	3	3
झुसहरूले	3	3	3
झेलम	3	3	3
झोलले	3	3	3
झ्याप्सी	3	3	3
झ्याली	3	3	3
टङ्गाल	3	3	3
टच	3	3	3
टनिकको	3	3	3
टम	3	3	3
टर्कीमा	3	3	3
टर्मिनल	3	3	3
टर्मिनेटरलाई	3	3	3
टाँसिने	3	3	3
टाँस्छौँ	3	3	3
टाँस्नुपर्छ	3	3	3
टाइटनमा	3	3	3
टाइपको	3	3	3
टाइपराइटरका	3	3	3
टाइफाइडका	3	3	3
टाइममा	3	3	3
टाउकाहरूको	3	3	3
टाटा	3	3	3
टाडी	3	3	3
टापुको	3	3	3
टापुमा	3	3	3
टायो	3	3	3
टारहरूमा	3	3	3
टालेको	3	3	3
टावेल	3	3	3
टिकटमा	3	3	3
टिकुली	3	3	3
टिची	3	3	3
टिचीले	3	3	3
टिना	3	3	3
टिनेज	3	3	3
टिपोका	3	3	3
टिमले	3	3	3
टिमहरूले	3	3	3
टिसर्ट	3	3	3
टि्वटरका	3	3	3
टी	3	3	3
टीकाराम	3	3	3
टुँडालको	3	3	3
टुँडालमा	3	3	3
टुँडिखेल	3	3	3
टुँडो	3	3	3
टुकडी	3	3	3
टुक्राको	3	3	3
टुक्रामा	3	3	3
टुक्राहरूबाट	3	3	3
टुनामुना	3	3	3
टुर्नामेन्ट	3	3	3
टेके	3	3	3
टेकेको	3	3	3
टेको	3	3	3
टेक्नोलोजीको	3	3	3
टेक्सास	3	3	3
टेङ्ग्राहा	3	3	3
टेड	3	3	3
टेन्च	3	3	3
टेबल्स	3	3	3
टेम्पररी	3	3	3
टेम्पल	3	3	3
टेम्पेटमा	3	3	3
टेम्प्लेटको	3	3	3
टेरा	3	3	3
टेराकोटा	3	3	3
टेरीले	3	3	3
टेरेस्ट्रियलमा	3	3	3
टेलिया	3	3	3
टोकरीमा	3	3	3
टोकाउने	3	3	3
टोकिन	3	3	3
टोपबहादुर	3	3	3
टोलीका	3	3	3
टोलीहरूको	3	3	3
ट्याम्बोले	3	3	3
ट्युब	3	3	3
ट्युसन	3	3	3
ट्रयाक्टर	3	3	3
ट्रान्जिट	3	3	3
ट्रान्सपरेन्सी	3	3	3
ट्रान्सफर्मर	3	3	3
ट्रेकिङ	3	3	3
ट्रेनहरूको	3	3	3
ठकुरीहरू	3	3	3
ठकुरीहरूलाई	3	3	3
ठकु्री	3	3	3
ठटाल	3	3	3
ठमेलकी	3	3	3
ठहर्याइयो	3	3	3
ठाउँहरूका	3	3	3
ठाकुरलाल	3	3	3
ठानामौला	3	3	3
ठानेर	3	3	3
ठिमाहा	3	3	3
ठिमी	3	3	3
ठिमुरे	3	3	3
ठुलापोखरा	3	3	3
ठुलोधादिङ	3	3	3
ठुलोपाखर	3	3	3
ठेकारा	3	3	3
ठोकिदिए	3	3	3
ठोकिन	3	3	3
ठोक्नुपर्ने	3	3	3
डक	3	3	3
डग	3	3	3
डगेनन्	3	3	3
डङ्गोल	3	3	3
डचहरूसँग	3	3	3
डडाल्नु	3	3	3
डडुवा	3	3	3
डन्डिफोर	3	3	3
डन्डीबियोमा	3	3	3
डब्लु	3	3	3
डब्ल्यु	3	3	3
डमरू	3	3	3
डम्बर	3	3	2
डरलाग्दो	3	3	3
डरले	3	3	3
डराउँछन्	3	3	3
डराए	3	3	3
डराएर	3	3	3
डर्बनमा	3	3	3
डलरमा	3	3	3
डल्ला	3	3	3
डाँगीबारी	3	3	3
डाँगीहाट	3	3	3
डाँठको	3	3	3
डाँडाँमा	3	3	3
डाँडागाउँको	3	3	3
डाँडागाउँमा	3	3	3
डाँडापोखरीमा	3	3	3
डाँडाहरूबाट	3	3	3
डाँफेचरी	3	3	3
डाइन	3	3	3
डाटामा	3	3	3
डात	3	3	3
डाना	3	3	3
डाबर	3	3	3
डाम्ही	3	3	3
डायनोसर	3	3	3
डायमेनको	3	3	3
डार्विनको	3	3	3
डालेघाँसको	3	3	3
डाल्टन	3	3	3
डिएभि	3	3	3
डिकेटर	3	3	3
डिगोविन्दपुर	3	3	3
डिग्रिसम्म	3	3	3
डिन	3	3	3
डिन्डिगुल	3	3	3
डिफ्रेन्सेसमा	3	3	3
डिभाइसलाई	3	3	3
डिभिडीको	3	3	3
डिल्लीरमण	3	3	3
डिल्लीराम	3	3	3
डिविजन	3	3	3
डिसेम्बरको	3	3	3
डिस्काउन्ट	3	3	3
डुअर्सको	3	3	3
डुङगा	3	3	3
डुङ्गेश्वर	3	3	3
डुम्री	3	3	3
डुरन्ड	3	3	3
डुलाएर	3	3	3
डुवर्समा	3	3	3
डेउडाकला	3	3	3
डेकेन्द्र	3	3	3
डेकेन्द्रको	3	3	3
डेको	3	3	3
डेङ्गुको	3	3	3
डेटको	3	3	3
डेटाबेस	3	3	3
डेटिङको	3	3	3
डेड	3	3	3
डेनमार्कमा	3	3	3
डेनिस	3	3	3
डेनिसले	3	3	3
डेबियनको	3	3	3
डेसिमिटर	3	3	3
डैलीसँग	3	3	2
डोगरीको	3	3	3
डोगरीग्राम	3	3	3
डोट्याली	3	3	3
डोनाल्ड	3	3	3
डोल्पामा	3	3	3
ड्यानियल	3	3	3
ड्यानी	3	3	3
ड्यानीले	3	3	3
ड्रग	3	3	3
ड्राइभरका	3	3	3
ड्रागन	3	3	3
ड्रागनफलसँग	3	3	3
ड्र्युको	3	3	3
ड्वार्फका	3	3	3
ढकमा	3	3	3
ढकालले	3	3	3
ढल्कँदै	3	3	3
ढल्कनासाथ	3	3	3
ढल्न	3	3	3
ढल्यो	3	3	3
ढाका	3	3	3
ढाकाको	3	3	3
ढाकामुली	3	3	3
ढाकिएका	3	3	3
ढाकी	3	3	3
ढिकी	3	3	3
ढिकुरपोखरीको	3	3	2
ढिलै	3	3	3
ढुकुटीका	3	3	3
ढुङेलका	3	3	3
ढुङेलको	3	3	3
ढुङ्गाका	3	3	3
ढुङ्गाड	3	3	3
ढुङ्गेधारालाई	3	3	3
ढुङ्ग्री	3	3	3
ढुटो	3	3	3
ढुसीका	3	3	3
ढुसीको	3	3	3
ढोडे	3	3	3
तँछाड	3	3	3
तक्विर	3	3	3
तक्षशिला	3	3	3
तख्तिहरूसँगै	3	3	3
तटदेखि	3	3	3
तटसम्म	3	3	3
तत्कालका	3	3	3
तत्त्वहरूलाई	3	3	3
तत्पर	3	3	3
तदनुसार	3	3	3
तन्त्रसँग	3	3	3
तपस्यातर्फ	3	3	3
तपस्यापछि	3	3	3
तपस्याबाट	3	3	3
तमान	3	3	3
तम्सेनन्	3	3	3
तरकारीसँग	3	3	3
तराईसँग	3	3	3
तरिकाका	3	3	3
तरिकाहरूलाई	3	3	3
तरेली	3	3	3
तर्	3	3	3
तर्फियन	3	3	3
तलाउको	3	3	3
तहका	3	3	3
तहबाट	3	3	3
ताइवान	3	3	3
ताइवानमा	3	3	3
ताईवानी	3	3	3
ताकु	3	3	3
ताकेर	3	3	3
तातिन	3	3	3
तातेपछि	3	3	3
तात्कालीन	3	3	3
तानसेन	3	3	3
तानिएको	3	3	3
तान्त्रिकको	3	3	3
तापमा	3	3	3
ताप्के	3	3	3
ताप्लेजुङमा	3	3	3
ताबिज	3	3	3
तामा	3	3	3
तामाङहरूको	3	3	3
तामिन	3	3	3
तामेस	3	3	3
तारामती	3	3	3
ताराले	3	3	3
तारिकका	3	3	3
तारुकाको	3	3	3
तारो	3	3	3
तार्न	3	3	3
तालमेलको	3	3	3
तालीम	3	3	3
तिक्तता	3	3	3
तितु	3	3	3
तिनकाद्वारा	3	3	3
तिनो	3	3	3
तिब्बतबाट	3	3	3
तिब्बतीयन	3	3	3
तिरमिराउने	3	3	3
तिरै	3	3	3
तिरैतिर	3	3	3
तिरो	3	3	3
तिर्थे	3	3	3
तिर्नु	3	3	3
तिर्नुपर्छ	3	3	3
तिर्सना	3	3	3
तिलगङ्गा	3	3	3
तिहारमा	3	3	3
तीखो	3	3	3
तीजको	3	3	3
तीर	3	3	3
तीर्थयात्रीहरू	3	3	3
तीर्थश्राद्ध	3	3	3
तीर्थस्थलको	3	3	3
तीर्थस्थलहरू	3	3	3
तीर्थस्थलहरूको	3	3	3
तीर्थस्थलहरूमा	3	3	3
तीर्थहरूमा	3	3	3
तीलाई	3	3	2
तीव्ररूपले	3	3	3
तुथासेन	3	3	3
तुरून्त	3	3	3
तुर्कहरूका	3	3	3
तुला	3	3	3
तुल्सीपुरबाटै	3	3	3
तुल्सीपुरले	3	3	3
तृप्त	3	3	3
तेलमा	3	3	3
तेलरहित	3	3	3
तेह्रथुममा	3	3	3
तैरन्छ	3	3	3
तोक्न	3	3	3
तोडौँ	3	3	3
तोड्न	3	3	3
तोड्ने	3	3	3
तोपहरू	3	3	3
तोमर	3	3	3
तौलको	3	3	3
तौलिया	3	3	3
त्यतिनै	3	3	3
त्यतिबेलाको	3	3	3
त्यत्तिकैमा	3	3	3
त्यसताक	3	3	3
त्यसपछिका	3	3	3
त्यसबेलासम्म	3	3	3
त्यसयता	3	3	3
त्यसैका	3	3	3
त्यस्तालाई	3	3	3
त्यहीं	3	3	3
त्यहीको	3	3	3
त्यागको	3	3	3
त्यागबाट	3	3	3
त्यागे	3	3	3
त्यागेका	3	3	3
त्याग्नु	3	3	3
त्रिकोणहरूमा	3	3	3
त्रिपुरेश्वर	3	3	3
त्रिमूर्तिको	3	3	3
थप्छ	3	3	3
थमाइदियो	3	3	3
थलसेनाले	3	3	3
थापिएको	3	3	3
थापे	3	3	3
थापेर	3	3	3
थाबितको	3	3	3
थामहरू	3	3	3
थाम्दै	3	3	3
थारुटोल	3	3	3
थालेँ	3	3	3
थालेकी	3	3	3
थाल्दछन्	3	3	3
थाल्नुभएकोमा	3	3	3
थाल्नुभन्दा	3	3	3
थिई	3	3	3
थिचिएको	3	3	3
थियोडोरले	3	3	3
थियौं	3	3	3
थुनिए	3	3	3
थुनुवा	3	3	3
थुनेपछि	3	3	3
थुमनि	3	3	3
थुममा	3	3	3
थुम्कामा	3	3	3
थोक	3	3	3
थोपर्ने	3	3	3
थोप्पल	3	3	3
थ्रोइङ	3	3	3
दक्षिणका	3	3	3
दक्षिणपट्टि	3	3	3
दक्षिणपट्टिको	3	3	3
दक्षिणबाट	3	3	3
दक्षिणामा	3	3	3
दण्डको	3	3	3
दत्तनकोद्वारा	3	3	3
दनुवारको	3	3	3
दफा	3	3	3
दबाइ	3	3	3
दबाइएका	3	3	3
दबाएपछि	3	3	3
दबाबलाई	3	3	3
दबावमा	3	3	3
दमको	3	3	3
दमौलीबाट	3	3	3
दयनीय	3	3	3
दरको	3	3	3
दरवारको	3	3	3
दरवारक्षेत्र	3	3	3
दरिद्रता	3	3	3
दरिलो	3	3	3
दरो	3	3	3
दर्जनको	3	3	3
दर्जनजति	3	3	3
दर्जनौं	3	3	3
दर्दनाक	3	3	3
दर्नाल	3	3	3
दर्मा	3	3	3
दर्शकहरूले	3	3	3
दर्शनिक	3	3	3
दलहरूको	3	3	3
दलहरूबाट	3	3	3
दशकभन्दा	3	3	3
दशम	3	3	3
दशरथले	3	3	3
दशाका	3	3	3
दहचोक	3	3	3
दहबाङ	3	3	3
दहमा	3	3	3
दहल	3	3	3
दहीसँग	3	3	3
दा	3	3	3
दाँजेको	3	3	3
दाँती	3	3	3
दाइँ	3	3	3
दाइकी	3	3	3
दाइजी	3	3	3
दाइले	3	3	3
दाउन्ने	3	3	3
दाउराको	3	3	3
दाउरेको	3	3	3
दाखिला	3	3	3
दाजुको	3	3	3
दाजुले	3	3	3
दानहरू	3	3	3
दानीका	3	3	3
दायरा	3	3	3
दार्जिलिङको	3	3	3
दार्जिलिङदेखि	3	3	3
दार्जिलिङबाट	3	3	3
दार्जीलिङमा	3	3	3
दासप्रथा	3	3	3
दाह	3	3	3
दाहिनेतिर	3	3	3
दिँदैन	3	3	3
दिँदैनन्	3	3	3
दिइनुपर्दछ	3	3	3
दिक्तेल	3	3	3
दिक्मान	3	3	3
दिगमको	3	3	3
दिदीबहिनी	3	3	3
दिनहरूसम्म	3	3	3
दिनुपर्ला	3	3	3
दिनुहुँदैछ	3	3	3
दिनुहुने	3	3	3
दिनेछ	3	3	3
दिनेशराज	3	3	3
दिनैपर्छ	3	3	3
दिपेश	3	3	3
दियोबन्दी	3	3	3
दियौँ	3	3	3
दिलाउँछन्	3	3	3
दिलीप	3	3	3
दिल्लीबाट	3	3	3
दिल्लीले	3	3	3
दिल्लीस्थित	3	3	3
दिवाना	3	3	3
दिशाहरू	3	3	3
दीप	3	3	3
दीपकुमारीका	3	3	3
दुईजनाले	3	3	3
दुईतर्फ	3	3	3
दुईपटकसम्म	3	3	3
दुईपल्ट	3	3	3
दुईबाट	3	3	3
दुईमत	3	3	3
दुखको	3	3	3
दुखहरूको	3	3	3
दुखाउने	3	3	3
दुखेमा	3	3	3
दुगुनामा	3	3	3
दुनियाँका	3	3	3
दुबैतिरको	3	3	3
दुम्जामा	3	3	3
दुरदुर	3	3	3
दुरसञ्चार	3	3	3
दुरूपयोग	3	3	3
दुरूस्त	3	3	3
दुर्गापुर	3	3	3
दुर्गापुरको	3	3	3
दुर्गाप्रसादकी	3	3	3
दुर्गालक्ष्मी	3	3	3
दुर्गालाई	3	3	3
दुर्गाले	3	3	3
दुर्गास्थान	3	3	3
दुर्भाग्य	3	3	3
दुलहा	3	3	3
दुलालजी	3	3	3
दुलेगौंडा	3	3	3
दुलो	3	3	3
दुल्लुको	3	3	3
दुवाकोटको	3	3	3
दुवाडी	3	3	3
दुवैतर्फबाट	3	3	3
दुवैतिरको	3	3	3
दुवैतिरबाट	3	3	3
दुवैपट्टि	3	3	3
दुवोको	3	3	3
दुश्मनलाई	3	3	3
दुश्मनी	3	3	3
दूतका	3	3	3
दृष्ट	3	3	3
दृष्टिलाई	3	3	3
देउखुरी	3	3	3
देउताको	3	3	3
देउनिया	3	3	3
देउवालाई	3	3	3
देउसी	3	3	3
देखाइरहेको	3	3	2
देखाउनुभएको	3	3	3
देखाएर	3	3	3
देखापरेको	3	3	3
देखापर्दा	3	3	3
देखापर्न	3	3	3
देखापर्यो	3	3	3
देखिँदो	3	3	3
देखिनै	3	3	3
देखेअनुसार	3	3	3
देखोस्	3	3	3
देवगृहको	3	3	3
देवघाट	3	3	3
देवताले	3	3	3
देवताहरू	3	3	3
देवताहरूले	3	3	3
देवलहरूमा	3	3	3
देववाणी	3	3	3
देवशयनी	3	3	3
देवस्थल	3	3	3
देवालयहरूमा	3	3	3
देवीबाट	3	3	3
देवीस्थान	3	3	3
देशभरका	3	3	3
देशमै	3	3	3
देशहरूसँग	3	3	3
देशान्तरभित्र	3	3	3
देहायको	3	3	3
दैनिकी	3	3	3
दैविप्रकोप	3	3	3
दैवीप्रकोपबाट	3	3	3
दोभानटार	3	3	3
दोलालघाटबाट	3	3	3
दोषबाट	3	3	3
दोस्तानामा	3	3	3
दोस्तीमा	3	3	3
दोस्रीको	3	3	3
दोस्रोतर्फ	3	3	3
दोहोरियो	3	3	3
दोहोरो	3	3	3
दौरतर्फ	3	3	3
दौरेका	3	3	3
दौरेमा	3	3	3
द्रव	3	3	3
द्रवमा	3	3	3
द्रव्यदेखि	3	3	3
द्रव्यमानको	3	3	3
द्रव्यमानदेखि	3	3	3
द्रष्टा	3	3	3
द्रोणाचार्यबाट	3	3	3
द्रोह	3	3	3
द्वन्द्व	3	3	3
द्वारहरू	3	3	3
द्वारी	3	3	3
द्वीपमा	3	3	3
धकेल्दछ	3	3	3
धक्का	3	3	3
धनकुटाको	3	3	3
धनदौलत	3	3	3
धनराशि	3	3	3
धनराशिको	3	3	3
धनलाई	3	3	3
धनलाभ	3	3	3
धनीमानी	3	3	3
धनुकाँड	3	3	3
धनुवाण	3	3	3
धनुषलाई	3	3	3
धनुषहरूमा	3	3	3
धनुषामा	3	3	3
धनोपार्जन	3	3	3
धनौरी	3	3	3
धन्य	3	3	3
धपाइनु	3	3	3
धमलाले	3	3	3
धमाधम	3	3	3
धमारी	3	3	3
धरतीबाट	3	3	3
धरहराहरू	3	3	3
धरातलीय	3	3	3
धरानको	3	3	3
धराना	3	3	3
धरोहरहरू	3	3	3
धर्नाहरूको	3	3	3
धर्मग्रन्थहरूले	3	3	3
धर्मतिर	3	3	3
धर्मनाथलाई	3	3	3
धर्मपुर	3	3	3
धर्मप्रचार	3	3	3
धर्मसंस्कृति	3	3	3
धर्मावलम्बीले	3	3	3
धर्मावलम्बीहरू	3	3	3
धर्मेन्द्र	3	3	3
धाक	3	3	3
धातुले	3	3	3
धानखेतीको	3	3	3
धान्दै	3	3	3
धारणले	3	3	3
धारणाको	3	3	3
धारामा	3	3	3
धाराहरूबाट	3	3	3
धाराहरूमध्ये	3	3	3
धारो	3	3	3
धार्मिकरूपले	3	3	3
धार्मिकहरूको	3	3	3
धावा	3	3	3
धुँ	3	3	3
धुरीदेखि	3	3	3
धुलिखेलमा	3	3	3
धूर्तता	3	3	3
धृतराष्ट्र	3	3	3
धृतराष्ट्रका	3	3	3
धेरैपल्ट	3	3	3
धौलागिरि	3	3	3
ध्रुवहरू	3	3	3
ध्रुवहरूमा	3	3	3
ध्वज	3	3	3
ध्वनिका	3	3	3
ध्वनी	3	3	3
नं.	3	3	3
नआउने	3	3	3
नआए	3	3	3
नकरात्मकता	3	3	3
नक्कलीको	3	3	3
नक्षत्रलाई	3	3	3
नक्साहरूले	3	3	3
नखानु	3	3	3
नगन्य	3	3	3
नगरवधुको	3	3	3
नगराको	3	3	3
नगराले	3	3	3
नगरिकनै	3	3	3
नगरिदिनु	3	3	3
नगरिने	3	3	3
नगरीकन	3	3	3
नगरेपछि	3	3	3
नगरोस्	3	3	3
नगर्नाले	3	3	3
नगर्नुहोस्	3	3	3
नगि	3	3	3
नग्नचित्र	3	3	3
नचाहँदा	3	3	3
नचिन्नु	3	3	3
नजमालाई	3	3	3
नजिकका	3	3	3
नठग	3	3	3
नतमस्तक	3	3	3
नतिजा	3	3	3
नदिएको	3	3	3
नदिएकोले	3	3	3
नदिनालाहरू	3	3	3
नदिहरू	3	3	3
नदीपारी	3	3	3
नदीसम्मका	3	3	3
नदीहरूको	3	3	3
नदेखिएको	3	3	3
नदेखिएबाट	3	3	3
ननफिक्सनमा	3	3	3
नन्दकुमार	3	3	3
नन्देगडा	3	3	3
नपाओस्	3	3	3
नपामा	3	3	3
नपुग्दै	3	3	3
नपुग्ने	3	3	3
नफाली	3	3	3
नबुझेको	3	3	3
नबुझेकोले	3	3	3
नब्बेको	3	3	3
नभएकालाई	3	3	3
नभनी	3	3	3
नभर्इ	3	3	3
नभुल्नुहोस्	3	3	3
नभेटिए	3	3	3
नभेटिने	3	3	3
नमागिकनै	3	3	3
नमानेमा	3	3	3
नमान्नुहोला	3	3	3
नमार्नु	3	3	3
नमिलेको	3	3	3
नमुनाको	3	3	3
नमोबौद्ध	3	3	3
नम्रताका	3	3	3
नयाँदिल्लीस्थित	3	3	3
नरक	3	3	3
नरमाइलो	3	3	2
नरसंहार	3	3	3
नरहरिनाथ	3	3	3
नराखी	3	3	3
नराख्ने	3	3	3
नरिवल	3	3	3
नर्डिक	3	3	3
नर्भ	3	3	3
नर्सेज	3	3	3
नलगाएको	3	3	3
नलागोस्	3	3	3
नली	3	3	3
नवदुर्गालगायतका	3	3	3
नवनिर्वाचित	3	3	3
नवमीमा	3	3	3
नवरात्रमा	3	3	3
नवरात्रि	3	3	3
नवरात्रिमा	3	3	3
नवाफका	3	3	3
नवाब	3	3	3
नसकिने	3	3	3
नसोचा	3	3	3
नहटाउनुहोला	3	3	3
नाइके	3	3	3
नाइट	3	3	3
नाइट्रोजनयुक्त	3	3	3
नाउँको	3	3	3
नागराज	3	3	3
नागराजसम्म	3	3	3
नागरिकहरूलाई	3	3	3
नागरिकहरूले	3	3	3
नागलाई	3	3	3
नागले	3	3	3
नागाकी	3	3	3
नागार्जुन	3	3	3
नागालैन्ड	3	3	3
नागालैन्डमा	3	3	3
नागाल्यान्डको	3	3	3
नाघिसकेकोमा	3	3	3
नाघेर	3	3	3
नाङ्गा	3	3	3
नाङ्गै	3	3	3
नाचिरहेका	3	3	3
नाचेको	3	3	3
नाचेर	3	3	3
नाटकहरू	3	3	3
नाट्यचेतना	3	3	3
नाट्यशास्त्रको	3	3	3
नातागोताहरूलाई	3	3	3
नातेदारलाई	3	3	3
नातेदारले	3	3	3
नाथमा	3	3	3
नादिर	3	3	3
नानीहरू	3	3	3
नाप्नका	3	3	3
नाभिकको	3	3	3
नाभिकलाई	3	3	3
नामहरूले	3	3	3
नामाङ्कित	3	3	3
नामान्तर	3	3	3
नामावली	3	3	3
नामित	3	3	3
नायकको	3	3	3
नायकहरूका	3	3	3
नारद	3	3	3
नारदलाई	3	3	3
नारायणगढ	3	3	3
नारीहरूका	3	3	3
नारेर	3	3	3
नालाहरूले	3	3	3
नाल्दुम	3	3	3
नासपाती	3	3	3
नाहिमा	3	3	3
निक	3	3	3
निकटतम	3	3	3
निकलसका	3	3	3
निकायहरू	3	3	3
निकालिन्छन्	3	3	2
निकाली	3	3	3
निकाल्छु	3	3	3
निकासी	3	3	3
निकुञ्जबाहेकका	3	3	3
निकुन्ज	3	3	3
निकुन्जको	3	3	3
निकोलसलाई	3	3	3
निकोल्स	3	3	3
निगालो	3	3	3
निगाहमा	3	3	3
निगुरादिन	3	3	3
निजहरूका	3	3	3
निजहरूले	3	3	3
निजात्मक	3	3	3
निटक	3	3	3
नितम्ब	3	3	3
नितम्बमा	3	3	3
नित्यकर्म	3	3	3
नित्यपूजा	3	3	3
निदाएकै	3	3	3
निधनमा	3	3	3
निन्द्रामा	3	3	3
निपातमा	3	3	3
निपाने	3	3	3
निभाइएको	3	3	3
निभाइन्	3	3	3
निभाइरहेको	3	3	3
निभाउँछन्	3	3	3
निभाउन	3	3	3
निभाउनुभयो	3	3	3
निभाडाको	3	3	3
निम	3	3	3
निमन्त्रणाको	3	3	3
निमावि	3	3	3
निमुखा	3	3	3
निम्त्याउँछ	3	3	3
निम्नताको	3	3	3
नियन्त्रणलाई	3	3	3
नियमहरूका	3	3	3
नियमितरूपले	3	3	3
नियालेका	3	3	3
नियाल्दा	3	3	3
नियोजक	3	3	3
निरन्तरताले	3	3	3
निराजन	3	3	3
निराशाद्वारा	3	3	3
निराशावादी	3	3	3
निरीक्षक	3	3	3
निरुक्तबाट	3	3	3
निरुत्साहित	3	3	3
निरौला	3	3	3
निर्दयीसँग	3	3	3
निर्देशकको	3	3	3
निर्देशनअनुसार	3	3	3
निर्देशाङ्क	3	3	3
निर्मलपोखरी	3	3	3
निर्वस्त्र	3	3	3
निर्वाचनका	3	3	3
निर्वाचनले	3	3	3
निर्वाचनहरूपछि	3	3	3
निर्विशेष	3	3	3
निलम्बन	3	3	3
निवार्ताको	3	3	3
निवासीहरूलाई	3	3	3
निशाना	3	3	3
निषेधमा	3	3	3
निष्कलङ्क	3	3	3
निष्कासन	3	3	3
निष्क्रिय	3	3	3
निष्प्रयोजन	3	3	3
निसमीक्षा	3	3	3
निसृत	3	3	3
निहुँ	3	3	3
नीच	3	3	3
नीतिद्वारा	3	3	3
नीतिहरू	3	3	3
नुवाकोटको	3	3	3
नुसरत	3	3	3
नुहाइदिन्छन्	3	3	3
नुहाउन	3	3	3
ने	3	3	3
नेट	3	3	3
नेटवर्कको	3	3	3
नेटो	3	3	3
नेटोको	3	3	3
नेतासँग	3	3	3
नेतृत्त्व	3	3	3
नेतृत्त्वमा	3	3	3
नेतृत्वले	3	3	3
नेतृसँग	3	3	3
नेपार	3	3	3
नेपालभित्रको	3	3	3
नेपालमाथि	3	3	3
नेपालसँगै	3	3	3
नेपालीनक्स	3	3	3
नेपालीहरूका	3	3	3
नेबुलाका	3	3	3
नेयुमा	3	3	3
नेलसहितको	3	3	3
नेल्सनको	3	3	3
नेवीको	3	3	3
नेस्टारी	3	3	3
नोएडामा	3	3	3
नोकरको	3	3	3
नोकरीमा	3	3	3
नोभा	3	3	3
नोभेम्बरदेखि	3	3	3
नोवेल	3	3	3
नौबिस	3	3	3
नौवहन	3	3	3
न्यायाधीश	3	3	3
न्युगिनी	3	3	3
न्युटनभन्दा	3	3	3
न्युट्रनको	3	3	3
न्यूनीकरण	3	3	3
पँधेरोमा	3	3	3
पकड्ने	3	3	3
पकाउनु	3	3	3
पक्कापक्की	3	3	3
पक्राऊ	3	3	3
पक्षसँग	3	3	3
पक्षसँगै	3	3	3
पक्षहरूको	3	3	3
पङ्क्तिले	3	3	3
पचमुखे	3	3	3
पचास	3	3	3
पचासौँ	3	3	3
पछितर्फ	3	3	3
पछिपछि	3	3	3
पछिसम्म	3	3	3
पछुताए	3	3	3
पछुताएको	3	3	3
पछ्याएको	3	3	3
पञ्चमीका	3	3	3
पञ्चमीमा	3	3	3
पञ्चशीलको	3	3	3
पञ्चहरूको	3	3	3
पञ्चायतकालमा	3	3	3
पञ्चावती	3	3	3
पञ्चेबाजा	3	3	3
पञ्जाब	3	3	3
पञ्जिकरण	3	3	3
पटुकाको	3	3	3
पट्याउने	3	3	3
पठनपाठन	3	3	3
पठाइएका	3	3	3
पठाइदिइन	3	3	3
पठाई	3	3	3
पडरिया	3	3	3
पडाव	3	3	3
पड्केपछि	3	3	3
पढाउन	3	3	3
पढिदिनु	3	3	3
पढिन्छ	3	3	3
पढेअनुसार	3	3	3
पढेलेखेका	3	3	3
पढ्थिन्	3	3	3
पढ्दादेखि	3	3	3
पढ्दैनथे	3	3	3
पढ्नुभएको	3	3	3
पढ्नुहोस्	3	3	3
पढ्नेको	3	3	3
पण्डितगाउँमा	3	3	3
पण्डितद्वारा	3	3	3
पतनसँग	3	3	3
पत्थरकोट	3	3	3
पत्नीका	3	3	3
पत्रकारहरूको	3	3	3
पत्रकारितामा	3	3	3
पत्रपत्रिकाहरूमा	3	3	3
पदपूर्ति	3	3	3
पदयात्राको	3	3	3
पदयात्रामार्ग	3	3	3
पदयोगमा	3	3	3
पदहरूका	3	3	3
पदार्थलाई	3	3	3
पद्धतिको	3	3	3
पद्धतिद्वारा	3	3	3
पनिरमा	3	3	3
पन्चनगर	3	3	3
पन्चेबाजा	3	3	3
पन्छीहरू	3	3	3
पन्जाबमा	3	3	3
पन्ध्रमा	3	3	3
पपुलर	3	3	3
परदेशीहरूलाई	3	3	3
परमानन्द	3	3	3
परम्परगत	3	3	3
परम्परागतरूपमा	3	3	3
परवाह	3	3	3
परशु	3	3	3
परशुनारायण	3	3	3
परशुरामका	3	3	3
पराउने	3	3	3
पराक्रमको	3	3	3
परामर्शमा	3	3	3
परावर्तित	3	3	3
पराशर	3	3	3
परासीमा	3	3	3
परास्त	3	3	3
परिकल्पनाहरू	3	3	3
परिचितका	3	3	3
परिणामको	3	3	3
परित्यागको	3	3	3
परिपथ	3	3	3
परिपाक	3	3	3
परिभाषामा	3	3	3
परिमाणको	3	3	3
परियोजनाले	3	3	3
परिर्वतनका	3	3	3
परिवर्तनशीलताको	3	3	3
परिवहन	3	3	3
परिवारभित्रकै	3	3	3
परिवारमध्ये	3	3	3
परिवारसहित	3	3	3
परिवेशलाई	3	3	3
परिवेशलार्इ	3	3	3
परिवेशले	3	3	3
परिव्रजन	3	3	3
परिषद्का	3	3	3
परिषद्मा	3	3	3
परिसकेपछि	3	3	3
परिस्	3	3	3
परिस्थितिलाई	3	3	3
परीक्षणहरूको	3	3	3
परीक्षितको	3	3	3
परेकोमा	3	3	3
पर्किन्सले	3	3	3
पर्खाललाई	3	3	3
पर्दाका	3	3	3
पर्दैनन्	3	3	3
पर्नासाथ	3	3	3
पर्नुका	3	3	3
पर्नुपर्ने	3	3	3
पर्नुमा	3	3	3
पर्पल	3	3	3
पर्यटकहरूमा	3	3	3
पर्यन्त	3	3	3
पर्यायका	3	3	3
पर्यावरणीय	3	3	3
पर्वतमालासम्मको	3	3	3
पर्वतारोहण	3	3	3
पलाएझैँ	3	3	3
पलाएर	3	3	3
पलासको	3	3	3
पशिका	3	3	3
पशुपतिनाथमा	3	3	3
पशुहरूले	3	3	3
पसलहरूमा	3	3	3
पसेका	3	3	3
पहाडीद्वारा	3	3	3
पहिरनको	3	3	3
पहिलाको	3	3	3
पहिलै	3	3	3
पहुँचलाई	3	3	3
पाँगो	3	3	3
पाँचहजार	3	3	3
पाँडे	3	3	3
पाइए	3	3	3
पाइएला	3	3	3
पाइनुको	3	3	3
पाइनेछ	3	3	3
पाइसकेका	3	3	3
पाइहाल्थे	3	3	3
पाई	3	3	2
पाउँदुर	3	3	3
पाउँदैनथ्यो	3	3	3
पाउछन्	3	3	3
पाउनमा	3	3	3
पाउरोटीमा	3	3	3
पाख्री	3	3	3
पाङ्ग्रेटार	3	3	3
पाटनका	3	3	3
पाटनकै	3	3	3
पाटनलाई	3	3	3
पाटीकी	3	3	3
पाठकहरूले	3	3	3
पाठनको	3	3	3
पाठशालाका	3	3	3
पाठशालाको	3	3	3
पाठी	3	3	3
पाठीलाई	3	3	3
पाठेघरसँग	3	3	3
पाठ्यपुस्तक	3	3	3
पाणिनि	3	3	3
पाणिनीले	3	3	3
पाण्डवराज	3	3	3
पाण्डुय	3	3	3
पाण्डुलिपि	3	3	3
पाण्डेय	3	3	3
पातकाण्ड	3	3	3
पात्रलाई	3	3	3
पात्रो	3	3	3
पानीका	3	3	3
पानीमुनि	3	3	3
पापड	3	3	3
पामे	3	3	3
पारखीहरूका	3	3	3
पारमा	3	3	3
पारसले	3	3	3
पार्कको	3	3	3
पार्करको	3	3	3
पार्टपुर्जा	3	3	3
पार्टिला	3	3	3
पार्टीगत	3	3	3
पार्टीद्वारा	3	3	3
पार्टीलाई	3	3	3
पार्थे	3	3	3
पार्वतीपुर	3	3	3
पार्वतीलाई	3	3	3
पार्श्वगायक	3	3	3
पालनपोषण	3	3	3
पालाम	3	3	3
पालाहरूले	3	3	3
पालित	3	3	3
पालिने	3	3	3
पालेर	3	3	3
पालैसँग	3	3	3
पाल्नुपर्ने	3	3	3
पाव	3	3	3
पासर	3	3	3
पासाङ्ग	3	3	3
पिँडाली	3	3	3
पिँढीलाई	3	3	3
पिँध	3	3	3
पिङको	3	3	3
पिजन	3	3	3
पिटर	3	3	3
पिटी	3	3	3
पिटेकी	3	3	3
पिटेर	3	3	3
पिठोको	3	3	3
पिडोको	3	3	3
पिढीसम्म	3	3	3
पिण्डमा	3	3	3
पितृको	3	3	3
पितृदेवता	3	3	3
पितृदोष	3	3	3
पितृदोषको	3	3	3
पितृहरूलाई	3	3	3
पित्तनाशक	3	3	3
पित्तलको	3	3	3
पिने	3	3	3
पिप	3	3	3
पिपल्स	3	3	3
पिप्राको	3	3	3
पिरे	3	3	3
पिसिमा	3	3	3
पिस्न	3	3	3
पीएचडी	3	3	3
पीठका	3	3	3
पीठस्थललाई	3	3	3
पीडादायक	3	3	3
पीडितको	3	3	3
पीडितहरूका	3	3	3
पीढीको	3	3	3
पीताम्बर	3	3	3
पीपलको	3	3	3
पुकार	3	3	3
पुगिएको	3	3	3
पुगेन	3	3	3
पुग्दछन्	3	3	3
पुग्दासम्म	3	3	3
पुग्नमा	3	3	3
पुग्नुअघि	3	3	3
पुग्नुपर्ने	3	3	3
पुग्यौँ	3	3	3
पुच्छारमा	3	3	3
पुण्यको	3	3	3
पुत्रका	3	3	3
पुत्रमा	3	3	3
पुत्रमान	3	3	3
पुत्रहरूको	3	3	3
पुनरावृत्ति	3	3	3
पुनरोद्धा	3	3	3
पुनर्स्थापित	3	3	3
पुरस्कारले	3	3	3
पुरानागाउँ	3	3	3
पुरानीकोट	3	3	3
पुरीको	3	3	3
पुरुषमात्र	3	3	3
पुरुषहरू	3	3	3
पुरुषहरूका	3	3	3
पुरेर	3	3	3
पुरोहितलाई	3	3	3
पुरोहितले	3	3	3
पुर्खा	3	3	3
पुर्खौली	3	3	3
पुर्जी	3	3	3
पुर्न	3	3	3
पुर्ने	3	3	3
पुर्याइरहेको	3	3	3
पुर्यायो	3	3	3
पुलमा	3	3	3
पुलहरूको	3	3	3
पुलिसले	3	3	3
पुष्पभक्तले	3	3	3
पुष्पलालका	3	3	3
पुष्पलालले	3	3	3
पुष्पले	3	3	3
पुष्पहरू	3	3	3
पुष्पाञ्जलि	3	3	3
पुष्पाञ्जली	3	3	3
पुसे	3	3	3
पुस्तकालयको	3	3	3
पुस्ताप्रति	3	3	3
पु्रडेन्सियल	3	3	3
पूँजीकरणको	3	3	3
पूजनपाठ	3	3	3
पूजाले	3	3	3
पूणिर्माका	3	3	3
पूर्णत	3	3	3
पूर्णप्रकाश	3	3	3
पूर्णिमादेखि	3	3	3
पूर्णिमापछि	3	3	3
पूर्णिमामै	3	3	3
पूर्वजन्म	3	3	3
पूर्वजहरूको	3	3	3
पूर्वजहरूबाट	3	3	3
पूर्वधारका	3	3	3
पूर्वनिर्धारित	3	3	3
पूर्वल	3	3	3
पूर्ववर्ती	3	3	3
पृष्ठभूमिलाई	3	3	3
पेक्रिन	3	3	3
पेजले	3	3	3
पेटेन्ट	3	3	3
पेड्कु	3	3	3
पेन्सनको	3	3	3
पेयमा	3	3	3
पेरिफेरल	3	3	3
पेरियार	3	3	3
पेरिसका	3	3	3
पेरुको	3	3	3
पेलेसित	3	3	3
पेल्नको	3	3	3
पेल्ने	3	3	3
पेश	3	3	3
पेस	3	3	3
पेस्ट्री	3	3	3
पेस्तोल	3	3	3
पैट्रिक	3	3	3
पैसाबाट	3	3	3
पोइजन	3	3	3
पोकोलाई	3	3	3
पोखरालाई	3	3	3
पोखरीभित्रको	3	3	3
पोखरीलाई	3	3	3
पोख्रेल	3	3	3
पोजेटिभ	3	3	3
पोतहरू	3	3	3
पोथीलाई	3	3	3
पोर्चुगल	3	3	3
पोर्टलको	3	3	3
पोर्टलहरू	3	3	3
पोलिटब्युरो	3	3	3
पोलेको	3	3	3
पोल्यान्ड	3	3	3
पोल्लाची	3	3	3
पोषराज	3	3	3
पोषित	3	3	3
पोषिलो	3	3	3
पोष्ट	3	3	3
पोस्टलाई	3	3	3
पोस्टिङ	3	3	3
पौन्ड	3	3	3
पौरख	3	3	3
प्याकुरेल	3	3	3
प्याङमा	3	3	3
प्याच्चै	3	3	3
प्याट्रिकको	3	3	3
प्यान्ट	3	3	3
प्युरिटन	3	3	3
प्रकाशकको	3	3	3
प्रकाशका	3	3	3
प्रकाशपुञ्ज	3	3	3
प्रकियामा	3	3	3
प्रकोपबाट	3	3	3
प्रकोपमा	3	3	3
प्रक्रियाबाट	3	3	3
प्रक्रियालाई	3	3	3
प्रचण्डका	3	3	3
प्रचण्डपथको	3	3	3
प्रजातान्त्रिकका	3	3	3
प्रणालीअन्तर्गत	3	3	3
प्रणालीले	3	3	3
प्रणालीहरूको	3	3	3
प्रताडित	3	3	3
प्रतिकार	3	3	3
प्रतिक्रियाहरूका	3	3	3
प्रतिक्षा	3	3	3
प्रतिगामी	3	3	3
प्रतिघनमिटर	3	3	3
प्रतिद्वन्द्वी	3	3	3
प्रतिनीधित्त्व	3	3	3
प्रतिबन्धको	3	3	3
प्रतिभाहरू	3	3	3
प्रतियोगिताहरूको	3	3	3
प्रतिरोधको	3	3	3
प्रतिवर्ष	3	3	3
प्रतिशोधको	3	3	3
प्रतिष्ठानकी	3	3	3
प्रतिसर्ग	3	3	3
प्रतिसेकेन्डका	3	3	3
प्रत्यासी	3	3	3
प्रथमको	3	3	3
प्रथालाई	3	3	3
प्रदर्शनकारीका	3	3	3
प्रदर्शनको	3	3	3
प्रदिप	3	3	3
प्रदूषक	3	3	3
प्रदूषण	3	3	3
प्रधानका	3	3	3
प्रधानमन्त्रीत्वमा	3	3	3
प्रधानमन्त्रीमा	3	3	3
प्रपोजल	3	3	3
प्रबन्धसमेत	3	3	3
प्रबर्द्धन	3	3	3
प्रबलता	3	3	3
प्रबलमानसिंह	3	3	3
प्रभाकर	3	3	3
प्रभाग	3	3	3
प्रभातद्वारा	3	3	3
प्रभावकरी	3	3	3
प्रभावको	3	3	3
प्रभावलाई	3	3	3
प्रभावहरूका	3	3	3
प्रभावहरूमा	3	3	3
प्रमुखको	3	3	3
प्रयाग	3	3	3
प्रयासपछि	3	3	3
प्रयोकर्तालाई	3	3	3
प्रयोगकर्ताका	3	3	3
प्रयोगकर्तासँग	3	3	3
प्रयोगलाई	3	3	3
प्रयोगशालामा	3	3	3
प्रयोगशालाहरू	3	3	3
प्रयोगशील	3	3	3
प्रलोभन	3	3	3
प्रवर्धन	3	3	3
प्रवित्तिको	3	3	3
प्रविधिका	3	3	3
प्रविन	3	3	3
प्रवृत्त	3	3	3
प्रवृत्तिको	3	3	3
प्रवृत्तिमा	3	3	3
प्रवेशका	3	3	3
प्रवेशबाट	3	3	3
प्रशंसकहरू	3	3	3
प्रशान्तदेखि	3	3	3
प्रशारण	3	3	3
प्रशिक्षकलाई	3	3	3
प्रशिक्षणका	3	3	3
प्रसंग	3	3	3
प्रसंशा	3	3	3
प्रसन्नतामा	3	3	3
प्रस्ट्याउन	3	3	3
प्रस्तावहरूको	3	3	3
प्रस्तावहरूलाई	3	3	3
प्रस्तुतिकर्ता	3	3	3
प्रस्तुतिको	3	3	3
प्रस्तुतिलाई	3	3	3
प्रस्थान	3	3	3
प्रहारबाट	3	3	3
प्राक्टिस	3	3	3
प्राचीनकालसम्म	3	3	3
प्राचीनता	3	3	3
प्राणवध	3	3	3
प्राणीहरूलाई	3	3	3
प्रात	3	3	3
प्राथिमकता	3	3	3
प्राधिकरणको	3	3	3
प्रान्तहरू	3	3	3
प्रान्तीय	3	3	3
प्राप्तकर्ताको	3	3	3
प्रारम्भलाई	3	3	3
प्रालिसँग	3	3	3
प्रावि	3	3	3
प्राविधिकबाट	3	3	3
प्रिती	3	3	3
प्रिस्का	3	3	3
प्रेतका	3	3	3
प्रेमका	3	3	3
प्रेमकुमार	3	3	3
प्रेमलाई	3	3	3
प्रेमीले	3	3	3
प्रेरणाको	3	3	3
प्रेरणाबाट	3	3	3
प्रोग्रामलाई	3	3	3
प्रोजेक्टमा	3	3	3
प्रोटीन	3	3	3
प्रोत्साहन	3	3	3
प्रोफेसरका	3	3	3
प्रोब	3	3	3
प्लस	3	3	3
प्लाटिनम	3	3	3
प्लास्टिक	3	3	3
प्लेज	3	3	3
प्लेटो	3	3	3
प्लेन	3	3	3
प्लेनमा	3	3	3
प्लेस	3	3	3
फडानी	3	3	3
फतेह	3	3	3
फन्जाइ	3	3	3
फन्जाइले	3	3	3
फरकमा	3	3	3
फरवरी	3	3	3
फरसाको	3	3	3
फराक	3	3	3
फर्कनुभयो	3	3	3
फर्काइएको	3	3	3
फर्काउँदा	3	3	3
फर्काउन	3	3	3
फर्काउनुमा	3	3	3
फर्काउने	3	3	3
फर्किएका	3	3	3
फर्किएन	3	3	3
फर्किएपछि	3	3	3
फर्किनासाथ	3	3	3
फर्न	3	3	3
फर्स्ट	3	3	3
फलमात्र	3	3	3
फसल	3	3	3
फस्टरले	3	3	3
फाँडेको	3	3	3
फाइदाका	3	3	3
फाइदाले	3	3	3
फाइभको	3	3	3
फागु	3	3	3
फापरको	3	3	3
फायर	3	3	3
फायरफक्समा	3	3	3
फारसको	3	3	3
फाल	3	3	3
फालिरहेका	3	3	3
फाल्गुण	3	3	3
फाहोर	3	3	3
फिक्सन	3	3	3
फिटेर	3	3	3
फितर	3	3	3
फिर्ताका	3	3	3
फिलिपका	3	3	3
फिलिपिन्स	3	3	3
फिलिपिन्सको	3	3	3
फिल्महरू	3	3	3
फिस्टा	3	3	3
फीफा	3	3	3
फु	3	3	3
फुकालेर	3	3	3
फुली	3	3	3
फुल्का	3	3	3
फूर्तिसाथ	3	3	3
फेडरल	3	3	3
फेथ	3	3	3
फेदको	3	3	3
फेन्सिङ	3	3	3
फेन्सिङमा	3	3	3
फेब्रुअरीको	3	3	3
फेब्रुअरीमा	3	3	3
फेर्दै	3	3	3
फेलाइट	3	3	3
फेसन	3	3	3
फेसबुकमा	3	3	3
फेसमा	3	3	3
फेसियल	3	3	3
फेसो	3	3	3
फैलिँदै	3	3	3
फोक्सो	3	3	3
फोक्सोको	3	3	3
फोटोसेन्थेसिसद्वारा	3	3	3
फोटोहरू	3	3	3
फोरमका	3	3	3
फोरेर	3	3	3
फौजले	3	3	3
फौजीले	3	3	3
फ्याँक्न	3	3	3
फ्रान्सिस्का	3	3	3
फ्री	3	3	3
फ्रेन्चहरूले	3	3	3
फ्रेब्रुवरी	3	3	3
फ्रेमवर्कका	3	3	3
फ्रेसरलाई	3	3	3
फ्लाइवेट	3	3	3
फ्लोरेसमा	3	3	3
बँच्न	3	3	3
बँदेल	3	3	3
बकैया	3	3	3
बक्ससमेत	3	3	3
बक्सेसको	3	3	3
बखान	3	3	3
बग	3	3	3
बगाले	3	3	3
बगैँचाको	3	3	3
बगैंचामा	3	3	3
बगैंचाहरूमा	3	3	3
बग्दै	3	3	3
बङ्गालका	3	3	3
बचन	3	3	3
बचाई	3	3	3
बचाउ	3	3	3
बचाउनलाई	3	3	3
बचावका	3	3	3
बचे	3	3	3
बचेको	3	3	3
बच्चालाई	3	3	3
बच्चाहरूमा	3	3	3
बच्नु	3	3	3
बजाई	3	3	3
बजारदेखि	3	3	3
बजारलाई	3	3	3
बजारहरू	3	3	3
बजारी	3	3	3
बज्यै	3	3	3
बज्राक्ष	3	3	3
बटुल्न	3	3	3
बट्टाई	3	3	3
बट्टाभित्रको	3	3	3
बट्टामा	3	3	3
बढ	3	3	3
बढाइदियो	3	3	3
बढाइयो	3	3	3
बढाउँदै	3	3	3
बढाउनुले	3	3	3
बढाएन	3	3	3
बढायो	3	3	3
बढीको	3	3	3
बढ्नमा	3	3	3
बढ्नु	3	3	3
बताइदियौँ	3	3	3
बताउँछ	3	3	3
बताउँदछन्	3	3	3
बत्रा	3	3	3
बदलाव	3	3	3
बदलिन	3	3	3
बदलिनको	3	3	3
बदली	3	3	3
बदल्ने	3	3	3
बद्ल्यो	3	3	3
बनजङ्गल	3	3	3
बनरलाई	3	3	3
बनर्जी	3	3	3
बनाइए	3	3	3
बनाइदिए	3	3	3
बनाइदियो	3	3	3
बनाइदेऊ	3	3	3
बनाइनु	3	3	3
बनाउँदछ	3	3	3
बनाउनुको	3	3	3
बनाउनुभयो	3	3	3
बनाउनुभो	3	3	3
बनाउनुहोला	3	3	3
बनाउनेका	3	3	3
बनाउनेछ	3	3	3
बनाउनेले	3	3	3
बनाऊँ	3	3	3
बनाएकोमा	3	3	3
बनाएनन्	3	3	3
बनाएमा	3	3	3
बनारससम्मका	3	3	3
बनि	3	3	3
बनिरहे	3	3	3
बनेपालाई	3	3	3
बनोटको	3	3	3
बन्छौँ	3	3	3
बन्दीहरूलाई	3	3	3
बन्धक	3	3	3
बन्नपुग्यो	3	3	3
बन्ना	3	3	3
बन्नु	3	3	3
बन्नुभएकोमा	3	3	3
बन्नेमा	3	3	3
बप्पा	3	3	3
बब्बन	3	3	3
बमोजिम़	3	3	3
बयानको	3	3	3
बरदान	3	3	3
बरफ	3	3	3
बरफले	3	3	3
बराबरीका	3	3	3
बराबरीमा	3	3	3
बरामद	3	3	3
बरू	3	3	3
बर्के	3	3	3
बर्को	3	3	3
बर्खे	3	3	3
बर्ता	3	3	3
बर्मनले	3	3	3
बर्लिन	3	3	3
बर्सेर	3	3	3
बलबिना	3	3	3
बलभद्रको	3	3	3
बलहरूको	3	3	3
बलिउड	3	3	3
बलुआ	3	3	3
बलौटे	3	3	3
बल्थलीमा	3	3	3
बसको	3	3	3
बसन्तपुरलाई	3	3	3
बसपार्क	3	3	3
बसाउने	3	3	3
बसाली	3	3	3
बसाहा	3	3	3
बसिन्	3	3	3
बसिन्दा	3	3	3
बसिरहन	3	3	3
बसोबासका	3	3	3
बसोबासको	3	3	3
बस्तीपुर	3	3	3
बस्तीमा	3	3	3
बस्तुभाउको	3	3	3
बस्नुहुन्छ	3	3	3
बस्नेछु	3	3	3
बस्याल	3	3	3
बहाई	3	3	3
बहानामा	3	3	3
बहालीपछि	3	3	3
बहिनीमध्ये	3	3	3
बहिनीहरूमा	3	3	3
बहिरो	3	3	3
बहिस्कारको	3	3	3
बहुचर्चित	3	3	3
बहुजातीयतालाई	3	3	3
बहुतै	3	3	3
बहुदलिय	3	3	3
बहुदलीयतामा	3	3	3
बहुपक्षीय	3	3	3
बहुपति	3	3	3
बहुप्रचलित	3	3	3
बहुमतमा	3	3	3
बहुलवाद	3	3	3
बहुवचन	3	3	3
बहुसङ्ख्याको	3	3	3
बहुसम्मिलित	3	3	3
बहुसाँस्कृतिक	3	3	3
बा	3	3	3
बाँका	3	3	3
बाँकीका	3	3	3
बाँचियोस्	3	3	3
बाँचिरहेका	3	3	3
बाँडफाट	3	3	3
बाँड्दै	3	3	3
बाँदर	3	3	3
बाँधिएकी	3	3	3
बाँध्छन्	3	3	3
बाइक	3	3	3
बाइट	3	3	3
बाउन	3	3	3
बाउन्ने	3	3	3
बाख्रालाई	3	3	3
बागबजार	3	3	3
बागभैरवको	3	3	3
बागमतीको	3	3	3
बाजागाजा	3	3	3
बाटाहरू	3	3	3
बाटोघाटोको	3	3	3
बाट्न	3	3	3
बाणलाई	3	3	3
बाणले	3	3	3
बादलहरू	3	3	3
बाध्यतावश	3	3	3
बाध्यात्मक	3	3	3
बान्की	3	3	3
बाबरले	3	3	3
बाबाको	3	3	3
बाबै	3	3	3
बामपन्थी	3	3	3
बार	3	3	3
बारादरी	3	3	3
बारी	3	3	3
बारीको	3	3	3
बारुदको	3	3	3
बार्न	3	3	3
बालअधिकार	3	3	3
बालकथा	3	3	3
बालकथासंग्रह	3	3	3
बालकै	3	3	3
बालबालिकाहरूमा	3	3	3
बालसुलभ	3	3	3
बालाजुमा	3	3	3
बालीनाली	3	3	3
बालेर	3	3	3
बाल्टिनमा	3	3	3
बाल्डविन	3	3	3
बाल्यकालका	3	3	3
बासकोटा	3	3	3
बासिन्दाले	3	3	3
बासिन्दाहरूका	3	3	3
बासिन्दाहरूको	3	3	3
बासी	3	3	3
बाहनहरूसँगै	3	3	3
बाहिरको	3	3	3
बाहिरतर्फ	3	3	3
बाहिरिन्छन्	3	3	3
बाहुल्य	3	3	3
बाह्यकर्ण	3	3	3
बाह्रौँ	3	3	3
बिँडो	3	3	3
बिऊ	3	3	3
बिएचयुबाट	3	3	3
बिएचयुमा	3	3	3
बिकिसकेको	3	3	3
बिक्रीको	3	3	3
बिख्यात	3	3	3
बिग	3	3	3
बिगारी	3	3	3
बिछोडिएका	3	3	3
बिजोर	3	3	3
बिजोस	3	3	3
बिटल्स	3	3	3
बिताउनुभएको	3	3	3
बितेर	3	3	3
बित्ने	3	3	3
बिदाका	3	3	3
बिनायो	3	3	3
बिन्दुको	3	3	3
बिन्दुहरूमा	3	3	3
बिपिले	3	3	3
बिमार	3	3	3
बिमारी	3	3	3
बिरपारा	3	3	3
बिरलै	3	3	3
बिरामीलाई	3	3	3
बिरामीहरूको	3	3	3
बिरुवाहरूलाई	3	3	3
बिरूवाको	3	3	3
बिर्खबहादुर	3	3	3
बिर्सेको	3	3	3
बिलबोर्डको	3	3	3
बिलासपुरमा	3	3	3
बिषयहरू	3	3	3
बिसेक	3	3	3
बिस्मिल्ला	3	3	3
बिहानैदेखि	3	3	3
बिहिवारे	3	3	3
बीउहरू	3	3	3
बीजमा	3	3	3
बीबीसीले	3	3	3
बुकी	3	3	3
बुङ्गेचरा	3	3	3
बुङ्लाबा	3	3	3
बुझाउनु	3	3	3
बुझ्छ	3	3	3
बुझ्थे	3	3	3
बुझ्नुभयो	3	3	3
बुझ्नै	3	3	3
बुझ्यो	3	3	3
बुटपालिस	3	3	3
बुट्टीको	3	3	3
बुढाका	3	3	3
बुढाथोकीले	3	3	3
बुढापाकाहरू	3	3	3
बुढापाकाहरूमा	3	3	3
बुढाबारे	3	3	3
बुढिचौर	3	3	3
बुढीऔँला	3	3	3
बुढीगङ्गा	3	3	3
बुद्धिमान्	3	3	3
बुनिन्छ	3	3	3
बुर्तिवागबाट	3	3	3
बुलन्द	3	3	3
बुलबुल	3	3	3
बुस्केटले	3	3	3
बृद्ध	3	3	3
बृद्धिदर	3	3	3
बृद्धिमा	3	3	3
बृहत	3	3	3
बृहत्तर	3	3	3
बृहदान्त्र	3	3	3
बेँसीमा	3	3	3
बेकार	3	3	3
बेगनासमा	3	3	3
बेचनीका	3	3	3
बेचबिखन	3	3	3
बेचिएकोले	3	3	3
बेचेको	3	3	3
बेचेर	3	3	3
बेजोड	3	3	3
बेडाको	3	3	3
बेथान	3	3	3
बेन	3	3	3
बेनामी	3	3	3
बेन्ज	3	3	3
बेरियोनिक	3	3	3
बेरोजगारका	3	3	3
बेलकातरी	3	3	3
बेलहरू	3	3	3
बेलहारे	3	3	3
बेलाबखतमा	3	3	3
बेलाहारे	3	3	3
बेल्टार	3	3	3
बेवफाइ	3	3	3
बेसारको	3	3	3
बेहद	3	3	3
बेहोराले	3	3	3
बेहोरेको	3	3	3
बेहोर्दै	3	3	3
बैंक्सका	3	3	3
बैतडा	3	3	3
बोक्नमा	3	3	3
बोक्नलाई	3	3	3
बोक्रे	3	3	3
बोटबिरुवालगायतका	3	3	3
बोथाले	3	3	3
बोरामा	3	3	3
बोर्डफर्स्ट	3	3	3
बोर्डबाट	3	3	3
बोलहरूमा	3	3	3
बोलाउँथे	3	3	3
बोलिचालीमा	3	3	3
बोलिरहनु	3	3	3
बोल्नका	3	3	3
बोल्नेवाला	3	3	3
बोल्सेविक	3	3	3
बोहराले	3	3	3
ब्याकअप	3	3	3
ब्याकबाट	3	3	3
ब्याङ	3	3	3
ब्याजको	3	3	3
ब्याट्री	3	3	3
ब्याट्सम्यान	3	3	3
ब्यारिमोरका	3	3	3
ब्युइक	3	3	3
ब्युटिफुल	3	3	3
ब्रङ्काटो	3	3	3
ब्रतालुहरू	3	3	3
ब्रम्हस्थान	3	3	3
ब्रम्हा	3	3	3
ब्रह्मपुत्र	3	3	3
ब्रह्माजीको	3	3	3
ब्रह्माण्डका	3	3	3
ब्रह्माण्डलाई	3	3	3
ब्राउजरले	3	3	3
ब्राउनद्वारा	3	3	3
ब्राजिलले	3	3	3
ब्राहृमणलाई	3	3	3
ब्राह्मणका	3	3	3
ब्राह्मणद्वारा	3	3	3
ब्राह्मणहरूका	3	3	3
ब्राह्मणहरूले	3	3	3
ब्राह्मणोचित	3	3	3
ब्रिजका	3	3	3
ब्रिटिश	3	3	3
ब्रिटेन	3	3	3
ब्रेडमा	3	3	3
ब्लकको	3	3	3
ब्लगहरूमा	3	3	3
ब्लाउज	3	3	3
ब्ल्याकहेडेड	3	3	2
भँगेरा	3	3	3
भइदिएर	3	3	3
भइदिन्छ	3	3	3
भइरह्यो	3	3	3
भइस्	3	3	3
भएकामा	3	3	3
भएकालाई	3	3	3
भक्तजनको	3	3	3
भक्तजनलाई	3	3	3
भक्तजनहरू	3	3	3
भक्तजनहरूलाई	3	3	3
भक्तबहादुर	3	3	3
भक्तहरूको	3	3	3
भक्तहरूले	3	3	3
भक्तिको	3	3	3
भक्तिरसले	3	3	3
भगोडा	3	3	3
भज	3	3	3
भजनसहित	3	3	3
भटमास	3	3	3
भट्टराईलाई	3	3	3
भट्टराईसहित	3	3	3
भट्टले	3	3	3
भट्टी	3	3	3
भट्टीमा	3	3	3
भण्डारमा	3	3	3
भतिजा	3	3	3
भतिजी	3	3	3
भत्कन्छ	3	3	3
भनिएझैं	3	3	3
भनिहाल्नका	3	3	3
भनेकै	3	3	3
भनेजस्तो	3	3	3
भन्छिन्	3	3	3
भन्दथे	3	3	3
भन्दासमेत	3	3	3
भन्नुपर्छ	3	3	3
भन्नुपर्ने	3	3	3
भन्नुबाहेक	3	3	3
भन्नुहुन्छ	3	3	3
भन्नुहोस्	3	3	3
भमरा	3	3	3
भयका	3	3	3
भयरहित	3	3	3
भयौँ	3	3	3
भरणी	3	3	3
भरतलाई	3	3	3
भरपूर	3	3	3
भरिको	3	3	3
भरिन्छ	3	3	3
भर्ने	3	3	3
भर्नेलाई	3	3	3
भर्याङ	3	3	3
भलुवाडीमा	3	3	3
भवनहरूलाई	3	3	3
भाँचिएपछि	3	3	3
भाँडामा	3	3	3
भाँडोलाई	3	3	3
भाँतीका	3	3	3
भाइको	3	3	3
भाइरसले	3	3	3
भाइहरूको	3	3	3
भाउजू	3	3	3
भागमुनि	3	3	3
भागहरूबाट	3	3	3
भागहरूमध्ये	3	3	3
भागी	3	3	3
भागीदार	3	3	3
भागीदारी	3	3	3
भाग्दा	3	3	3
भाग्नु	3	3	3
भाजी	3	3	3
भादुडीसँग	3	3	3
भाबर	3	3	3
भारतकी	3	3	3
भारतलगायत	3	3	3
भारतवर्षको	3	3	3
भारतवर्षमा	3	3	3
भारतसित	3	3	3
भारतीलाई	3	3	3
भारमा	3	3	3
भालुवाङ	3	3	3
भालुसहितका	3	3	3
भालेले	3	3	3
भावदेखि	3	3	3
भावनाअनुरूप	3	3	3
भावनात्मक	3	3	3
भावनाबाट	3	3	3
भावनाहरू	3	3	3
भावनाहरूले	3	3	3
भावात्मक	3	3	3
भाषणमा	3	3	3
भाषाप्रतिको	3	3	3
भाषाविज्ञानमा	3	3	3
भाषासाहित्यको	3	3	3
भाषीहरूको	3	3	3
भिक्टर	3	3	3
भिक्षाखोरी	3	3	3
भिक्षामा	3	3	3
भिक्षुक	3	3	3
भिख	3	3	3
भिजाएर	3	3	3
भिजुअल	3	3	3
भित्तालाई	3	3	3
भित्तो	3	3	3
भित्रपट्टि	3	3	3
भित्रिएका	3	3	3
भित्रीकोट	3	3	3
भित्र्याउँछन्	3	3	3
भित्र्याएका	3	3	3
भिन्ची	3	3	3
भिमसेनको	3	3	3
भियतनाम	3	3	3
भिर	3	3	3
भिषण	3	3	3
भिसेरामा	3	3	3
भीमले	3	3	3
भीषण	3	3	3
भुइँको	3	3	3
भुक्तानी	3	3	3
भुपालेन्द्र	3	3	3
भुमिकामा	3	3	3
भुलगत	3	3	3
भुलचुकमा	3	3	3
भुलवश	3	3	3
भुल्दिनँ	3	3	3
भुल्दैन	3	3	3
भुवाजस्तो	3	3	3
भूकम्पको	3	3	3
भूकम्पमा	3	3	3
भूगणित	3	3	3
भूगर्भिक	3	3	3
भूगोलको	3	3	3
भूपतिन्द्र	3	3	3
भूपेन्द्र	3	3	3
भूपेन्द्रबहादुर	3	3	3
भूमिकाहरूमा	3	3	3
भूमिबाट	3	3	3
भूमी	3	3	3
भूविज्ञानलाई	3	3	3
भूशब्द	3	3	3
भृगुले	3	3	3
भेगा	3	3	3
भेटाइदिन	3	3	3
भेटिएन	3	3	3
भेटिन्छे	3	3	3
भेटिसकेपछि	3	3	3
भेटेपछि	3	3	3
भेटेपिच्छे	3	3	3
भेट्टाउनुभयो	3	3	3
भेडालाई	3	3	3
भेडेटारबाट	3	3	3
भेदभावको	3	3	3
भेषभुषामा	3	3	3
भैपरि	3	3	3
भोकभोकै	3	3	3
भोकमरीबाट	3	3	3
भोकहरू	3	3	3
भोकै	3	3	3
भोगकाल	3	3	3
भोगचलन	3	3	3
भोगिरहेका	3	3	3
भोगीपुर	3	3	3
भोजघरले	3	3	3
भोजमा	3	3	3
भोटलाई	3	3	3
भोला	3	3	3
भोलिका	3	3	3
भोलिपल्टदेखि	3	3	3
भोलिपल्टै	3	3	3
भौतिकवादी	3	3	3
भ्रमणपछि	3	3	3
भ्रमहरूको	3	3	3
भ्रूण	3	3	3
भ्वाङ	3	3	3
मंगोलहरूका	3	3	3
मकबरेको	3	3	3
मखन	3	3	3
मगरका	3	3	3
मगरकी	3	3	3
मगरखाम	3	3	3
मगरलाई	3	3	3
मङ्गलग्रहको	3	3	3
मङ्गलसूत्र	3	3	3
मच	3	3	3
मच्चायो	3	3	3
मच्छिन्द्रनाथको	3	3	3
मछाड	3	3	3
मजदूरले	3	3	3
मजबुर	3	3	3
मञ्चका	3	3	3
मञ्चन	3	3	3
मञ्जुश्रीले	3	3	3
मडै	3	3	3
मणि	3	3	3
मणिक	3	3	3
मणिको	3	3	3
मणिपुरको	3	3	3
मण्ड	3	3	3
मण्डलका	3	3	3
मण्डलीमा	3	3	3
मण्डेलाले	3	3	3
मतगणना	3	3	3
मतदाताको	3	3	3
मतदाताले	3	3	3
मतदाताहरूका	3	3	3
मतदानबाट	3	3	3
मतद्वारा	3	3	3
मतभिन्नताहरू	3	3	3
मतभेदका	3	3	3
मतमतान्तरको	3	3	3
मतलव	3	3	3
मत्थर	3	3	3
मत्यु	3	3	3
मधुमाता	3	3	3
मधेशको	3	3	3
मध्यप्रदेशको	3	3	3
मध्यान्तरपछि	3	3	3
मनबहादुर	3	3	3
मनसुनको	3	3	3
मनस्थिति	3	3	3
मनस्थितिका	3	3	3
मनस्थितिको	3	3	3
मनहरी	3	3	3
मनिलामा	3	3	3
मनुको	3	3	3
मनुष्यका	3	3	3
मनोकाङ्क्षा	3	3	3
मनोक्रान्ति	3	3	3
मनोक्रान्तिको	3	3	3
मनोदशा	3	3	3
मनोभावलाई	3	3	3
मनोविज्ञानमा	3	3	3
मनोहरा	3	3	3
मन्जुरी	3	3	3
मन्तरको	3	3	3
मन्तव्य	3	3	3
मन्त्रालयलाई	3	3	3
मन्त्रिपरिषदको	3	3	3
मन्दिरभित्रको	3	3	3
मन्दिरलगायत	3	3	3
मन्दिरले	3	3	3
मन्दिरहरूसँग	3	3	3
मन्ना	3	3	3
मन्वन्तर	3	3	3
मन्सुली	3	3	3
ममता	3	3	3
ममाथि	3	3	3
मरणमा	3	3	3
मरुभूमिमा	3	3	3
मरूभूमिमा	3	3	3
मर्का	3	3	3
मर्म	3	3	3
मर्यादित	3	3	3
मलजल	3	3	3
मलाया	3	3	3
मलायो	3	3	3
मलिक	3	3	3
मलेरियाको	3	3	3
मल्लकालमा	3	3	3
मल्लिका	3	3	3
मष्तिस्क	3	3	3
मसिनरीका	3	3	3
मसी	3	3	3
मसुर	3	3	3
मस्काउने	3	3	3
मस्कोमा	3	3	3
महँगा	3	3	3
महँगोलाई	3	3	3
महर्षि	3	3	3
महाकाय	3	3	3
महाकायका	3	3	3
महाज्योति	3	3	3
महात्मन्	3	3	3
महात्म्य	3	3	3
महादेवस्थान	3	3	3
महाधिवेशनपछि	3	3	3
महानगरको	3	3	3
महानगरपालिका	3	3	3
महानिर्देशक	3	3	3
महाप्रतापी	3	3	3
महाभाष्यको	3	3	3
महामारीदेखि	3	3	3
महायानी	3	3	3
महारत	3	3	3
महारथ	3	3	3
महालक्ष्मीलाई	3	3	3
महाविद्यालयी	3	3	3
महावीर	3	3	3
महावृक्ष	3	3	3
महाशक्ति	3	3	3
महाशिवरात्रीको	3	3	3
महासन्त	3	3	3
महासन्धिमा	3	3	3
महासागरको	3	3	3
महिनाबाहेक	3	3	3
महिनौसम्म	3	3	3
महिलारोप्य	3	3	3
महेन्द्रपुलकै	3	3	3
महेन्द्रबाट	3	3	3
महेशराज	3	3	3
महोत्सवका	3	3	3
महोत्सवको	3	3	3
महोदय	3	3	3
महोदयका	3	3	3
महोबा	3	3	3
माँग्नलाई	3	3	3
माइक्रोबसमा	3	3	3
माइक्रोवेव	3	3	3
माइलदेखि	3	3	3
माओवादीप्रति	3	3	3
मागको	3	3	3
मागहरू	3	3	3
मागिएको	3	3	3
माग्छस्	3	3	3
माग्छु	3	3	3
माग्दा	3	3	3
माग्नुभन्दा	3	3	3
माघी	3	3	3
माङ्खा	3	3	3
माछागढ	3	3	3
माछासम्बन्धी	3	3	3
माछी	3	3	3
माझीऔँलाले	3	3	3
माझीले	3	3	3
माटा	3	3	3
माटोबारेको	3	3	3
माणिक	3	3	3
माताका	3	3	3
मातापिताद्वारा	3	3	3
मातृका	3	3	3
मातृपक्ष	3	3	3
मातृभाषालाई	3	3	3
मातृशिशु	3	3	3
मातृस्नेहको	3	3	3
मात्रले	3	3	3
मात्रालाई	3	3	3
मात्राहरूको	3	3	3
माथितिर	3	3	3
माधवराज	3	3	3
माधवलाई	3	3	3
मानदेवको	3	3	3
मानवतामा	3	3	3
मानवयुक्त	3	3	3
मानसपटलमा	3	3	3
मानिन	3	3	3
मानिन्थे	3	3	3
मानिरहेकी	3	3	3
मानिसप्रति	3	2	2
मानिसहरूबाट	3	3	3
मानिसहरूमाथि	3	3	3
मानेनन्	3	3	3
मानेभन्ज्याङ	3	3	3
मान्छेहरूका	3	3	3
मान्डुक्य	3	3	3
मान्दथे	3	3	3
मान्दा	3	3	3
मान्दिरको	3	3	3
मान्नुहुनेछ	3	3	3
मान्नुहुन्छ	3	3	3
मान्नेहरू	3	3	3
मान्यताबाट	3	3	3
मान्यताहरूको	3	3	3
मापदण्डको	3	3	3
मापेहोङलाई	3	3	3
माप्चोचोङ्गो	3	3	3
माफाल्दाको	3	3	3
माफि	3	3	3
माफियाहरू	3	3	3
माम	3	3	3
मामलाले	3	3	3
मामलाहरूमा	3	3	3
मामाघर	3	3	3
मायाको	3	3	3
मायावादमा	3	3	3
मारन	3	3	3
मारिएकाबाहेक	3	3	3
मारिजुआना	3	3	3
मारिसकेको	3	3	3
मारुनीचरी	3	3	3
मार्गलाई	3	3	3
मार्शल	3	3	3
मालका	3	3	3
मालिकहरू	3	3	3
मालिकहरूले	3	3	3
मालेमा	3	3	3
मालेमाको	3	3	3
माल्या	3	3	3
मावलीले	3	3	3
माविको	3	3	3
मास	3	3	3
माहादेशकै	3	3	3
माहासयको	3	3	3
माहौल	3	3	3
मिकाओ	3	3	3
मिचेल्सनले	3	3	3
मिठाईहरू	3	3	3
मित	3	3	3
मित्रताका	3	3	3
मित्रहरू	3	3	3
मिनेटभन्दा	3	3	3
मिनेटमा	3	3	3
मिमि	3	3	3
मिमी	3	3	3
मियाँ	3	3	3
मिलको	3	3	3
मिलहरूको	3	3	3
मिलाइदिए	3	3	3
मिलाइदिएका	3	3	3
मिलाइदिएकोले	3	3	3
मिलाइयोस्	3	3	3
मिलाए	3	3	3
मिलियनको	3	3	3
मिलिलिटर	3	3	3
मिले	3	3	3
मिश्रका	3	3	3
मिष्ठान्न	3	3	3
मिसनका	3	3	3
मिसनबाट	3	3	3
मिसाउँछौ	3	3	3
मिसाएको	3	3	3
मिसिनहरूको	3	3	3
मिसिने	3	3	3
मिसिन्छन्	3	3	3
मुकाबला	3	3	3
मुक्कामार	3	3	3
मुक्तजनले	3	3	3
मुक्तिका	3	3	3
मुक्तिनाथ	3	3	3
मुक्तिनाथको	3	3	3
मुखर्जी	3	3	3
मुखले	3	3	3
मुखसम्म	3	3	3
मुखिया	3	3	3
मुख्यमुख्य	3	3	3
मुख्यवाचक	3	3	3
मुग्लिनको	3	3	3
मुछ्ने	3	3	3
मुजाहिद्दिन	3	3	3
मुजैमुजा	3	3	3
मुडमा	3	3	3
मुद्दाहरू	3	3	3
मुद्दाहरूमा	3	3	3
मुद्रण	3	3	3
मुनिसँग	3	3	3
मुन्टा	3	3	3
मुन्द्रे	3	3	3
मुमताज	3	3	3
मुम्बईमा	3	3	3
मुरादाबाद	3	3	3
मुरादाबाददेखि	3	3	3
मुरीमुरी	3	3	3
मुर्तिले	3	3	3
मुल	3	3	3
मुलथरका	3	3	3
मुलरको	3	3	3
मुलरले	3	3	3
मुलुकभित्र	3	3	3
मुलुकहरूमा	3	3	3
मुल्तान	3	3	3
मुल्ला	3	3	3
मुषककर्णी	3	3	3
मुसलमानहरूद्वारा	3	3	3
मुहम्म्द	3	3	3
मूर्तिहरूलाई	3	3	3
मूलगाउँमा	3	3	3
मूलगुठीबाट	3	3	3
मूलचोकमा	3	3	3
मूलनिवासीहरूका	3	3	3
मूलभट्टले	3	3	3
मूलमा	3	3	3
मूललाई	3	3	3
मृगौलामा	3	3	3
मृतकलाई	3	3	3
मृतकले	3	3	3
मृतात्माको	3	3	3
मृत्युवरण	3	3	3
मृत्युसँग	3	3	3
मृत्युसमेत	3	3	3
मेकअप	3	3	3
मेगजिनका	3	3	3
मेजबानी	3	3	3
मेटाइएको	3	3	3
मेटाउनको	3	3	3
मेटे	3	3	3
मेट्नेमा	3	3	3
मेढो	3	3	3
मेदेखि	3	3	3
मेनकाकी	3	3	3
मेनचेस्टर	3	3	3
मेनचेस्टरमा	3	3	3
मेम्बर	3	3	3
मेरे	3	3	3
मेलम्ची	3	3	3
मेलेनोमा	3	3	3
मेलोडीलाई	3	3	3
मेषको	3	3	3
मेसनर	3	3	3
मेसिनरी	3	3	3
मेसिनहरू	3	3	3
मेसिनहरूमा	3	3	3
मेसीले	3	3	3
मेहनती	3	3	3
मैत्रीपूर्ण	3	3	3
मैदा	3	3	3
मैदानदेखि	3	3	3
मैनालीद्वारा	3	3	3
मैनालीबाट	3	3	3
मोक्तान	3	3	3
मोक्तानको	3	3	3
मोचन	3	3	3
मोजमस्ती	3	3	3
मोटरबाटो	3	3	3
मोटरसाइकलको	3	3	3
मोडलका	3	3	3
मोडुल	3	3	3
मोतिबहादुर	3	3	3
मोतीबाग	3	3	3
मोदी	3	3	3
मोम	3	3	3
मोर्चाहरू	3	3	3
मोर्स	3	3	3
मोलेरै	3	3	3
मोहनकुमारीको	3	3	3
मोहनविक्रमतिर	3	3	3
मोहोरेर	3	3	3
मौजा	3	3	3
मौजुद	3	3	3
मौजूदा	3	3	3
मौद्रिक	3	3	3
मौर्यवंश	3	3	3
म्यनेजमेन्ट	3	3	3
म्याउँम्याउँ	3	3	3
म्याग्दि	3	3	3
म्याग्नेटाइट	3	3	3
म्याड्रिडबाट	3	3	3
म्यानहट्टन	3	3	3
म्यानेजर	3	3	3
म्युनिखको	3	3	3
म्युनिखले	3	3	3
म्हेन्दो	3	3	3
यजुस्	3	3	3
यज्ञबहादुर	3	3	3
यज्ञशाला	3	3	3
यज्ञशालाको	3	3	3
यतातिर	3	3	3
यतिका	3	3	3
यतिकैमा	3	3	3
यतिको	3	3	3
यतैबाट	3	3	3
यथाशक्ति	3	3	3
यदाकदा	3	3	3
यन्त्रका	3	3	3
यन्त्रले	3	3	3
यम	3	3	3
यमदूतका	3	3	3
यमपञ्चकको	3	3	3
यमहरूलाई	3	3	3
यशोधरासित	3	3	3
यसअघिका	3	3	3
यसतर्फ	3	3	3
यसपटक	3	3	3
यसपल्ट	3	3	3
यसलार्इ	3	3	3
यस्तालाई	3	3	3
यहा	3	3	3
यहाँजीलाई	3	3	3
यहुदी	3	3	3
यहूदी	3	3	3
याङरीको	3	3	3
यातनाका	3	3	3
यातायत	3	3	3
यात्राकै	3	3	3
यात्रावृत्तान्त	3	3	3
यात्राहरू	3	3	3
यात्राहरूलाई	3	3	3
यात्रीहरूले	3	3	3
यात्रुहरू	3	3	3
यात्रुहरूले	3	3	3
यादवलाई	3	3	3
यादहरू	3	3	3
याना	3	3	3
यामानको	3	3	3
यामानोते	3	3	3
यामाहा	3	3	3
यार	3	3	3
यिनकै	3	3	3
यीबाहेक	3	3	3
युआरएल	3	3	3
युगका	3	3	3
युगान्डाले	3	3	3
युगीय	3	3	3
युति	3	3	3
युथ	3	3	3
युद्धद्वारा	3	3	3
युद्धहरूमा	3	3	3
युधिष्ठिरलाई	3	3	3
युनाइटेडलाई	3	3	3
युनेस्कोले	3	3	3
युरोपले	3	3	3
युरोपेलीहरूले	3	3	3
युवतीका	3	3	3
युवतीसँग	3	3	3
युवाले	3	3	3
यूजेनिक्सको	3	3	3
योगदानलाई	3	3	3
योगनरेन्द्र	3	3	3
योगबाट	3	3	3
योगले	3	3	3
योग्यतामा	3	3	3
योजनको	3	3	3
योजनाबद्ध	3	3	3
योजनाहरू	3	3	3
योद्धराजा	3	3	3
योनिमा	3	3	3
योन्जन	3	3	3
योमरी	3	3	3
योलङ्गु	3	3	3
रकमबाट	3	3	3
रकेट	3	3	3
रक्तलाई	3	3	3
रक्तस्राव	3	3	3
रक्षाकुमारीले	3	3	3
रक्षामा	3	3	3
रक्षावरण	3	3	3
रगडेर	3	3	3
रघु	3	3	3
रङदेखि	3	3	3
रङ्गबिरङ्गी	3	3	3
रङ्गले	3	3	3
रचनाका	3	3	3
रचनाकालदेखि	3	3	3
रचनाविधान	3	3	3
रजस्वला	3	3	3
रत्नहरू	3	3	3
रथमा	3	3	3
रमजानका	3	3	3
रमाईलो	3	3	3
रमाउँछन्	3	3	3
रमाएर	3	3	3
रमादेवी	3	3	3
रमेशमान	3	3	3
रविलाल	3	3	3
रसको	3	3	3
रसलाई	3	3	3
रसायनहरूको	3	3	3
रहँदैन	3	3	3
रहको	3	3	3
रहनुपर्नेछ	3	3	3
रहनुभयो	3	3	3
रहनुमा	3	3	3
रहनेका	3	3	3
रहनेछन्	3	3	3
रहन्थे	3	3	3
रहस्यमय	3	3	3
रहिरह्यो	3	3	3
रहेकामा	3	3	3
रहेमा	3	3	3
राँको	3	3	3
राइजिङ	3	3	3
राइट्स	3	3	3
राइडर	3	3	3
राईका	3	3	3
राईद्वारा	3	3	3
राखिएकोमा	3	3	3
राखिदिए	3	3	3
राखिदिनु	3	3	3
राखिदिनुभएछ	3	3	3
राखिदिनुभयो	3	3	3
राखेकी	3	3	3
राखेन	3	3	3
राख्छिन्	3	3	3
राख्नमा	3	3	3
राख्नेहरूका	3	3	3
राख्नेहरूमध्ये	3	3	2
रागद्वेषको	3	3	3
राजकुमारले	3	3	3
राजकुललाई	3	3	3
राजघर	3	3	3
राजधानीलाई	3	3	3
राजन	3	3	3
राजनारायण	3	3	3
राजनीतिको	3	3	3
राजपथसँग	3	3	3
राजपरिवारसँग	3	3	3
राजपुरमा	3	3	3
राजपुरोहित	3	3	3
राजमार्गलाई	3	3	3
राजवंशीका	3	3	3
राजस्थानी	3	3	3
राजहरूद्र	3	3	3
राजामे	3	3	3
राज्यकेन्द्र	3	3	3
राज्यदर्शनका	3	3	3
राज्यपक्षको	3	3	3
राज्यपक्षले	3	3	3
राज्यभित्र	3	3	3
राज्यलक्ष्मीदेवी	3	3	3
राज्यहरूबाट	3	3	3
राज्यहरूलाई	3	3	3
राज्याभिषेक	3	3	3
राज्यालाई	3	3	3
राणाद्वारा	3	3	3
राणाशासन	3	3	3
राणाहरूमा	3	3	3
रातमाटा	3	3	3
रातमाटे	3	3	3
रातमाटो	3	3	3
रात्रिको	3	3	3
राधा	3	3	3
राधास्वामी	3	3	3
राधिका	3	3	3
रामकुमार	3	3	3
रामचन्द्रको	3	3	3
राममाढी	3	3	3
रामयोगी	3	3	3
रामराजाप्रसाद	3	3	3
रामराजालगायत	3	3	3
रामसँग	3	3	3
रामसार	3	3	3
रामिरेजले	3	3	3
रामेछापमा	3	3	3
राम्रैगरी	3	3	3
राल	3	3	3
रालेगन	3	3	3
राव	3	3	3
रावणले	3	3	3
रावलका	3	3	3
रावलको	3	3	3
राशिमा	3	3	3
राशिहरूको	3	3	3
राष्ट्रका	3	3	3
राष्ट्रभाषा	3	3	3
राष्ट्रहरूको	3	3	3
राष्ट्रियताको	3	3	3
राहुु	3	3	3
रिउ	3	3	3
रिक्वेस्ट	3	3	3
रिक्सा	3	3	3
रिङ	3	3	3
रिङ्गटा	3	3	3
रिज	3	3	3
रिजाललाई	3	3	3
रिजालले	3	3	3
रिट्ठोको	3	3	3
रिमा	3	3	2
रिमालको	3	3	3
रियायत	3	3	3
रियालमा	3	3	3
रियासतका	3	3	3
रिसले	3	3	3
रिसाउने	3	3	3
रिसोर्टमा	3	3	3
रुँदै	3	3	3
रुचाएका	3	3	3
रुद्रराज	3	3	3
रुद्रसेनले	3	3	3
रुमल्लिएका	3	3	3
रुम्जाटारमा	3	3	3
रुवामा	3	3	3
रुसको	3	3	3
रुसमा	3	3	3
रू	3	3	3
रूखका	3	3	3
रूखबुट्टा	3	3	3
रूखहरू	3	3	3
रूचाउँछन्	3	3	3
रूपरेखामा	3	3	3
रूपलाई	3	3	3
रूपसँग	3	3	3
रूपान्तरित	3	3	3
रेकर्डसँग	3	3	3
रेखाभित्र	3	3	3
रेटि	3	3	3
रेटौला	3	3	3
रेडभेन्टेड	3	3	3
रेडियोधर्मिता	3	3	3
रेणुकाका	3	3	3
रेणुकाले	3	3	3
रेनडियरमा	3	3	3
रेन्डेलद्वारा	3	3	3
रेबिज	3	3	3
रेवती	3	3	3
रेसालाई	3	3	3
रोइन्	3	3	3
रोकिदिए	3	3	3
रोकिदिएर	3	3	3
रोकियो	3	3	3
रोक्नु	3	3	3
रोगरोधन	3	3	3
रोगविशेषज्ञका	3	3	3
रोगा	3	3	3
रोगीका	3	3	3
रोगीहरूले	3	3	3
रोजगारका	3	3	3
रोजगारको	3	3	3
रोजगारीका	3	3	3
रोजगारीको	3	3	3
रोजफिन्च	3	3	3
रोटरी	3	3	3
रोटीको	3	3	3
रोटीले	3	3	3
रोपिएको	3	3	3
रोप्छन्	3	3	3
रोप्दा	3	3	3
रोप्न	3	3	3
रोप्नु	3	3	3
रोबर्ट	3	3	3
रोमक	3	3	3
रोलक्रम	3	3	3
रोलर	3	3	3
रोलरले	3	3	3
रोशनद्वारा	3	3	3
रोशी	3	3	3
रौँले	3	3	3
र्यान्डोल्फ	3	3	3
र्याफ्ट	3	3	3
र्यालीको	3	3	3
लखनऊ	3	3	3
लखनपुर	3	3	3
लखेटेको	3	3	3
लगतै	3	3	3
लगधको	3	3	3
लगनखेलमा	3	3	3
लगनशीलताको	3	3	3
लगनशीलताले	3	3	3
लगाइ	3	3	3
लगाइन्थ्यो	3	3	3
लगाईएको	3	3	3
लगाउनेहरूमा	3	3	3
लगाएँ	3	3	3
लगाऔँ	3	3	3
लगानीमा	3	3	3
लगिएको	3	3	3
लगेँ	3	3	3
लङ्गुर	3	3	3
लचेनल	3	3	3
लज्जा	3	3	3
लडाकू	3	3	3
लतपत	3	3	3
लत्ताकपडा	3	3	3
लथालिङ्ग	3	3	3
लन्च	3	3	3
लन्डनलाई	3	3	3
लप्टन	3	3	3
लम्साल	3	3	3
लम्सालले	3	3	3
लर्बराउँदै	3	3	3
ललितपुरकै	3	3	3
ललितपुरबाट	3	3	3
लसन	3	3	3
लस्ट	3	3	3
लाइफ	3	3	3
लाइसेन्सहरू	3	3	3
लाईसेन्स	3	3	3
लाक्षणिक	3	3	3
लाक्षागृहसम्म	3	3	3
लाखेनाचको	3	3	3
लागत	3	3	3
लागिपरेका	3	3	3
लागिरहे	3	3	3
लागिसकेपछि	3	3	3
लाग्दछन्	3	3	3
लाग्ला	3	3	3
लाङटाङ	3	3	3
लाचार	3	3	3
लाजको	3	3	3
लाजोङसँग	3	3	3
लान	3	3	3
लाभले	3	3	3
लाभा	3	3	3
लाभान्वित	3	3	3
लाभ्रेहरूको	3	3	3
लामखुट्टे	3	3	3
लामखुट्टेले	3	3	3
लामखुट्टेहरूले	3	3	3
लामिछाने	3	3	3
लालकुमारी	3	3	3
लालचन्द्र	3	3	3
लालबहादुर	3	3	3
लालिगुराँस	3	3	3
लाहुरेमा	3	3	3
लिंकनले	3	3	3
लिइन्	3	3	3
लिइसक्यो	3	3	3
लिओनले	3	3	3
लिगले	3	3	3
लिङ्कनलाई	3	3	3
लिङ्कमा	3	3	3
लिङ्कले	3	3	3
लिङ्किङ	3	3	3
लिङ्गमा	3	3	3
लिट्रेचर	3	3	3
लिथो	3	3	3
लिनको	3	3	3
लिनुपर्दछ	3	3	3
लिन्च	3	3	3
लिन्टन	3	3	3
लिपिहरूमा	3	3	3
लिपेको	3	3	3
लिबिया	3	3	3
लिमिटेडले	3	3	3
लिम्बुहरू	3	3	3
लियनबाट	3	3	3
लिया	3	3	3
लियोनल	3	3	3
लीको	3	3	3
लीलावती	3	3	3
लुँडे	3	3	3
लुकाइएको	3	3	3
लुकाए	3	3	3
लुकेको	3	3	3
लुटेर	3	3	3
लुनार	3	3	3
लुप	3	3	3
लुभाना	3	3	3
लेऊ	3	3	3
लेकमा	3	3	3
लेकसाइड	3	3	3
लेकसाइडबाट	3	3	3
लेकिमिया	3	3	3
लेखकहरूको	3	3	3
लेखनबाट	3	3	3
लेखरचना	3	3	3
लेखसँग	3	3	3
लेखाइएको	3	3	3
लेखित	3	3	3
लेखिनुपर्ने	3	3	3
लेखिरहे	3	3	3
लेखेवापत	3	3	3
लेख्नका	3	3	3
लेटरम्यानमा	3	3	3
लेनदेन	3	3	3
लेन्सको	3	3	3
लैजानका	3	3	3
लैजान्छन्	3	3	3
लोकगाथाबाट	3	3	3
लोकतन्त्रको	3	3	3
लोकल	3	3	3
लोकानुस्मृति	3	3	3
लोकेट	3	3	3
लोदी	3	3	3
लोहनी	3	3	3
लोहनीद्वारा	3	3	3
लोहोरे	3	3	3
लौकाको	3	3	3
लौह	3	3	3
ल्याइने	3	3	3
ल्याउँथे	3	3	3
ल्याउँदछ	3	3	3
ल्याउनुपर्ने	3	3	3
ल्याग	3	3	3
ल्होसार	3	3	3
वंघः	3	3	3
वंशलाई	3	3	3
वंशहरू	3	3	3
वंशानुक्रम	3	3	3
वक	3	3	3
वक्ताहरूले	3	3	3
वटासम्म	3	3	3
वडाको	3	3	3
वडार	3	3	3
वडाहाकिम	3	3	3
वधुलाई	3	3	3
वनकाग	3	3	3
वनमन्त्री	3	3	3
वनस्पतिहरूलाई	3	3	3
वन्धनमा	3	3	3
वफा	3	3	3
वयस्कहरूमा	3	3	3
वरको	3	3	3
वरपरको	3	3	3
वरिपरी	3	3	3
वर्गमिटर	3	3	3
वर्गले	3	3	3
वर्गिकरणअनुसार	3	3	3
वर्गीकरणअनुसार	3	3	3
वर्गीयताको	3	3	3
वर्णगत	3	3	3
वर्णनहरूका	3	3	3
वर्णमाला	3	3	3
वर्णमालाबाट	3	3	3
वर्णहरूमा	3	3	3
वर्माको	3	3	3
वर्षगाँठ	3	3	3
वर्षमुनिका	3	3	3
वर्षलाई	3	3	3
वर्षाका	3	3	3
वर्षौंसम्मको	3	3	3
वल्टर	3	3	3
वल्लभका	3	3	3
वल्लो	3	3	3
वष	3	3	3
वषौँसम्म	3	3	3
वसुमान	3	3	3
वस्तुत	3	3	3
वस्त्रदान	3	3	3
वहसका	3	3	3
वहाँदेखि	3	3	3
वहिष्कार	3	3	3
वाइल्ड	3	3	3
वाक्यांश	3	3	3
वाग्दुला	3	3	2
वाङ	3	3	3
वाचनबाट	3	3	3
वाजपेय	3	3	3
वाण	3	3	3
वातावरणदेखि	3	3	3
वातावरणबाट	3	3	3
वातावरणसँग	3	3	3
वादी	3	3	3
वाम्बुले	3	3	3
वायर	3	3	3
वायुमण्डलका	3	3	3
वायुयानको	3	3	3
वायेजर	3	3	3
वायोटिन	3	3	3
वार्डहरूको	3	3	3
वार्डहरूबाट	3	3	3
वार्ताद्वारा	3	3	3
वाल्टज	3	3	3
वाष्प	3	3	3
वासस्थान	3	3	3
वास्तु	3	3	3
वाहनको	3	3	3
वाहेक	3	3	3
विकल्पको	3	3	3
विकासक्रमको	3	3	3
विकासजी	3	3	3
विकासमुखी	3	3	3
विकाससँगै	3	3	3
विकासे	3	3	3
विकासोन्मुख	3	3	3
विकिबुक्समा	3	3	3
विकिरणहरू	3	3	3
विकृति	3	3	3
विकेट	3	3	3
विगल	3	3	3
विग्रहको	3	3	3
विचारधारा	3	3	3
विचारात्मक	3	3	3
विजयभन्दा	3	3	3
विजयीको	3	3	3
विजेल	3	3	3
विज्ञका	3	3	3
विज्ञप्ति	3	3	3
विज्ञानतर्फको	3	3	3
वितरणमा	3	3	3
विदरमा	3	3	3
विदेशमन्त्री	3	3	3
विदेशसँग	3	3	3
विदेशहरू	3	3	3
विदेशीहरूले	3	3	3
विद्याप्रेमी	3	3	3
विद्यार्थीहरूलाई	3	3	3
विद्यालयलाई	3	3	3
विद्यालयहरूलाई	3	3	3
विद्युतिय	3	3	3
विद्वानहरू	3	3	3
विधानअनुसार	3	3	3
विधायिकाहरूका	3	3	3
विधाहरूमा	3	3	3
विधिउपविधिहरू	3	3	3
विधुवा	3	3	3
विधेयकको	3	3	3
विधेयकद्वारा	3	3	3
विध्वंस	3	3	3
विनायक	3	3	3
विनाशको	3	3	3
विनिमय	3	3	3
विनिर्माण	3	3	3
विन्यासका	3	3	3
विन्यासको	3	3	3
विन्सटन	3	3	3
विभागहरूका	3	3	3
विभागहरूको	3	3	3
विभाजनका	3	3	3
विभाजनपछि	3	3	3
विभाजनले	3	3	3
विभेदका	3	3	3
विभेदहरू	3	3	3
विमानवाहक	3	3	3
विमानहरू	3	3	3
वियोगी	3	3	3
विरन्द्रनगर	3	3	3
विराटको	3	3	3
विरोधीहरूले	3	3	3
विल्सका	3	3	3
विवरणात्मक	3	3	3
विविएलएल	3	3	3
विविधताको	3	3	3
विशालनगरको	3	3	3
विशेताहरू	3	3	3
विशेषज्ञहरूद्वारा	3	3	3
विशेषताको	3	3	3
विशेषतालाई	3	3	3
विशेषाधिकार	3	3	3
विश्लेषणद्वारा	3	3	3
विश्लेषणात्मक	3	3	3
विश्वकपका	3	3	3
विश्वकपको	3	3	3
विश्वकपपछि	3	3	2
विश्वकर्मा	3	3	3
विश्वकोश	3	3	3
विश्वभरिका	3	3	3
विश्वम्भर	3	3	3
विश्वविद्यालयद्वारा	3	3	3
विश्वविद्यालयसँग	3	3	3
विश्वसामुका	3	3	3
विश्वामित्र	3	3	2
विश्वासबाट	3	3	3
विषयसँग	3	3	3
विषाणुहरूको	3	3	3
विष्णुका	3	3	3
विस	3	3	3
विस्तारबाट	3	3	3
विस्थापन	3	3	3
विस्थापित	3	3	3
विस्मात	3	3	3
विहारले	3	3	3
विहारहरूको	3	3	3
विहीन	3	3	3
वी	3	3	3
वीरगन्जमा	3	3	3
वीरता	3	3	3
वीरसिंह	3	3	3
वीरहरूले	3	3	3
वीरेन्द्रले	3	3	3
वृक्षले	3	3	3
वृक्षारोपण	3	3	3
वृतान्तलाई	3	3	3
वृतान्तहरूमा	3	3	3
वृद्धावस्थामा	3	3	3
वृद्धिसँगै	3	3	3
वृद्धी	3	3	3
वृषभानुद्वारा	3	3	3
वेज	3	3	3
वेदव्यासले	3	3	3
वेदहरूमा	3	3	3
वेदान्त	3	3	3
वेदान्तिहरूका	3	3	3
वेदीको	3	3	3
वेधशालामा	3	3	3
वेधशालाहरूको	3	3	3
वेला	3	3	3
वेल्थ	3	3	3
वेल्सदेखि	3	3	3
वेव	3	3	3
वेश्या	3	3	3
वेश्याहरूलाई	3	3	3
वेहिकल	3	3	3
वैँसहरूको	3	3	3
वैज्ञानिकका	3	3	3
वैज्ञानिकले	3	3	3
वैठक	3	3	3
वैद्यद्वारा	3	3	3
वैयक्तिक	3	3	3
वैष्णव	3	3	3
वोकिङ	3	3	3
व्यक्तित्त्व	3	3	3
व्यक्तित्त्वहरूको	3	3	3
व्यक्तिबाट	3	3	3
व्यङ्ग्यका	3	3	3
व्यञ्जन	3	3	3
व्यञ्जनवर्ण	3	3	3
व्यन्जन	3	3	3
व्यपारी	3	3	3
व्यय	3	3	3
व्यवसायी	3	3	3
व्यवसायीहरूलाई	3	3	3
व्यवस्थापनमा	3	3	3
व्यवस्थाबाट	3	3	3
व्यवस्थाविरुद्ध	3	3	3
व्यवहारिक	3	3	3
व्यस्तताले	3	3	3
व्यहिटलेम	3	3	3
व्यहोर्नुपर्छ	3	3	3
व्याकरणलाई	3	3	3
व्याख्याको	3	3	3
व्यापकताले	3	3	3
व्यापारघाटा	3	3	3
व्यापारीहरूको	3	3	3
व्युत्पत्ति	3	3	3
व्युत्पन्न	3	3	3
व्रतवन्ध	3	3	3
शंकर	3	3	3
शंकरप्रसाद	3	3	3
शंकराचार्यका	3	3	3
शक्तिकेन्द्र	3	3	3
शक्तिद्वारा	3	3	3
शक्तिबिना	3	3	3
शक्तिमा	3	3	3
शक्रेश्वरी	3	3	3
शतपथ	3	3	3
शताब्दिको	3	3	3
शताब्दिमा	3	3	3
शताव्दीको	3	3	3
शत्रुले	3	3	3
शपथको	3	3	3
शब्दचित्रमा	3	3	3
शब्दहरूबाट	3	3	3
शब्दहरूलाई	3	3	3
शब्दानुसारी	3	3	3
शब्दावली	3	3	3
शरपा	3	3	3
शर्त	3	3	3
शर्तमा	3	3	3
शर्माका	3	3	3
शर्माकै	3	3	3
शल्य	3	3	3
शल्यकोविदले	3	3	3
शल्यक्रिया	3	3	3
शवलाई	3	3	3
शशि	3	3	3
शशीको	3	3	3
शाक्यको	3	3	3
शाक्यवंशका	3	3	3
शाखाका	3	3	3
शाखाको	3	3	3
शाखादेखि	3	3	3
शान	3	3	3
शानशौकत	3	3	3
शायद	3	3	3
शारिरीक	3	3	3
शालिग्रामलाई	3	3	3
शाश्वतले	3	3	3
शासकहरूमाथि	3	3	3
शासकीय	3	3	3
शासनकाललाई	3	3	3
शास्त्री	3	3	3
शाहरूख	3	3	3
शाहवंशलाई	3	3	3
शिक्षकका	3	3	3
शिक्षालय	3	3	3
शिक्षाशास्त्र	3	3	3
शिक्षिकाको	3	3	3
शिखरमाथि	3	3	3
शिखरले	3	3	3
शिथिलीकरण	3	3	3
शिरोमणि	3	3	3
शिलालेखको	3	3	3
शिवका	3	3	3
शिवाकोटी	3	3	3
शिविरप्रसाद	3	3	3
शिविरबाट	3	3	3
शिशिर	3	3	3
शिष्ट	3	3	3
शिष्यहरूले	3	3	3
शीतलहर	3	3	3
शीर्षकका	3	3	3
शीर्षमा	3	3	3
शुक्रबारदेखि	3	3	3
शुक्रबारमा	3	3	3
शुक्लपक्षमा	3	3	3
शुद्धता	3	3	3
शुद्धा	3	3	3
शुद्धाशुद्धिको	3	3	3
शुद्धीको	3	3	3
शुभकामनाको	3	3	3
शुभाशुभ	3	3	3
शुलभ	3	3	3
शुल्कमा	3	3	3
शूलको	3	3	3
शेरमान	3	3	3
शेरशाह	3	3	3
शेराँवाला	3	3	3
शैलीगत	3	3	3
शैलीहरू	3	3	3
शोध	3	3	3
शोधकर्ता	3	3	3
शोधकै	3	3	3
शोधको	3	3	3
शोधित	3	3	3
शौरी	3	3	3
श्यामदास	3	3	3
श्यामसुन्दर	3	3	3
श्रवणका	3	3	3
श्रापको	3	3	3
श्रावक	3	3	3
श्रावकको	3	3	3
श्रावणमा	3	3	3
श्रीअन्तु	3	3	3
श्रीदेव	3	3	3
श्रीपशुपतिनाथको	3	3	3
श्रीरामको	3	3	3
श्रृंगी	3	3	3
श्रृङ्खलाबीच	3	3	3
श्रृङ्खलाहरूको	3	3	3
श्रृङ्खलाहरूमा	3	3	3
श्रृङ्खलाहरूले	3	3	3
श्रृजन	3	3	3
श्रेणीकरणको	3	3	3
श्रेष्ठपछि	3	3	3
श्रोतहरूमा	3	3	3
श्रोताले	3	3	3
षड्यन्त्रमा	3	3	3
सँगालेका	3	3	3
संकटकालको	3	3	3
संकलक	3	3	3
संकल्प	3	3	3
संकाय	3	3	3
संकुचित	3	3	3
संक्रमित	3	3	3
संगठनद्वारा	3	3	3
संगठनमा	3	3	3
संगठनले	3	3	3
संगत	3	3	3
संगीतकारहरूको	3	3	3
संग्रहालय	3	3	3
संचार	3	3	3
संज्ञक	3	3	3
संज्ञाको	3	3	3
संयन्त्रलाई	3	3	3
संयुक्तरूपमा	3	3	3
संरक्षकको	3	3	3
संरचनासँग	3	3	3
संशोधनबाट	3	3	3
संसद्को	3	3	3
संसद्ले	3	3	3
संसारबाट	3	3	3
संसारले	3	3	3
संस्करणका	3	3	3
संस्करणमा	3	3	3
संस्कारमा	3	3	3
संस्कृतिहरू	3	3	3
संस्थानका	3	3	3
संस्थानको	3	3	3
संस्थानमा	3	3	3
संस्थानहरू	3	3	3
संस्थाहरूका	3	3	3
संहिता	3	3	3
सकाएका	3	3	3
सकेपछि	3	3	3
सक्खरमा	3	3	3
सक्तैनौँ	3	3	3
सक्दछु	3	3	3
सक्दथे	3	3	3
सक्नहुन्छ	3	3	3
सक्यौं	3	3	3
सक्रियताको	3	3	3
सक्ला	3	3	3
सगरमाथादेखि	3	3	3
सगरमाथालगायत	3	3	3
सघाउन	3	3	3
सघाउने	3	3	3
सङ्कटाको	3	3	3
सङ्कलनद्वारा	3	3	3
सङ्क्रमणलाई	3	3	3
सङ्क्रान्ति	3	3	3
सङ्क्रान्तिका	3	3	3
सङ्क्षिप्त	3	3	3
सङ्क्षेप	3	3	3
सङ्खाकार	3	3	3
सङ्ख्यादेखि	3	3	3
सङ्ख्याले	3	3	3
सङ्ख्याहरूमा	3	3	3
सङ्ग	3	3	3
सङ्गठनका	3	3	3
सङ्गठनहरूले	3	3	3
सङ्गमबाट	3	3	3
सङ्ग्रहालयको	3	3	3
सङ्युक्त	3	3	3
सचेतक	3	3	3
सजायका	3	3	3
सजिएका	3	3	3
सजिन्छन्	3	3	3
सजिला	3	3	3
सञ्चयकर्ता	3	3	3
सञ्चारग्रामको	3	3	3
सञ्चित	3	3	3
सञ्जीवनीमा	3	3	3
सटिक	3	3	3
सतलज	3	3	3
सतहमाथिको	3	3	3
सताउँछ	3	3	3
सत्तरीको	3	3	3
सत्ताइस	3	3	3
सत्ताईसौँ	3	3	3
सत्पुत्रका	3	3	3
सत्यतथ्य	3	3	3
सत्यता	3	3	3
सत्यनारायण	3	3	3
सत्ययुगको	3	3	3
सत्याग्रहमा	3	3	3
सत्यानास	3	3	3
सद्काएफित्र	3	3	3
सधैँको	3	3	3
सनत	3	3	3
सनद	3	3	3
सनपाटबाट	3	3	3
सनसाइनमा	3	3	3
सन्जम	3	3	3
सन्जिता	3	3	3
सन्डहाइम	3	3	3
सन्तले	3	3	3
सन्तहरूमा	3	3	3
सन्तानहरूमा	3	3	3
सन्थाल	3	3	3
सन्थालहरूले	3	3	3
सन्दर्भित	3	3	3
सन्देशहरू	3	3	3
सन्धिहरूको	3	3	3
सन्यासीको	3	3	3
सपने	3	3	3
सपेराहरूले	3	3	3
सफ्टवेर	3	3	3
सबको	3	3	3
सबजना	3	3	3
सबैखाले	3	3	3
सबैजनालाई	3	3	3
सबैबाट	3	3	3
सभाबाट	3	3	3
सभासदमा	3	3	3
सभ्यताका	3	3	3
समउष्ण	3	3	3
समकालिन	3	3	3
समझदारीलाई	3	3	3
सममितीय	3	3	3
समयक्रममा	3	3	3
समयले	3	3	3
समयोचित	3	3	3
समर्थकलाई	3	3	3
समर्थित	3	3	3
समष्टिको	3	3	3
समाचारका	3	3	3
समाचारहरूलाई	3	3	3
समाजशास्त्र	3	3	3
समाजशास्त्रमा	3	3	3
समाजशास्त्री	3	3	3
समातिए	3	3	3
समातियो	3	3	3
समाधिस्थलहरू	3	3	3
समाधिहरू	3	3	3
समान्था	3	3	3
समावेशको	3	3	3
समितिद्वारा	3	3	3
समितिबाट	3	3	3
समितिमध्ये	3	3	3
समितिहरूमा	3	3	3
समिपमा	3	3	3
समीक्षा	3	3	3
समीक्षित	3	3	3
समुदायबाहेक	3	3	3
समुदायभित्र	3	3	3
समुदायहरूको	3	3	3
समुदायहरूले	3	3	3
समुदाहरूलाई	3	3	3
समुद्रकुमारीको	3	3	3
समुद्रले	3	3	3
समुराइ	3	3	3
समुहका	3	3	3
समूहकै	3	3	3
समूहहरू	3	3	3
समृद्धशाली	3	3	3
सम्झन्छन्	3	3	3
सम्झन्छौ	3	3	3
सम्झाउँदै	3	3	3
सम्झाउनुहुनेछ	3	3	3
सम्झाउने	3	3	3
सम्झाए	3	3	3
सम्झिइन्छ	3	3	3
सम्झिइन्थ्यो	3	3	3
सम्झिए	3	3	3
सम्झिरहन्छौँ	3	3	3
सम्झिरहेको	3	3	3
सम्पदाहरू	3	3	3
सम्पादकका	3	3	3
सम्पादकद्वारा	3	3	3
सम्पादकहरूलाई	3	3	3
सम्पादनलाई	3	3	2
सम्प्रदायभित्र	3	3	3
सम्बन्धबाट	3	3	3
सम्बन्धले	3	3	3
सम्बन्धविच्छेद	3	3	3
सम्बन्धहरूलाई	3	3	3
सम्बन्धीको	3	3	3
सम्भाव्य	3	3	3
सम्भाव्यतालाई	3	3	3
सम्भिए	3	3	3
सम्भ्रान्त	3	3	3
सम्माननीय	3	3	3
सम्मानपूर्ण	3	3	3
सम्मानयुक्त	3	3	3
सम्मानहरू	3	3	3
सम्मेलनलाई	3	3	3
सम्राज्यहरू	3	3	3
सम्हालेका	3	3	3
सम्हालेपछि	3	3	3
सयको	3	3	3
सयपत्री	3	3	3
सयौं	3	3	3
सरकारहरूको	3	3	3
सरताप्रे	3	3	3
सरवन	3	3	3
सर्किटको	3	3	2
सर्ग	3	3	3
सर्चलाइट	3	3	3
सर्जियो	3	3	3
सर्पले	3	3	3
सर्पेन्ट	3	3	3
सर्वत	3	3	3
सर्वथा	3	3	3
सर्वनामको	3	3	3
सर्वस्व	3	3	3
सर्वेक्षणमा	3	3	3
सलाद	3	3	3
सलाफी	3	3	3
सल्यानीको	3	3	3
सल्लाहमा	3	3	3
सवाई	3	3	3
सवालहरू	3	3	3
सवासय	3	3	3
सवै	3	3	3
सस्ता	3	3	3
सस्तोमा	3	3	3
सस्था	3	3	3
सहकर्मीहरू	3	3	3
सहदेव	3	3	3
सहभागीहरूलाई	3	3	3
सहमतिमा	3	3	3
सहमतिले	3	3	3
सहरदेखि	3	3	3
सहरमध्ये	3	3	3
सहरसँग	3	3	3
सहरहरूको	3	3	3
सहर्ष	3	3	3
सहवर्गीय	3	3	3
सहवास	3	3	3
सहस्र	3	3	3
सहायको	3	3	3
सहीद	3	3	3
साँखेजुङ	3	3	3
साँखेजुङमा	3	3	3
साँझदेखि	3	3	3
साँठगाँठलाई	3	3	3
साँपका	3	3	3
साँस्कृतिक	3	3	3
सांसारिक	3	3	3
साइज	3	3	3
साइडबारमा	3	3	3
साइतलाई	3	3	3
साइराम	3	3	3
साउदले	3	3	3
साउन्डको	3	3	3
साउन्डट्र्याकमा	3	3	3
साक्षात	3	3	3
सागरहरूको	3	3	3
सागसब्जी	3	3	3
साङ्गोपाङ्गो	3	3	3
साझेदार	3	3	3
साझेदारी	3	3	2
सातधारा	3	3	3
साताको	3	3	3
साताभित्र	3	3	3
सातामा	3	3	3
सादा	3	3	3
साधक	3	3	3
साधारणत	3	3	3
साध्य	3	3	3
सानातिना	3	3	3
सानाहरूलाई	3	3	3
सान्तोसा	3	3	3
साभारको	3	3	3
सामग्रीलाई	3	3	3
सामग्रीहरूबाट	3	3	3
सामन्तहरूले	3	3	3
सामन्यतया	3	3	3
सामानको	3	3	3
सामुन्नेमा	3	3	3
सारेका	3	3	3
सारेको	3	3	3
सारौं	3	3	3
सार्क	3	3	3
सार्थ	3	3	3
सार्दैमा	3	3	3
सार्नको	3	3	3
सार्नुहोला	3	3	3
सार्वभौमिक	3	3	3
सार्वभौमिकतामाथि	3	3	3
सालीग्राम	3	3	3
साविकभन्दा	3	3	3
सासनी	3	3	3
सासूलगायतका	3	3	3
साहबको	3	3	3
साहबले	3	3	3
साहायक	3	3	3
साहिँली	3	3	3
साहित्यप्रति	3	3	3
साहित्याचार्य	3	3	3
साहोन	3	3	3
सिंढी	3	3	2
सिंहनुको	3	3	3
सिएएफले	3	3	3
सिएलबि	3	3	3
सिकन्दर	3	3	3
सिकाइ	3	3	3
सिकाउँथे	3	3	3
सिकागोमा	3	3	3
सिकारका	3	3	3
सिकिस्त	3	3	3
सिग्देलको	3	3	3
सिङ	3	3	3
सिङको	3	3	3
सिङगे	3	3	3
सिङ्गापुरका	3	3	3
सिटको	3	3	3
सिड्नीस्थित	3	3	3
सितारा	3	3	3
सिदेनुन	3	3	3
सिद्धमातृका	3	3	3
सिद्धिनरसिंह	3	3	3
सिमरन	3	3	3
सिमल	3	3	3
सिमलचौर	3	3	3
सिमसार	3	3	3
सिमाङ्कन	3	3	3
सिमामा	3	3	3
सिमी	3	3	3
सिमेन्टको	3	3	3
सिम्रौनगढका	3	3	3
सियोको	3	3	3
सिर	3	3	3
सिरको	3	3	3
सिरसिर	3	3	3
सिर्जनाका	3	3	3
सिर्जनामा	3	3	3
सिलगढी	3	3	3
सिलाई	3	3	3
सिलिगुढी	3	3	3
सिलिबु	3	3	3
सिवाय	3	3	3
सिसपका	3	3	3
सिस्टमलाई	3	3	3
सीको	3	3	3
सीतासँग	3	3	3
सीमासम्म	3	3	3
सीमासुरक्षा	3	3	3
सुइज	3	3	3
सुई	3	3	3
सुकाइएको	3	3	3
सुकाइन्छ	3	3	3
सुकौरा	3	3	3
सुक्दैन	3	3	3
सुखदुःखको	3	3	3
सुखहरू	3	3	3
सुगन्धवालको	3	3	3
सुगमतापूर्वक	3	3	3
सुजान	3	3	3
सुझाउ	3	3	3
सुट	3	3	3
सुटआउट	3	3	3
सुडसुडिया	3	3	3
सुतथ	3	3	3
सुतुरमुर्ग	3	3	3
सुतेको	3	3	3
सुत्नुहुन्न	3	3	3
सुदाप	3	3	3
सुदूरपश्चिम	3	3	3
सुदृढ	3	3	3
सुधामय	3	3	3
सुधारिएको	3	3	3
सुधार्दै	3	3	3
सुनकोसीमा	3	3	3
सुनखानीमा	3	3	3
सुनबाट	3	3	3
सुनवल	3	3	3
सुनाउँछिन्	3	3	3
सुनाएका	3	3	3
सुनाएर	3	3	3
सुनिएकै	3	3	3
सुनियोजित	3	3	3
सुने	3	3	3
सुनेका	3	3	3
सुन्दरतम	3	3	3
सुन्धारालाई	3	3	3
सुन्नाले	3	3	3
सुन्निनु	3	3	3
सुन्निने	3	3	3
सुन्नु	3	3	3
सुन्नेसम्म	3	3	3
सुपथ	3	3	3
सुप्रिम	3	3	3
सुफी	3	3	3
सुमतिको	3	3	3
सुमात्रा	3	3	3
सुमार्गीद्वारा	3	3	3
सुम्पनु	3	3	3
सुरक्षासम्बद्ध	3	3	3
सुरमुनि	3	3	3
सुरविर	3	3	3
सुरीले	3	3	3
सुरुङमार्फत	3	3	3
सुरुङ्गा	3	3	3
सुरुवातमै	3	3	3
सुरुवातलाई	3	3	3
सुरूङ्गा	3	3	3
सुरेन्द्र	3	3	3
सुरौदी	3	3	3
सुर्को	3	3	3
सुवेदीका	3	3	3
सुवेदीको	3	3	3
सुवेदीजी	3	3	3
सुशिक्षित	3	3	3
सुशीला	3	3	3
सुसारेको	3	3	3
सुसारेहरू	3	3	3
सुस्त	3	3	3
सुहार्तो	3	3	3
सूक्ष्मजीव	3	3	3
सूचनाका	3	3	3
सूचनामूलक	3	3	3
सूचि	3	3	3
सूचिकृत	3	3	3
सूचीकरण	3	3	3
सूचीका	3	3	3
सूचीलाई	3	3	3
सूत्रहरू	3	3	3
सूर्यकुमार	3	3	3
सूर्यदेव	3	3	3
सूर्यभक्त	3	3	3
सूर्यमती	3	3	3
सूर्यमा	3	3	3
सूर्योदयको	3	3	3
सृजनाले	3	3	3
सृष्टिकाका	3	3	3
सृष्टिक्रम	3	3	3
सेकिएर	3	3	3
सेक्रोहोङको	3	3	3
सेगनको	3	3	3
सेटमा	3	3	3
सेटिङ	3	3	3
सेतै	3	3	3
सेनाद्वारा	3	3	3
सेनाबाटै	3	3	3
सेनाहरूको	3	3	3
सेन्ट्रल	3	3	3
सेन्डी	3	3	3
सेन्सेई	3	3	3
सेब्रु	3	3	3
सेमेट्री	3	3	3
सेरको	3	3	3
सेरबानी	3	3	3
सेरबानीको	3	3	3
सेरामिक्स	3	3	3
सेरुलियम	3	3	3
सेलाइने	3	3	3
सेलाएर	3	3	3
सेलायो	3	3	3
सेलो	3	3	3
सेल्वेसनको	3	3	3
सेल्सियससम्म	3	3	3
सेवाग्राहीलाई	3	3	3
सेवानिवृत्त	3	3	3
सेवाबाट	3	3	3
सेवासँग	3	3	3
सेवाहरूमा	3	3	3
सैनिकका	3	3	3
सैनिकमा	3	3	3
सैम	3	3	3
सोधकर्ता	3	3	3
सोधिदेओस्	3	3	3
सोध्नुभयो	3	3	3
सोनेराले	3	3	3
सोमा	3	3	3
सोरेनका	3	3	3
सोरेनले	3	3	3
सोलुको	3	3	3
सोवेटो	3	3	3
सोसाइटीमा	3	3	3
सौम्य	3	3	3
स्कलिन	3	3	3
स्काउटको	3	3	3
स्काउटहरू	3	3	3
स्कुलबाट	3	3	3
स्कुले	3	3	3
स्केलमा	3	3	3
स्क्रिनको	3	3	3
स्टारकिडको	3	3	3
स्टुडियोको	3	3	3
स्टेपो	3	3	3
स्टेफन	3	3	3
स्टेशन	3	3	3
स्टेशनको	3	3	3
स्टेसनहरू	3	3	3
स्टोन	3	3	3
स्टोरमा	3	3	3
स्ट्रोकभन्दा	3	3	3
स्तन	3	3	3
स्तरलाई	3	3	3
स्त्रीजातिले	3	3	3
स्त्रीहरूका	3	3	3
स्थलगत	3	3	3
स्थलहरूको	3	3	3
स्थलहरूमध्ये	3	3	3
स्थलाकृतिका	3	3	3
स्थानप्रतिको	3	3	3
स्थानीयवासीको	3	3	3
स्थानीयवासीहरूले	3	3	3
स्थापक	3	3	3
स्थितिदेखि	3	3	3
स्थितिमाथि	3	3	3
स्थिरता	3	3	3
स्पटेड	3	3	3
स्पन्दनशील	3	3	3
स्पाइडरहन्टर	3	3	3
स्पिड	3	3	3
स्प्रिङ	3	3	3
स्मरणलाई	3	3	3
स्मार्ट	3	3	3
स्मिथ	3	3	3
स्याङखुदी	3	3	3
स्याल	3	3	3
स्याललाई	3	3	3
स्रोतबाट	3	3	3
स्वच्छता	3	3	3
स्वतन्त्रमा	3	3	3
स्वभावकी	3	3	3
स्वयंले	3	3	3
स्वरहरूका	3	3	3
स्वरूपभेद	3	3	3
स्वरूपले	3	3	3
स्वरे	3	3	3
स्वर्गद्वार	3	3	3
स्वर्गलोकमा	3	3	3
स्वागतम्	3	3	3
स्वाति	3	3	3
स्वातिको	3	3	3
स्वादमा	3	3	3
स्वाभिमानलाई	3	3	3
स्वायत्तताको	3	3	3
स्वार्थ	3	3	2
स्वार्थको	3	3	3
स्वालम्बन	3	3	3
स्वास्थ्यकर्मीहरूका	3	3	3
स्वास्थ्यवधर्क	3	3	3
स्वास्थ्यसम्बन्धी	3	3	3
स्विट्जरल्यान्डमा	3	3	3
स्विडेनको	3	3	3
स्वीकार्य	3	3	3
स्वीकृत	3	3	3
स्वेच्छाले	3	3	3
स्वेज	3	3	3
हँसायो	3	3	3
हखामनी	3	3	3
हच्किएछन्	3	3	3
हजारमा	3	3	3
हजारी	3	3	3
हजारीमाथि	3	3	3
हजारौंलाई	3	3	3
हजुरआमा	3	3	3
हजुरबाको	3	3	3
हजुरबुबा	3	3	3
हजुरहरू	3	3	3
हट	3	3	3
हटाइने	3	3	3
हटाउनमा	3	3	3
हटाएपछि	3	3	3
हटात	3	3	3
हट्नुमा	3	3	3
हडप्पाकालीन	3	3	3
हडिया	3	3	3
हड्डीको	3	3	3
हड्तालको	3	3	3
हतारमा	3	3	3
हतियारहरूको	3	3	3
हदका	3	3	3
हदमा	3	3	3
हनन	3	3	3
हनन्	3	3	3
हनुमानले	3	3	3
हप्काए	3	3	3
हप्तामै	3	3	3
हरसमयमा	3	3	3
हरसाल	3	3	3
हराइएका	3	3	3
हराइसकेको	3	3	3
हराउनबाट	3	3	3
हराम	3	3	3
हरिचौर	3	3	3
हरितालिका	3	3	2
हरिवंश	3	3	3
हरिशयनी	3	3	3
हरिसिंहदेव	3	3	3
हर्जगले	3	3	3
हर्जोगले	3	3	3
हर्मन	3	3	3
हलिवुडको	3	3	3
हलुका	3	3	3
हलो	3	3	3
हलोको	3	3	3
हल्लाउँदै	3	3	3
हवन	3	3	3
हवल्दारको	3	3	3
हवाइजहाजबाट	3	3	3
हस्तक्षेपको	3	3	3
हस्तक्षेपलाई	3	3	3
हस्तमैथुन	3	3	3
हस्ताक्षरमा	3	3	3
हस्ताक्षरसम्म	3	3	3
हाँगाविँगाहरूमा	3	3	3
हाँगाहरू	3	3	3
हाँस्यकलाकार	3	3	3
हाइड्रोजनलाई	3	3	3
हाइलोसिरियस	3	3	3
हाउभाउ	3	3	3
हाउस	3	3	3
हाउसको	3	3	3
हाउसमा	3	3	3
हाडजोर्नीको	3	3	3
हाडे	3	3	3
हातखुट्टा	3	3	3
हातसम्म	3	3	3
हातहरूलाई	3	3	3
हातेप्रेस	3	3	3
हान्यो	3	3	3
हाफ	3	3	3
हाम्राहरूको	3	3	3
हाम्रै	3	3	3
हारगुहार	3	3	3
हारजितमा	3	3	3
हाराहारिमा	3	3	3
हारे	3	3	3
हारेका	3	3	3
हार्बर	3	3	3
हालसम्मको	3	3	3
हालिदिने	3	3	3
हालिन्छ	3	3	3
हालिमुहाली	3	3	3
हाल्नुहुन्छ	3	3	3
हावाहरू	3	3	3
हास्य	3	3	3
हास्यकलाकार	3	3	3
हाहाकार	3	3	3
हिँडनु	3	3	3
हिँडे	3	3	3
हिँडेका	3	3	3
हिउँदे	3	3	3
हिउँभित्र	3	3	3
हिजै	3	3	3
हिजोभन्दा	3	3	3
हिन्दुस्तान	3	3	3
हिन्दुहरू	3	3	3
हिन्दुहरूमाथि	3	3	3
हिन्दूको	3	3	3
हिन्दूहरूमाझ	3	3	3
हिपहप	3	3	3
हिमकन्या	3	3	3
हिमताल	3	3	3
हिमनदीबाट	3	3	3
हिमाच्छादित	3	3	3
हिमालदेखि	3	3	3
हिमालपारिका	3	3	3
हिमालमा	3	3	3
हिमालसम्मको	3	3	3
हिमालहरू	3	3	3
हिरण्यवती	3	3	3
हिराको	3	3	3
हिलियमको	3	3	3
हिलो	3	3	3
हिसारमा	3	3	3
हुँदाको	3	3	3
हुँदैछन्	3	3	3
हुँदैनथे	3	3	3
हुकाम	3	3	3
हुक्काउने	3	3	3
हुदाहुँदै	3	3	3
हुदैन	3	3	3
हुनसकेको	3	3	3
हुनुबाहेक	3	3	3
हुनुले	3	3	3
हुनुहुने	3	3	3
हुनेगरी	3	3	3
हुनेगर्छ	3	3	3
हुनेछैन	3	3	3
हुनेजस्ता	3	3	3
हुन्छं	3	3	3
हुन्छे	3	3	3
हुन्छ्न्	3	3	3
हुरुक्क	3	3	3
हुर्के	3	3	3
हुर्केका	3	3	3
हृदयको	3	3	3
हृदयङ्गम	3	3	3
हेगनले	3	3	3
हेडक्वाटरबाट	3	3	3
हेपाटाइटिस	3	3	3
हेमोरेजिक	3	3	3
हेरिनुपर्छ	3	3	3
हेरिने	3	3	3
हेरिन्थ्यो	3	3	3
हेरिरहन्छन्	3	3	3
हेरेका	3	3	3
हेरेडिटी	3	3	3
हेर्दछन्	3	3	3
हेर्नसमेत	3	3	3
हेर्नुपर्दा	3	3	3
हेर्नुहुन्छ	3	3	3
हेर्नेको	3	3	3
हेर्यो	3	3	3
हेल्प	3	3	3
हेल्मेट	3	3	3
हेल्सिओन	3	3	3
हैरान	3	3	3
होड	3	3	3
होडबाजी	3	3	3
होमिनु	3	3	3
होलीपछि	3	3	3
होल्डर	3	3	3
होवार्ड	3	3	3
ह्याकर	3	3	3
ह्युजेस	3	3	3
ह्युजेसले	3	3	3
ह्रस्व	3	3	3
००७	3	3	3
०२७	3	3	3
०३५	3	3	3
०३६	3	3	3
०५	3	3	3
०५७	3	3	3
०६०	3	3	3
०६२	3	3	3
१बाट	3	3	3
१०औँ	3	3	3
१०००००	3	3	3
१०१०	3	3	3
१०१२	3	3	3
१०१५	3	3	3
१०१८	3	3	3
१०१९	3	3	3
१०२१	3	3	3
१०३	3	3	3
११२	3	3	3
११३	3	3	3
११५	3	3	3
११८	3	3	3
१२०६	3	3	3
१२२४	3	3	3
१२४२२	3	3	3
१२५	3	3	3
१२७	3	3	3
१३औं	3	3	3
१४२३	3	3	3
१५२६	3	3	3
१५७	3	3	3
१५७४	3	3	3
१६०६	3	3	3
१६४८	3	3	3
१७१	3	3	3
१७७२	3	3	3
१७८०	3	3	3
१७९०	3	3	3
१८०४	3	3	3
१८०८	3	3	3
१८१०	3	3	3
१८२१	3	3	3
१८३०	3	3	3
१८३६	3	3	3
१८४५	3	3	3
१८४८	3	3	3
१८४९	3	3	3
१८६६	3	3	3
१८७५	3	3	3
१८८४	3	3	3
१९औं	3	3	3
१९०७	3	3	3
१९०८	3	3	3
१९०९	3	3	3
१९२२	3	3	3
१९२३मा	3	3	3
१९२९	3	3	3
१९४७मा	3	3	3
१९५	3	3	3
१९५१	3	3	3
१९६२मा	3	3	3
१९८०मा	3	3	3
१९८८मा	3	3	3
१९९१मा	3	3	3
१९९२मा	3	3	3
२बाट	3	3	3
२०औँ	3	3	3
२०१२‎	3	3	3
२०७०मा	3	3	3
२३२	3	3	3
२३६	3	3	3
३०३०	3	3	3
३०७	3	3	3
३२५	3	3	3
३४९	3	3	3
३६६	3	3	3
३७३	3	3	3
४०५	3	3	3
४०७	3	3	3
४३.४	3	3	3
४४५	3	3	3
४७%	3	3	3
४८१२	3	3	3
४९०००	3	3	3
५०००	3	3	3
५०९	3	3	3
५३%	3	3	3
५३४	3	3	3
५४३	3	3	3
६५२	3	3	3
६५४	3	3	3
६६७	3	3	3
७२४	3	3	3
७३	3	3	3
७३८	3	3	3
७७०	3	3	3
७८३	3	3	3
८१०	3	3	3
८४	3	3	3
८५०	3	3	3
८५५	3	3	3
८५८	3	3	3
८५९	3	3	3
८६१	3	3	3
८६३	3	3	3
८६४	3	3	3
८७१	3	3	2
८७३	3	3	3
८८१०८	3	3	3
८८२	3	3	3
८८४	3	3	3
८८६	3	3	3
८९९	3	3	3
९०३	3	3	3
९०५	3	3	3
९०६	3	3	3
९०९	3	3	3
९१	3	3	3
९२६	3	3	3
९२७	3	3	3
९३५	3	3	3
९३६	3	3	3
९४	3	3	3
९४०	3	3	3
९६१	3	3	3
९६८	3	3	3
९७०	3	3	3
९८	3	3	3
अँगाल्दछन्	2	2	2
अँगाल्न	2	2	2
अंशका	2	2	2
अंशहरू	2	2	2
अंहिसाको	2	2	2
अकबरलाई	2	2	2
अकसर	2	2	2
अकस्मात्	2	2	2
अक्कल	2	2	2
अक्टोवर	2	2	2
अक्याडमी	2	2	2
अक्षताको	2	2	2
अक्षरका	2	2	2
अक्षरको	2	2	2
अक्षरलाई	2	2	2
अक्षरहरूको	2	2	2
अक्षांश	2	2	2
अक्षांशका	2	2	2
अक्सिजनका	2	2	2
अखण्ड	2	2	2
अखबारहरूका	2	2	2
अखिलेश	2	2	2
अख्तियार	2	2	2
अगरबत्तीका	2	2	2
अगली	2	2	2
अगस्टदेखि	2	2	2
अगाडिका	2	2	2
अगाडिकै	2	2	2
अगाडिदेखिको	2	2	2
अगाडिबाट	2	2	2
अगुवाइमा	2	2	2
अग्निमा	2	2	2
अग्रता	2	2	2
अग्लुङ	2	2	2
अघाएर	2	2	2
अङ्कहरुमा	2	2	2
अङ्गडेन	2	2	2
अङ्गसँग	2	2	2
अङ्गसमेत	2	2	2
अङ्गहरूद्वारा	2	2	2
अङ्गुरको	2	2	2
अङ्गेरी	2	2	2
अङ्ग्रेजहरूद्वारा	2	2	2
अचम्मको	2	2	2
अचम्मैसँग	2	2	2
अचुम्बकिय	2	2	2
अच्युत	2	2	2
अछामका	2	2	2
अजम्बरी	2	2	2
अजय	2	2	2
अज्ञातवास	2	2	2
अज्ञातवासमा	2	2	2
अज्ञानताको	2	2	2
अज्ञानमा	2	2	2
अझसम्म	2	2	2
अञ्चलबाट	2	2	2
अटाएर	2	2	2
अटुट	2	2	2
अटेका	2	2	2
अटेम्प्ट	2	2	2
अटोटोमी	2	2	2
अटोमोबाइल	2	2	2
अट्न	2	2	2
अडिगलको	2	2	2
अडेर	2	2	2
अढाई	2	2	2
अण	2	2	2
अणुबाट	2	2	2
अणुवीक्षण	2	2	2
अणुव्रत	2	2	2
अणुहरू	2	2	2
अणुहरूको	2	2	2
अण्डाकृत	2	2	2
अण्डाणुहरूको	2	2	2
अतरासी	2	2	2
अतिशय	2	2	2
अतिशयोक्ति	2	2	2
अत्याचारको	2	2	2
अथर्ववेदका	2	2	2
अदालतहरू	2	2	2
अदालती	2	2	2
अदृष्ट	2	2	2
अद्भुत	2	2	2
अद्यापि	2	2	2
अद्युत्	2	2	2
अधर्म	2	2	2
अधिकता	2	2	2
अधिकाधिक	2	2	2
अधिकारदेखि	2	2	2
अधिकारसम्पन्न	2	2	2
अधिकारहरूका	2	2	2
अधिकारीलाई	2	2	2
अधिकारीहरूका	2	2	2
अधिग्रहण	2	2	2
अधिराज्यभर	2	2	2
अधिराज्यमा	2	2	2
अधिवेशनमा	2	2	2
अधीक्षण	2	2	2
अध्यक्षको	2	2	2
अध्यक्षबाट	2	2	2
अध्यक्षले	2	2	2
अध्यन	2	2	2
अध्ययनशील	2	2	2
अध्यात्मका	2	2	2
अध्यापनमा	2	2	2
अध्येता	2	2	2
अनचाहे	2	2	2
अनभिज्ञ	2	2	2
अनभिज्ञतावश	2	2	2
अनर	2	2	2
अनर्थ	2	2	2
अनलाई	2	2	2
अनविज्ञ	2	2	2
अनसनसँग	2	2	2
अनाथहरू	2	2	2
अनामीत	2	2	2
अनावृष्टि	2	2	2
अनाशक्तिहरूबाट	2	2	2
अनिलले	2	2	2
अनिवर्चनीय	2	2	2
अनिश	2	2	2
अनिष्टता	2	2	2
अनुगामी	2	2	2
अनुठा	2	2	2
अनुपातका	2	2	2
अनुपातहरूको	2	2	2
अनुप्राणित	2	2	2
अनुबन्धहरू	2	2	2
अनुभाग	2	2	2
अनुभूतिको	2	2	2
अनुयायीले	2	2	2
अनुयायीहरूको	2	2	2
अनुरक्षण	2	2	2
अनुवादक	2	2	2
अनुवादहरूको	2	2	2
अनुशासित	2	2	2
अनुश्रित	2	2	2
अनुष्टुप्	2	2	2
अनुष्ठानहरू	2	2	2
अनुष्ठानहरूले	2	2	2
अनुसन्धाता	2	2	2
अनुसन्धानमा	2	2	2
अनुहारमा	2	2	2
अनुहारलाई	2	2	2
अनुहारसँग	2	2	2
अनेकका	2	2	2
अनेकलाई	2	2	2
अनेकहरू	2	2	2
अनैतिकसमेत	2	2	2
अन्जनले	2	2	2
अन्जानमा	2	2	2
अन्टार्कटिक	2	2	2
अन्तको	2	2	2
अन्तक्रम	2	2	2
अन्तगृह	2	2	2
अन्तध्वनि	2	2	2
अन्तरका	2	2	2
अन्तरगत	2	2	2
अन्तरगतको	2	2	2
अन्तरपरिवर्तन	2	2	2
अन्तरपार्टी	2	2	2
अन्तरराष्ट्रिय	2	2	2
अन्तरलिन	2	2	2
अन्तरवस्तुमा	2	2	2
अन्तरवार्तामा	2	2	2
अन्तरात्मामा	2	2	2
अन्तराष्ट्रिय	2	2	2
अन्तरिक्षदेखि	2	2	2
अन्तरिक्षस्थित	2	2	2
अन्तरिक्षहरूको	2	2	2
अन्तर्मनको	2	2	2
अन्तर्राष्ट्रीय	2	2	2
अन्तर्वस्त्र	2	2	2
अन्तर्वार्तामा	2	2	2
अन्तर्विधात्मक	2	2	2
अन्तर्सम्बन्धित	2	2	2
अन्तलाई	2	2	2
अन्तिमभन्दा	2	2	2
अन्तिममा	2	2	2
अन्तिमलाई	2	2	2
अन्तिमसम्म	2	2	2
अन्त्यसम्ममा	2	2	2
अन्धेर	2	2	2
अन्धोपन	2	2	2
अन्नकुट	2	2	2
अन्नपूर्णा	2	2	2
अन्नबालीको	2	2	2
अन्नभण्डार	2	2	2
अन्नाकी	2	2	2
अन्नान	2	2	2
अन्यले	2	2	2
अन्यायका	2	2	2
अन्यायपूर्ण	2	2	2
अन्वेषकका	2	2	2
अन्वेषकहरूको	2	2	2
अन्वेषकहरूले	2	2	2
अन्साजलाई	2	2	2
अन्साजले	2	2	2
अन्साजविरुद्ध	2	2	2
अपकार	2	2	2
अपकृतय	2	2	2
अपकृत्यलाई	2	2	2
अपडेट	2	2	2
अपनाइनेछन्	2	2	2
अपनाउनेहरू	2	2	2
अपभ्रंस	2	2	2
अपभ्रस	2	2	2
अपराजित	2	2	2
अपराधीहरूको	2	2	2
अपहरणका	2	2	2
अपहरित	2	2	2
अपिलको	2	2	2
अपी	2	2	2
अपुष्ट	2	2	2
अपूरो	2	2	2
अप्रचलित	2	2	2
अप्रभावित	2	2	2
अप्रादुर्भाव	2	2	2
अप्रिलका	2	2	2
अप्रिलफुलको	2	2	2
अप्रैल	2	2	2
अप्लोअड	2	2	2
अप्सनमा	2	2	2
अफगानहरूलाई	2	2	2
अफगानिस्तानले	2	2	2
अफगानीहरूको	2	2	2
अफगानीहरूले	2	2	2
अफलाइन	2	2	2
अफलाईन	2	2	2
अफसेट	2	2	2
अफिमको	2	2	2
अफ्रिकानिस्ट	2	2	2
अफ्रिकाले	2	2	2
अफ्रिकीहरुले	2	2	2
अफ्रीका	2	2	2
अबका	2	2	2
अबको	2	2	2
अबाउट	2	2	2
अबिजालो	2	2	2
अबुल	2	2	2
अबेरसम्म	2	2	2
अब्बासिहरूको	2	2	2
अब्राह्मण	2	2	2
अभय	2	2	2
अभयराजलाई	2	2	2
अभावबाट	2	2	2
अभिग्रहण	2	2	2
अभिजनको	2	2	2
अभिजालो	2	2	2
अभिजालोको	2	2	2
अभिजितलाई	2	2	2
अभिनेताहरूको	2	2	2
अभिभावकका	2	2	2
अभिभावकत्व	2	2	2
अभिमुख	2	2	2
अभियन्ता	2	2	2
अभियानहरूको	2	2	2
अभियानहरूलाई	2	2	2
अभिलेखन	2	2	2
अभिलेखहरूलाई	2	2	2
अभिव्यक्तिहरूलाई	2	2	2
अभिशाप	2	2	2
अभिशासन	2	2	2
अभिषेकको	2	2	2
अभिष्टलाई	2	2	2
अभिसन्धिले	2	2	2
अभ्यर्थक	2	2	2
अभ्युत्थान	2	2	2
अभ्रकको	2	2	2
अमरकोष	2	2	2
अमरगढी	2	2	2
अमरत्वको	2	2	2
अमरदास	2	2	2
अमरसिंहले	2	2	2
अमलाकै	2	2	2
अमलाबास	2	2	2
अमलाहरू	2	2	2
अमलाहरूको	2	2	2
अमलेख	2	2	2
अमलेखगञ्ज	2	2	2
अमानवीय	2	2	2
अमावस्या	2	2	2
अमिक	2	2	2
अमिता	2	2	2
अमिरजी	2	2	2
अमुन्डसेन	2	2	2
अमृतसरस्थित	2	2	2
अमृताको	2	2	2
अमेरिकालगायत	2	2	2
अमेरिकाली	2	2	2
अमेरिकासमेत	2	2	2
अमेरीका	2	2	2
अमेरीकामा	2	2	2
अम्बिकाजी	2	2	2
अम्बु	2	2	2
अम्बेडकर	2	2	2
अम्लिसोबाट	2	2	2
अम्लिसोलाई	2	2	2
अयोध्याको	2	2	2
अरबहरू	2	2	2
अरबीमा	2	2	2
अरावली	2	2	2
अरुको	2	2	2
अरुणधारामा	2	2	2
अरूका	2	2	2
अरूभन्दा	2	2	2
अरूहरूलाई	2	2	2
अरेडियोधर्मी	2	2	2
अरेस	2	2	2
अर्काबाट	2	2	2
अर्कासित	2	2	2
अर्कैमा	2	2	2
अर्कोतर्फ	2	2	2
अर्कोपट्टी	2	2	2
अर्खला	2	2	2
अर्घाचुन्नाबेसीमा	2	2	2
अर्घ्य	2	2	2
अर्चलेबाट	2	2	2
अर्जुनक	2	2	2
अर्जुनका	2	2	2
अर्थतन्त्रलाई	2	2	2
अर्थमन्त्रालयमा	2	2	2
अर्थवेदमा	2	2	2
अर्थव्यवस्थाका	2	2	2
अर्थशास्त्रीहरू	2	2	1
अर्थसङ्कटका	2	2	2
अर्थसहित	2	2	2
अर्थहरूका	2	2	2
अर्थी	2	2	2
अर्थोडक्स	2	2	2
अर्थोपेडिक्स	2	2	2
अर्धगोलाकार	2	2	2
अर्धन्यायिक	2	2	2
अर्धव्यास	2	2	2
अर्धस्नान	2	2	2
अर्न्तगतका	2	2	2
अर्न्तविवाही	2	2	2
अर्भिन्ग	2	2	2
अर्मा	2	2	2
अर्ल	2	2	2
अलकोहलयुक्त	2	2	2
अलङ्करण	2	2	2
अलङ्कारको	2	2	2
अलबारदेइ	2	2	2
अलमल	2	2	2
अलमोरा	2	2	2
अलर्जीले	2	2	2
अलाबामामा	2	2	2
अलिङ्गसूत्रहरूमा	2	2	2
अलैहि	2	2	2
अल्झाइएको	2	2	2
अल्झेर	2	2	2
अल्टेनवर्गले	2	2	2
अल्ट्रावायलेट	2	2	2
अल्पकालिन	2	2	2
अल्पसंख्यकहरूको	2	2	2
अल्पायुत्वमा	2	2	2
अल्फा	2	2	2
अल्मोडा	2	2	2
अल्लाहसँग	2	2	2
अवतरण	2	2	2
अवतारमध्ये	2	2	2
अवतारहरूमा	2	2	2
अवधारणामा	2	2	2
अवन्तिका	2	2	2
अवरोधको	2	2	2
अवलोकनका	2	2	2
अवशेषहरूका	2	2	2
अवशोषण	2	2	2
अवसरमुखी	2	2	2
अवसरहरूबाट	2	2	2
अवस्थमा	2	2	2
अवस्थापूर्वका	2	2	2
अवस्थाबमोजिम	2	2	2
अवस्थाबाट	2	2	2
अवस्थाबाटै	2	2	2
अवाइसिया	2	2	2
अवार्डको	2	2	2
अविनाशी	2	2	2
अविश्वासको	2	2	2
अविस्मणीय	2	2	2
अविस्मरणीय	2	2	2
अव्यवस्थित	2	2	2
अशोकमान	2	2	2
अशोकले	2	2	2
अष्टकोण	2	2	2
अष्टम	2	2	2
अष्ट्रिया	2	2	2
अष्ट्रेलिया	2	2	2
अष्ट्रेलियासम्म	2	2	2
असंख्य	2	2	2
असंवैधानिक	2	2	2
असक्षम	2	2	2
असजिलो	2	2	2
असत्यको	2	2	2
असत्यप्रति	2	2	2
असदउ	2	2	2
असन्तुष्ट	2	2	2
असफलतालाई	2	2	2
असफलताले	2	2	2
असमान	2	2	2
असमानतालाई	2	2	2
असलि	2	2	2
असहज	2	2	2
असिम	2	2	2
असिसीको	2	2	2
असोजको	2	2	2
अस्टन	2	2	2
अस्त	2	2	2
अस्तित्ववादी	2	2	2
अस्त्रशस्त्र	2	2	2
अस्पतालहरू	2	2	2
अस्पतालहरूका	2	2	2
अस्पष्टता	2	2	2
अस्वभाविक	2	2	2
अहमदाबादलाई	2	2	2
अहम्	2	2	2
अहस्ताक्षरित	2	2	2
अहिल्याका	2	2	2
अहो	2	2	2
आँउछ	2	2	2
आँखाकेन्द्र	2	2	2
आँखाहरूको	2	2	2
आँखीझ्यालहरू	2	2	2
आँखीभुईं	2	2	2
आँखो	2	2	2
आँट	2	2	2
आँधीबेरी	2	2	2
आँधीबेहरी	2	2	2
आँधीलाई	2	2	2
आँधीहरू	2	2	2
आँपचौर	2	2	2
आँपटार	2	2	2
आँपपिपल	2	2	2
आँसीठुँडे	2	2	2
आंध्र	2	2	2
आइएन	2	2	2
आइएफएस	2	2	2
आइएमएफका	2	2	2
आइएसओले	2	2	2
आइजनहवर	2	2	2
आइजोल	2	2	2
आइज्याक	2	2	2
आइट्युन्सको	2	2	2
आइडिया	2	2	2
आइडी	2	2	2
आइतबारे	2	2	2
आइनू	2	2	2
आइपिले	2	2	2
आइपुगेछ	2	2	2
आइपुग्नुभन्दा	2	2	2
आइपुग्ने	2	2	2
आइभीमा	2	2	2
आइमाइहरूको	2	2	2
आइयुसिएनको	2	2	2
आइरन	2	2	2
आइरनको	2	2	2
आइलअफम्यान	2	2	2
आइलाग्नु	2	2	2
आइल्यान्डमा	2	2	2
आइसिएफसि	2	2	2
आइहाल्छ	2	2	2
आईएलका	2	2	2
आईएसएस	2	2	2
आईएसएसएनको	2	2	2
आईएसबीएनको	2	2	2
आउँथे	2	2	2
आउजाउ	2	2	2
आउटब्रेक	2	2	2
आउनुलाई	2	2	2
आऊँ	2	2	2
आएँ	2	2	2
आएअनुसार	2	2	2
आएकालाई	2	2	2
आओ	2	2	2
आकर्षकको	2	2	2
आकर्षणलाई	2	2	2
आकारहरू	2	2	2
आकाशका	2	2	2
आकाशगङ्गा	2	2	2
आकाशगङ्गामा	2	2	2
आकाशतर्फ	2	2	2
आकाशवाणीबाट	2	2	2
आकाशियो	2	2	2
आकृतिको	2	2	2
आकृतिले	2	2	2
आकृतिविहीन	2	2	2
आकृतिहरू	2	2	2
आकोन	2	2	2
आक्रमणका	2	2	2
आक्रमणकारी	2	2	2
आक्रमणकाल	2	2	2
आक्रमणपछिको	2	2	2
आक्सिजन	2	2	2
आखत	2	2	2
आख्यानको	2	2	2
आख्यानात्मक	2	2	2
आगन्तुकहरूले	2	2	2
आगमनदेखि	2	2	2
आगा	2	2	2
आगिन्चोक	2	2	2
आगेजुङ्ग	2	2	2
आगोबाट	2	2	2
आगोसित	2	2	2
आग्नेयास्त्रहरूका	2	2	2
आङ्गथार्की	2	2	2
आचमन	2	2	2
आचरणको	2	2	2
आचरणहरूमा	2	2	2
आचारको	2	2	2
आचारविचार	2	2	2
आचार्यलगायत	2	2	2
आचार्यहरूले	2	2	2
आजाका	2	2	2
आजै	2	2	2
आजैबाट	2	2	2
आज्ञापत्र	2	2	2
आज्ञालाई	2	2	2
आठपहरिया	2	2	2
आठलेन	2	2	2
आठौँकी	2	2	2
आड	2	2	2
आडम्बरका	2	2	2
आततायी	2	2	2
आत्मकथाहरू	2	2	2
आत्मको	2	2	2
आत्मग्लानि	2	2	2
आत्मजा	2	2	2
आत्मद्रव्य	2	2	2
आत्मद्रव्यहरूको	2	2	2
आत्मविकास	2	2	2
आत्मविश्वासको	2	2	2
आत्मसर्मपण	2	2	2
आत्मसात्	2	2	2
आत्महितकारी	2	2	2
आत्माले	2	2	2
आत्रय	2	2	2
आदर्शबाट	2	2	2
आदर्शमा	2	2	2
आदिकालदेखि	2	2	2
आदिकालीन	2	2	2
आदिबासी	2	2	2
आदिवासिहरूले	2	2	2
आदेशमा	2	2	2
आधाजति	2	2	2
आधारबाट	2	2	2
आधारमै	2	2	2
आधाररेखालाई	2	2	2
आधारशीला	2	2	2
आधुनिकताको	2	2	2
आध्यात्मतर्फ	2	2	2
आन	2	2	2
आनन्दका	2	2	2
आनन्ददायक	2	2	2
आनन्ददेव	2	2	2
आनन्दबाट	2	2	2
आनन्दवन	2	2	2
आनन्दै	2	2	2
आनुवंशिकताका	2	2	2
आनुवंशिकताको	2	2	2
आनुवांशिक	2	2	2
आनुवाद	2	2	2
आन्देस	2	2	2
आन्दोलनकारीले	2	2	2
आन्दोलनकै	2	2	2
आन्दोलनमार्फत	2	2	2
आपत	2	2	2
आपतकालका	2	2	2
आपद्	2	2	2
आपातकालका	2	2	2
आपूर्तिकर्ता	2	2	2
आपेक्षिक	2	2	2
आप्रवासन	2	2	2
आप्रवासीहरू	2	2	2
आप्रवासीहरूलाई	2	2	2
आफन्तकहाँ	2	2	2
आफूजस्तै	2	2	2
आफूबाट	2	2	2
आफूसमक्ष	2	2	2
आफैं	2	2	2
आफैंले	2	2	2
आफ्नाहरू	2	2	2
आबद्धताविना	2	2	2
आबादीको	2	2	2
आभामा	2	2	2
आभाष	2	2	2
आभूषण	2	2	2
आभूषणहरू	2	2	2
आमचुनाव	2	2	2
आमडाँडामा	2	2	2
आमन्त्रणमा	2	2	2
आमसभा	2	2	2
आमाछोरा	2	2	2
आमिरको	2	2	2
आयको	2	2	2
आयतन	2	2	2
आयनमा	2	2	2
आयरल्यान्ड	2	2	2
आयरल्यान्डबाट	2	2	2
आयर्स	2	2	2
आयश्रोत	2	2	2
आयुक्तलाई	2	2	2
आयोगद्वारा	2	2	2
आयोजनको	2	2	2
आयोजनाका	2	2	2
आयोजनाकै	2	2	2
आयोजनाबाट	2	2	2
आयोडिनको	2	2	2
आरक्ष	2	2	2
आरक्षणको	2	2	2
आरक्षणमा	2	2	2
आरपार	2	2	2
आरम्भको	2	2	2
आराध्यदेव	2	2	2
आरामदेह	2	2	2
आरुखर्क	2	2	2
आरू	2	2	2
आरोपको	2	2	2
आर्जनको	2	2	2
आर्टस्मा	2	2	2
आर्टिकल्ड	2	2	2
आर्टिस्ट	2	2	2
आर्ट्समा	2	2	2
आर्द्रता	2	2	2
आर्यभट्टीयका	2	2	2
आलवाई	2	2	2
आले	2	2	2
आलोक्य	2	2	2
आलोचकले	2	2	2
आलोचनाको	2	2	2
आलोचनाहरू	2	2	2
आवजले	2	2	2
आवत	2	2	2
आवन्टित	2	2	2
आवरक्राफ्ट	2	2	2
आवरणहरूलाई	2	2	2
आवश्यकताअनुसार	2	2	2
आवश्यकताका	2	2	2
आवश्यकतानुसार	2	2	2
आवश्यकताहरूलाई	2	2	2
आवश्यकहरू	2	2	2
आवादी	2	2	2
आवासका	2	2	2
आवासको	2	2	2
आवासबाहेक	2	2	2
आवासयोग्य	2	2	2
आवासिय	2	2	2
आविष्कारले	2	2	2
आवेगको	2	2	2
आवेशित	2	2	2
आशक्ति	2	2	2
आशङ्का	2	2	2
आशङ्कित	2	2	2
आशाको	2	2	2
आशावारलाई	2	2	2
आशावारहरूको	2	2	2
आशावारहरूमा	2	2	2
आशाहरू	2	2	2
आशोचको	2	2	2
आश्रमबाट	2	2	2
आश्रमलाई	2	2	2
आश्वासन	2	2	2
आषाढको	2	2	2
आस	2	2	2
आसन	2	2	2
आसनमा	2	2	2
आसमानको	2	2	2
आसावादी	2	2	2
आस्तिकलाई	2	2	2
आस्थामा	2	2	2
आहारलाई	2	2	2
इँटाको	2	2	2
इएल	2	2	2
इओआकिमोभिच	2	2	2
इकाइको	2	2	2
इग्नेटियस	2	2	2
इङ्काको	2	2	2
इच्छापूर्ति	2	2	2
इच्छापूर्तिको	2	2	2
इच्छालाई	2	2	2
इच्छासिद्धि	2	2	2
इच्छित	2	2	2
इजलास	2	2	2
इजलासका	2	2	1
इट	2	2	2
इटालीको	2	2	2
इटेका	2	2	2
इडा	2	2	2
इतिहासअनुसार	2	2	2
इतिहासमै	2	2	1
इतिहासविदहरू	2	2	2
इतिहासहरू	2	2	2
इत्यादिका	2	2	2
इत्यादिले	2	2	2
इत्यादीसँग	2	2	2
इत्र	2	2	2
इन्कलाब	2	2	2
इन्चको	2	2	2
इन्चमा	2	2	2
इन्चसम्म	2	2	2
इन्जेक्ट	2	2	2
इन्टरप्रसाद	2	2	2
इन्टरविकि	2	2	2
इन्टर्नेसनल	2	2	2
इन्डिजका	2	2	2
इन्डिपेटेन्ड	2	2	2
इन्डिवरजी	2	2	2
इन्डोक्राइन	2	2	2
इन्डोनेसियन	2	2	2
इन्डोमलायन	2	2	2
इन्डोस्केलेटन	2	2	2
इन्तिजार	2	2	2
इन्दिवर	2	2	2
इन्दीवर	2	2	2
इन्दौरका	2	2	2
इन्द्रजात्रा	2	2	2
इन्द्रजीत	2	2	2
इन्द्रप्रस्थलाई	2	2	2
इन्द्रवज्रा	2	2	2
इन्द्राणीको	2	2	2
इन्द्राणीले	2	2	2
इन्द्रेणी	2	2	2
इन्पुटको	2	2	2
इन्फर्मेसन	2	2	2
इन्फोबक्सको	2	2	2
इन्सपेक्टरकी	2	2	2
इन्स्टिट्युट	2	2	2
इन्हेरिटेन्स	2	2	2
इपिएफमा	2	2	2
इफेक्ट	2	2	2
इबनसीनावाद	2	2	2
इमर्जेन्सीको	2	2	2
इमान्दारी	2	2	2
इमिरेट्सको	2	2	2
इराकको	2	2	2
इरानमा	2	2	2
इरानसँग	2	2	2
इरानी	2	2	2
इरिक्सनको	2	2	2
इलंगो	2	2	2
इलियटलाई	2	2	2
इलेक्ट्रिसियले	2	2	2
इलेक्ट्रोनहरू	2	2	2
इल्लल्लाह	2	2	2
इवान्स	2	2	2
इशाको	2	2	2
इशानेश्वर	2	2	2
इश्वरको	2	2	2
इश्वरी	2	2	2
इष्टदेवी	2	2	2
इस	2	2	2
इसपले	2	2	2
इसरो	2	2	2
इसाईहरू	2	2	2
इसारा	2	2	2
इसारामा	2	2	2
इसिकावालाई	2	2	2
इस्मालाई	2	2	2
इस्वी	2	2	2
इस्वीसम्म	2	2	2
ईच्छा	2	2	2
ईज्जतले	2	2	2
ईडिओसीको	2	2	2
ईन्ट्रिक	2	2	2
ईश्वरबल्लभका	2	2	2
ईश्वरवचन	2	2	2
ईश्वरीय	2	2	2
ईसमा	2	2	2
ईसाइ	2	2	2
ईसापूर्वमा	2	2	2
ईस्वी	2	2	2
ईस्वीका	2	2	2
उ	2	2	2
उक्ति	2	2	2
उक्लिनको	2	2	2
उखुको	2	2	2
उखेले	2	2	2
उखेलेर	2	2	2
उघ्रने	2	2	2
उचनिचको	2	2	2
उचाइले	2	2	2
उचाइसम्म	2	2	2
उचाईँमा	2	2	2
उचाईमा	2	2	2
उचालिँदै	2	2	2
उचालिएको	2	2	2
उचालेको	2	2	2
उचाल्दै	2	2	2
उचाल्न	2	2	2
उच्चपद	2	2	2
उच्चविद्यालय	2	2	2
उच्चस्तरको	2	2	2
उच्चस्तरीय	2	2	2
उच्छ	2	2	2
उछाउनी	2	2	2
उछिन्दै	2	2	2
उजुङ	2	2	2
उजुर	2	2	2
उज्जवल	2	2	2
उज्जैन	2	2	2
उज्जैनस्थित	2	2	2
उज्बेक	2	2	2
उज्यालोमा	2	2	2
उज्वेकिस्तान	2	2	2
उठाउँछ	2	2	2
उठायो	2	2	2
उठिरहेको	2	2	2
उठे	2	2	2
उठ्दा	2	2	2
उडिया	2	2	2
उडिरहेका	2	2	2
उडिरहेको	2	2	2
उड्डयनको	2	2	2
उड्दै	2	2	2
उड्नुको	2	2	2
उतारिदिए	2	2	2
उतार्न	2	2	2
उतिस	2	2	2
उत्कृष्ठ	2	2	2
उत्तरतिरबाट	2	2	2
उत्तरपट्ट	2	2	2
उत्तरपट्टि	2	2	2
उत्तरपूर्वबाट	2	2	2
उत्तरप्रदेशका	2	2	2
उत्तरभारतीय	2	2	2
उत्तराञ्चल	2	2	2
उत्तराधिकारको	2	2	2
उत्तराधिकारीका	2	2	2
उत्तराषाढा	2	2	2
उत्ताउलिएर	2	2	2
उत्ति	2	2	2
उत्तिस	2	2	2
उत्तेजनाका	2	2	2
उत्तेजित	2	2	2
उत्परिवर्तनहरूमा	2	2	2
उत्पातको	2	2	2
उत्पादनलगायत	2	2	2
उत्पादनहरूमा	2	2	2
उत्पीडनले	2	2	2
उत्रेर	2	2	2
उत्सर्ग	2	2	2
उत्सर्जित	2	2	2
उत्सवहरू	2	2	2
उथलपुथल	2	2	2
उदयपछि	2	2	2
उदयपुरगढी	2	2	2
उदयसँगै	2	2	2
उदहारणको	2	2	2
उदारतावादका	2	2	2
उदारवादको	2	2	2
उदारीकरणको	2	2	2
उदासी	2	2	2
उदासीन	2	2	2
उदाहरणदेखि	2	2	2
उद्घोषणको	2	2	1
उद्दण्ड	2	2	2
उद्देश्यहरू	2	2	2
उद्धर्तन	2	2	2
उद्धवकाद्वारा	2	2	2
उद्धारक	2	2	2
उद्धारको	2	2	2
उद्धारमा	2	2	2
उद्धेश्य	2	2	2
उद्यम	2	2	2
उद्योगको	2	2	2
उद्योगबाट	2	2	2
उद्योगसँग	2	2	2
उद्योगहरूको	2	2	2
उद्वेलन	2	2	2
उधौलीका	2	2	2
उनलार्इ	2	2	2
उनिहरूको	2	2	2
उनीप्रति	2	2	2
उनीभन्दा	2	2	2
उनीमाथि	2	2	2
उनीहरूबाट	2	2	2
उनीहरूसँगै	2	2	2
उनैका	2	2	2
उनैमा	2	2	2
उनैसँग	2	2	2
उन्नाइसमा	2	2	2
उन्नाव	2	2	2
उन्यु	2	2	2
उपको	2	2	2
उपग्रहहरूमा	2	2	2
उपचारपश्चात्	2	2	2
उपचारबाट	2	2	2
उपचाररत	2	2	2
उपचारले	2	2	2
उपचारात्मक	2	2	2
उपचारिकाहरूको	2	2	2
उपजको	2	2	2
उपजिल्लाको	2	2	2
उपथर	2	2	2
उपथरहरूलाई	2	2	2
उपदेशसमेत	2	2	2
उपधाराहरूले	2	2	2
उपनगर	2	2	2
उपनगरहरूमा	2	2	2
उपनामबाट	2	2	2
उपनामले	2	2	2
उपनिवेशका	2	2	2
उपनिवेशवादी	2	2	2
उपनिवेशहरू	2	2	2
उपनिवेशीकरण	2	2	2
उपनिवेसहरूका	2	2	2
उपनिवेसहरूको	2	2	2
उपनिषद्को	2	2	2
उपनिषद्तर्फ	2	2	2
उपन्यासकारका	2	2	2
उपन्यासकारले	2	2	2
उपन्यासकी	2	2	2
उपन्यासबाट	2	2	2
उपन्यासीकरणलाई	2	2	2
उपबोली	2	2	2
उपभोगका	2	2	2
उपभोगको	2	2	2
उपमहाद्विपमा	2	2	2
उपमहानगरपालिकाको	2	2	2
उपमाहरूको	2	2	2
उपमाहानगरपालिका	2	2	2
उपयोगलाई	2	2	2
उपयोगितालाई	2	2	2
उपराजकीय	2	2	2
उपलब्धता	2	2	2
उपलब्धिको	2	2	2
उपलब्धियहरूमा	2	2	2
उपलब्धिहरूले	2	2	2
उपलब्धिहरूसँग	2	2	2
उपलब्धी	2	2	2
उपवासम	2	2	2
उपश्रेणीहरू	2	2	2
उपसभापति	2	2	2
उपसम्पादक	2	2	2
उपस्थितिको	2	2	2
उपहारहरू	2	2	2
उपाए	2	2	2
उपाध्यायद्वारा	2	2	2
उपायमध्ये	2	2	2
उपायहरुसँग	2	2	2
उपायहरूमा	2	2	2
उपायोगिता	2	2	2
उप्रेतिले	2	2	2
उफ्रने	2	2	2
उबलहरू	2	2	2
उब्जायो	2	2	2
उभारहरूको	2	2	2
उभिँदा	2	2	2
उभिन	2	2	2
उभ्याइने	2	2	2
उमङ्ग	2	2	2
उमारिएका	2	2	2
उमार्छन्	2	2	2
उमार्न	2	2	2
उमेरको	2	2	2
उमेरसँग	2	2	2
उमेरसम्म	2	2	2
उम्खोन्तो	2	2	2
उम्मेदवारका	2	2	2
उम्मेद्वार	2	2	2
उरहरी	2	2	2
उरुग्वाइ	2	2	2
उर्गेन	2	2	2
उर्जाबाट	2	2	2
उर्लिएको	2	2	2
उर्वरा	2	2	2
उर्वशी	2	2	2
उल्कामा	2	2	1
उल्टाइदिइन्	2	2	2
उल्टी	2	2	2
उल्टै	2	2	2
उष्मा	2	2	2
उस	2	2	2
उसँग	2	2	2
उसिनेर	2	2	2
उसैलाई	2	2	2
उस्कव	2	2	2
उस्ताद	2	2	2
उहाँकै	2	2	2
उहाँजस्तै	2	2	2
उहाँसँगै	2	2	2
उहाँहरूले	2	2	2
ऊर्जामा	2	2	2
ऊसँग	2	2	2
ऋतुका	2	2	2
ऋतुदानको	2	2	2
ऋद्धिबाबा	2	2	2
ऋद्धिसिद्धिको	2	2	2
ऋषिमुनी	2	2	2
ऋषिराज	2	2	2
ऋषिहरूले	2	2	2
एआयोएफ	2	2	2
एआयोएफको	2	2	2
एउटामात्र	2	2	2
एउटालाई	2	2	2
एउटैको	2	2	2
एएसइएएन	2	2	2
एकएकवटा	2	2	2
एकचोटि	2	2	2
एकछिन	2	2	2
एकताबद्ध	2	2	2
एकतिहाई	2	2	2
एकदिनको	2	2	2
एकदिवसीय	2	2	2
एकपट्टिको	2	2	2
एकप्रकारले	2	2	2
एकबाट	2	2	2
एकभाग	2	2	2
एकमुस्ट	2	2	2
एकलाख	2	2	2
एकवटा	2	2	2
एकाआपसमा	2	2	2
एकाकार	2	2	2
एकादश	2	2	2
एकादशीसँग	2	2	2
एकाध	2	2	2
एकाधिक	2	2	2
एकिकरण	2	2	2
एकेडेमीमा	2	2	2
एकैचोटि	2	2	2
एकैठाउँ	2	2	2
एकैठाउँमा	2	2	2
एकैनास	2	2	2
एकैनासको	2	2	2
एक्काईसौँ	2	2	2
एक्कासी	2	2	2
एक्टोवेजिन	2	2	2
एक्युरियम	2	2	2
एक्वाडोरको	2	2	2
एक्वामरीनको	2	2	2
एक्विनोक्समा	2	2	2
एक्स	2	2	2
एक्सकिरणहरूको	2	2	2
एक्सटर	2	2	2
एक्सनमा	2	2	2
एक्सन्	2	2	2
एक्ससूत्र	2	2	2
एक्सेन्जमा	2	2	2
एक्स्ट्रासोलर	2	2	2
एग्लेस्टन	2	2	2
एचवी	2	2	2
एजेन्डासँगै	2	2	2
एटमिक	2	2	2
एडमार्क	2	2	2
एडमिनहरूलाई	2	2	2
एडवीन	2	2	2
एडिट	2	2	2
एडेन	2	2	2
एड्मिनिस्ट्रेटरहरूमा	2	2	2
एड्सका	2	2	2
एथलिटहरूलाई	2	2	2
एथेन्समा	2	2	2
एनआरटी	2	2	2
एनएबल्ड	2	2	2
एनजीसी	2	2	2
एनर्जी	2	2	2
एनसीपी	2	2	2
एनसेलले	2	2	2
एनि	2	2	2
एनिड	2	2	2
एनेकपा	2	2	2
एनेट	2	2	2
एन्जिल्सको	2	2	2
एन्टिअक्सिडेन्ट	2	2	2
एन्ट्रमबाट	2	2	2
एन्डरसनको	2	2	2
एन्डरसनद्वारा	2	2	2
एन्डिवरमा	2	2	2
एन्ड्रोमेडा	2	2	2
एन्सेल	2	2	2
एपल	2	2	2
एपलाइ	2	2	2
एफसीटीको	2	2	2
एबम्	2	2	2
एबर्ट	2	2	2
एबर्टले	2	2	2
एबिसिद्वारा	2	2	2
एबेल	2	2	2
एभरेस्ट	2	2	2
एमएनएसका	2	2	2
एमएस	2	2	2
एमएस्सी	2	2	2
एमके	2	2	2
एमजिएम	2	2	2
एमबिए	2	2	2
एमबी	2	2	2
एमानिटा	2	2	2
एम्बुसमा	2	2	2
एम्मी	2	2	2
एम्सटर्डम	2	2	2
एयरलाइन्ससँग	2	2	2
एरियाका	2	2	2
एरियाको	2	2	2
एरिसको	2	2	2
एरोनोमी	2	2	2
एलएलडी	2	2	2
एलएलबी	2	2	2
एलएलबीसम्म	2	2	2
एलिजाबेथको	2	2	2
एलियन	2	2	2
एलियन्सदेखि	2	2	2
एलिवेटेड	2	2	2
एलेक्ट्रोनहरूको	2	2	2
एल्ड्रिक	2	2	2
एल्फा	2	2	2
एल्फाथैलैसिमियाका	2	2	2
एसआर	2	2	2
एसएचएस	2	2	2
एसटिएस	2	2	2
एसलभी	2	2	2
एसिटोनसँग	2	2	2
एसियासँग	2	2	2
एसिस्टेड	2	2	2
एसीसी	2	2	2
एसेर	2	2	2
एसोसिएटेड	2	2	2
एसोसिएसनका	2	2	2
ऐनअनुसार	2	2	2
ऐनद्वारा	2	2	2
ऐनाकार्डियेसी	2	2	2
ऐबकको	2	2	2
ऐरी	2	2	2
ऐश्वर्यले	2	2	2
ओक	2	2	2
ओकार	2	2	2
ओक्काक	2	2	2
ओखलढुङाको	2	2	2
ओझेल	2	2	2
ओझेलमा	2	2	2
ओझेलिएको	2	2	2
ओटाको	2	2	2
ओडम	2	2	2
ओडैबालाई	2	2	2
ओपनर	2	2	2
ओभरदेखि	2	2	2
ओमकारनाथ	2	2	2
ओरिएन्टल	2	2	2
ओर्नेक	2	2	2
ओर्लिएको	2	2	2
ओलन	2	2	2
ओलम्पिकदेखि	2	2	2
ओलाङचुङगोला	2	2	2
ओलीलाई	2	2	2
ओलीले	2	2	2
ओल्डफिल्डले	2	2	2
ओसाका	2	2	2
ओहायो	2	2	2
औँला	2	2	2
औँल्याएका	2	2	2
औँसीपछि	2	2	2
औँसीमा	2	2	2
औंसी	2	2	2
औकाद	2	2	2
औचित्यमा	2	2	2
औजारहरूको	2	2	2
औडत	2	2	2
औपनिवेशीकरणको	2	2	2
औरङ्गाबाद	2	2	2
औव	2	2	2
औषधको	2	2	2
औषधिहरूमा	2	2	2
औसीले	2	2	2
ककुवय्	2	2	2
कक्कायन	2	2	2
कक्षाकोठा	2	2	2
कक्षाकोठामा	2	2	2
कक्ष्यान्ड	2	2	2
कङ्कर्ड	2	2	2
कङ्खाथर	2	2	2
कङ्गारु	2	1	1
कचिडेमा	2	2	2
कछडियाहरू	2	2	2
कटवाल	2	2	2
कटाउने	2	2	2
कटिबन्धीय	2	2	2
कटुताको	2	2	2
कट्टरपन्थीहरूले	2	2	2
कठपुतली	2	2	2
कठिनाइका	2	2	2
कठ्याङ्ग्रिएको	2	2	2
कठ्याङ्ग्रिएर	2	2	2
कडीको	2	2	2
कणप	2	2	2
कणहरूले	2	2	2
कतरनाक	2	2	2
कताबाट	2	2	2
कतार	2	2	2
कतारमलको	2	2	2
कतिको	2	2	2
कतिबेला	2	2	2
कतिसम्म	2	2	2
कथनअनुसार	2	2	2
कथाकारले	2	2	2
कथानकको	2	2	2
कथावाचन	2	2	2
कथाश्रवण	2	2	2
कथाहरूभित्र	2	2	2
कदमलाई	2	2	2
कदरयोग्य	2	2	2
कदरस्वरूप	2	2	2
कदली	2	2	2
कदाचित	2	2	2
कनकाई	2	2	2
कनार	2	2	2
कन्कुवाइनमा	2	2	2
कन्चनपुरबाट	2	2	2
कन्टेन्ट	2	2	2
कन्ठस्वर	2	2	2
कन्दमुल	2	2	2
कन्नौजका	2	2	2
कन्यादानको	2	2	2
कन्सन्ट्रेसन	2	2	2
कन्सल्ट्यान्ट	2	2	2
कन्सेप्टमा	2	2	2
कपटपूर्ण	2	2	2
कपडाका	2	2	2
कपडालगायतका	2	2	2
कपुर	2	2	2
कपुरी	2	2	2
कप्तानको	2	2	2
कबिलासी	2	2	2
कभरगर्लको	2	2	2
कभार	2	2	2
कमजोरीमा	2	2	2
कमजोरीमाथि	2	2	2
कमनर	2	2	2
कमन्स	2	2	2
कममात्रामा	2	2	2
कमलद्वारा	2	2	2
कमलपोखरी	2	2	2
कमलर	2	2	2
कमलाजी	2	2	2
कमलामाईको	2	2	2
कमाइएको	2	2	2
कमाइदिएको	2	2	2
कमाउँछु	2	2	2
कमान	2	2	2
कमानको	2	2	2
कमान्डले	2	2	2
कमाल	2	2	2
कमिकहरू	2	2	2
कमिङ्ग	2	2	2
कमिटिको	2	2	2
कमिटिला	2	2	2
कमिलो	2	2	2
कमिसनरको	2	2	2
कमीकमजोरीको	2	2	2
कमैयाका	2	2	2
कम्जोरी	2	2	2
कम्पनीमाला	2	2	2
कम्पनीहरूको	2	2	2
कम्पनीहरूले	2	2	2
कम्पाइलर	2	2	2
कम्पुटर	2	2	2
कम्पुटरमा	2	2	2
कम्पोज	2	2	2
कम्प्युटरले	2	2	2
कम्प्युटरहरू	2	2	2
कम्युनले	2	2	2
कम्युनिज्म	2	2	2
कम्युनिटीको	2	2	2
करङ	2	2	2
करताल	2	2	2
कराँची	2	2	2
कराइना	2	2	2
कराते	2	2	2
करियरका	2	2	2
करिश्मा	2	2	2
करिश्माकी	2	2	2
करुणा	2	2	2
करुणाकर	2	2	2
करूणामय	2	2	2
करेन	2	2	2
करेन्टमा	2	2	2
करोडपतिको	2	2	2
करोडपतिमा	2	2	2
करोडपतिलाई	2	2	2
करौली	2	2	2
कर्कोटक	2	2	2
कर्चना	2	2	2
कर्जन्हा	2	2	2
कर्जा	2	2	2
कर्णसेन	2	2	2
कर्णालीबासी	2	2	2
कर्णालीसँग	2	2	2
कर्णावती	2	2	2
कर्तव्यहरू	2	2	2
कर्थलीको	2	2	2
कर्नाटकका	2	2	2
कर्नाल	2	2	2
कर्नेल	2	2	2
कर्पुटार	2	2	2
कर्मकाण्डहरूमा	2	2	2
कर्मकान्डबाट	2	2	2
कर्मचारीतन्त्र	2	2	2
कर्मठ	2	2	2
कर्मफलको	2	2	2
कर्मभूमि	2	2	2
कर्मी	2	2	2
कलंकित	2	2	2
कलना	2	2	2
कलपुर्जासमेत	2	2	2
कलभोज	2	2	2
कलरको	2	2	2
कलवलको	2	2	2
कलवेल	2	2	2
कलवेलले	2	2	2
कलाकारमध्येका	2	2	2
कलाकारलाई	2	2	2
कलाकारहरूमा	2	2	2
कलाकौशल	2	2	2
कलात्मकता	2	2	2
कलि	2	2	2
कलिङ्ग	2	2	2
कलुषित	2	2	2
कलेजले	2	2	2
कलेजस्तरको	2	2	2
कलैया	2	2	2
कल्चर	2	2	2
कल्पनामा	2	2	2
कल्पवृक्ष	2	2	2
कल्याणका	2	2	2
कल्लु	2	2	2
कवर्धा	2	2	2
कवही	2	2	2
कविताकृतिमा	2	2	2
कविताबाट	2	2	2
कवितासङ्ग्रह	2	2	2
कविताहरूले	2	2	2
कविलाई	2	2	2
कविलासी	2	2	2
कविशिरोमणि	2	2	2
कवीन्द्र	2	2	2
कवीरदासको	2	2	2
कवीरसँग	2	2	2
कव्वालीका	2	2	2
कश्मीर	2	2	2
कष्टकार	2	2	2
कष्टपूर्ण	2	2	2
कष्टबाट	2	2	2
कष्टभन्दा	2	2	2
कष्टमा	2	2	2
कष्टहरूको	2	2	2
कसारको	2	2	2
कसाहीलाई	2	2	2
कसेर	2	2	2
कस्तूरबा	2	2	2
कस्दरी	2	2	2
कस्मोपोलिटान	2	2	2
कहनू	2	2	2
कहरवा	2	2	2
कहलाउँछन्	2	2	2
कहलिने	2	2	2
कहिलेकाहीं	2	2	2
कहीँकहीँ	2	2	2
कहीं	2	2	2
काँ	2	2	2
काँकरभित्ता	2	2	2
काँचको	2	2	2
काँसी	2	2	2
काँहू	2	2	2
काउली	2	2	2
काक	2	2	2
काकतीय	2	2	2
काकाका	2	2	2
काक्रेबिहार	2	2	2
काखा	2	2	2
काखीमा	2	2	2
कागजपत्रको	2	2	2
कागतीको	2	2	2
कागहरू	2	2	2
काङ्ग्रेसबाट	2	2	2
काङ्ग्रेससँग	2	2	2
काजमा	2	2	2
काजहरुमा	2	2	2
काञ्ची	2	2	2
काटिँदै	2	2	2
काटेका	2	2	2
काटेपछि	2	2	2
काट्टो	2	2	2
काट्ता	2	2	2
काठकै	2	2	2
काठफोर	2	2	2
काठमाडौँमै	2	2	2
काठमाडौँसम्म	2	2	2
काठमाडौँस्थित	2	2	2
काठमाण्डौ	2	2	2
काठलाई	2	2	2
काठले	2	2	2
काठे	2	2	2
काण्डहरूबाट	2	2	2
कातेर	2	2	2
कानु	2	2	2
कानेउन्यु	2	2	2
कान्टै	2	2	2
कान्तिदायक	2	2	2
कान्तिपुरमा	2	2	2
कापी	2	2	2
कापीमा	2	2	2
कापुचीनो	2	2	2
काप्चा	2	2	2
काबिज	2	2	2
काब्रो	2	2	2
काभ्रा	2	2	2
काभ्रेपलान्चोक	2	2	2
काभ्रेपलाल्चोक	2	2	2
काभ्रेमा	2	2	2
काभ्रेस्थली	2	2	2
कामकाज	2	2	2
कामकाजी	2	2	2
कामदा	2	2	2
कामदारको	2	2	2
कामदारहरूको	2	2	2
कामनालाई	2	2	2
कामनासिद्धिका	2	2	2
कामरूप	2	2	2
कामलाग्ने	2	2	2
कामवासना	2	2	2
कामसूत्रबाट	2	2	2
कामहरुले	2	2	2
कामहरूका	2	2	2
कामातुर	2	2	2
काम्डेनले	2	2	2
काम्बले	2	2	2
कारको	2	2	2
कारखानामा	2	2	2
कारखानाहरूका	2	2	2
कारगर	2	2	2
कारजाईको	2	2	2
कारणका	2	2	2
कारणको	2	2	2
कारणहरूको	2	2	2
कारणहरूमा	2	2	2
कारावासको	2	2	2
कार्गोको	2	2	2
कार्टा	2	2	2
कार्डमा	2	2	2
कार्तविर्यले	2	2	2
कार्थक	2	2	2
कार्बाही	2	2	2
कार्बोनिफेरस	2	2	2
कार्मिक	2	2	2
कार्मेल	2	2	2
कार्यकर्तामाथि	2	2	2
कार्यकर्ताले	2	2	2
कार्यकारिणी	2	2	2
कार्यक्रमबाट	2	2	2
कार्यक्रमलाई	2	2	2
कार्यक्रमहरुमा	2	2	2
कार्यक्रमहरूले	2	2	2
कार्यलयका	2	2	2
कार्यसमिति	2	2	2
कार्यसिद्धिको	2	2	2
कार्यहरूद्वारा	2	2	2
कार्यालयदेखि	2	2	2
कार्लोस	2	2	2
कालक्रम	2	2	2
कालक्रममा	2	2	2
कालजनि	2	2	2
कालदेवलको	2	2	2
कालबाटै	2	2	2
कालमै	2	2	2
कालसर्पयोगलाई	2	2	2
कालान्तारमा	2	2	2
कालापानी	2	2	2
कालाहरूको	2	2	2
कालिकाको	2	2	2
कालिदासका	2	2	2
कालिम्पोङमा	2	2	2
कालीकण्ठ	2	2	2
कालीका	2	2	2
कालीखोला	2	2	2
कालीगढहरू	2	2	2
कालीन	2	2	2
कालीबंगन	2	2	2
कालेगाँडा	2	2	2
कालोढाडे	2	2	2
कालोपुच्छ्रे	2	2	2
कालोबजारीको	2	2	2
काव्यकृतिका	2	2	2
काव्यकौशलको	2	2	2
काव्यहरूमा	2	2	2
काव्यात्मक	2	2	2
काशीमृत्युबारे	2	2	2
काशीरूपादेवी	2	2	2
काश्मिरी	2	2	2
काश्यप	2	2	2
काश्यपको	2	2	2
कासगंज	2	2	2
कास्कीबाट	2	2	2
कास्कीमा	2	2	2
काहुँ	2	2	2
किकवेते	2	2	2
किङफिसर	2	2	2
किङ्का	2	2	2
किङ्स्टन	2	2	2
किचक	2	2	2
किचनरले	2	2	2
किच्चकबधको	2	2	2
किटिङले	2	2	2
किटुसँग	2	2	2
किटेर	2	2	2
किट्चले	2	2	2
किताबहरूको	2	2	2
किननको	2	2	2
किनबेच	2	2	2
किनलोकका	2	2	2
किनारबाट	2	2	2
किनारहरूदेखि	2	2	2
किनाराका	2	2	2
किनेका	2	2	2
किन्जी	2	2	2
किन्ताङ्ग	2	2	2
किन्नको	2	2	2
किन्नुपर्छ	2	2	2
किन्वन	2	2	2
किपरको	2	2	2
किपलिङ्गद्वारा	2	2	2
किपिङ	2	2	2
किमबदन्ती	2	2	2
किमसँग	2	2	2
किमीको	2	2	2
किम्बदन्ति	2	2	2
कियानी	2	2	2
किरणद्वारा	2	2	2
किरणभन्दा	2	2	2
किरदार	2	2	2
किराँतकाल	2	2	2
किराँतकालदेखि	2	2	2
किराँतकालीन	2	2	2
किराँतक्षेत्रमा	2	2	2
किराँतहरूबाट	2	2	2
किराँतहरूलाई	2	2	2
किराँतहरूले	2	2	2
किरान्चोक	2	2	2
किराहरू	2	2	2
किराहरूको	2	2	2
किराहरूले	2	2	2
किरिया	2	2	2
किरीटरूपमा	2	2	2
किर्गिजस्तान	2	2	2
किर्जिस्तान	2	2	2
किर्तिमानी	2	2	2
किर्नेटार	2	2	2
किलाहरूबाट	2	2	2
किलेदार	2	2	2
किलेनुमा	2	2	2
किलोका	2	2	2
किलोग्रामको	2	2	2
किलोग्रामदेखि	2	2	2
किलोमिटरदेखी	2	2	2
किलोमिटरसम्म	2	2	2
किलोमीटर	2	2	2
किलोमीटरको	2	2	2
किल्लादेखि	2	2	2
किल्लाबाट	2	2	2
किशन	2	2	2
किशोरीहरूसँग	2	2	2
किसाननगर	2	2	2
किसानहरूले	2	2	2
किस्ताको	2	2	2
की	2	2	2
कीचकको	2	2	2
कीटनाशकका	2	2	2
कीरा	2	2	2
कीराले	2	2	2
कीर्तिपुरका	2	2	2
कु	2	2	2
कुइका	2	2	2
कुइने	2	2	2
कुक	2	2	2
कुकी	2	2	2
कुकुरकोटे	2	2	2
कुकुरतिहार	2	2	2
कुकुरबारे	2	2	2
कुकुरहरूलाई	2	2	2
कुखुरालाई	2	2	2
कुखुरी	2	2	2
कुचबिहार	2	2	2
कुचरसँग	2	2	2
कुची	2	2	2
कुछ	2	1	1
कुजुकुरी	2	2	2
कुञ्जगिरी	2	2	2
कुञ्जी	2	2	2
कुञ्जो	2	2	2
कुट	2	2	2
कुटनीति	2	2	2
कुटिडाँडा	2	2	2
कुटिया	2	2	2
कुटीहरू	2	2	2
कुटुम्ब	2	2	2
कुट्की	2	2	2
कुण्ठा	2	2	2
कुण्डमा	2	2	2
कुण्डल	2	2	2
कुण्डलीवाला	2	2	2
कुदेशमा	2	2	2
कुद्न	2	2	2
कुननहरूको	2	2	2
कुना	2	2	2
कुनैदिन	2	2	2
कुनैमा	2	2	2
कुन्चोक	2	2	2
कुन्टा	2	2	2
कुन्नि	2	2	2
कुबुकस्थली	2	2	2
कुभलो	2	2	2
कुमधर्के	2	2	2
कुमाउँमाथि	2	2	2
कुमारजी	2	2	2
कुम्टोली	2	2	2
कुम्भै	2	2	2
कुर	2	1	1
कुरासँग	2	2	2
कुरिनटार	2	2	2
कुरियर	2	2	2
कुरुक्षेत्रमा	2	2	2
कुरुलेतेनुपा	2	2	2
कुरूप	2	2	2
कुरूपतालाई	2	2	2
कुरेको	2	2	2
कुर्कुच्चामा	2	2	2
कुर्कुच्चो	2	2	2
कुर्ता	2	2	2
कुर्नुपर्छ	2	2	2
कुर्यौँ	2	2	2
कुलचन्द्र	2	2	2
कुलदेवताका	2	2	2
कुलनाम	2	2	2
कुललाई	2	2	2
कुलादि	2	2	2
कुलानन्द	2	2	2
कुली	2	2	2
कुलेर्णीको	2	2	2
कुल्चिएर	2	2	2
कुल्ली	2	2	2
कुशलतालाई	2	2	2
कुष्टरोगी	2	2	2
कुष्ठरोगीको	2	2	2
कुसाहा	2	2	2
कुसिलो	2	2	2
कुसुम	2	2	2
कुस्ती	2	2	2
कूटनीतिज्ञले	2	2	2
कृतित्वलाई	2	2	2
कृतिहरूमध्ये	2	2	2
कृत्यको	2	2	2
कृत्यहरूप्रति	2	2	2
कृत्यहरूबाट	2	2	2
कृपालु	2	2	2
कृयाकलाप	2	2	2
कृषकहरू	2	2	2
कृषकहरूका	2	2	2
कृषिकेन्द्रित	2	2	2
कृषिप्रधान	2	2	2
कृषिभूमिको	2	2	2
कृषिसम्बन्धी	2	2	2
कृष्णका	2	2	2
कृष्णकी	2	2	2
कृष्णको	2	2	2
कृष्णदत्त	2	2	2
कृष्णभक्त	2	2	2
कृष्णमन्दिरबाट	2	2	2
कृष्णमायाको	2	2	2
कृष्णमोहन	2	2	2
कृष्णले	2	2	2
कृष्णसम्म	2	2	2
कृष्णहरि	2	2	2
केएल	2	2	2
केजरीवाल	2	2	2
केजरीवालका	2	2	2
केजी	2	2	2
केटको	2	2	2
केटाकेटीले	2	2	2
केटाहरू	2	2	2
केटीले	2	2	2
केटीहरूको	2	2	2
केटीहरूलाई	2	2	2
केदारेश्वर	2	2	2
केनिया	2	2	2
केनेथ	2	2	2
केन्द्रले	2	2	2
केन्द्रहरूमा	2	2	2
केन्द्रीकृत	2	2	2
केन्नर	2	2	2
केन्या	2	2	2
केबल्स	2	2	2
केबुल	2	2	2
केभ	2	2	2
केमद्रुम	2	2	2
केमेस्ट्रीको	2	2	2
केयसँग	2	2	2
केरकार	2	2	2
केरलमै	2	2	2
केरूङ	2	2	2
केरौजा	2	2	2
केशवटार	2	2	2
केसरिया	2	2	2
केसीका	2	2	2
केहीको	2	2	2
कैचीबाट	2	2	2
कैदिहरूलाई	2	2	2
कैदीको	2	2	2
कैमरूनको	2	2	2
कैलाशकूट	2	2	2
कैलाशधाम	2	2	2
कैलेडन	2	2	2
कोंकण	2	2	2
कोअली	2	2	2
कोइलीको	2	2	2
कोकाकोला	2	2	2
कोकिन	2	2	2
कोखकी	2	2	2
कोखाजोर	2	2	2
कोगन	2	2	2
कोचिङ	2	2	2
कोजाग्रत	2	2	2
कोटाबाट	2	2	2
कोटामा	2	2	2
कोटिकरमा	2	2	2
कोटिका	2	2	2
कोटी	2	2	2
कोटीहोममा	2	2	2
कोट्सीले	2	2	2
कोडमा	2	2	2
कोडलाई	2	2	2
कोणबाट	2	2	2
कोणमा	2	2	2
कोणलाई	2	2	2
कोणसंस्थाय	2	2	2
कोतमा	2	2	2
कोतवाल	2	2	2
कोत्रेखोलासम्म	2	2	2
कोपभाजनको	2	2	2
कोपभाजनबाट	2	2	2
कोप्पल	2	2	2
कोफी	2	2	2
कोबाट	2	2	2
कोमलता	2	2	2
कोमलप्रसाद	2	2	2
कोरल	2	2	2
कोरा	2	2	2
कोराक	2	2	2
कोरियामासमेत	2	2	2
कोरेर	2	2	2
कोर्डमा	2	2	2
कोर्थे	2	2	2
कोर्दा	2	2	2
कोलम्बियाको	2	2	2
कोलान	2	2	2
कोलिग्राम	2	2	2
कोलीयहरूका	2	2	2
कोलोराडो	2	2	2
कोल्टो	2	2	2
कोल्भरको	2	2	2
कोवमा	2	2	2
कोवान	2	2	2
कोवेन	2	2	2
कोश	2	2	2
कोसाभित्रको	2	2	2
कोसाम्बामा	2	2	2
कौरवहरूद्वारा	2	2	2
कौरवहरूबाट	2	2	2
कौशलको	2	2	2
कौशिकी	2	2	2
क्याजुअल	2	2	2
क्याथोलिकको	2	2	2
क्यानडामा	2	2	2
क्यानाडा	2	2	2
क्यानाडामा	2	2	2
क्यान्टिनको	2	2	2
क्यान्सरबाट	2	2	2
क्यापेली	2	2	2
क्यामरूनले	2	2	2
क्यामेरा	2	2	2
क्यामेराको	2	2	2
क्याम्पमा	2	2	2
क्याम्पसहरू	2	2	2
क्याम्पसाइटमा	2	2	2
क्यारियर	2	2	2
क्यारियरमा	2	2	2
क्यारियरहरू	2	2	2
क्यारेट	2	2	2
क्यारेबियन	2	2	2
क्यारेरा	2	2	2
क्यालसियम	2	2	2
क्यालीफोर्निया	2	2	2
क्रमलाई	2	2	2
क्रमशःले	2	2	2
क्रमोन्नत	2	2	2
क्रस	2	2	2
क्रिकेटको	2	2	2
क्रिपर	2	2	2
क्रियाकलापलगायतका	2	2	2
क्रियाकलापलाई	2	2	2
क्रियाका	2	2	2
क्रियाफलको	2	2	2
क्रियाबाट	2	2	2
क्रियाशीलता	2	2	2
क्रियेटिव	2	2	2
क्रिस्टलको	2	2	2
क्रिस्टीआनो	2	2	2
क्रिस्टेन	2	2	2
क्रिस्टेनसन	2	2	2
क्रिस्टोफर	2	2	2
क्रूसमा	2	2	2
क्रैब	2	2	2
क्रोधका	2	2	2
क्रोधी	2	2	2
क्लबहैडको	2	2	2
क्लर्कका	2	2	2
क्लव	2	2	2
क्लस्टरमा	2	2	2
क्लाइबर्न	2	2	2
क्लाडोस्पोरियम	2	2	2
क्लार्कलाई	2	2	2
क्लार्कले	2	2	2
क्लासकै	2	2	2
क्लिपटाउनको	2	2	2
क्लेन्सी	2	2	2
क्लोनिङ	2	2	2
क्वाइलमा	2	2	2
क्वाटरफाइनल	2	2	2
क्वालालम्पुर	2	2	2
क्विन	2	2	2
क्विन्सल्यान्डका	2	2	2
क्विल	2	2	2
क्वीन्स	2	2	2
क्ष	2	2	2
क्षत्रेलाई	2	2	2
क्षमताबाट	2	2	2
क्षमाशीलता	2	2	2
क्षयको	2	2	2
क्षयरोगका	2	2	2
क्षयरोगको	2	2	2
क्षयरोगले	2	2	2
क्षिण	2	2	2
क्षितिजीय	2	2	2
क्षेत्रतिर	2	2	2
क्षेत्रबीच	2	2	2
क्षेत्रभन्दा	2	2	2
क्षेत्रमध्ये	2	2	2
क्षेत्रमाथि	2	2	2
क्षेत्रलगायत	2	2	2
क्षेत्रहरु	2	2	2
क्षेत्राधिकारलाई	2	2	2
क्षेत्रानुसार	2	2	2
क्षेत्रिहरूको	2	2	2
क्षेत्रीयहरूको	2	2	2
क्षेत्रीसँग	2	2	2
खओला	2	2	2
खकुरेल	2	2	2
खगोलविदद्वारा	2	2	2
खगोलविद्	2	2	2
खगोलशास्त्रअनुसार	2	2	2
खगोलशास्त्रीहरू	2	2	2
खञ्जरी	2	2	2
खटाइएको	2	2	2
खट्का	2	2	2
खडखडे	2	2	2
खड्गमान	2	2	2
खण्डहरू	2	2	2
खतिवडा	2	2	2
खत्तमको	2	2	2
खत्म	2	2	2
खत्रीको	2	2	2
खदानहरूमा	2	2	2
खनिउको	2	2	2
खनिएका	2	2	2
खनिएको	2	2	2
खन्ना	2	2	2
खन्भात	2	2	2
खन्याइदिए	2	2	2
खपत	2	2	2
खपिनसक्नु	2	2	2
खप्की	2	2	2
खम्पाचे	2	2	2
खम्बाका	2	2	2
खम्बाचे	2	2	2
खम्बामा	2	2	2
खम्बुले	2	2	2
खम्बुवानको	2	2	2
खरको	2	2	2
खरसाङमा	2	2	2
खरानीटारमा	2	2	2
खराबीको	2	2	2
खरी	2	2	2
खरीको	2	2	2
खरीदाहा	2	1	1
खर्कको	2	2	2
खर्साङमा	2	2	1
खलङ्गालाई	2	2	2
खलबलिएको	2	2	2
खसभाषामा	2	2	2
खसहरू	2	2	2
खसहरूको	2	2	2
खसालेर	2	2	2
खसाल्नको	2	2	2
खसि	2	2	2
खसेको	2	2	2
खस्कियो	2	2	2
खहटे	2	2	2
खहरेको	2	2	2
खाँडो	2	2	2
खाँदैन	2	2	2
खाइदिएपछि	2	2	2
खाटमुनि	2	2	2
खाडल	2	2	2
खाडीबाट	2	2	2
खाडीमा	2	2	2
खातुनको	2	2	2
खादवारी	2	2	2
खाद्यवस्तुको	2	2	2
खाद्यसामग्री	2	2	2
खानद्वारा	2	2	2
खानपिन	2	2	2
खानपिनमा	2	2	2
खानसम्म	2	2	2
खानाका	2	2	2
खानालाई	2	2	2
खानीले	2	2	2
खानुअघि	2	2	2
खानुपर्यो	2	2	2
खानुहुन्छ	2	2	2
खानेदेखि	2	2	2
खान्थेँ	2	2	2
खापर	2	2	2
खामका	2	2	2
खामपट्ट	2	2	2
खाम्पाहरूको	2	2	2
खार्ता	2	2	2
खार्मी	2	2	2
खालि	2	2	2
खाल्डोसँगै	2	2	2
खावाङ	2	2	2
खासगरि	2	2	2
खासा	2	2	2
खिइँदै	2	2	2
खिचडी	2	2	2
खिलाफतको	2	2	2
खिलाया	2	2	2
खिल्ली	2	2	2
खील	2	2	2
खुँदिखोला	2	2	2
खुँदोसँग	2	2	2
खुट्टाजस्तै	2	2	2
खुट्टाबाट	2	2	2
खुट्टाभन्दा	2	2	2
खुट्टाले	2	2	2
खुदाको	2	2	2
खुदिमा	2	2	2
खुम्चेर	2	2	2
खुलाइदिनुभएमा	2	2	2
खुलाउन	2	2	2
खुलाउनुभएको	2	2	2
खुलेआम	2	2	2
खुल्दछ	2	2	2
खुल्लेआम	2	2	2
खुवाउनुहुन्छ	2	2	2
खुवाऊ	2	2	2
खुसरो	2	2	2
खुसीयालीमा	2	2	2
खूब	2	2	2
खेतबारीका	2	2	2
खेतबारीहरूमा	2	2	2
खेतालाको	2	2	2
खेतालाहरूलाई	2	2	2
खेति	2	2	2
खेतिपाती	2	2	2
खेतीपातीको	2	2	2
खेतीबाट	2	2	2
खेदजनक	2	2	2
खेपेर	2	2	2
खेमकरण	2	2	2
खेरिको	2	2	2
खेलकुदहरूमा	2	2	2
खेलक्षेत्रमा	2	2	2
खेलबाडमाथि	2	2	2
खेलमैदानभित्र	2	2	2
खेलले	2	2	2
खेलाडीहरूलाई	2	2	2
खेलिएको	2	2	2
खेलिन्	2	2	2
खेलेथ्यौं	2	2	2
खेलौँला	2	2	2
खेल्छिन्	2	2	2
खेल्नुसरह	2	2	2
खैरेनीघाटमा	2	2	2
खोँचमा	2	2	2
खोंच	2	2	2
खोजकर्ताहरूका	2	2	2
खोजिएका	2	2	2
खोजियो	2	2	2
खोजीलाई	2	2	2
खोजेका	2	2	2
खोजेर	2	2	2
खोज्छन्	2	2	2
खोज्छौँ	2	2	2
खोज्दैछ	2	2	2
खोज्नुभएकोमा	2	2	2
खोटाङमा	2	2	2
खोतल्न	2	2	2
खोदाइबाट	2	2	2
खोप्रिङ	2	2	2
खोलाखेत	2	2	2
खोलानालाहरूले	2	2	2
खोलिदिएको	2	2	2
खोलिदियो	2	2	2
खोलियो	2	2	2
खोलेधोबिनी	2	2	2
खोल्छन्	2	2	2
खोल्दाखेरि	2	2	2
खोस्न	2	2	2
खौमाटोलमा	2	2	2
खौरने	2	2	2
खौरी	2	2	2
ख्या	2	2	2
ख्याउटे	2	2	2
ख्यालै	2	2	2
गँइ	2	2	2
गइ	2	2	2
गइरहेछ	2	2	2
गइसक्यो	2	2	2
गएकाहरू	2	2	2
गएकाहरूले	2	2	2
गङ्गटोकको	2	2	2
गङ्गाजी	2	2	2
गङ्गाजीमा	2	2	2
गङ्गादेखि	2	2	2
गङ्गालाललाई	2	2	2
गजलकार	2	2	2
गजलजस्ता	2	2	2
गजुल	2	2	2
गजेन्द्र	2	2	2
गजेन्द्रमोक्ष	2	2	2
गठबन्धनको	2	2	2
गडीकोट	2	2	2
गडौली	2	2	2
गढमुक्तेश्रवरका	2	2	2
गढीको	2	2	2
गणतन्त्रका	2	2	2
गणनाको	2	2	2
गणनापछि	2	2	2
गणले	2	2	2
गणितज्ञहरूले	2	2	2
गणितिय	2	2	2
गतिबाट	2	2	2
गतिमान	2	2	2
गतिविधिसँग	2	2	2
गतिशिल	2	2	2
गतेसम्ममा	2	2	2
गदगद	2	2	2
गदा	2	2	2
गद्दीको	2	2	2
गद्यको	2	2	2
गद्यगुरु	2	2	2
गधायुद्ध	2	2	2
गधायुद्धको	2	2	2
गनिन्छ	2	2	2
गनेका	2	2	2
गन्ती	2	2	2
गन्धमादन	2	2	2
गन्धयुक्त	2	2	2
गन्धले	2	2	2
गन्हाएमा	2	2	2
गम्प	2	2	2
गया	2	2	2
गरकै	2	2	2
गरगहनामा	2	2	2
गरमोरान	2	2	2
गराइना	2	2	2
गराइराख्न	2	2	2
गराउँथिन्	2	2	2
गराउँदछन्	2	2	2
गराउँदा	2	2	2
गराउँदैछ	2	2	2
गराउनुभएको	2	2	2
गराएकी	2	2	2
गराएन	2	2	2
गरिएजस्तै	2	2	2
गरिएपछिबाट	2	2	2
गरिदिनुभएको	2	2	2
गरिबहरू	2	2	2
गरिरहनेछौँ	2	2	2
गरिरहेकै	2	2	2
गरिरहेछ	2	2	2
गरिरहेछु	2	2	2
गरिरह्यो	2	2	2
गरिराखेका	2	2	2
गरिसकिएको	2	2	2
गरिहेका	2	2	2
गरीदिनु	2	2	2
गरीदिनुहोला	2	2	2
गरीना	2	2	2
गरीबी	2	2	2
गरीबीमा	2	2	2
गरुडपुराण	2	2	2
गरूड	2	2	2
गरूडमा	2	2	2
गरेकोछ	2	2	2
गरेकोबाट	2	2	2
गरेजस्तो	2	2	2
गरेपनि	2	2	2
गर्छस्	2	2	2
गर्छे	2	2	2
गर्टिन	2	2	2
गर्दथियो	2	2	2
गर्दासमेत	2	2	2
गर्दिनु	2	2	2
गर्दैनथ्यो	2	2	2
गर्दैमा	2	2	2
गर्दो	2	2	2
गर्नतर्फ	2	2	2
गर्नासाथ	2	2	2
गर्नुअगाडि	2	2	2
गर्नुअघि	2	2	2
गर्नुभएमा	2	2	2
गर्नुलाई	2	2	2
गर्नुहुँदै	2	2	2
गर्नेबाट	2	2	2
गर्नेबाहेक	2	2	2
गर्नेहरू	2	2	2
गर्नेहरूप्रति	2	2	2
गर्नैपर्ने	2	2	2
गर्भगृहको	2	2	2
गर्भधारण	2	2	2
गर्भधारणदेखि	2	2	2
गर्भपतन	2	2	2
गर्भावस्थाको	2	2	2
गर्भाशय	2	2	2
गर्भिणी	2	2	2
गर्मफल	2	2	2
गर्मीका	2	2	2
गर्मीयाममा	2	2	2
गर्लको	2	2	2
गर्वको	2	2	2
गर्वबोधको	2	2	2
गल	2	2	2
गलकोट	2	2	2
गलतलाई	2	2	2
गल्छीबाट	2	2	2
गल्तीहरूको	2	2	2
गवर्नमेन्ट	2	2	2
गवर्नरका	2	2	2
गस्तीको	2	2	2
गहनासम्म	2	2	2
गहनाहरू	2	2	2
गहरा	2	2	2
गहिराई	2	2	2
गहिरिएर	2	2	2
गहिरे	2	2	2
गह्रा	2	2	2
गह्रौँ	2	2	2
गाँठाहरू	2	2	2
गाँधी	2	2	2
गाँस	2	2	2
गाँसिन	2	2	2
गाँसेकै	2	2	2
गाँसेको	2	2	2
गाइड	2	2	2
गाइड्सको	2	2	2
गाईजात्रा	2	2	2
गाईपालन	2	2	2
गाईवस्तुलगायतका	2	2	2
गाईहरू	2	2	2
गाउँँ	2	2	2
गाउँघरतिर	2	2	2
गाउँघरमा	2	2	2
गाउँछन्	2	2	2
गाउँवासी	2	2	2
गाउको	2	2	2
गाउनका	2	2	2
गाएँ	2	2	2
गागिया	2	2	2
गाडेको	2	2	2
गाड्नुका	2	2	2
गाण्डब	2	2	2
गाथामा	2	2	2
गाधि	2	2	2
गान्धार	2	2	2
गान्धारीका	2	2	2
गान्धीजीका	2	2	2
गान्धीजीको	2	2	2
गान्धीवादी	2	2	2
गामा	2	2	2
गाम्पोको	2	2	2
गायनको	2	2	2
गायनलाई	2	2	2
गायनले	2	2	2
गायब	2	2	2
गारो	2	2	2
गार्डीओलालाई	2	2	2
गार्मेन्ट	2	2	2
गाला	2	2	2
गालाको	2	2	2
गाविसस्थित	2	2	2
गाविसहरूका	2	2	2
गाविसहरूलाई	2	2	2
गिट्खालाई	2	2	2
गिरफ्तारी	2	2	2
गिरिदेखि	2	2	2
गिरिराज	2	2	2
गिरिह	2	2	2
गिरीले	2	2	2
गिलार्ड	2	2	2
गिल्ड	2	2	2
गीतदेखि	2	2	2
गीतसंगीतका	2	2	2
गीतानगरमा	2	2	2
गीतामाता	2	2	2
गीतै	2	2	2
गुच्चीको	2	2	2
गुच्छा	2	2	2
गुच्छाका	2	2	2
गुज्रिरहेको	2	2	2
गुटबन्दी	2	2	2
गुठली	2	2	2
गुठीबारे	2	2	2
गुठीयारहरू	2	2	2
गुडगाउँ	2	2	2
गुडाउन	2	2	2
गुणका	2	2	2
गुणकामदेवले	2	2	2
गुणकारी	2	2	2
गुणनफलले	2	2	2
गुणले	2	2	2
गुणवत्ताको	2	2	2
गुणवाला	2	2	2
गुणसूत्रका	2	2	2
गुणस्तरको	2	2	2
गुणस्तरिय	2	2	2
गुणोंको	2	2	2
गुदीभित्र	2	2	2
गुनगुने	2	2	2
गुनासाहरूचाहिँ	2	2	2
गुनासोको	2	2	2
गुनासोमा	2	2	2
गुनिया	2	2	2
गुप्तवास	2	2	2
गुप्तेश्वर	2	2	2
गुफाभित्र	2	2	2
गुफालाई	2	2	2
गुफासम्म	2	2	2
गुमाउन	2	2	2
गुमाउनुपरेको	2	2	2
गुमाए	2	2	2
गुम्फन	2	2	2
गुम्बदाकारी	2	2	2
गुम्बामाथि	2	2	2
गुम्यो	2	2	2
गुरुङका	2	2	2
गुरुङले	2	2	2
गुरुत्व	2	2	2
गुरुत्वार्षणका	2	2	2
गुरुहरुको	2	2	2
गुरूगृहका	2	2	2
गुरूद्वारको	2	2	2
गुरूप्रसादको	2	2	2
गुरूयोजना	2	2	2
गुरूहरू	2	2	2
गुलजारद्वारा	2	2	2
गुलाफ	2	2	2
गुलाफका	2	2	2
गुलेली	2	2	2
गुल्म	2	2	2
गुह्यकालीको	2	2	2
गुह्यपतन	2	2	2
गूढ	2	2	2
गृष्मऋतु	2	2	2
गृहनिर्माण	2	2	2
गृहमा	2	2	2
गृहयुद्ध	2	2	2
गृहयुद्धको	2	2	2
गृहस्थको	2	2	2
गृहिणी	2	2	2
गेटोरेड	2	2	2
गेटोरेडले	2	2	2
गेदले	2	2	2
गेनिथ	2	2	2
गेमलाई	2	2	2
गेम्स	2	2	2
गेरग्याल	2	2	2
गेराल्ड	2	2	2
गेरोस्ट्राट	2	2	2
गेलाँ	2	2	2
गेलुक	2	2	2
गेस्टहाउस	2	2	2
गैरकानूनी	2	2	2
गैरराजनैतिक	2	2	2
गैरहेका	2	2	2
गैरिमुडी	2	2	2
गैरीकलाव	2	2	2
गैरीगाउँ	2	2	2
गैरे	2	2	2
गैविन	2	2	2
गैह्र	2	2	2
गैह्रागाउँ	2	2	2
गोअञ्चल	2	2	2
गोकर्णे	2	2	2
गोठालाहरू	2	2	2
गोठालेद्वारा	2	2	2
गोठालो	2	2	2
गोठीवाङ	2	2	2
गोड्डा	2	2	2
गोत्रमा	2	2	2
गोत्रहरूको	2	2	2
गोदवा	2	2	2
गोदार	2	2	2
गोदावरीका	2	2	2
गोधरा	2	2	2
गोधुली	2	2	2
गोन्जाल्वोको	2	2	2
गोपकपट्टन	2	2	2
गोपकपुरी	2	2	2
गोपलज्यू	2	2	2
गोपालगञ्ज	2	2	2
गोपालपुर	2	2	2
गोपीको	2	2	2
गोपीचन्दन	2	2	2
गोपीहरूका	2	2	2
गोबरडिहा	2	2	2
गोबरसँग	2	2	2
गोब्रे	2	2	2
गोब्रेसल्लो	2	2	2
गोमा	2	2	2
गोमादेवीका	2	2	2
गोमेद	2	2	2
गोरक्षनाथ	2	2	2
गोरखनाथबाट	2	2	2
गोरखाली	2	2	2
गोरुराटमा	2	2	2
गोर्खाका	2	2	2
गोर्खाधर्मको	2	2	2
गोर्खालीहरूले	2	2	2
गोर्खेधाप	2	2	2
गोलको	2	2	2
गोलबन्द	2	2	2
गोललाम्चो	2	2	2
गोलार्द्धबाट	2	2	2
गोलीबारी	2	2	2
गोले	2	2	2
गोलोमा	2	2	2
गोवर्धन	2	2	2
गोवाको	2	2	2
गोविन्दजी	2	2	2
गोविन्दपाद	2	2	2
गोविन्दपादाचार्यलाई	2	2	2
गोविन्दपुर	2	2	2
गोविन्दा	2	2	2
गोहीलाई	2	2	2
गौँथलीको	2	2	2
गौचन	2	2	2
गौड	2	2	2
गौणता	2	2	2
गौतमबुद्धका	2	2	2
गौतमले	2	2	2
गौतमीको	2	2	2
गौरवमय	2	2	2
गौसका	2	2	2
ग्याँसहरू	2	2	2
ग्याँसहरूलाई	2	2	2
ग्याङ	2	2	2
ग्याप	2	2	2
ग्यालेक्सि	2	2	2
ग्यालेक्सीको	2	2	2
ग्यालेक्सीदेखि	2	2	2
ग्यालेक्सीमा	2	2	2
ग्यालेक्सीहरू	2	2	2
ग्यालेक्सीहरूका	2	2	2
ग्याल्मोले	2	2	2
ग्रन्थहरूका	2	2	2
ग्रन्थी	2	2	2
ग्रन्थ्ालाई	2	2	2
ग्रहगोचरको	2	2	2
ग्रहीय	2	2	2
ग्रान्डे	2	2	2
ग्राफिक	2	2	2
ग्राफिकल	2	2	2
ग्रामदेवीको	2	2	2
ग्रामिण	2	2	2
ग्राम्य	2	2	2
ग्राह्यता	2	2	2
ग्रियर्सन	2	2	2
ग्रिसेली	2	2	2
ग्रीक	2	2	2
ग्रीष्म	2	2	2
ग्रीष्मकालका	2	2	2
ग्रीष्मकालीन	2	2	2
ग्रेब	2	2	2
ग्रेलग	2	2	2
ग्रेसफुल	2	2	2
ग्ली	2	2	2
ग्लीको	2	2	2
ग्लोब	2	2	2
ग्ल्यामरस	2	2	2
ग्वालालाई	2	2	2
ग्वालाले	2	2	2
घग्घर	2	2	2
घचेट्दै	2	2	2
घच्घचाइरहेछन्	2	2	2
घटकको	2	2	2
घटनाक्रमका	2	2	2
घटनाहरूद्वारा	2	2	2
घटस्थापनादेखि	2	2	2
घटाउ	2	2	2
घटाएर	2	2	2
घटिरहेको	2	2	2
घटेकाले	2	2	2
घट्टामा	2	2	2
घट्दैन	2	2	2
घट्नु	2	2	2
घडामा	2	2	2
घनिष्ठता	2	2	2
घरदैलो	2	2	2
घरधुरीहरु	2	2	2
घरबारीमा	2	2	2
घरवरिपरिको	2	2	2
घरसंसार	2	2	2
घरसङ्ख्या	2	2	2
घरसमेत	2	2	2
घरहरूको	2	2	2
घरहरूमा	2	2	2
घरहरूलाई	2	2	2
घरिघरि	2	2	2
घर्सिंदै	2	2	2
घाँडो	2	2	2
घाँसका	2	2	2
घाँसेचरी	2	2	2
घाँसेमैदानमा	2	2	2
घागरा	2	2	2
घाटिहरू	2	2	2
घाटी	2	2	2
घाटीबाट	2	2	2
घानाबाट	2	2	2
घान्द्रुकबाट	2	2	2
घिमिरेमाथि	2	2	2
घिर्नीमाथि	2	2	2
घुनको	2	2	2
घुमघामका	2	2	2
घुमिरहेको	2	2	2
घुम्नुभएको	2	2	2
घुम्र	2	2	2
घुम्रिएको	2	2	2
घुरेजस्तो	2	2	2
घुर्मी	2	2	2
घुलमिलका	2	2	2
घेराउ	2	2	2
घेरिए	2	2	2
घेरिएर	2	2	2
घेर्ने	2	2	2
घोचक	2	2	2
घोटेर	2	2	2
घोट्दै	2	2	2
घोडे	2	2	2
घोडेदेखि	2	2	2
घोप्टे	2	2	2
घोम्प्याङ	2	2	2
घोर	2	2	2
घोल	2	2	2
घोषणापत्रले	2	2	2
घोषणाप्रति	2	2	2
घोषणाले	2	2	2
घ्याचोक	2	2	2
घ्याम्पो	2	2	2
घ्यू	2	2	2
घ्यूको	2	2	2
चंखु	2	2	2
चकचके	2	2	2
चकचकेदेखि	2	2	2
चक्रबहादुरको	2	2	2
चक्रमा	2	2	2
चक्रवर्तीसँग	2	2	2
चङ्खपनले	2	2	2
चट्टानहरू	2	2	2
चट्याङ्ग	2	2	2
चढाइएका	2	2	2
चढाइएकी	2	2	2
चढाइको	2	2	2
चढाउदा	2	2	2
चढाउनु	2	2	2
चढाउनुपर्छ	2	2	2
चढावदेखि	2	2	2
चढे	2	2	2
चढ्छु	2	2	2
चढ्दो	2	2	2
चतुराले	2	2	2
चतुर्मास	2	2	2
चतुर्मासको	2	2	2
चतुर्याइँ	2	2	2
चतुर्याइँको	2	2	2
चन्दद्वारा	2	2	2
चन्दनजस्तो	2	2	2
चन्दनीस्थित	2	2	2
चन्दरबरदाइको	2	2	2
चन्दले	2	2	2
चन्द्रदूत	2	2	2
चन्द्रदेवले	2	2	2
चन्द्रप्रसाद	2	2	2
चन्द्रबिन्दु	2	2	2
चन्द्रमाकी	2	2	2
चन्द्रमामा	2	2	2
चन्द्रमास	2	2	2
चन्द्रमासका	2	2	2
चन्द्रलाई	2	2	2
चन्द्राकार	2	2	2
चपली	2	2	2
चपाउँदा	2	2	2
चपाउने	2	2	2
चमक	2	2	2
चमकिनु	2	2	2
चमत्कारपूर्वक	2	2	2
चमेलीको	2	2	2
चयनका	2	2	2
चरणलाई	2	2	2
चरणहरूको	2	2	2
चरनयोग्य	2	2	2
चरनीमा	2	2	2
चराउँदै	2	2	2
चराचुरुङ्गीहरूको	2	2	2
चराविद्हरूको	2	2	2
चराहरूको	2	2	2
चराहरूले	2	2	2
चरु	2	2	2
चर्काउने	2	2	2
चर्कायो	2	2	2
चर्चलाई	2	2	2
चर्चहरूले	2	2	2
चर्पी	2	2	2
चलचित्रकर्मी	2	2	2
चलचित्रबाहेक	2	2	2
चलचित्रहरूका	2	2	2
चला	2	2	2
चलाइरहेको	2	2	2
चलाई	2	2	2
चलाउनेहरूको	2	2	2
चलाएर	2	2	2
चलाओस्	2	2	2
चलाख	2	2	2
चलिरहेकै	2	2	2
चलिरहेकोले	2	2	2
चली	2	2	2
चल्थ्यो	2	2	2
चवरा	2	2	2
चहलपहल	2	2	2
चहार्नुहुन्छ	2	2	2
चाँगुनारायण	2	2	2
चाँजोपाँजो	2	2	2
चाँदीलाई	2	2	2
चाँप	2	2	2
चाउ	2	2	2
चाउचाउको	2	2	2
चाउलो	2	2	2
चाकल	2	2	2
चाकुखोला	2	2	2
चाखम	2	2	2
चाखलाग्दा	2	2	2
चाखिरहेको	2	2	2
चाखुरा	2	2	2
चाखेको	2	2	2
चाख्दै	2	2	2
चाङगिज	2	2	2
चाङगु	2	2	2
चाडपर्व	2	2	2
चाडै	2	2	2
चापद्वारा	2	2	2
चापागाउँमा	2	2	2
चामलबाट	2	2	2
चामे	2	2	2
चाम्लिङ	2	2	2
चारकुने	2	2	2
चारकोसे	2	2	2
चारमा	2	2	2
चारमुखे	2	2	2
चारहरूतर्फ	2	2	2
चारैतिरका	2	2	2
चारैवटा	2	2	2
चार्ज्ड	2	2	2
चार्टको	2	2	2
चार्टर	2	2	2
चार्टरमा	2	2	2
चार्लिज	2	2	2
चालको	2	2	2
चालिए	2	2	2
चालिनुपर्दछ	2	2	2
चालिन्छ	2	2	2
चालिमहोङका	2	2	2
चाल्दा	2	2	2
चाल्नाले	2	2	2
चावलालाई	2	2	2
चासुवा	2	2	2
चासोका	2	2	2
चाहँदैनन्	2	2	2
चाहन्थिइन्	2	2	2
चाहन्थिन्	2	2	2
चाहेर	2	2	2
चिउरा	2	2	2
चिकित्सकको	2	2	2
चिकित्सकहरूका	2	2	2
चिकित्सापद्दति	2	2	2
चिकित्सालयको	2	2	2
चिकित्सालहरूको	2	2	2
चिकित्साशास्त्र	2	2	2
चिकित्साशास्त्रका	2	2	2
चिकित्साशैलीका	2	2	2
चिची	2	2	2
चिटसिट	2	2	2
चिठीको	2	2	2
चितवनका	2	2	2
चिताउनु	2	2	2
चित्रकथाहरू	2	2	2
चित्रकलामा	2	2	2
चित्रकारद्वारा	2	2	2
चित्रकारले	2	2	2
चित्रकारसँग	2	2	2
चित्ररथमा	2	2	2
चित्रहरूलाई	2	2	2
चित्रा	2	2	2
चिदीबास	2	2	2
चिनबाट	2	2	2
चिनसँगको	2	2	2
चिनारीका	2	2	2
चिनिए	2	2	2
चिनिन्छिन्	2	2	2
चिनेकी	2	2	2
चिनोका	2	2	2
चिन्छु	2	2	2
चिन्ताहरू	2	2	2
चिन्ताहरूबाट	2	2	2
चिन्नेबास	2	2	2
चिम	2	2	2
चिमालको	2	2	2
चिरकालदेखि	2	2	2
चिरफारले	2	2	2
चिलले	2	2	2
चिसोयाममा	2	2	2
चिहाइरहेका	2	2	2
चिह्नदेखि	2	2	2
चीज	2	2	2
चीनमा	2	2	2
चुँडिएको	2	2	2
चुकाउँदा	2	2	2
चुक्ता	2	2	2
चुक्दैनन्	2	2	2
चुचुरा	2	2	2
चुचुरालाई	2	2	2
चुचुराहरू	2	2	2
चुचुराहरूमा	2	2	2
चुचुरो	2	2	2
चुटन	2	2	2
चुट्किला	2	2	2
चुडाउँदा	2	2	2
चुतरा	2	2	2
चुनको	2	2	2
चुनाइयो	2	2	2
चुनाफाँट	2	2	2
चुनावद्वारा	2	2	2
चुनावप्रतिको	2	2	2
चुनिइन्	2	2	2
चुनिनु	2	2	2
चुनुदेवी	2	2	2
चुनौतीहरूको	2	2	2
चुन्नका	2	2	2
चुपचाप	2	2	2
चुम्बकको	2	2	2
चुम्बकहरूले	2	2	2
चुम्बनका	2	2	2
चुलिएको	2	2	2
चुलोचौकोमा	2	2	2
चुलोबाट	2	2	2
चुसेर	2	2	2
चेतनासमेत	2	2	2
चेतावनी	2	2	2
चेन्दु	2	2	2
चेन्नई	2	2	2
चेपाङहरू	2	2	2
चेपुवामा	2	2	2
चेप्छ	2	2	2
चेप्टा	2	2	2
चेम्बर	2	2	2
चेरासिन	2	2	2
चेरी	2	2	2
चेरे	2	2	2
चेरोन	2	2	2
चेलीबेटी	2	2	2
चेलीबेटीलाई	2	2	2
चेलीलाई	2	2	2
चेल्सीको	2	2	2
चेवावनी	2	2	2
चेहेरे	2	2	2
चैतन्य	2	2	2
चैतमै	2	2	2
चैतलाई	2	2	2
चैतसम्ममा	2	2	2
चैते	2	2	2
चैत्यहरूमा	2	2	2
चोइस	2	2	2
चोकबाट	2	2	2
चोप	2	2	2
चोपडाद्वारा	2	2	2
चोभारको	2	2	2
चोया	2	2	2
चोयाबाट	2	2	2
चोरहरूले	2	2	2
चोरीमा	2	2	2
चोर्न	2	2	2
चोर्नी	2	2	2
चोसो	2	2	2
चौँरीको	2	2	2
चौँरीगाईको	2	2	2
चौकीको	2	2	2
चौखम	2	2	2
चौघरे	2	2	2
चौघरेको	2	2	2
चौतर्फी	2	2	2
चौताराबाट	2	2	2
चौथा	2	2	2
चौथाइलाई	2	2	2
चौदण्डीको	2	2	2
चौपायाको	2	2	2
चौपारीको	2	2	2
चौबाटोमा	2	2	2
चौबिसी	2	2	2
चौबीसमा	2	2	2
चौबीसे	2	2	2
चौरमा	2	2	2
चौरसिया	2	2	2
चौरीखर्कको	2	2	2
चौलाइ	2	2	2
चौलाखर्कको	2	2	2
चौलागाई	2	2	2
चौसठ्ठी	2	2	2
चौहानलाई	2	2	2
च्म्काउन	2	2	2
च्याउबाट	2	2	2
च्याङ्ग्रे	2	2	2
च्यात्छ	2	2	2
च्याप्टरहरू	2	2	2
च्याब्रुङ्ग	2	2	2
च्याम्पियनस	2	2	2
च्याम्बर	2	2	2
च्यारिटिमा	2	2	2
च्यासिङ	2	2	2
च्योदर	2	2	2
च्हापाको	2	2	2
छ?	2	2	2
छटपटाएर	2	2	2
छतरा	2	2	2
छतवाको	2	2	2
छतिवनको	2	2	2
छतौल	2	2	2
छत्तीसगढ	2	2	2
छत्तीसगढको	2	2	2
छत्तीसगढी	2	2	2
छत्रगन्ज	2	2	2
छत्रछायाँमा	2	2	2
छदाँ	2	2	2
छन्को	2	2	2
छपली	2	2	2
छपलीको	2	2	2
छब्बिस	2	2	2
छयासी	2	2	2
छरिङ्गबोन	2	2	2
छरियो	2	2	2
छर्क	2	2	2
छर्कको	2	2	2
छर्ने	2	2	2
छर्नेहरूको	2	2	2
छल	2	2	2
छलको	2	2	2
छलफलका	2	2	2
छलमा	2	2	2
छली	2	2	2
छले	2	2	2
छलेर	2	2	2
छल्दी	2	2	2
छविका	2	2	2
छविलाई	2	2	2
छविसँग	2	2	2
छह	2	2	2
छहराको	2	2	2
छहारीमा	2	2	2
छाएको	2	2	2
छाकमात्र	2	2	2
छाङछाङदीको	2	2	2
छाडिदिइन्	2	2	2
छाडिदिन	2	2	2
छाडिन्छ	2	2	2
छाडेको	2	2	2
छाडेपछि	2	2	2
छाड्छन्	2	2	2
छाड्दो	2	2	2
छाड्नुहोला	2	2	2
छाताको	2	2	2
छातेढुङ्गा	2	2	2
छात्रद्वारा	2	2	2
छात्रवृत्ति	2	2	2
छात्रहरूको	2	2	2
छात्रहरूलाई	2	2	2
छानालाई	2	2	2
छानाहरू	2	2	2
छानिइन्	2	2	2
छापाखानाले	2	2	2
छापाखानासम्बन्धी	2	2	2
छापामार	2	2	2
छापामारको	2	2	2
छापिने	2	2	2
छापिन्थ्यो	2	2	2
छापी	2	2	2
छापेका	2	2	2
छापेपछि	2	2	2
छापेबापत्	2	2	2
छायाँदार	2	2	2
छायाक्षेत्र	2	2	2
छायाङ्कन	2	2	2
छायादेवीको	2	2	2
छायादेवीले	2	2	2
छायासुत	2	2	2
छायो	2	2	2
छालारोग	2	2	2
छालालाई	2	2	2
छालासम्बन्धी	2	2	2
छिटाहा	2	2	2
छिटोछिटो	2	2	2
छिट्टै	2	2	2
छितपोखरीको	2	2	2
छितर	2	2	2
छितहाको	2	2	2
छिद्रदार	2	2	2
छिनभर	2	2	2
छिन्न	2	2	2
छिबाङ	2	2	2
छिमेक	2	2	2
छिमेकले	2	2	2
छिमेकीहरूको	2	2	2
छिरबिरे	2	2	2
छिरेका	2	2	2
छिर्छ	2	2	2
छिर्दछ	2	2	2
छिवाङ्ग	2	2	2
छिवाड	2	2	2
छुँदैन	2	2	2
छुइछाइ	2	2	2
छुइन	2	2	2
छुट्टा	2	2	2
छुट्टाउँदै	2	2	2
छुट्टाछुट्टै	2	2	2
छुट्टियो	2	2	2
छुट्याइन्छ	2	2	2
छुट्याई	2	2	2
छुट्यायो	2	2	2
छुनुहुँदैन	2	2	2
छुमचौरसम्म	2	2	2
छुम्चौरको	2	2	2
छुरिम	2	2	2
छुवाछुतका	2	2	2
छुसाङको	2	2	2
छेउका	2	2	2
छेक्नुपर्छ	2	2	2
छेडाउने	2	2	2
छेडिएको	2	2	2
छेत्रीको	2	2	2
छेना	2	2	2
छेन्डुमा	2	2	2
छैकम्परको	2	2	2
छैटौ	2	2	2
छैटौं	2	2	2
छैठको	2	2	2
छैठौँमा	2	2	2
छैनौँ	2	2	2
छैनौं	2	2	2
छैरोतन	2	2	2
छो	2	2	2
छोए	2	2	2
छोएरै	2	2	2
छोक्रा	2	2	2
छोटकरीमा	2	2	2
छोटोपुच्छ्रे	2	2	2
छोडि	2	2	2
छोडिदिएँ	2	2	2
छोडिदिनुले	2	2	2
छोडिने	2	2	2
छोडिन्	2	2	2
छोडिन्छ	2	2	2
छोडियो	2	2	2
छोडिरहेका	2	2	2
छोडेन	2	2	2
छोडेनन्	2	2	2
छोडो	2	2	2
छोड्छ	2	2	2
छोड्नुपर्नेछ	2	2	2
छोड्यौं	2	2	2
छोपिएकोले	2	2	2
छोप्दा	2	2	2
छोप्ने	2	2	2
छोप्नैका	2	2	2
छोप्राक	2	2	2
छोरहरूमा	2	2	2
छोराछोरीको	2	2	2
छोराछोरीलाई	2	2	2
छोरीले	2	2	2
छोरीहरूले	2	2	2
छोरेपाटन	2	2	2
छोसेर	2	2	2
छौ	2	2	2
छ्योज्युङमा	2	2	2
जंग	2	2	2
जकाया	2	2	2
जगजीत	2	2	2
जगतका	2	2	2
जगतचन्द्र	2	2	2
जगतिपुर	2	2	2
जगत्लाई	2	2	2
जगदम्बाकुमारी	2	2	2
जगदीप	2	2	2
जगदीशपुर	2	2	2
जगदीशलाई	2	2	2
जगदीश्वर	2	2	2
जगद्गुरुका	2	2	2
जगाउँछ	2	2	2
जगेर्ना	2	2	2
जग्गाबाट	2	2	2
जङ्गको	2	2	2
जङ्गलका	2	2	2
जज	2	2	2
जजान	2	2	2
जटहारा	2	2	2
जटामशी	2	2	2
जटामसी	2	2	2
जटामसीका	2	2	2
जटिलताहरू	2	2	2
जडान	2	2	2
जडीबुटीहरूमा	2	2	2
जताततै	2	2	2
जतासुकै	2	2	2
जतिखेर	2	2	2
जतिनै	2	2	2
जतिपटक	2	2	2
जत्तिको	2	2	2
जत्रै	2	2	2
जनआन्दोलनबाट	2	2	2
जनकका	2	2	2
जनकको	2	2	2
जनकप्रसाद	2	2	2
जनक्रान्तिकारी	2	2	2
जनगणनाबाट	2	2	2
जनचेतना	2	2	2
जनजातिसम्बन्धी	2	2	2
जनजीवनको	2	2	2
जनतन्त्र	2	2	2
जनतादल	2	2	2
जनतासामु	2	2	2
जनताहरूको	2	2	2
जनभाषा	2	2	2
जनमतसङ्ग्रह	2	2	2
जनमा	2	2	2
जनमोर्चाका	2	2	2
जनरललाई	2	2	2
जनलाई	2	2	2
जनविरोधी	2	2	2
जनविश्वासका	2	2	2
जनसङ्ख्यामध्ये	2	2	1
जनसमुदायहरूलाई	2	2	2
जनसम्मेलनमा	2	2	2
जनसाधारणबाट	2	2	2
जनसेवी	2	2	2
जनहरूको	2	2	2
जनाउँदछ	2	2	2
जनाउनको	2	2	2
जनाएको	2	2	2
जनावरदेखि	2	2	2
जनावरमा	2	2	2
जनि	2	2	2
जनी	2	2	2
जने	2	2	2
जन्त	2	2	2
जन्तरमन्तरमा	2	2	2
जन्तुहरूमा	2	2	2
जन्दौल	2	2	2
जन्दौलको	2	2	2
जन्मँदा	2	2	2
जन्मकाल	2	2	2
जन्मजयन्ती	2	2	2
जन्मदाखेरि	2	2	2
जन्मले	2	2	2
जन्मस्थल	2	2	2
जन्मस्थानको	2	2	2
जन्महरूको	2	2	2
जन्महरूसम्म	2	2	2
जन्मायो	2	2	2
जन्माष्टमी	2	2	2
जन्मिएकोले	2	2	2
जन्मिनु	2	2	2
जन्मिने	2	2	2
जन्मेपछि	2	2	2
जन्मेहुर्केका	2	2	2
जन्मोत्सवको	2	2	2
जप्तै	2	2	2
जबराको	2	2	2
जमदग्नि	2	2	2
जमदग्निको	2	2	2
जमर्को	2	2	2
जमाएका	2	2	2
जमातका	2	2	2
जमानाका	2	2	2
जमिनबाट	2	2	2
जमीनमा	2	2	2
जमुनावादी	2	2	2
जम्मूमा	2	2	2
जयदेवको	2	2	2
जयनगरबाट	2	2	2
जयन्तप्रसादले	2	2	2
जयन्द्रथको	2	2	2
जयपृथ्वीबहादुर	2	2	2
जयरामको	2	2	2
जयललिता	2	2	2
जयसेन	2	2	2
जयस्थिति	2	2	2
जराहरूले	2	2	2
जर्गेना	2	2	2
जर्नेल	2	2	2
जर्मनबाट	2	2	2
जर्मनीले	2	2	2
जलकन्यादेखि	2	2	2
जलकुण्ड	2	2	2
जलक्षेत्रहरूमा	2	2	2
जलचरको	2	2	2
जलदेवीको	2	2	2
जलधाराहरू	2	2	2
जलपाइगुड़ीदेखि	2	2	2
जलप्रदूषित	2	2	2
जलमण्डल	2	2	2
जलयान	2	2	2
जलविद्युत्	2	2	2
जलाइदिएका	2	2	2
जलाइयो	2	2	2
जलाशय	2	2	2
जलाशयमा	2	2	2
जलाशययुक्त	2	2	2
जलिय	2	2	2
जल्दापारा	2	2	2
जल्यै	2	2	2
जवलपुरको	2	2	2
जवानको	2	2	2
जवानीचाहिँ	2	2	2
जवानीमा	2	2	2
जवानीसँगै	2	2	2
जवाब	2	2	2
जसताको	2	2	2
जसदेखि	2	2	2
जसमध्येका	2	2	2
जस्तासुकै	2	2	2
जहदा	2	2	2
जहदाको	2	2	2
जहदी	2	2	2
जहाँगीर	2	2	2
जहाँसुकै	2	2	2
जहाजमा	2	2	2
जहाजमाथि	2	2	2
जहाजलाई	2	2	2
जाँ	2	2	2
जाँचबुझ	2	2	2
जाँच्न	2	2	2
जाँडको	2	2	2
जाँडरक्सी	2	2	2
जाँदैछौ	2	2	2
जाकिर	2	2	2
जाकेस	2	2	2
जागेर	2	2	2
जाग्नको	2	2	2
जाग्राम	2	2	2
जाङ	2	2	2
जातकमा	2	2	2
जातजातिलाई	2	2	2
जातजातिहरू	2	2	2
जातलाई	2	2	2
जातले	2	2	2
जाता	2	2	2
जातिहरुमा	2	2	2
जातिहरूमध्ये	2	2	2
जातिहरूले	2	2	2
जातीयताका	2	2	2
जातीयरूपमा	2	2	2
जातीयविरोधमा	2	2	2
जातीहरूको	2	2	2
जाते	2	2	2
जात्राख्यान	2	2	2
जात्रासँगै	2	2	2
जादुमन्त्र	2	2	2
जानका	2	2	2
जानकारीहरूले	2	2	2
जानकीनगरको	2	2	2
जानको	2	2	2
जानुहुने	2	2	2
जानुहुनेछ	2	2	2
जानेभो	2	2	2
जानेमाने	2	2	2
जानेवालहरूमा	2	2	2
जानेहरूमा	2	2	2
जान्छु	2	2	2
जान्थ्यो	2	2	2
जापानबाट	2	2	2
जापानीप्रति	2	2	2
जापानीहरूलाई	2	2	2
जाभान	2	2	2
जाभास्क्रिप्टहरूको	2	2	2
जामनगर	2	2	2
जामनेपानी	2	2	2
जायज	2	2	2
जायसवालको	2	2	2
जारे	2	2	2
जालन्धरमा	2	2	2
जालपाको	2	2	2
जावत	2	2	2
जावलाखेलमा	2	2	2
जावाफ	2	2	2
जासुसी	2	2	2
जिंगमा	2	2	2
जिउ	2	2	2
जिउँदो	2	2	2
जिउलाको	2	2	2
जिएसटिको	2	2	2
जिकिर	2	2	2
जिङगिरहन	2	2	2
जिजान	2	2	2
जिजानको	2	2	2
जिज्ञासाहरू	2	2	2
जिज्ञासु	2	2	2
जितुवासँग	2	2	2
जितेन्द्र	2	2	2
जित्छ	2	2	2
जित्नका	2	2	2
जित्नुभएको	2	2	2
जिद्दीको	2	2	2
जिनले	2	2	2
जिन्दगानी	2	2	2
जिन्दगीबाट	2	2	2
जिब्ह	2	2	2
जिम्मेवारीका	2	2	2
जियम	2	2	2
जियोग्राफी	2	2	2
जिरीक्षेत्रका	2	2	2
जिर्मले	2	2	2
जिल	2	2	2
जिलामा	2	2	2
जिलिङ	2	2	2
जिल्लाअन्तर्गत	2	2	2
जिल्लाहरूमध्येको	2	2	2
जिल्लाहरूले	2	2	2
जिल्लाहरूसँग	2	2	2
जिवनमा	2	2	2
जिविस	2	2	2
जिस्क्याउँछन्	2	2	2
जिहुलि	2	2	2
जीउ	2	2	2
जीएमसी	2	2	2
जीतु	2	2	2
जीन्दगीको	2	2	2
जीरो	2	2	2
जीवजन्तुलाई	2	2	2
जीवनचक्र	2	2	2
जीवनचरित	2	2	2
जीवनदाता	2	2	2
जीवनदेखि	2	2	2
जीवनपोषणका	2	2	2
जीवनबुटी	2	2	2
जीवनसंगीको	2	2	2
जीवनीका	2	2	2
जीवमा	2	2	2
जीवले	2	2	2
जीवशास्त्र	2	2	2
जीवशास्त्रको	2	2	2
जीवाश्म	2	2	2
जीविका	2	2	2
जीविकोपार्जनको	2	2	2
जुंगसँगको	2	2	2
जुकालाई	2	2	2
जुगाँर	2	2	2
जुगासहितको	2	2	2
जुगेडी	2	2	2
जुझारु	2	2	2
जुटल्यान्ड	2	2	2
जुटाउँछ	2	2	2
जुट्न	2	2	2
जुठा	2	2	2
जुडुवा	2	2	2
जुडो	2	2	2
जुडोको	2	2	2
जुता	2	2	2
जुद्धशमशेरले	2	2	2
जुनकीरी	2	2	2
जुनकुमारीको	2	2	2
जुनको	2	2	2
जुनागढ	2	2	2
जुनै	2	2	2
जुन्तालाई	2	2	2
जुबिथाँ	2	2	2
जुबु	2	2	2
जुभोनेनसँग	2	2	2
जुम्ली	2	2	2
जुम्लीका	2	2	2
जुरेछ	2	2	2
जुलाफ	2	2	2
जुलियाले	2	2	2
जुली	2	2	2
जुलुस	2	2	2
जुल्फे	2	2	2
जुवा	2	2	2
जुवामा	2	2	2
जून	2	2	2
जेट्सुन	2	2	2
जेठदेखि	2	2	2
जेनरल	2	2	2
जेनानी	2	2	2
जेनिथ	2	2	2
जेनेटिक	2	2	2
जेनेरल	2	2	2
जेन्टिल	2	2	2
जेभियर	2	2	2
जेभेनओएस	2	2	2
जेराल्ड	2	2	2
जेलहरू	2	2	2
जेव	2	2	2
जेष्ठता	2	2	2
जेसपर	2	2	2
जेस्सी	2	2	2
जैसा	2	2	2
जैसी	2	2	2
जैसीलाई	2	2	2
जैसीले	2	2	2
जोई	2	2	2
जोएल	2	2	2
जोकोहीको	2	2	2
जोगाउँछ	2	2	2
जोगाउँदछ	2	2	2
जोगाउनका	2	2	2
जोगाउनलाई	2	2	2
जोगिदहको	2	2	2
जोगिनका	2	2	2
जोगिनु	2	2	2
जोगीनी	2	2	2
जोडद्छ	2	2	2
जोडहरूमा	2	2	2
जोडिँदै	2	2	2
जोडिइसकेका	2	2	2
जोडिदिनु	2	2	2
जोडिन	2	2	2
जोडिनुले	2	2	2
जोडीलाई	2	2	2
जोडीले	2	2	2
जोड्छौँ	2	2	2
जोड्दछन्	2	2	2
जोड्नको	2	2	2
जोड्नुहोला	2	2	2
जोन्जोन्दिङको	2	2	2
जोयाबाट	2	2	2
जोरकिनले	2	2	2
जोरे	2	2	2
जोर्डनको	2	2	2
जोर्डी	2	2	2
जोर्नीहरूमा	2	2	2
जोशीज्यू	2	2	2
जोशीसँग	2	2	2
जोस	2	2	2
जोसँग	2	2	2
जोस्तो	2	2	2
जोहान	2	2	2
ज्ञवाली	2	2	2
ज्ञानका	2	2	2
ज्ञानकोश	2	2	2
ज्ञानमणी	2	2	2
ज्ञानयोगी	2	2	2
ज्ञानरत्न	2	2	2
ज्ञानलाई	2	2	2
ज्ञानुमैया	2	2	2
ज्ञानेश्वरमा	2	2	2
ज्ञापनमा	2	2	2
ज्याक	2	2	2
ज्याकलिन	2	2	2
ज्याकले	2	2	2
ज्यापुलाई	2	2	2
ज्यापू	2	2	2
ज्यापूले	2	2	2
ज्यामरुङमा	2	2	2
ज्यामितिका	2	2	2
ज्यामितिय	2	2	2
ज्यामीर	2	2	2
ज्यामीले	2	2	2
ज्युरिच	2	2	1
ज्यूलाई	2	2	2
ज्योतिलिङ्ग	2	2	2
ज्योतिलिङ्गको	2	2	2
ज्योतिषको	2	2	2
ज्योतिषशास्त्रका	2	2	2
ज्योतिषशास्त्रको	2	2	2
ज्योतिषशास्त्री	2	2	2
ज्योतिषी	2	2	2
ज्योमोलाङमा	2	2	2
ज्वरोको	2	2	2
ज्वाईँ	2	2	2
ज्वालामुखीहरू	2	2	2
झगडामा	2	2	2
झङ्कार	2	2	2
झझल्को	2	2	2
झटारो	2	2	2
झडेवामा	2	2	2
झमकले	2	2	2
झम्केबुलाकी	2	2	2
झम्पल	2	2	2
झयाडी	2	2	2
झयाली	2	2	2
झरनाको	2	2	2
झरनाहरू	2	2	2
झरिया	2	2	2
झरुवारासी	2	2	2
झरेमा	2	2	2
झर्किनेलाई	2	2	2
झर्यो	2	2	2
झलकमान	2	2	2
झल्काएको	2	2	2
झस्किएँ	2	2	2
झाँक्रिले	2	2	2
झाँक्रीको	2	2	2
झाँगडका	2	2	2
झाको	2	2	2
झापाको	2	2	2
झारको	2	2	2
झारकोट	2	2	2
झारल	2	2	2
झारलाङ	2	2	2
झाल	2	2	2
झाले	2	2	2
झिँगा	2	2	2
झिकाइएको	2	2	2
झिकाई	2	2	2
झिके	2	2	2
झिङ्गनु	2	2	2
झिटकैया	2	2	2
झिम्कन्छ	2	2	2
झिम्क्याउन	2	2	2
झुंझुनू	2	2	2
झुकाइन्छ	2	2	2
झुकाउ	2	2	2
झुकाउँदछ	2	2	2
झुकाउने	2	2	2
झुकाव	2	2	2
झुक्किँदै	2	2	2
झुण्ड	2	2	2
झुपडी	2	2	2
झुम्राको	2	2	2
झुम्साखोला	2	2	2
झेकझेक	2	2	2
झेलेको	2	2	2
झेल्नुपर्ने	2	2	2
झैँझगडालाई	2	2	2
झोर	2	2	2
झ्याँडीखोला	2	2	2
झ्याउँकीरी	2	2	2
झ्याउरे	2	2	2
झ्याम्टाको	2	2	2
झ्यालबाट	2	2	2
टंक	2	2	2
टंकप्रसादले	2	2	2
टंगाल	2	2	2
टकरारमा	2	2	2
टकुवा	2	2	2
टक्र्याइन्	2	2	2
टनका	2	2	2
टनमा	2	2	2
टनिक	2	2	2
टन्न	2	2	2
टमेका	2	2	2
टयाक्सी	2	2	2
टयाम्को	2	2	2
टर्कीको	2	2	2
टर्नु	2	2	2
टर्बाइन	2	2	2
टर्मिनलहरूबाट	2	2	2
टर्मिनेटरद्वारा	2	2	2
टर्यो	2	2	2
टर्रो	2	2	2
टल्कन्छ	2	2	2
टल्कु	2	2	2
टस्	2	2	2
टाँग्छन्	2	2	2
टाँडी	2	2	2
टाँसिएको	2	2	2
टाइटैनिक	2	2	2
टाइपिस्ट	2	2	2
टाइमले	2	2	2
टाइम्समा	2	2	2
टाइरनी	2	2	2
टाउनदेखि	2	2	2
टाटे	2	2	2
टाढिँदै	2	2	2
टान	2	2	2
टापटिङ	2	2	2
टापुलाई	2	2	2
टापुहरू	2	2	2
टार्टरिक	2	2	2
टालेगाउँ	2	2	2
टावरमा	2	2	2
टावरहरू	2	2	2
टिकटको	2	2	2
टिकौलीमा	2	2	2
टिकौलीस्थित	2	2	2
टिगन	2	2	2
टिटिहिरिया	2	2	2
टिप्न	2	2	2
टिप्नुपर्छ	2	2	2
टिप्पण	2	2	2
टिप्पणीले	2	2	2
टिप्पणीहरूमा	2	2	2
टिप्पणीहरूले	2	2	2
टिबेट	2	2	2
टिभिमा	2	2	2
टिभिसम्म	2	2	2
टिमकी	2	2	2
टिमबाट	2	2	2
टिमभन्दा	2	2	2
टिमहरूका	2	2	2
टिमहरूसँग	2	2	2
टिमुरको	2	2	2
टिम्का	2	2	2
टिम्बुरबोटे	2	2	2
टियु	2	2	2
टिरियम	2	2	2
टिष्टा	2	2	2
टीकमगढकी	2	2	2
टुँडालले	2	2	2
टुँडालहरूमा	2	2	2
टुकडीहरूको	2	2	2
टुक्राटुक्रा	2	2	2
टुक्रालाई	2	2	2
टुङ्गा	2	2	2
टुडेमा	2	2	2
टुनिपाला	2	2	2
टुप्पोतिरको	2	2	2
टुप्लुक्क	2	2	2
टुमकुरमा	2	2	2
टुमा	2	2	2
टुरको	2	2	2
टुरमा	2	2	2
टुसा	2	2	2
टुसालाई	2	2	2
टू	2	2	2
टेइजेन	2	2	2
टेकनाथ	2	2	2
टेकबहादुरको	2	2	2
टेकाउँदा	2	2	2
टेकेन्द्रप्रसाद	2	2	2
टेक्नोलोजी	2	2	2
टेक्ससको	2	2	2
टेढो	2	2	2
टेन्चको	2	2	2
टेन्था	2	2	2
टेबल	2	2	2
टेबलटेनिस	2	2	2
टेम्पलमा	2	2	2
टेम्पलेट	2	2	2
टेम्पलेटसँग	2	2	2
टेम्प्लेटहरू	2	2	2
टेरिटरी	2	2	2
टेरिटरीको	2	2	2
टेरेन्स	2	2	2
टेलिफोनले	2	2	2
टेलिभजनको	2	2	2
टेलिश्रिङ्खला	2	2	2
टेष्ट	2	2	2
टेहरी	2	2	2
टोकिएका	2	2	2
टोकियोसम्म	2	2	2
टोक्न	2	2	2
टोक्ने	2	2	2
टोङ्क	2	2	2
टोपीका	2	2	2
टोबी	2	2	2
टोरन्टो	2	2	2
टोरी	2	2	2
टोलमा	2	2	2
टोलहरू	2	2	2
टोलीको	2	2	2
टोलीबाट	2	2	2
टौदहलाई	2	2	2
ट्याकट्याके	2	2	2
ट्याक्सीको	2	2	2
ट्याग	2	2	2
ट्याग्ड	2	2	2
ट्याङ्कले	2	2	2
ट्याङ्का	2	2	2
ट्याङ्की	2	2	2
ट्यामी	2	2	2
ट्याम्बोलाई	2	2	2
ट्याम्बोसँग	2	2	2
ट्युबमा	2	2	2
ट्यूडर	2	2	2
ट्रमा	2	2	2
ट्राइटिरियमको	2	2	2
ट्रान्सफर्मरको	2	2	2
ट्रामहरू	2	2	2
ट्रिसिया	2	2	2
ट्रेकमार्गमा	2	2	2
ट्रेडमार्कले	2	2	2
ट्रेनगोभले	2	2	2
ट्रेनमा	2	2	2
ट्रेनहरूमा	2	2	2
ट्रेन्च	2	2	2
ट्रेल	2	2	2
ट्वाक्क	2	2	2
ट्विटरमा	2	2	2
ठगिए	2	2	2
ठगेको	2	2	2
ठग्न	2	2	2
ठग्नका	2	2	2
ठटालको	2	2	2
ठडिएर	2	2	2
ठप	2	2	2
ठमेलमा	2	2	2
ठाँटिएर	2	2	2
ठाउँतिर	2	2	2
ठाउँले	2	2	2
ठाउँसम्म	2	2	2
ठाकरेले	2	2	2
ठाकुरज्यू	2	2	2
ठाडै	2	2	2
ठाणे	2	2	2
ठानिन्छ	2	2	2
ठान्नुहुन्छ	2	2	2
ठान्ने	2	2	2
ठिँग्रे	2	2	2
ठिक्कको	2	2	2
ठिङ्गन	2	2	2
ठिमीको	2	2	2
ठुटे	2	2	2
ठुटेपीपलमा	2	2	2
ठुलाकोटमा	2	2	2
ठुलोकण्ठे	2	2	2
ठुलोगाउँ	2	2	2
ठुलोपाखारको	2	2	2
ठुलोपाखारमा	2	2	2
ठुलोसिरुबारी	2	2	2
ठूलाका	2	2	2
ठूलै	2	2	2
ठेकीको	2	2	2
ठेकीमा	2	2	2
ठेकुवा	2	2	2
ठैब	2	2	2
ठोकिने	2	2	2
ठोकी	2	2	2
ठोक्किँदै	2	2	2
ठोरी	2	2	2
ठ्याक्कै	2	2	2
डकर्मी	2	2	2
डकुमेन्ट्रीसमेत	2	2	2
डक्युमेन्टेसेन	2	2	2
डगडेलले	2	2	2
डगमगाउन	2	2	2
डचर	2	2	2
डचहरूलाई	2	2	2
डटे	2	2	2
डटेर	2	2	2
डडेल्धुरा	2	2	2
डढेलधुरा	2	2	2
डनी	2	2	2
डन्डीबाट	2	2	2
डबलब्रेड	2	2	2
डबल्समा	2	2	2
डमकोल	2	2	2
डमरूजस्तो	2	2	2
डरका	2	2	2
डराउनु	2	2	2
डली	2	2	2
डल्लागिर्खा	2	2	2
डल्लोलाई	2	2	2
डसना	2	2	2
डस्टी	2	2	2
डाँकाबाट	2	2	2
डाँठहरू	2	2	2
डाँडाखाली	2	2	2
डाँडाफया	2	2	2
डाँडाफाया	2	2	2
डाँफला	2	2	2
डाँस	2	2	2
डाइको	2	2	2
डाउनलोडमा	2	2	2
डाकिनीका	2	2	2
डाक्टरको	2	2	2
डाक्टरहरूकै	2	2	2
डाङापा	2	2	2
डाङापाको	2	2	2
डाडाकोत	2	2	2
डाडाझेरी	2	2	2
डाडीगुराँसेको	2	2	2
डाढा	2	2	2
डानिएल	2	2	2
डाफे	2	2	2
डामनिक	2	2	2
डायना	2	2	2
डायनोसरको	2	2	2
डायमनशमशेर	2	2	2
डायरी	2	2	2
डायेपी	2	2	2
डायोड	2	2	2
डार्कोको	2	2	2
डालरको	2	2	2
डालेघाँस	2	2	2
डिँड्छ	2	2	2
डिजाइनमा	2	2	2
डिजिटलीकरण	2	2	2
डिजेनेरेस	2	2	2
डिज्नीका	2	2	2
डिटेल्स	2	2	2
डिट्ठा	2	2	2
डिडिए	2	2	2
डिनो	2	2	2
डिफाइन्ड	2	2	2
डिभिजनको	2	2	2
डिभीजनको	2	2	2
डिम्बको	2	2	2
डिम्बमा	2	2	2
डिम्बाशय	2	2	2
डियरवाकले	2	2	2
डियावोला	2	2	2
डिलक्स	2	2	2
डिलेट	2	2	2
डिल्लीमान	2	2	2
डिस्टेन्समा	2	2	2
डिस्ट्रिक्टको	2	2	2
डीको	2	2	2
डुकुछाप	2	2	2
डुङ्गा	2	2	2
डुडेचौर	2	2	2
डुबाउनाले	2	2	2
डुबेपछि	2	2	2
डुब्छ	2	2	2
डुम	2	2	2
डुम्र	2	2	2
डुम्रिसे	2	2	2
डुम्रे	2	2	2
डुवर्सलाई	2	2	2
डुवेर	2	2	2
डुहरे	2	2	2
डुह्होल	2	2	2
डेक्चिहरूलाई	2	2	2
डेगरी	2	2	2
डेटिङ्ग	2	2	2
डेट्सको	2	2	2
डेड्ली	2	2	2
डेढदेखि	2	2	2
डेन्जरस	2	2	2
डेन्टल	2	2	2
डेब्ट	2	2	2
डेभन	2	2	2
डेभलपमेण्ट	2	2	2
डेभेरेयक्स	2	2	2
डेम	2	2	2
डेरामा	2	2	2
डेल्टा	2	1	1
डेल्फीका	2	2	2
डेल्फीबासीहरू	2	2	2
डेविट	2	2	2
डेविसले	2	2	2
डेवोन	2	2	2
डेसिमिटरको	2	2	2
डेस्कबेन्च	2	2	2
डोटीबाट	2	2	2
डोटीमाथि	2	2	2
डोटेली	2	2	2
डोडा	2	2	2
डोना	2	2	2
डोम	2	2	2
डोमिनिका	2	2	2
डोयराज्यमा	2	2	2
डोरीको	2	2	2
डोर्याउने	2	2	2
डोलोरेस	2	2	2
डोल्मा	2	2	2
ड्यनिएल्ले	2	2	2
ड्रम	2	2	2
ड्रयु	2	2	2
ड्रविसा	2	2	2
ड्राइभिङ	2	2	2
ड्राइवर	2	2	2
ड्रागनफलमा	2	2	2
ड्रिमक्याचर	2	2	2
ड्रिमिङगले	2	2	2
ड्रोग्बाले	2	2	2
ड्रोसोफिलामा	2	2	2
ढकारी	2	2	2
ढङ्गलाई	2	2	2
ढङ्गहरू	2	2	2
ढड्याइन्छ	2	2	2
ढलिगो	2	2	2
ढली	2	2	2
ढल्किएर	2	2	2
ढल्केको	2	2	2
ढल्छ	2	1	1
ढाँचाको	2	2	2
ढाँचाहरू	2	2	2
ढाँडे	2	2	2
ढाक	2	2	2
ढाकिँदैन	2	2	2
ढाकिन्छ	2	2	2
ढाकिरहेकोले	2	2	2
ढाक्रे	2	2	2
ढाडमा	2	2	2
ढाडेमुसो	2	2	2
ढाल्ने	2	2	2
ढिकुरपोखरी	2	2	2
ढिलिका	2	2	2
ढिलोचाँडो	2	2	2
ढिल्लुको	2	2	2
ढुङ्खर्क	2	2	2
ढुङ्खर्कको	2	2	2
ढुङ्गाचल्ना	2	2	2
ढुङ्गाद्वारा	2	2	2
ढुङ्गानाले	2	2	2
ढुङ्गानासँग	2	2	2
ढुङ्गाहरूको	2	2	2
ढुङ्गेल	2	2	2
ढुङ्ग्रेखोला	2	2	2
ढेँ	2	1	1
ढोंग	2	2	2
ढोकाका	2	2	2
ढोकामाथि	2	2	2
ढोकैमा	2	2	2
ढोग्छन्	2	2	2
ढ्याङग्रो	2	2	2
तकसेरामा	2	2	2
तखतामा	2	2	2
तगडा	2	2	2
तटस्थता	2	2	2
तत्	2	2	2
तत्त्वलाई	2	2	2
तत्त्वहरुको	2	2	2
तथ्यका	2	2	2
तथ्यभन्दा	2	2	2
तथ्यहरूका	2	2	2
तथ्याङ्कअनुसार	2	2	2
तनङ्गु	2	2	2
तनमनले	2	2	2
तनहुँर	2	2	2
तनहुँसुरमा	2	2	2
तनाउ	2	2	2
तन्त्रभित्र	2	2	2
तन्त्रले	2	2	2
तन्त्रशास्त्रमा	2	2	2
तन्दुरुस्तीमा	2	2	2
तपसीबाट	2	2	2
तपस्विनी	2	2	2
तपाइहरूलाई	2	2	2
तपाईँलहरूले	2	2	2
तपाईँसामु	2	2	2
तपाईँहरूसँग	2	2	2
तपोभूमि	2	2	2
तबदेखि	2	2	2
तबलाको	2	2	2
तबलावादक	2	2	2
तमरखोले	2	2	2
तमलुक	2	2	2
तमासा	2	2	2
तमिलकमको	2	2	2
तमिलको	2	2	2
तमिलबाट	2	2	2
तमुहरूका	2	2	2
तयारीपन	2	2	2
तरकारीमा	2	2	2
तरङ्गको	2	2	2
तरङ्गित	2	2	2
तरन	2	2	2
तरबारको	2	2	2
तरवारबाजीको	2	2	2
तरवारबाजीमा	2	2	2
तरवारबाजीलाई	2	2	2
तरवारले	2	2	2
तरहले	2	2	2
तराईबाट	2	2	2
तराईसम्म	2	2	2
तरिकाहरूबाहेक	2	2	2
तरु	2	2	2
तरुवा	2	2	2
तरूल	2	2	2
तर्कका	2	2	2
तर्कबाट	2	2	2
तर्कशून्य	2	2	2
तर्कहरूको	2	2	2
तर्न	2	2	2
तर्पण	2	2	2
तर्साउँछ	2	2	2
तर्सिँदा	2	2	2
तर्सेर	2	2	2
तलबमान	2	2	2
तलबाट	2	2	2
तलमा	2	2	2
तलवमान	2	2	2
तलवार	2	2	2
तलाई	2	2	2
तलाको	2	2	2
तलाखु	2	2	2
तलामा	2	2	2
तल्लामा	2	2	2
तल्लिन	2	2	2
तवाङ्ग	2	2	2
तस्करी	2	2	2
तस्तै	2	2	2
तस्वीरमै	2	2	2
तहसनहस	2	2	2
तहसील	2	2	2
तहहरू	2	2	1
तहै	2	2	2
ताई	2	2	2
ताउनि	2	2	2
ताउलो	2	2	2
ताकस्तेर	2	2	2
ताघ्रिङ	2	2	2
ताजको	2	2	2
ताजिक	2	2	2
ताजिमा	2	2	2
ताजै	2	2	2
ताण्डव	2	2	2
तातेयामा	2	2	2
तात्कालिक	2	2	2
तात्कालिन	2	2	2
तानसेनको	2	2	1
तान्छ	2	2	2
तान्जानियामा	2	2	2
तान्नु	2	2	2
तापक्रमसँग	2	2	2
तामझाम	2	2	2
तामाकोशी	2	2	2
तामाङले	2	2	2
ताम्रपत्रमा	2	2	2
ताम्राकारहरूले	2	2	2
तारको	2	2	2
तारतम्य	2	2	2
तारन	2	2	2
तारहरू	2	2	2
तारानारायण	2	2	2
तारापुञ्जकै	2	2	2
तारामण्डलको	2	2	2
ताराहरूबारे	2	2	2
ताराहरूलाई	2	2	2
ताराहरूले	2	2	2
तारिखदेखि	2	2	2
तारिफ	2	2	2
तारेर	2	2	2
तालतलैया	2	2	2
तालबाजा	2	2	2
ताला	2	2	2
तालिकामा	2	2	2
तालिबानलाई	2	2	2
तालिबानले	2	2	2
तालु	2	2	2
तासिले	2	2	2
तासी	2	2	2
ति	2	2	2
तिघ्राको	2	2	2
तितर	2	2	2
तिथिअनुसार	2	2	2
तिथिहरू	2	2	2
तिथिहरूका	2	2	2
तिनीहरूमध्ये	2	2	2
तिनीहरूसँग	2	2	2
तिब्बतलाई	2	2	2
तिब्बतीहरू	2	2	2
तिब्र	2	2	2
तिमल्सिनाद्वारा	2	2	2
तिमालडाँडा	2	2	2
तिमीलाको	2	2	2
तिम्रा	2	2	2
तिरमा	2	2	2
तिरी	2	2	2
तिरुचिरापल्लीसम्म	2	2	2
तिरेनन्	2	2	2
तिर्था	2	2	2
तिर्नपर्ने	2	2	2
तिलको	2	2	2
तिलपतको	2	2	2
तिलाठी	2	2	2
तिलानदी	2	2	2
तिलाहार	2	2	2
तिहाईभन्दा	2	2	2
तीद्वारा	2	2	2
तीनतिरबाट	2	2	2
तीनवटै	2	2	2
तीब्र	2	2	2
तीर्थराज	2	2	2
तीर्थस्थानमा	2	2	2
तीर्थस्नान	2	2	2
तीर्थाटन	2	2	2
तुक	2	2	2
तुनालाई	2	2	2
तुर्किस्तान	2	2	2
तुर्की	2	2	2
तुलसीलाई	2	2	2
तुलाचनद्वारा	2	2	2
तुलाधर	2	2	2
तुल्याउन्	2	2	2
तुल्याएका	2	2	2
तुल्याएको	2	2	2
तुषारा	2	2	2
तृतीयाको	2	2	2
तृप्तिका	2	2	2
तेईसौँ	2	2	2
तेजतर्फ	2	2	2
तेजबहादुर	2	2	2
तेजबहादुरकै	2	2	2
तेजसँग	2	2	2
तेत्तीसकोटी	2	2	2
तेरी	2	2	2
तेसु	2	2	2
तेस्री	2	2	2
तेस्रोपटकमा	2	2	2
तेहरान	2	2	2
तेही	2	2	2
तेह्रौं	2	2	2
तैराकी	2	2	2
तैरिरहेका	2	2	2
तोउकेइको	2	2	2
तोकिबक्सेका	2	2	2
तोकी	2	2	2
तोकुगावालाई	2	2	2
तोकेको	2	2	2
तोडफोडको	2	2	2
तोडी	2	2	2
तोप	2	2	2
तोपको	2	2	2
तोरणहरूको	2	2	2
त्यता	2	2	2
त्यतिमात्र	2	2	2
त्यतै	2	2	2
त्यत्तिका	2	2	2
त्यत्रो	2	2	2
त्यसअगाडि	2	2	2
त्यसताका	2	2	2
त्यसतै	2	2	2
त्यसदिन	2	2	2
त्यसबापतको	2	2	2
त्यसबारेमा	2	2	2
त्यसबेलाका	2	2	2
त्यसबेलामा	2	2	2
त्यसलार्इ	2	2	2
त्यसैकारणले	2	2	2
त्यह	2	2	2
त्यहाँदेखि	2	2	2
त्यहिँ	2	2	2
त्यहीँबाट	2	2	2
त्यागिएको	2	2	2
त्याग्नै	2	2	2
त्यान्द्राहरू	2	2	2
त्यौहार	2	2	2
त्रसित	2	2	2
त्रस्त	2	2	2
त्राण	2	2	2
त्रान्स्के	2	2	2
त्रिकोण	2	2	2
त्रितङ्गु	2	2	2
त्रिपाठीको	2	2	2
त्रिपुरा	2	2	2
त्रिपुरेश्वरमा	2	2	2
त्रिपुरेश्वरले	2	2	2
त्रिफलाले	2	2	2
त्रिभुजका	2	2	2
त्रिभुवनको	2	2	2
त्रिविक्रम	2	2	2
त्रिवेणीघाट	2	2	2
त्रिवेणीघाटको	2	2	2
त्रिवेणीमा	2	2	2
त्रिशक्ति	2	2	2
त्रिशुरमा	2	2	2
त्रुटिपूर्ण	2	2	2
त्रुटिहरू	2	2	2
त्रेअन्फ	2	2	2
त्रैलोक्यका	2	2	2
त्वष्टा	2	2	2
थकनी	2	2	2
थपघट	2	2	2
थपेपछि	2	2	2
थप्नु	2	2	2
थप्नुको	2	2	2
थमे	2	2	2
थम्पसनलाई	2	2	2
थरका	2	2	2
थरी	2	2	2
थरीको	2	2	2
थरीले	2	2	2
थाइलेसाइन	2	2	2
थाई	2	2	2
थाती	2	2	2
थानापोखरी	2	2	2
थापाज्यूबाट	2	2	2
थापाथली	2	2	2
थापाथलीमा	2	2	2
थापी	2	2	2
थाप्ले	2	2	2
थाबो	2	2	2
थामा	2	2	2
थारुका	2	2	2
थारुवान	2	2	2
थारूले	2	2	2
थाली	2	2	2
थाल्छन्	2	2	2
थाल्न	2	2	2
थाल्नाले	2	2	2
थाल्नु	2	2	2
थावे	2	2	2
थासन	2	2	2
थिइन	2	2	2
थिङथिङटार	2	2	2
थिच्नुहोला	2	2	2
थिफ	2	2	2
थिम	2	2	2
थुनिएका	2	2	2
थुनिने	2	2	2
थुनियो	2	2	2
थुनुवामा	2	2	2
थेगो	2	2	2
थोत्रा	2	2	2
थोप्लाहरूको	2	2	2
थोप्लो	2	2	2
थ्रि	2	2	2
थ्रिल	2	2	2
थ्रीनट	2	2	2
दक्षताका	2	2	2
दक्षिणकालीबारे	2	2	2
दक्षिणदेखि	2	2	2
दक्षिणा	2	2	2
दखलका	2	2	2
दगु	2	2	2
दण्डपाणी	2	2	2
दन्ते	2	2	2
दन्त्य	2	2	2
दन्त्यकथाका	2	2	2
दबाब	2	2	2
दबाबमा	2	2	2
दबाबहरू	2	2	2
दमकबाट	2	2	2
दमकल	2	2	2
दमकु	2	2	2
दमनको	2	2	2
दमाईँ	2	2	2
दमाईले	2	2	2
दमास्कस	2	2	2
दम्ति	2	2	2
दम्पतिका	2	2	2
दयाका	2	2	2
दरबान	2	2	2
दरबारिया	2	2	2
दराजको	2	2	2
दरारयुक्त	2	2	2
दरिने	2	2	2
दरौदी	2	2	2
दर्जनौ	2	2	2
दर्जाका	2	2	2
दर्ताभएका	2	2	2
दर्लामचौरको	2	2	2
दर्शक	2	2	2
दर्शकले	2	2	2
दर्शनशास्त्रको	2	2	2
दर्शनार्थ	2	2	2
दर्शाउँदछन्	2	2	2
दलदेखि	2	2	2
दलहन	2	2	2
दलिनलाई	2	2	2
दल्दा	2	2	2
दशकहरूदेखि	2	2	2
दशमी	2	2	2
दशमीको	2	2	2
दशमुख	2	2	2
दशाननले	2	2	2
दशाभित्र	2	2	2
दशैको	2	2	2
दशौं	2	2	2
दश्तावेज	2	2	2
दहहरू	2	2	2
दहीचिउरे	2	2	2
दाँतमा	2	2	2
दाइका	2	2	2
दाइको	2	2	2
दाउराका	2	2	2
दाजुभाइको	2	2	2
दाजुलाई	2	2	2
दाजुहरूले	2	2	2
दानदक्षिणा	2	2	2
दानपत्रमा	2	2	2
दानवगुरु	2	2	2
दानविय	2	2	2
दानो	2	2	2
दापमा	2	2	2
दाममा	2	2	2
दाम्पत्य	2	2	2
दाय	2	2	2
दायक	2	2	2
दायित्वको	2	2	2
दायित्वबोधमा	2	2	2
दायित्वहरूलाई	2	2	2
दायी	2	2	2
दारीलाई	2	2	2
दार्जलिङबाट	2	2	2
दार्जिलिङे	2	2	2
दार्जीलिङको	2	2	2
दार्जीलिङलाई	2	2	2
दार्शनलाई	2	2	2
दावीहरूलाई	2	2	2
दासको	2	2	2
दासलाई	2	2	2
दासले	2	2	2
दासहरू	2	2	2
दासी	2	2	2
दास्रो	2	2	2
दाहालको	2	2	2
दाहिनेतर्फबाट	2	2	2
दिँदाखेरि	2	2	2
दिइए	2	2	2
दिइरहन	2	2	2
दिइरहेकोमा	2	2	2
दिइसकेको	2	2	2
दिउँसोको	2	2	2
दिउन्	2	2	2
दिउसो	2	2	2
दिउसोको	2	2	2
दिएछन्	2	2	2
दिक्	2	2	2
दिक्षाको	2	2	2
दिक्षान्त	2	2	2
दिगविन्दु	2	2	2
दिङरी	2	2	2
दिदीबहिनीसँग	2	2	2
दिदीबाट	2	2	2
दिदै	2	2	2
दिनभन्दा	2	2	2
दिनसँग	2	2	2
दिनसमेत	2	2	2
दिनसम्मका	2	2	2
दिनहरु	2	2	2
दिनै	2	2	2
दिनैपिच्छे	2	2	2
दिन्थिन्	2	2	2
दिपक	2	2	2
दिपाङ	2	2	2
दिपेन्द्रको	2	2	2
दिम	2	2	2
दिमागले	2	2	2
दिमेश	2	2	2
दियालेको	2	2	2
दिर्बुङ	2	2	2
दिलचस्पी	2	2	2
दिलाउँदैनन्	2	2	2
दिलाए	2	2	2
दिलाएर	2	2	2
दिलायका	2	2	2
दिवसका	2	2	2
दिव्	2	2	2
दिशातर्फ	2	2	2
दिशामध्ये	2	2	2
दिशालाई	2	2	2
दिशाहीन	2	2	2
दिसाबाट	2	2	2
दिेएको	2	2	2
दीक्षान्त	2	2	2
दीन	2	2	2
दीर्घकालिक	2	2	2
दीर्घकालीन	2	2	2
दीर्घतरङ्ग	2	2	2
दु	2	2	2
दुःखमाथि	2	2	2
दुआ	2	2	2
दुईओटा	2	2	2
दुईचोटि	2	2	2
दुईटैबाट	2	2	2
दुखका	2	2	2
दुखमुक्त	2	2	2
दुखाउनु	2	2	2
दुखेकोमा	2	2	2
दुख्दैन	2	2	2
दुगुनागढी	2	2	2
दुधबाट	2	2	2
दुनियाका	2	1	1
दुनियालाई	2	2	2
दुनियासँग	2	2	2
दुब	2	2	2
दुबिडाँडा	2	2	2
दुबी	2	2	2
दुबैतर्फ	2	2	2
दुबैतिर	2	2	2
दुम्कीवाससम्म	2	2	2
दुम्जाबाट	2	2	2
दुर्इ	2	2	2
दुर्गाचार्य	2	2	2
दुर्गाभवानी	2	2	2
दुर्गाहरी	2	2	2
दुर्घटनादेखि	2	2	2
दुर्घटनाले	2	2	2
दुर्घटनाहरूलाई	2	2	2
दुर्दिम्बा	2	2	2
दुर्बल	2	2	2
दुर्भाग्यवश	2	2	2
दुर्भाग्यवस	2	2	2
दुर्योधनको	2	2	2
दुर्लुङ	2	2	2
दुर्लुङको	2	2	2
दुलीको	2	2	2
दुले	2	2	2
दुवरकोट	2	2	2
दुवाचौर	2	2	2
दुवैजना	2	2	2
दुश्मन	2	2	2
दुश्मनीको	2	2	2
दुश्यन्त	2	2	2
दुष्कर्मको	2	2	2
दुष्प्रवृत्ति	2	2	2
दुष्यन्तका	2	2	2
दुस्मन	2	2	2
दुहागडी	2	2	2
दुहाबी	2	2	2
दुहाबीको	2	2	2
दूतकाव्य	2	2	2
दूतावासका	2	2	2
दूरबिन	2	2	2
दूरबिनमा	2	2	2
दूरबीन	2	2	2
दूरबीनहरू	2	2	2
दूरसञ्चारको	2	2	2
दूरीदेखि	2	2	2
दूरीलाई	2	2	2
दृढता	2	2	2
दृश्यको	2	2	2
दृश्यजगत्	2	2	2
दृश्यलाई	2	2	2
दृश्यहरूका	2	2	2
दृश्यहरूको	2	2	2
दृष्टान्त	2	2	2
दृष्टिका	2	2	2
दृष्टिबिन्दुकै	2	2	2
दृष्टिविहीनहरूलाई	2	2	2
दृष्यकलाको	2	2	2
देउताका	2	2	2
देउरा	2	2	2
देखरेख	2	2	2
देखाइँदै	2	2	2
देखाइदिने	2	2	2
देखाइयो	2	2	2
देखाइहाल्ने	2	2	2
देखाउँछु	2	2	2
देखाउनको	2	2	2
देखाउनुभयो	2	2	2
देखाउनुहुन्छ	2	2	2
देखाएपछि	2	2	2
देखापरिन्	2	2	2
देखिँदा	2	2	2
देखिइन्	2	2	2
देखिका	2	2	2
देखिनुका	2	2	2
देखिन्थे	2	2	2
देखिहाल्नुभयो	2	2	2
देख्दछु	2	2	2
देख्दछौँ	2	2	2
देख्दैन	2	2	2
देख्नेछ	2	2	2
देब्रे	2	2	2
देवकार्यमा	2	2	2
देवकुमारी	2	2	2
देवगणले	2	2	2
देवगुरु	2	2	2
देवदूत	2	2	2
देवपुर	2	2	2
देवलमा	2	2	2
देवलहरूका	2	2	2
देवस्तुतिका	2	2	2
देवाली	2	1	1
देवीकुमारीको	2	2	2
देवीघाटमा	2	2	2
देवीचन्द्रलाई	2	2	2
देवीदेवताहरूको	2	2	2
देवीसँग	2	2	2
देशकारूपमा	2	2	2
देशप्रेमी	2	2	2
देशबासीहरू	2	2	2
देशभक्त	2	2	2
देशभरी	2	2	2
देशविदेश	2	2	2
देशहरुले	2	2	2
देशहरूमध्ये	2	2	2
देशी	2	2	2
देसो	2	2	2
देहान्त	2	2	2
दैलेखका	2	2	2
दैलेखमा	2	2	2
दैवज्ञ	2	2	2
दोङ	2	2	2
दोचा	2	2	2
दोदोमा	2	2	2
दोब्बर	2	2	2
दोब्रु	2	2	2
दोभानदेखि	2	2	2
दोलनबाट	2	2	2
दोविल्ला	2	2	2
दोषपूर्ण	2	2	2
दोषरहित	2	2	2
दोषारोपण	2	2	2
दोषीलाई	2	2	2
दोसाँधमा	2	2	2
दोसाधमा	2	2	2
दोस्री	2	2	2
दोस्रोदेखि	2	2	2
दोहरिरहन्छ	2	2	2
दोहर्याइन्	2	2	2
दोहोरी	2	2	2
दोहोर्याई	2	2	2
दोहोर्याउने	2	2	2
दौंतरी	2	2	2
दौत्य	2	2	2
दौरानमा	2	2	2
दौलतपुर	2	2	2
दौलतबिक्रम	2	2	2
द्रङ्ग	2	2	2
द्रविड	2	2	2
द्रोणबाट	2	2	2
द्रोणाचार्य	2	2	2
द्रोहको	2	2	2
द्रौपदीको	2	2	2
द्वापरयुगमा	2	2	2
द्वारका	2	2	2
द्वारिका	2	2	2
द्वारिकास्थित	2	2	2
द्वीपका	2	2	2
द्वीपलाई	2	2	2
द्वीपसमूहको	2	2	2
द्वीपसमूहमा	2	2	2
द्वीपहरूमा	2	2	2
धजाका	2	2	2
धनकुमार	2	2	2
धनगढीमा	2	2	2
धनजी	2	2	2
धनपुर	2	2	2
धनबज्र	2	2	2
धनराज	2	2	2
धनवाङ	2	2	2
धनात्मक	2	2	2
धनार्जन	2	2	2
धनीलाई	2	2	2
धनीलाल	2	2	2
धनुषबाट	2	2	2
धनुषले	2	2	2
धनुषहरूको	2	2	2
धनेश	2	2	2
धन्न	2	2	2
धन्यवादको	2	2	2
धन्याबाद	2	2	2
धन्याम्	2	2	2
धब्बा	2	2	2
धब्बायुक्त	2	2	2
धमिलो	2	2	2
धरणीधर	2	2	2
धरतीका	2	2	2
धरपकड	2	2	2
धरहराको	2	2	2
धराधाममा	2	2	2
धरानदेखि	2	2	2
धरानमा	2	2	2
धरावासीद्वारा	2	2	2
धरै	2	2	2
धरोधर्म	2	2	2
धरोहरका	2	2	2
धरौटी	2	2	2
धर्का	2	2	2
धर्के	2	2	2
धर्मकै	2	2	2
धर्मगुरु	2	2	2
धर्मगुरू	2	2	2
धर्मग्रन्थका	2	2	2
धर्मग्रन्थको	2	2	2
धर्मग्रन्थहरूका	2	2	2
धर्मग्रन्थहरूमा	2	2	2
धर्मदर्शन	2	2	2
धर्मदासको	2	2	2
धर्मदासले	2	2	2
धर्मपरायण	2	2	2
धर्मपाल	2	2	2
धर्मपुत्रपुत्री	2	2	2
धर्मभिरू	2	2	2
धर्मशालाहरू	2	2	2
धर्मशास्त्रको	2	2	2
धर्मशास्त्रमा	2	2	2
धर्मसँग	2	2	2
धर्मसुधारक	2	2	2
धर्मसुधारमा	2	2	2
धर्सैधर्साको	2	2	2
धवलागिरि	2	2	2
धाइहरूलाई	2	2	2
धाउनुपर्ने	2	2	2
धातुका	2	2	2
धातुदेखि	2	2	2
धातुमा	2	2	2
धातुयोग	2	2	2
धातुहरूलाई	2	2	2
धादिङको	2	2	2
धान्न	2	2	2
धापा	2	2	2
धामको	2	2	2
धामबाट	2	2	2
धारणाहरू	2	2	2
धारमा	2	2	2
धारलाई	2	2	2
धारले	2	2	2
धारहरूलाई	2	2	2
धाराहरूमा	2	2	2
धारिला	2	2	2
धार्नी	2	2	2
धार्नीको	2	2	2
धार्मिकस्थल	2	2	2
धियाल	2	2	2
धुन्धुकारीका	2	2	2
धुप	2	2	2
धुबरी	2	2	2
धुमधामका	2	2	2
धुमधामकासाथ	2	2	2
धुरन्धर	2	2	2
धुरा	2	2	2
धुर्कोट	2	2	2
धुर्रधुर्र	2	2	2
धुलोसहितको	2	2	2
धुवाई	2	2	1
धुस्कुन	2	2	2
धुस्तुङ्गमा	2	2	2
धृतराष्ट्रको	2	2	2
धृतराष्ट्रले	2	2	2
धेरथोर	2	2	2
धेरैजनाले	2	2	2
धैर्यता	2	2	2
धोबीको	2	2	2
धोयीको	2	2	2
धौतपाप	2	2	2
धौतोदन	2	2	2
धौधौ	2	2	2
धौलागिरीदेखि	2	2	2
ध्यानको	2	2	2
ध्यानमग्न	2	2	2
ध्येयका	2	2	2
ध्रुवको	2	2	2
ध्रुवमा	2	2	2
ध्वजा	2	2	2
ध्वजारोहण	2	2	2
ध्वनिमा	2	2	2
ध्वनीको	2	2	2
नँया	2	2	2
नआउँदै	2	2	2
नकाटीन	2	2	2
नकाबनृत्य	2	2	2
नकार्दै	2	2	2
नकुलको	2	2	2
नकुलले	2	2	2
नक्काशी	2	2	2
नक्षत्रमध्ये	2	2	2
नक्सामा	2	2	2
नक्सालको	2	2	2
नक्साले	2	2	2
नखाई	2	2	2
नखानुहोस्	2	2	2
नखानेबाट	2	2	2
नखेल	2	2	2
नगएर	2	2	2
नगरहरू	2	2	2
नगरहरूको	2	2	2
नगरहरूमा	2	2	2
नगरिकन	2	2	2
नगरीको	2	2	2
नगरे	2	2	2
नगरेका	2	2	2
नगर्दै	2	2	2
नगर्नेले	2	2	2
नगारिक	2	2	2
नचारु	2	2	2
नचाहने	2	2	2
नचाही	2	2	2
नचाहे	2	2	2
नछिर्ने	2	2	2
नछोडेमा	2	2	2
नछोड्नुहोला	2	2	2
नजरबन्दको	2	2	2
नजाऊ	2	2	2
नजिकैमा	2	2	2
नजीक	2	2	2
नजोडी	2	2	2
नठोसी	2	2	2
नतिजालाई	2	2	2
नदि	2	2	2
नदिएका	2	2	2
नदिएसम्म	2	2	2
नदिन	2	2	2
नदिनाले	2	2	2
नदिया	2	2	2
नदीदेखि	2	2	2
नदीमाथि	2	2	2
नदीहरूले	2	2	2
नदेखिएकोले	2	2	2
नदेखियोस्	2	2	2
नन	2	2	2
नपच्ला	2	2	2
नपस्ने	2	2	2
नपाई	2	2	2
नपाएकोले	2	2	2
नपाएपछि	2	2	2
नपुगेका	2	2	2
नपुर्याई	2	2	2
नफसी	2	2	2
नफिसा	2	2	2
नफुल्ने	2	2	2
नबजाई	2	2	2
नबढी	2	2	2
नबस्नु	2	2	2
नबस्नू	2	2	2
नबाताइन्स	2	2	2
नबिनको	2	2	2
नबिहरूको	2	2	2
नबुझेर	2	2	2
नब्बे	2	2	2
नभइकन	2	2	2
नभइसकेको	2	2	2
नभएकोतर्फ	2	2	2
नभएता	2	2	2
नभेटिएपछि	2	2	2
नमरी	2	2	2
नमाजपश्चात्	2	2	2
नमानिदिनुहोला	2	2	2
नमान्नुहोस्	2	2	2
नमान्नेहरूलाई	2	2	2
नमारोस्	2	2	2
नमार्न	2	2	2
नमिलेर	2	2	2
नमोबुद्ध	2	2	2
नमोस्तुते	2	2	2
नम्बरका	2	2	2
नम्बरको	2	2	2
नम्बरबाट	2	2	2
नम्बरसम्म	2	2	2
नयाँबजारका	2	2	2
नयाँबस्ती	2	2	2
नयाँभाव	2	2	2
नरकासुरको	2	2	2
नरबहादुर	2	2	2
नरभूपाल	2	2	2
नरसंहारका	2	2	2
नरसिंहभक्त	2	2	2
नरहरिनाथले	2	2	2
नरहेको	2	2	2
नरहेकोले	2	2	2
नरहोस्	2	2	2
नराखीकन	2	2	2
नराखौं	2	2	2
नरिवलफल	2	2	2
नरिवललाई	2	2	2
नरेन्द्रलक्ष्मीसँग	2	2	2
नरेशलाई	2	2	2
नरोकिदा	2	2	2
नर्कमा	2	2	2
नर्तकहरूको	2	2	2
नर्भिक	2	2	2
नर्सरी	2	2	2
नर्सहरूको	2	2	2
नलागेको	2	2	2
नलागेमा	2	2	2
नलिएका	2	2	2
नलिएकी	2	2	2
नलेनले	2	2	2
नल्याएको	2	2	2
नवप्रकारहरू	2	2	2
नवप्रयोगहरूका	2	2	2
नवराज	2	2	2
नवरात्रका	2	2	2
नवलपुर	2	2	2
नवाजुद्दिन	2	2	2
नवीनकै	2	2	2
नवीनतम	2	2	2
नवै	2	2	2
नशालु	2	2	2
नसकिए	2	2	2
नसके	2	2	2
नसकेका	2	2	2
नसक्नेहरू	2	2	2
नसमाती	2	2	2
नसम्झ	2	2	2
नसाउ	2	2	2
नसाजस्ता	2	2	2
नसुने	2	2	2
नसुनेका	2	2	2
नसुहाएको	2	2	2
नस्लको	2	2	2
नहर	2	2	2
नहरभादरा	2	2	2
नहुँदै	2	2	2
नहुनुको	2	2	2
नहुनेहरूले	2	2	2
नाइटोमै	2	2	2
नाइट्रोजन	2	2	2
नाउँडाँडा	2	2	2
नाकैमा	2	2	2
नागकेशरी	2	2	2
नागदोष	2	2	2
नागराजकी	2	2	2
नागरिकले	2	2	2
नागरिकहरूका	2	2	2
नागरीक	2	2	2
नागरीका	2	2	2
नाघिसकेको	2	2	2
नाचका	2	2	2
नाचघर	2	2	2
नाचहरूको	2	2	2
नाचहरूभन्दा	2	2	2
नाचे	2	2	2
नाच्दा	2	2	2
नाछिरिङ	2	2	2
नाजिआको	2	2	2
नाजी	2	2	2
नाटकका	2	2	2
नाटकीयताका	2	2	2
नाट्यशास्त्रमा	2	2	2
नाडी	2	2	2
नाडीमध्ये	2	2	2
नातागोतालाई	2	2	2
नातागोताले	2	2	2
नातिनातिना	2	2	2
नाती	2	2	2
नातेदारहरूको	2	2	2
नातेदारहरूले	2	2	2
नानीलाई	2	2	2
नाफामूलक	2	2	2
नामजुङ	2	2	2
नामपछाडि	2	2	2
नामपुद्रिको	2	2	2
नामबाटै	2	2	2
नामयोगीमा	2	2	2
नामासारी	2	2	2
नायव	2	2	2
नारकीय	2	2	2
नारङ्गी	2	2	2
नाराजगी	2	2	2
नारायणगोपाल	2	2	2
नारायणनले	2	2	2
नारीकोट	2	2	2
नारीदाङ्ग	2	2	2
नारीलाई	2	2	2
नारीवादी	2	2	2
नारीहरूको	2	2	2
नारीहरूलाई	2	2	2
नारीहरूले	2	2	2
नालदुम	2	2	2
नाला	2	2	2
नालिबेलिको	2	2	2
नाविक	2	2	2
नासाले	2	2	2
नासिने	2	2	2
नासो	2	2	2
नि?	2	2	2
निकटका	2	2	2
निकायका	2	2	2
निकायबाटै	2	2	2
निकायहरूमार्फत	2	2	2
निकालिदेऊ	2	2	2
निकाल्छ	2	2	2
निकाल्छन्	2	2	2
निकोबार	2	2	2
निकोलस	2	2	2
निकोला	2	2	2
निक्ले	2	2	2
निक्लेका	2	2	2
निक्लेपछि	2	2	2
निक्सन	2	2	2
निगमद्वारा	2	2	2
निगमले	2	2	2
निगाली	2	2	2
निचोड	2	2	2
निजगढका	2	2	2
नितम्बको	2	2	2
नित्यचण्डेश्वरीबाट	2	2	2
नित्यराज	2	2	2
निन्द्राबाट	2	2	2
निपत्रका	2	2	2
निबन्धबाट	2	2	2
निबन्धभित्र	2	2	2
निबन्धले	2	2	2
निबन्धसङ्ग्रह	2	2	2
निबन्धसङ्ग्रहका	2	2	2
निभाउनको	2	2	2
निभाएको	2	2	2
निभ्न	2	2	2
निमार्णको	2	2	2
निमार्णधिन	2	2	2
निमाविको	2	2	2
निमाविमा	2	2	2
निमिष	2	2	2
निमेषभरमै	2	2	2
निम्नकोटीका	2	2	2
निम्बार्क	2	2	2
निम्बोली	2	2	2
निम्स	2	2	2
नियन्त्रणको	2	2	2
नियमका	2	2	2
नियमनिष्ठाले	2	2	2
नियमहरूलाई	2	2	2
नियमानुसार	2	2	2
नियामक	2	2	2
नियाल्ने	2	2	2
नियोगका	2	2	2
निर	2	2	2
निरक्षरता	2	2	2
निरपराध	2	2	2
निरमा	2	2	2
निरर्थक	2	2	2
निराकारको	2	2	2
निरुक्तकारहरूलाई	2	2	2
निरुक्तमा	2	2	2
निरोग	2	2	2
निरौलाहरू	2	2	2
निर्णयविरुद्ध	2	2	2
निर्णयसागर	2	2	2
निर्णहरूको	2	2	2
निर्णायकहरूले	2	2	2
निर्दलियता	2	2	2
निर्धक्क	2	2	2
निर्धक्कसँग	2	2	2
निर्धनलाई	2	2	2
निर्धारक	2	2	2
निर्धारणदेखि	2	2	2
निर्बन्ध	2	2	2
निर्बल	2	2	2
निर्भरताले	2	2	2
निर्मम	2	2	2
निर्मलनाथको	2	2	2
निर्मलले	2	2	2
निर्मली	2	2	2
निर्मलीडाँडा	2	2	2
निर्माणधीन	2	2	2
निर्माणबाट	2	2	2
निर्माणले	2	2	2
निर्माणसज्जा	2	2	2
निर्माणस्थल	2	2	2
निर्वाचनलाई	2	2	2
निर्वाचनहरूको	2	2	2
निर्वासनलाई	2	2	2
निलगिरी	2	2	2
निलबराहीको	2	2	2
निलम्बित	2	2	2
निवन्ध	2	2	2
निवासीहरूमा	2	2	2
निवेदनमा	2	2	2
निशर्त	2	2	2
निषिद्ध	2	2	2
निषेधले	2	2	2
निष्काम	2	2	2
निष्ठामा	2	2	2
निष्ठुरी	2	2	2
निष्पादन	2	2	2
निष्पादित	2	2	2
निसेलढोर	2	2	2
निस्कँदै	2	2	2
निस्कन्छ	2	2	2
निस्किए	2	2	2
निस्क्यो	2	2	2
निहाल्न	2	2	2
नीजि	2	2	2
नीतिअनुरूप	2	2	2
नीतिअनुसार	2	2	2
नीतिबाट	2	2	2
नीतिश	2	2	2
नीतिसँग	2	2	2
नीतिहरूको	2	2	2
नीतिहरूप्रति	2	2	2
नीलकण्ठ	2	2	2
नुनचुक	2	2	2
नुनथर	2	2	2
नुवाकोटमा	2	2	2
नुहाई	2	2	1
नुहाउनका	2	2	2
नुहाएपछि	2	2	2
नुहाएमा	2	2	2
नृत्यले	2	2	2
नृसिंह	2	2	2
नेकपाएमालेका	2	2	2
नेकाका	2	2	2
नेगेटिभ	2	2	2
नेजियम	2	2	2
नेताहरूबीच	2	2	2
नेताहरूमा	2	2	2
नेताहरूलाई	2	2	2
नेपालगन्ज	2	2	2
नेपालगन्जमा	2	2	2
नेपालभित्रका	2	2	2
नेपालय	2	2	2
नेपालविरुद्ध	2	2	2
नेपालसँग	2	2	2
नेपालीपन	2	2	2
नेपालीमै	2	2	2
नेपालीहरूले	2	2	2
नेपोलियनलाई	2	2	2
नेप्च्युन	2	2	2
नेमसिस	2	2	2
नेमान्जा	2	2	2
नेरा	2	2	2
नेरावि	2	2	2
नेवा	2	2	2
नेवारको	2	2	2
नैँ	2	2	2
नैचुरल	2	2	2
नैतिकथाहरूको	2	2	2
नैफ्था	2	2	2
नैष्ठिक	2	2	2
नैसनलिस्ट	2	2	2
नो	2	2	2
नोकसम्म	2	2	2
नोकियाको	2	2	2
नौकरीमा	2	2	2
नौकाको	2	2	2
नौकायन	2	2	2
नौनीमा	2	2	2
नौबिसे	2	2	2
नौमध्ये	2	2	2
नौसेना	2	2	2
नौसेनाका	2	2	2
न्यातपोल	2	2	2
न्यायकी	2	2	2
न्यायको	2	2	2
न्यायधीश	2	2	2
न्यायप्रेमी	2	2	2
न्यायसँग	2	2	2
न्यायाधीशहरू	2	2	2
न्यायाधीशहरूको	2	2	1
न्यायाधीस	2	2	2
न्यायालय	2	2	2
न्युक्लियस	2	2	2
न्युगायनामा	2	2	2
न्युज	2	2	2
न्युनतम	2	2	2
न्युरोड	2	2	2
न्यूनिकरण	2	2	2
न्यौरा	2	2	2
न्वारन	2	2	2
न्वारानको	2	2	2
पँखेटा	2	2	2
पँखेटालाई	2	2	2
पँधेर्नीलाई	2	2	2
पँहेलो	2	2	2
पंकज	2	2	2
पंक्षीका	2	2	2
पकला	2	2	2
पकवानहरूको	2	2	2
पकानको	2	2	1
पकाना	2	2	2
पकेटको	2	2	2
पकौडी	2	2	2
पक्षका	2	2	2
पक्षपात	2	2	2
पक्षपातसँग	2	2	2
पक्षपोषणलाई	2	2	2
पक्षहरूलाई	2	2	2
पक्षी	2	2	2
पक्षीहरूद्वारा	2	2	2
पखालामा	2	2	2
पखाल्न	2	2	2
पखाल्नको	2	2	2
पखेटाबाट	2	2	2
पखेटामा	2	2	2
पगनाथ	2	2	2
पगालेर	2	2	2
पग्लन	2	2	2
पग्लने	2	2	2
पग्लिएर	2	2	2
पग्लिने	2	2	2
पङ्खामा	2	2	2
पचहत्तर	2	2	2
पचाउन	2	2	2
पच्चीस	2	2	2
पच्छ	2	2	2
पछाउनी	2	2	2
पछाडी	2	2	2
पछारे	2	2	2
पछ्याउँदै	2	2	2
पञ्चकोसी	2	2	2
पञ्चतन्त्र	2	2	2
पञ्चतन्त्रको	2	2	2
पञ्चध्वनी	2	2	2
पञ्चबलिसमेत	2	2	2
पञ्चम	2	2	2
पञ्चमुल	2	2	2
पञ्चशील	2	2	2
पञ्चाङ्ग	2	2	2
पञ्चायतद्वारा	2	2	2
पञ्चेबाजामा	2	2	2
पटकथाको	2	2	2
पटकथालाई	2	2	1
पटकपटकको	2	2	2
पटखौली	2	2	2
पटासी	2	2	2
पटिगनमा	2	2	2
पटियालालाई	2	2	2
पटी	2	2	2
पटुकालाई	2	2	2
पटौटी	2	2	2
पट्टा	2	2	2
पट्टेक	2	2	2
पठाइदिइन्	2	2	2
पठाइदिन	2	2	2
पठाइन्थ्यो	2	2	2
पठाउँदै	2	2	2
पठानझैँ	2	2	2
पठायो	2	2	2
पठार	2	2	2
पठारी	2	2	2
पड्काएर	2	2	2
पड्तालका	2	2	2
पढाइहरू	2	2	2
पढाई	2	2	2
पढेनन्	2	2	2
पढ्छ	2	2	2
पढ्छन्	2	2	2
पढ्थेँ	2	2	2
पढ्नलाई	2	2	2
पढ्नुभएका	2	2	2
पढ्नुभन्दा	2	2	2
पढ्नुहोला	2	2	2
पढ्यो	2	2	2
पणेनामा	2	2	2
पण्डा	2	2	2
पण्डितजस्ता	2	2	2
पण्डितले	2	2	2
पतनको	2	2	2
पतनुका	2	2	2
पता	2	2	2
पताका	2	2	2
पतिगृहका	2	2	2
पतिले	2	2	2
पत्तनबाट	2	2	2
पत्तो	2	2	2
पत्तोंको	2	2	2
पत्थरका	2	2	2
पत्थरदेखि	2	2	2
पत्थरिलो	2	2	2
पत्नीहरूमध्ये	2	2	2
पत्रअनुसार	2	2	2
पत्रकका	2	2	2
पत्रकारमध्येका	2	2	2
पत्रकारमाझ	2	2	2
पत्रकारलाई	2	2	2
पत्रकारहरूमध्ये	2	2	2
पत्रकारिताको	2	2	1
पत्रपत्रिकाको	2	2	2
पत्रपत्रिकाहरू	2	2	2
पत्रसञ्चयन	2	2	2
पत्रसहितको	2	2	2
पत्रिकाबाहेक	2	2	2
पत्रिकासँग	2	2	2
पत्रिकाहरूमा	2	2	2
पथको	2	2	2
पथमा	2	2	2
पथरिया	2	2	2
पथलैया	2	2	2
पथेरा	2	2	2
पदकका	2	2	2
पदच्युत	2	2	2
पदनाहा	2	2	2
पदमपुर	2	2	2
पदमार्ग	2	2	2
पदहरू	2	2	2
पदाधिकारीहरु	2	2	2
पदाधिकारीहरूको	2	2	2
पदार्थका	2	2	2
पदार्थले	2	2	2
पदार्थहरूमा	2	2	2
पदुमदेखि	2	2	2
पद्दति	2	2	2
पद्धतिका	2	2	2
पद्धतिहरूका	2	2	2
पद्मरत्न	2	2	2
पद्मश्री	2	2	2
पद्मावती	2	2	2
पन्चकोशी	2	2	2
पन्जाबीको	2	2	2
पन्टा	2	2	2
पन्तद्वारा	2	2	2
पन्तलाई	2	2	2
पन्ना	2	2	2
पपिहा	2	2	2
पपुमपारे	2	2	2
पफर	2	2	2
पब	2	2	2
पब्लिकेसनले	2	2	2
पब्लिकेसन्स	2	2	2
पमिता	2	2	2
पम्पकिन	2	2	2
पयर्टकहरूको	2	2	2
परकोटे	2	2	2
परगना	2	2	2
परजीवविज्ञान	2	2	2
परजीवि	2	2	2
परदेश	2	2	2
परदेशमा	2	2	2
परब्रम्हाले	2	2	2
परमपिता	2	2	2
परमपिताको	2	2	2
परमहंस	2	2	2
परमाणुलाई	2	2	2
परमात्मालाई	2	2	2
परमावश्यक	2	2	2
परराष्ट्रमन्त्री	2	2	2
परलोकका	2	2	2
परलौकिक	2	2	2
परवानामा	2	2	2
परशरीरमा	2	2	2
परस्पुर	2	2	2
पराउन	2	2	2
पराक्रमी	2	2	2
पराजयका	2	2	2
पराजयपछि	2	2	2
परान्नमा	2	2	2
परायण	2	2	2
परावर्तन	2	2	2
परावैजनी	2	2	2
परासी	2	2	2
परास्नातकको	2	2	2
परिएका	2	2	2
परिकथा	2	2	2
परिकौली	2	2	2
परिक्षणको	2	2	2
परिचालक	2	2	2
परिणति	2	2	2
परिणामहरूको	2	2	2
परिणामहरूमा	2	2	2
परितारिका	2	2	2
परित्यागी	2	2	2
परिपक्व	2	2	2
परिपाटिको	2	2	2
परिपाटीका	2	2	2
परिपूरण	2	2	2
परिभाषाअनुसार	2	2	2
परिभाषाका	2	2	2
परिभ्रमण	2	2	2
परिमाणहरूलाई	2	2	2
परियारले	2	2	2
परियोजनाहरू	2	2	2
परिरहेका	2	2	2
परिवर्तनमा	2	2	2
परिवर्तनसँगै	2	2	2
परिवारकै	2	2	2
परिवारदेखि	2	2	2
परिवारहरूलाई	2	2	2
परिवेष्ठित	2	2	2
परिशीलन	2	2	2
परिषद	2	2	2
परिसम्पत्ति	2	2	2
परिसीमाहरूमा	2	2	2
परिस्कृत	2	2	2
परिस्थितिका	2	2	2
परिस्थितिहरूको	2	2	2
परीक्षणले	2	2	2
परीक्षाहरूमा	2	2	2
परीक्षितलाई	2	2	2
परेँ	2	2	2
परेकाछन्	2	2	2
परेकाहरू	2	2	2
परेवाका	2	2	2
परौँ	2	2	2
पर्खँदैन	2	2	2
पर्खालले	2	2	2
पर्गेल्नुभएको	2	2	2
पर्टेवा	2	2	2
पर्थको	2	2	2
पर्थे	2	2	2
पर्दोरहेछ	2	2	2
पर्नाले	2	2	2
पर्नुअघि	2	2	2
पर्नेको	2	2	2
पर्नेगरी	2	2	2
पर्नै	2	2	2
पर्बते	2	2	2
पर्यटककै	2	2	2
पर्यटकले	2	2	2
पर्यटकहरुलाई	2	2	2
पर्यटकीयक्षेत्र	2	2	2
पर्यटनमा	2	2	2
पर्यटनस्थल	2	2	2
पर्यटनिक	2	2	2
पर्यावरणमा	2	2	2
पर्यावरणमाथि	2	2	2
पर्रोहा	2	2	2
पर्ल	2	2	2
पर्वतशृङ्खलाले	2	2	2
पर्वतसँग	2	2	2
पर्वतहरूमा	2	2	2
पर्सियाका	2	2	2
पर्सियाबाट	2	2	2
पलना	2	2	2
पलाएको	2	2	2
पलाएपछि	2	2	2
पल्हाई	2	2	2
पल्हाउने	2	2	2
पवार	2	2	2
पवित्रतम	2	2	2
पवित्रतामा	2	2	2
पव्लिक	2	2	2
पशुपंक्षीको	2	2	2
पशुपन्छीको	2	2	2
पशुपालनबाट	2	2	2
पशुविज्ञान	2	2	2
पशुहरूमा	2	2	2
पशुहरूसमेत	2	2	2
पश्चिमतिर	2	2	2
पश्चिमबङ्गालको	2	2	2
पश्चिमबाट	2	2	2
पसलका	2	2	2
पसलहरूजस्तो	2	2	2
पसिसकेका	2	2	2
पसेर	2	2	2
पस्कँदै	2	2	2
पस्छन्	2	2	2
पस्तुनलाई	2	2	2
पहचानका	2	2	2
पहराले	2	2	2
पहलमान	2	2	2
पहाडीको	2	2	2
पहिचानको	2	2	2
पहिचानलाई	2	2	2
पहिरनभन्दा	2	2	2
पहिरनमा	2	2	2
पहिरिने	2	2	2
पहिर्याएर	2	2	2
पहिल्याउँछ	2	2	2
पहिल्याउँछन्	2	2	2
पहुँचबाट	2	2	2
पहेँलपुर	2	2	2
पाँगर	2	2	2
पाँचऔँले	2	2	2
पाँचदेखि	2	2	2
पाँचवटै	2	2	2
पाइएमा	2	2	2
पाइड	2	2	2
पाइदैन	2	2	2
पाइन्छ्न्	2	2	2
पाइपबाट	2	2	2
पाइपलाइन	2	2	2
पाइरहेको	2	2	2
पाइलाहरू	2	2	2
पाइलाहरूका	2	2	2
पाइलो	2	2	2
पाइहाल्नु	2	2	2
पाउँ	2	2	2
पाउडरहरूलाई	2	2	2
पाउण्ड	2	2	2
पाउतिर	2	2	2
पाउनासाथ	2	2	2
पाउनुछ	2	2	2
पाउनेभन्दा	2	2	2
पाउन्डका	2	2	2
पाउन्डलाई	2	2	2
पाउसँग	2	2	2
पाकिसकेपछि	2	2	2
पाकिस्तानसँग	2	2	2
पाके	2	2	2
पाको	2	2	2
पाखण्डी	2	2	2
पाखण्डीहरूको	2	2	2
पाखाबाट	2	2	2
पाखाहरू	2	2	2
पाखो	2	2	2
पाखोबारीको	2	2	2
पाचनप्रणाली	2	2	2
पाटकर	2	2	2
पाटनकाले	2	2	2
पाटपुर्जाहरूको	2	2	2
पाटहरूमा	2	2	2
पाटीका	2	2	2
पाठकले	2	2	2
पाठकहरूको	2	2	2
पाठपूजा	2	2	2
पाठपूजाका	2	2	2
पाठमा	2	2	2
पाठशालाबाट	2	2	2
पाठ्य	2	2	2
पाठ्यपुस्तकहरूको	2	2	2
पाठ्यलाई	2	2	2
पाडा	2	2	2
पाण्डवमध्येका	2	2	2
पाण्डहरूलाई	2	2	2
पाण्डित्यपूर्ण	2	2	2
पाण्डु	2	2	2
पाण्डेबाट	2	2	2
पाताले	2	2	2
पात्रले	2	2	2
पात्रहरूको	2	2	2
पात्रहरूजस्तै	2	2	2
पादरीका	2	2	2
पानाको	2	2	2
पानीजहाज	2	2	2
पानीपोखरामा	2	2	2
पानीबाट	2	2	2
पानीवाला	2	2	2
पानीसँगै	2	2	2
पापकर्म	2	2	2
पापमोचिनि	2	2	2
पापहरण	2	2	2
पापहरूबाट	2	2	2
पापीहरूलाई	2	2	2
पायलट	2	2	2
पारखीहरूलाई	2	2	2
पारगमनको	2	2	2
पारपाचुकेका	2	2	2
पारा	2	2	2
पारिदिए	2	2	2
पारिदिन्छन्	2	2	2
पारिभाषिक	2	2	2
पारिरहेको	2	2	2
पारीका	2	2	2
पारेकोले	2	2	2
पारो	2	2	2
पारौँ	2	2	2
पार्कसमेत	2	2	2
पार्क्सले	2	2	2
पार्छन्	2	2	2
पार्टिका	2	2	2
पार्टीभित्रका	2	2	2
पार्टीसँगको	2	2	2
पार्टीहरूको	2	2	2
पार्दा	2	2	2
पार्नको	2	2	2
पार्नुअघि	2	2	2
पार्नेविकसँग	2	2	2
पालनमा	2	2	2
पालादेखि	2	2	2
पालासम्म	2	2	2
पालिएको	2	2	2
पालिन्थ्यो	2	2	2
पालुन	2	2	2
पालेको	2	2	2
पाल्छन्	2	2	2
पाल्ट्रो	2	2	2
पाल्दैनथे	2	2	2
पाल्नुको	2	2	2
पाल्पागुल्मी	2	2	2
पाल्पालगायतका	2	2	2
पाल्मर	2	2	2
पासवर्ड	2	2	2
पासवर्डको	2	2	2
पासाङ	2	2	2
पाहुना	2	2	2
पिउँटर	2	2	2
पिउँदा	2	2	2
पिउठाना	2	2	2
पिउठानी	2	2	2
पिउरा	2	2	2
पिएको	2	2	2
पिके	2	2	2
पिक्चरको	2	2	2
पिङ्गलले	2	2	2
पिङ्गलाय	2	2	2
पिछड्ने	2	2	2
पिछा	2	2	2
पिजिडि	2	2	2
पिज्जाको	2	2	2
पिठोमा	2	2	2
पिडित	2	2	2
पिढीको	2	2	2
पितराइन	2	2	2
पितलले	2	2	2
पिताजीले	2	2	2
पितामह	2	2	2
पिताम्बर	2	2	2
पिताम्बरप्रसाद	2	2	2
पिताहरूको	2	2	2
पितृकुल	2	2	2
पितृहरूको	2	2	2
पितृहरूबाट	2	2	2
पित्तथैली	2	2	2
पित्ताशय	2	1	1
पिन्च	2	2	2
पिन्नु	2	2	2
पिपल	2	2	2
पिपुल्सको	2	2	2
पियोनिस	2	2	2
पिराजस्तो	2	2	2
पिरामिडलाई	2	2	2
पिरो	2	2	2
पिर्ने	2	2	2
पिलो	2	2	2
पिल्नु	2	2	2
पिशाचहरु	2	2	2
पिसिओ	2	2	2
पीएच्डी	2	2	2
पीठद्वारा	2	2	2
पीठमा	2	2	2
पीडितका	2	2	2
पीतकण्ठे	2	2	2
पीताम्वर	2	2	2
पीप	2	2	2
पीपल	2	2	2
पीला	2	2	2
पीसेर	2	2	2
पुँगी	2	2	2
पुकोट	2	2	2
पुगिन्थ्यो	2	2	2
पुगिसकेका	2	2	2
पुगुन्जेलसम्म	2	2	2
पुग्दछौं	2	2	2
पुग्नुभएको	2	2	2
पुग्नेहरूको	2	2	2
पुच्छरका	2	2	2
पुजक	2	2	2
पुजारीको	2	2	2
पुण्यप्राप्त	2	2	2
पुण्यमती	2	2	2
पुतलीका	2	2	2
पुत्रलाई	2	2	2
पुत्रले	2	2	2
पुत्रहरूलाई	2	2	2
पुत्रहरूले	2	2	2
पुत्रादिका	2	2	2
पुनःउद्देश्य	2	2	2
पुनःप्रयोग	2	2	2
पुनःबिहे	2	2	2
पुनःस्थापना	2	2	2
पुननिर्वाचनको	2	2	2
पुनरुत्थानका	2	2	2
पुनर्गठित	2	2	2
पुनर्जन्ममा	2	2	2
पुनर्जागरणकालका	2	2	2
पुनर्निर्माण	2	2	2
पुनर्वसु	2	2	2
पुनर्संरचना	2	2	2
पुनर्स्थापनामा	2	2	2
पुनस्थापना	2	2	2
पुमाहोङ	2	2	2
पुरस्कारद्वारा	2	2	2
पुरस्कारसहित	2	2	2
पुराणद्वारा	2	2	2
पुराणमै	2	2	2
पुराणले	2	2	2
पुराणहरूका	2	2	2
पुरातत्त्वका	2	2	2
पुरातत्त्वविद्हरूले	2	2	2
पुरातात्त्विक	2	2	2
पुरिने	2	2	2
पुरिन्छ	2	2	2
पुरुषलाई	2	2	2
पुरुषले	2	2	2
पुरुषविशेष	2	2	2
पुरुषहरूलाई	2	2	2
पुरूषको	2	2	2
पुरूषलाई	2	2	2
पुरूषार्थ	2	2	2
पुर्खाका	2	2	2
पुर्खामा	2	2	2
पुर्खाले	2	2	2
पुर्खाहरूले	2	2	2
पुर्याइने	2	2	2
पुर्याइन्छ	2	2	2
पुर्याउँदै	2	2	2
पुर्याओस्	2	2	2
पुलतीको	2	2	2
पुललाई	2	2	2
पुलले	2	2	2
पुलवामा	2	2	2
पुलहरूद्वारा	2	2	2
पुलहरूमा	2	2	2
पुलिससहित	2	2	2
पुलेसा	2	2	2
पुवामाई	2	2	2
पुश्कर	2	2	2
पुष्ट	2	2	2
पुष्पकेशरमाथि	2	2	2
पुस्कर	2	1	1
पुस्करमा	2	2	2
पुस्तकलाई	2	2	2
पुस्तकसमेत	2	2	2
पुस्तकालयका	2	2	2
पुस्तादेखिका	2	2	2
पुस्वा	2	2	2
पू	2	2	2
पूँजीवादको	2	2	2
पूजिदिन्छु	2	2	2
पूज्य	2	2	2
पूरालेख	2	2	2
पूर्णकुमार	2	2	2
पूर्णात	2	2	2
पूर्णिमासम्म	2	2	2
पूर्णी	2	2	2
पूर्णीमा	2	2	2
पूर्तिबाट	2	2	2
पूर्वअमेरिकन	2	2	2
पूर्वकारी	2	2	2
पूर्वक्रिकेट	2	2	2
पूर्वदिशातिर	2	2	2
पूर्वभेव	2	2	2
पूर्वमहामन्त्री	2	2	2
पूर्ववत्	2	2	2
पूर्वसन्ध्यासँगै	2	2	2
पूर्वसहमति	2	2	2
पूर्वेली	2	2	2
पृ	2	2	2
पृथुले	2	2	2
पृथ्वीचोकबाट	2	2	2
पृथ्वीदेखि	2	2	2
पृथ्वीनारायणकै	2	2	2
पृथ्वीवीरविक्रम	2	2	2
पृथ्वीसँग	2	2	2
पेक्रिनको	2	2	2
पेजेका	2	2	2
पेटलाई	2	2	2
पेटसम्बन्धी	2	2	2
पेड्कुको	2	2	2
पेड्कुमा	2	2	2
पेदाङ	2	2	2
पेद्रो	2	2	2
पेनस्टक	2	2	2
पेनाल्टि	2	2	2
पेन्नी	2	2	2
पेन्सिलियम	2	2	2
पेपेरोनीको	2	2	2
पेप्सी	2	2	2
पेरियोडिक	2	2	2
पेरिसभन्दा	2	2	2
पेरूमा	2	2	2
पेलेर	2	2	2
पेशल	2	2	2
पेशागत	2	2	2
पेशेका	2	2	2
पेष्ट	2	2	2
पेसालाई	2	2	2
पैटरसनलाई	2	2	2
पैटर्नको	2	2	2
पैट्रिकको	2	2	2
पैठारीमा	2	2	2
पैतालाको	2	2	2
पैतृक	2	2	2
पैयुँपाटा	2	2	2
पैसिफिकरद्वारा	2	2	2
पैाडेलले	2	2	2
पोकलीको	2	2	2
पोका	2	2	2
पोखराका	2	2	2
पोखरापछि	2	2	2
पोखरीकाँडा	2	2	2
पोखेको	2	2	2
पोख्रेलद्वारा	2	2	2
पोख्रेललाई	2	2	2
पोख्रेलले	2	2	2
पोडोल्स्कमा	2	2	2
पोतको	2	2	2
पोतहरूमा	2	2	2
पोतिनु	2	2	2
पोत्नुदेखि	2	2	2
पोत्लाको	2	2	2
पोथीले	2	2	2
पोथीहरूको	2	2	2
पोथ्रालाई	2	2	2
पोम्सको	2	2	2
पोया	2	2	2
पोरबन्दर	2	2	2
पोर्चुगलीहरूले	2	2	2
पोर्टिएस	2	2	2
पोलिथिनले	2	2	2
पोलेमा	2	2	2
पोषक	2	2	2
पोषणयुक्त	2	2	2
पोस्टपेड	2	2	2
पोस्टमा	2	2	2
पोस्टिङका	2	2	2
पौडवाल	2	2	2
पौडिने	2	2	2
पौड्याललाई	2	2	2
पौन्डलाई	2	2	2
पौभा	2	2	2
पौरोहित्यको	2	2	2
पौवाको	2	2	2
पौवासित	2	2	2
पौषे	2	2	2
प्याएँ	2	2	2
प्याकका	2	2	2
प्याकले	2	2	2
प्याकुरेलले	2	2	2
प्याक्स	2	2	2
प्यागोडामा	2	2	2
प्याजीकाने	2	2	2
प्याट्रिक	2	2	2
प्याट्रियट	2	2	2
प्याराग्राफहरूमा	2	2	2
प्याराडाइज	2	2	2
प्यारामिटर	2	2	2
प्यारी	2	2	2
प्यासी	2	2	2
प्युटार	2	2	2
प्युबिक	2	2	2
प्युर्तो	2	2	2
प्योत्र	2	2	2
प्रकारकका	2	2	2
प्रकारकोको	2	2	2
प्रकारदेखि	2	2	2
प्रकाशनपछि	2	2	2
प्रकाशनबाट	2	2	2
प्रकाशनलाई	2	2	2
प्रकाशपुर	2	2	2
प्रकाशबाट	2	2	2
प्रकाशसँग	2	2	2
प्रकाशिकीमा	2	2	2
प्रकाशोन्मुख	2	2	2
प्रकृतिपूजनको	2	2	2
प्रकृयाका	2	2	2
प्रकृयाको	2	2	2
प्रकृयामा	2	2	2
प्रकोपका	2	2	2
प्रक्रियाले	2	2	2
प्रक्रियाहरू	2	2	2
प्रक्रियाहरूको	2	2	2
प्रक्रियाहरूमा	2	2	2
प्रख्यत	2	2	2
प्रगतिभन्दा	2	2	2
प्रगतिहरूको	2	2	2
प्रचण्डकै	2	2	2
प्रचलनको	2	2	2
प्रचलनहरू	2	2	2
प्रचलितभन्दा	2	2	2
प्रचारक	2	2	2
प्रचारका	2	2	2
प्रचारको	2	2	2
प्रचारप्रसारपछि	2	2	2
प्रचारमा	2	2	2
प्रजातन्त्रलाई	2	2	2
प्रजातिलाई	2	2	2
प्रजातिले	2	2	2
प्रजापती	2	2	2
प्रजापार्टीमा	2	2	2
प्रज्ज्वलन	2	2	2
प्रज्ञाप्रतिष्ठानलाई	2	2	2
प्रज्वलित	2	2	2
प्रण	2	2	2
प्रणाम	2	2	2
प्रणालीद्वारा	2	2	2
प्रतापबाट	2	2	2
प्रतावित	2	2	2
प्रतिकारक	2	2	2
प्रतिकारात्मक	2	2	2
प्रतिक्रान्ति	2	2	2
प्रतिक्रियाहरू	2	2	2
प्रतिघण्टाको	2	2	2
प्रतिचालहरूका	2	2	2
प्रतिजैविकीको	2	2	2
प्रतिदिनको	2	2	2
प्रतिद्वन्द्वीले	2	2	2
प्रतिपक्षी	2	2	2
प्रतिबन्धले	2	2	2
प्रतिबन्धहरूबाट	2	2	2
प्रतिबोट	2	2	2
प्रतिभाको	2	2	2
प्रतिभाशाली	2	2	2
प्रतिमुर्ति	2	2	2
प्रतियोगिताहरूले	2	2	2
प्रतिवादी	2	2	2
प्रतिवादीको	2	2	2
प्रतिविम्ब	2	2	2
प्रतिवेदनअनुसार	2	2	2
प्रतिवेदनहरू	2	2	2
प्रतिशतभन्दा	2	2	2
प्रतिष्ठानबाट	2	2	2
प्रतिसकेन्ड	2	2	2
प्रतिस्थापित	2	2	2
प्रतिस्पर्धाद्वारा	2	2	2
प्रतिस्पर्धामा	2	2	2
प्रतिस्पर्धाहरूलाई	2	2	2
प्रतिस्पर्धी	2	2	2
प्रतीकहरू	2	2	2
प्रतीकहरूसँग	2	2	2
प्रत्ययका	2	2	2
प्रत्येकको	2	2	2
प्रथमका	2	2	2
प्रथमस्तरको	2	2	2
प्रथमा	2	2	2
प्रथाहरू	2	2	2
प्रथाहरूको	2	2	2
प्रदक्षिण	2	2	2
प्रदत्त	2	2	2
प्रदर्शनका	2	2	2
प्रदर्शनमाथि	2	2	2
प्रदर्शनीहरूमा	2	2	2
प्रदायकहरूले	2	2	2
प्रदूषित	2	2	2
प्रदेशीय	2	2	2
प्रधानमन्त्रीत्वकालमा	2	2	2
प्रधानमन्त्रीलाई	2	2	2
प्रधानमन्त्रीसहित	2	2	2
प्रधानसम्पादक	2	2	2
प्रधानाध्यापक	2	2	2
प्रप्त	2	2	2
प्रफुल्लित	2	2	2
प्रबधन	2	2	2
प्रबन्धमा	2	2	2
प्रबर्द्धनसँग	2	2	2
प्रबर्धक	2	2	2
प्रभावहरूबाट	2	2	2
प्रभुत्वमा	2	2	2
प्रभुलाई	2	2	2
प्रभु्त्व	2	2	2
प्रमण्डलको	2	2	2
प्रमण्डलहरू	2	2	2
प्रमाणसहित	2	2	2
प्रमाणिक	2	2	2
प्रमाणिकरण	2	2	2
प्रमुखका	2	2	2
प्रमुखता	2	2	2
प्रमुखतासित	2	2	2
प्रमुखबाट	2	2	2
प्रमुखमा	2	2	2
प्रमुखहरूका	2	2	2
प्रमेयहरू	2	2	2
प्रमोद	2	2	2
प्रयत्नपछि	2	2	2
प्रयासहरूले	2	2	2
प्रयोक्तामा	2	2	2
प्रयोगकर्ताहरूको	2	2	2
प्रयोगनीय	2	2	2
प्रयोगशालाका	2	2	2
प्रयोगहरू	2	2	2
प्रयोगात्मक	2	2	2
प्रयोजनहरूको	2	2	2
प्रर्दशन	2	2	2
प्रलचन	2	2	2
प्रलयका	2	2	2
प्रलयको	2	2	2
प्रवर्तन	2	2	2
प्रवर्दन	2	2	2
प्रवालवाद	2	2	2
प्रवाहक	2	2	2
प्रविधिबाट	2	2	2
प्रविधिहरू	2	2	2
प्रवृतिले	2	2	2
प्रवृत्तिका	2	2	2
प्रवृत्तिले	2	2	2
प्रवृत्तिहरूलाई	2	2	2
प्रवेशकर्ता	2	2	2
प्रवेशको	2	2	2
प्रवेशद्वारका	2	2	2
प्रवेशले	2	2	2
प्रवेशिका	2	2	2
प्रशानिक	2	2	2
प्रशान्तका	2	2	2
प्रशान्तमा	2	2	2
प्रशासकको	2	2	2
प्रशासकीय	2	2	2
प्रशासनद्वारा	2	2	2
प्रशासनले	2	2	2
प्रशिक्षकले	2	2	2
प्रशिक्षणको	2	2	2
प्रशिक्षार्थी	2	2	2
प्रश्नहरूबारे	2	2	2
प्रष्फुटित	2	2	2
प्रसंस्करणमा	2	2	2
प्रसङ्गको	2	2	2
प्रसङ्गले	2	2	2
प्रसङ्गसँग	2	2	2
प्रसवको	2	2	2
प्रसवसम्मको	2	2	2
प्रसाईँले	2	2	2
प्रसाईले	2	2	2
प्रसादका	2	2	2
प्रसादमा	2	2	2
प्रसादहरू	2	2	2
प्रसारक	2	2	2
प्रसाशनिक	2	2	2
प्रस्तावद्वारा	2	2	2
प्रस्तावनामा	2	2	2
प्रस्तावहरूबाट	2	2	2
प्रस्तुतिमा	2	2	2
प्रस्थापना	2	2	2
प्रस्फुरित	2	2	2
प्रह	2	2	2
प्रहारलाई	2	2	2
प्रह्लाद	2	2	2
प्रा	2	2	2
प्राइमरी	2	2	2
प्राङ्गणमा	2	2	2
प्राटिन्कोल	2	2	2
प्राणलाई	2	2	2
प्राणीबाट	2	2	2
प्रातःकालमा	2	2	2
प्राथनाबाट	2	2	2
प्राथमिकताका	2	2	2
प्रादुर्भाव	2	2	2
प्राधिकरण	2	2	2
प्राध्यापकीय	2	2	2
प्राध्यापनरत	2	2	2
प्रान्तहरूको	2	2	2
प्रान्तहरूलाई	2	2	2
प्राप्तकर्ता	2	2	2
प्राप्तको	2	2	2
प्राप्तिपछि	2	2	2
प्राप्तिमा	2	2	2
प्रामाणिक	2	2	2
प्रायःजसो	2	2	2
प्रायोगिक	2	2	2
प्रारम्भकालीन	2	2	2
प्रारम्भबाट	2	2	2
प्रारम्भसँगै	2	2	2
प्रार्थनाबाट	2	2	2
प्रार्थनामा	2	2	2
प्रार्थी	2	2	2
प्रालम्ब	2	2	2
प्रालिको	2	2	2
प्राविका	2	2	2
प्राविबाट	2	2	2
प्रासादमा	2	2	2
प्रितिश	2	2	2
प्रिन्सिपल	2	2	2
प्रिन्सेस	2	2	2
प्रिफेक्चरमा	2	2	2
प्रियङ्का	2	2	2
प्रेमपुजारी	2	2	2
प्रेमाख्यान	2	2	2
प्रेमिका	2	2	2
प्रेमिकालाई	2	2	2
प्रेमिल	2	2	2
प्रेमीहरू	2	2	2
प्रेमेजुङ	2	2	2
प्रेषकले	2	2	2
प्रेसबाट	2	2	2
प्रेसहरूको	2	2	2
प्रेसिडेन्सीलाई	2	2	2
प्रोग्रामहरू	2	2	2
प्रोग्रामेबल	2	2	2
प्रोजेक्टको	2	2	2
प्रोजेस्टेरोन	2	2	2
प्रोडक्सनद्वारा	2	2	2
प्रोडक्सन्स्को	2	2	2
प्रोत्साहनका	2	2	2
प्रोफेसरहरू	2	2	2
प्रोभिन्स	2	2	2
प्रोसेसर	2	2	2
प्र्याटले	2	2	2
प्लसमा	2	2	2
प्लाइवुड	2	2	2
प्लाटुन	2	2	2
प्लान	2	2	2
प्लुटोलाई	2	2	2
प्लेअफ	2	2	2
प्लेट	2	2	2
प्लेबिल	2	2	2
प्लेब्वाइ	2	2	2
प्लेयरबाट	2	2	2
प्वाँख	2	2	2
प्वालमा	2	2	2
फक्षेन	2	2	2
फजल	2	2	2
फट्याङ्ग्राको	2	2	2
फन्ड	2	2	2
फन्दाबाट	2	2	2
फरफराइ	2	2	2
फरसा	2	2	2
फरहान	2	2	2
फरहानले	2	2	2
फरेभरमा	2	2	2
फरो	2	2	2
फर्कँदै	2	2	2
फर्कदै	2	2	2
फर्कन्छन्	2	2	2
फर्काइदियो	2	2	2
फर्काए	2	2	2
फर्काएर	2	2	2
फर्किएको	2	2	2
फर्किएर	2	2	2
फर्किनु	2	2	2
फर्केछ	2	2	2
फर्जी	2	2	2
फर्ड	2	2	2
फर्मुला	2	2	2
फर्म्याटिङ	2	2	2
फलत	2	2	2
फलफुलको	2	2	2
फलहरूको	2	2	2
फलाक्थे	2	2	2
फलादेशमा	2	2	2
फलानाको	2	2	2
फलामबाट	2	2	2
फलाहारी	2	2	2
फलीभूत	2	2	2
फल्दछ	2	2	2
फल्याकको	2	2	2
फसलको	2	2	2
फसलोको	2	2	2
फाँटको	2	2	2
फाइटर	2	2	2
फाइनलमा	2	2	2
फाइनलिस्ट	2	2	2
फाइबरमा	2	2	2
फाइभमा	2	2	2
फाउल	2	2	2
फाङ्दुवाली	2	2	2
फाट्ने	2	2	2
फाफरको	2	2	2
फारखतीको	2	2	2
फारमको	2	2	2
फारसमा	2	2	2
फालेर	2	2	2
फिँजदार	2	2	2
फिक्का	2	2	2
फिजिकल	2	2	2
फिनी	2	2	2
फिन्च	2	2	2
फिफाको	2	2	2
फिफाले	2	2	2
फियर	2	2	2
फियो	2	2	2
फिरबाट	2	2	2
फिर्ने	2	2	2
फिलिपलाई	2	2	2
फिलिपिन्सकी	2	2	2
फिलिप्सको	2	2	2
फिल्डिङको	2	2	2
फिल्मप्रेमी	2	2	2
फिल्मलाई	2	2	2
फिल्महरूलाई	2	2	2
फिल्माउन	2	2	2
फिल्माङ्कन	2	2	2
फिल्म्स	2	2	2
फिवर	2	2	2
फिसिङ	2	2	2
फुकाउँदै	2	2	2
फुकाली	2	2	2
फुकिएको	2	2	2
फुकेको	2	2	2
फुकेर	2	2	2
फुच्चे	2	2	2
फुटसम्म	2	2	2
फुटिसकेपछि	2	2	2
फुटिसक्थ्यो	2	2	2
फुटे	2	2	2
फुटेकै	2	2	2
फुटेज	2	2	2
फुटेपछि	2	2	2
फुटेर	2	2	2
फुट्छन्	2	2	2
फुट्यो	2	2	2
फुपूले	2	2	2
फुर्दछ	2	2	2
फुर्बा	2	2	2
फुलचोकीबाट	2	2	2
फुलभन्दा	2	2	2
फुलाउनु	2	2	2
फुलासी	2	2	2
फुलाहट्टा	2	2	2
फुलीमा	2	2	2
फुल्छन्	2	2	2
फुल्दा	2	2	2
फुल्नेमा	2	2	2
फुस्रा	2	2	2
फूलडाँठ	2	1	1
फूलबाट	2	2	2
फूलवारी	2	2	2
फेडोरा	2	2	2
फेदबाट	2	2	2
फेदि	2	2	2
फेदिदेखि	2	2	2
फेममा	2	2	2
फेरिसको	2	2	1
फेर्छ	2	2	2
फेर्छन्	2	2	2
फेवातालमा	2	2	2
फेसोका	2	2	2
फैरिस	2	2	2
फैलने	2	2	2
फैलाए	2	2	2
फैलायो	2	2	2
फैलिरहेका	2	2	2
फैलेर	2	2	2
फैसलाअनुसार	2	2	2
फोटाहरू	2	2	2
फोटोग्राफर	2	2	2
फोडेर	2	2	2
फोनमा	2	2	2
फोरम	2	2	2
फोरमले	2	2	2
फोर्टहेर	2	2	2
फोर्टहेरको	2	2	2
फोर्ट्रेस	2	2	2
फोलिकलको	2	2	2
फोलिकलसमेत	2	2	2
फोलिकुलर	2	2	2
फोल्ड	2	2	2
फोस्फोरस	2	2	2
फोहर	2	2	2
फोहरा	2	2	2
फोहरामा	2	2	2
फोहोरी	2	2	2
फौज	2	2	2
फौजको	2	2	2
फ्याँकिदिए	2	2	2
फ्याँक्ने	2	2	2
फ्याइङ	2	2	2
फ्रम	2	2	2
फ्राइडे	2	2	2
फ्रान्सकै	2	2	2
फ्रान्ससँग	2	2	2
फ्रान्सिसी	2	2	2
फ्रान्सिस्को	2	2	2
फ्रिक्वेन्सी	2	2	2
फ्लासिङ	2	2	2
फ्लोरिड	2	2	2
फ्ल्याट	2	2	2
बंगला	2	2	2
बंशावलीले	2	2	2
बकवास	2	2	2
बक्सको	2	2	2
बक्सामा	2	2	2
बक्सिङ	2	2	2
बक्सियो	2	2	2
बक्सेको	2	2	2
बख्खु	2	2	2
बगाउँछ	2	2	2
बगायो	2	2	2
बगिरहन्छ	2	2	2
बगुचीको	2	2	2
बगेडी	2	2	2
बग्छ	2	2	2
बङ्गालसँग	2	2	2
बङ्गुरको	2	2	2
बङ्ग्ला	2	2	2
बचाउँछन्	2	2	2
बचाउँदछ	2	2	2
बचाउनको	2	2	2
बचाउनु	2	2	2
बचेकै	2	2	2
बजगाई	2	2	2
बजाउँछन्	2	2	2
बजाउँदा	2	2	2
बजाउँदै	2	2	2
बजाउनमा	2	2	2
बजाए	2	2	2
बजारतिर	2	2	2
बजारमुखी	2	2	2
बजारसँगै	2	2	2
बजेटफिल्म	2	2	2
बज्रवृक्ष	2	2	2
बज्राचार्यहरूमा	2	2	2
बझाङ्गी	2	2	2
बञ्चरो	2	2	2
बट	2	2	2
बटवाराका	2	2	2
बटुको	2	2	2
बटुले	2	2	2
बटुवाको	2	2	2
बटुवालाई	2	2	2
बट्लर	2	2	2
बडापत्रको	2	2	2
बडालज्यू	2	2	2
बडाहाकिम	2	2	2
बडिखेल	2	2	2
बडिबिल्डरहरूलाई	2	2	2
बडे	2	2	2
बढचढ	2	2	2
बढ़्दै	2	2	2
बढाइ	2	2	2
बढाइरहे	2	2	2
बढाउनको	2	2	2
बढाउनमा	2	2	2
बढाउनुका	2	2	2
बढाउनुपर्ने	2	2	2
बढाउनुभएको	2	2	2
बढाउनुस्	2	2	2
बढार्न	2	2	2
बढिभन्दा	2	2	2
बढीलाई	2	2	2
बढेछ	2	2	2
बढ्छन्	2	2	2
बढ्दा	2	2	2
बढ्नका	2	2	2
बढ्नुपर्ला	2	2	2
बढ्नुभयो	2	2	2
बढ्नुहोस्	2	2	2
बण्डाली	2	2	2
बताइएअनुसार	2	2	2
बताई	2	2	2
बताउनुभएछ	2	2	2
बताऊँ	2	2	2
बताएर	2	2	2
बतास;	2	2	2
बतौर	2	2	2
बत्तीमा	2	2	2
बदनाम	2	2	2
बदर	2	2	2
बदलामार	2	2	2
बदलिएकै	2	2	2
बदल्दछ	2	2	2
बदल्नको	2	2	2
बदामको	2	2	2
बद्रिकाश्रममा	2	2	2
बद्रिनाथ	2	2	2
बद्ला	2	2	2
बधाइ	2	2	2
बनाइदिने	2	2	2
बनाइरहनु	2	2	2
बनाइराखेको	2	2	2
बनाइसक्यौँ	2	2	2
बनाउदछ	2	2	2
बनाउनबाट	2	2	2
बनाउनाले	2	2	2
बनाउनुभएका	2	2	2
बनाउनुलाई	2	2	2
बनाऔँ	2	2	2
बनारसका	2	2	2
बनारसबाट	2	2	2
बनिएको	2	2	2
बनिसकेकी	2	2	2
बनिसकेको	2	2	2
बनेपाबाट	2	2	2
बनेपामा	2	2	2
बनेमा	2	2	2
बनौटको	2	2	2
बन्दको	2	1	1
बन्दना	2	2	2
बन्दरगाहबाट	2	2	2
बन्दीगृहमा	2	2	2
बन्दोबस्त	2	2	2
बन्धुहरूलाई	2	2	2
बन्नेका	2	2	2
बन्नेवाला	2	2	2
बन्नै	2	2	2
बन्लान्	2	2	2
बफादार	2	2	2
बबई	2	2	2
बबर	2	2	2
बबरमहलमा	2	2	2
बबासिर	2	2	2
बब्ली	2	2	2
बम्बईबाट	2	2	2
बरखास्त	2	2	2
बरखी	2	2	2
बरण्डा	2	2	2
बरसाती	2	2	2
बराजु	2	2	2
बराम	2	2	2
बरालद्वारा	2	2	2
बरिया	2	2	2
बरुवा	2	2	2
बरुवाल	2	2	2
बर्गीकरण	2	2	2
बर्गोग्लियो	2	2	2
बर्थका	2	2	2
बर्दिबास	2	2	2
बर्नहार्ड	2	2	2
बर्नियोका	2	2	2
बर्बाद	2	2	2
बर्सटिनबाहेक	2	2	2
बर्सन्थ्यो	2	2	2
बर्सिए	2	2	2
बर्सेनी	2	2	2
बलजफ्ती	2	2	2
बलरले	2	2	2
बलरहरूले	2	2	2
बलरामसँग	2	2	2
बलवान	2	2	2
बलहरूका	2	2	2
बलिउडकी	2	2	2
बलिउडको	2	2	2
बलिका	2	2	2
बलिङ	2	2	2
बलिदानी	2	2	2
बलिपूजाको	2	2	2
बलिवुडका	2	2	2
बलीवुडका	2	2	2
बलौटो	2	2	2
बल्दैन	2	2	2
बसबाट	2	2	2
बसभित्र	2	2	2
बससेवा	2	2	2
बसाइले	2	2	2
बसाएका	2	2	2
बसालेपछि	2	2	2
बसाल्ने	2	2	2
बसाल्यो	2	2	2
बसिन्छ	2	2	2
बसिरहनु	2	2	2
बसिरहिन्	2	2	2
बसिसकेका	2	2	2
बसिसकेको	2	2	2
बसुँला	2	2	2
बसेकी	2	2	2
बस्टियन	2	2	2
बस्तिको	2	2	2
बस्तीका	2	2	2
बस्तीबाट	2	2	2
बस्तीहरूमा	2	2	2
बस्थ्यो	2	2	2
बस्दथे	2	2	2
बस्दाको	2	2	2
बस्ना	2	2	2
बस्नुपरेको	2	2	2
बस्नुभएका	2	2	2
बस्नुभयो	2	2	2
बस्री	2	2	2
बहकाउने	2	2	2
बहरापन	2	2	2
बहलाउने	2	2	2
बहादुरगढ	2	2	2
बहादुरजी	2	2	2
बहाब	2	2	2
बहार	2	2	2
बहाल	2	2	2
बहाली	2	2	2
बहिनीसित	2	2	2
बहिनीहरू	2	2	2
बहिरा	2	2	2
बहिष्कार	2	2	2
बहिष्कृत	2	2	2
बहुउपयोगी	2	2	2
बहुधा	2	2	2
बहुप्रतिभाशाली	2	2	2
बहुमतचाहिँ	2	2	2
बहुमतवाट	2	2	2
बहुमुल्य	2	2	2
बहुलपनलाई	2	2	2
बहुवर्षीय	2	2	2
बहुसङ्ख्यक	2	2	2
बाँचेका	2	2	2
बाँचेनन्	2	2	2
बाँच्दिन	2	2	2
बाँच्नुभन्दा	2	2	2
बाँच्नुमा	2	2	2
बाँझो	2	2	2
बाँझोपन	2	2	2
बाँडे	2	2	2
बाँडेको	2	2	2
बाँधसम्म	2	2	2
बाँधिए	2	2	2
बाँधिएका	2	2	2
बाँध्नाले	2	2	2
बाँसगाढी	2	2	2
बाँसपानी	2	2	2
बाइनरीमा	2	2	2
बाइबल	2	2	2
बाइबाङ	2	2	2
बाइसौँ	2	2	2
बाई	2	2	2
बाउन्नी	2	2	2
बाउला	2	2	2
बाए	2	2	2
बाख्राको	2	2	2
बागको	2	2	2
बागहरूको	2	2	2
बागे	2	2	2
बाग्लुङगको	2	2	2
बाघभैरव	2	2	2
बाघभैरवको	2	2	2
बाङ्गा	2	2	2
बाङ्ग्ला	2	2	2
बाङ्तु	2	2	2
बाछा	2	2	2
बाछी	2	2	2
बाछीमा	2	2	2
बाछे	2	2	2
बाज	2	2	2
बाजाअन्तर्गतको	2	2	2
बाजाका	2	2	2
बाजेको	2	2	2
बाझकटेरी	2	2	2
बाटाघाटाहरू	2	2	2
बाटाबाट	2	2	2
बाटाहरूको	2	2	2
बाटैमा	2	2	2
बाटोघाटोमा	2	2	2
बाटोतिर	2	2	2
बाठा	2	2	2
बाठो	2	2	2
बाणहरू	2	2	2
बाणिज्य	2	2	2
बानि	2	2	2
बाफ	2	2	2
बाबुरामको	2	2	2
बाबुसँग	2	2	2
बाममोर्चा	2	2	2
बायरन	2	2	2
बायाँबाट	2	2	2
बायोकेमिकल	2	2	2
बारबडोसका	2	2	2
बारबरा	2	2	2
बारलाई	2	2	2
बारह	2	2	2
बारहसिंघको	2	2	2
बारीका	2	2	2
बारीहरूमा	2	2	2
बार्ट	2	2	2
बार्लोले	2	2	2
बार्सिलोनाको	2	2	2
बालउपन्यास	2	2	2
बालकमाथि	2	2	2
बालकहरू	2	2	2
बालकार्यक्रम	2	2	2
बालकृष्णले	2	2	2
बालतोड	2	2	2
बालन	2	2	2
बालपत्रिका	2	2	2
बालयोगी	2	2	2
बालयोगीको	2	2	2
बालवन	2	2	2
बालाजु	2	2	2
बालाजुको	2	2	2
बालापन	2	2	2
बालिन्छ	2	2	2
बालीहरू	2	2	2
बालीहरूको	2	2	2
बालेको	2	2	2
बाल्मीकि	2	2	2
बाल्मो	2	2	2
बासमढी	2	2	2
बासरा	2	2	2
बासस्थानमा	2	2	2
बासीमा	2	2	2
बासीहरूले	2	2	1
बासुकी	2	2	2
बाहदुर	2	2	2
बाहिड	2	2	2
बाहिरक	2	2	2
बाहिरपट्टि	2	2	2
बाहिरपट्टिबाट	2	2	2
बाहु	2	2	2
बाहुनको	2	2	2
बाहुले	2	2	2
बाह्रवर्षे	2	2	2
बाह्रैमास	2	2	2
बिआइओएस	2	2	2
बिउहरू	2	2	2
बिएस्सीसम्मको	2	2	2
बिकट	2	2	2
बिक्रीका	2	2	2
बिगार्न	2	2	2
बिगार्नेवाला	2	2	2
बिगेट्स	2	2	2
बिछ्याइएको	2	2	2
बिजगणितको	2	2	2
बिजयपुर	2	2	2
बिजुलीडाँडामा	2	2	2
बिजुलीमा	2	2	2
बिताइन्	2	2	2
बिताइसक्नुभएको	2	2	2
बिताउँछ	2	2	2
बिताउनुपर्यो	2	2	2
बिताउनुहुन्छ	2	2	2
बिताएँ	2	2	2
बिताओ	2	2	2
बित्दै	2	2	2
बिद्रोहबाट	2	2	2
बिनाजरी	2	2	2
बिन्तिपत्रले	2	2	2
बिन्दुहरू	2	2	2
बिबिसी	2	2	2
बिमल	2	2	2
बिमारीका	2	2	2
बिमिरा	2	2	2
बिमिरायुक्त	2	2	2
बिम्बहरू	2	2	2
बियरको	2	2	2
बियोमा	2	2	2
बिरगञ्जमा	2	2	2
बिराउन	2	2	2
बिराए	2	2	2
बिराजमान	2	2	2
बिरुद्धको	2	2	2
बिरुवालाई	2	2	2
बिरूद्ध	2	2	2
बिरोध	2	2	2
बिरोध?	2	2	2
बिर्ता	2	2	2
बिर्सिनसक्नुका	2	2	2
बिलबाट	2	2	2
बिलरी	2	2	2
बिलाएर	2	2	2
बिलाप	2	2	2
बिलायत	2	2	2
बिषयमा	2	2	2
बिष्टकी	2	2	2
बिष्टद्वारा	2	2	2
बिहिबार	2	2	2
बिहीबार	2	2	2
बिहीबारको	2	2	2
बीएस	2	2	2
बीकम	2	2	2
बीजगणित	2	2	2
बीजगणितलाई	2	2	2
बीर	2	2	2
बीस	2	2	2
बु	2	2	2
बुकलाई	2	2	2
बुकलेट	2	2	2
बुजुत्सुको	2	2	2
बुज्रुक	2	2	2
बुझ	2	2	2
बुझाइ	2	2	2
बुझाइको	2	2	2
बुझाउनका	2	2	2
बुझाएँ	2	2	2
बुझिरहेको	2	2	2
बुझी	2	2	2
बुझ्दा	2	2	2
बुझ्नका	2	2	2
बुट	2	2	2
बुटेड	2	2	2
बुट्टे	2	2	2
बुट्यानका	2	2	2
बुडो	2	2	2
बुढाथोकीका	2	2	2
बुढापाकाका	2	2	2
बुढो	2	2	2
बुद्धिजीविहरू	2	2	2
बुधलाई	2	2	2
बुधवार	2	2	2
बुधवारको	2	2	2
बुन्दा	2	2	2
बुन्ने	2	2	2
बुलन्दीमा	2	2	2
बुलबुले	2	2	2
बुलाकीको	2	2	2
बुवाआमाको	2	2	2
बृद्धबृद्धा	2	2	2
बृहस्पतिमा	2	2	2
बेइमान	2	2	2
बेउरमा	2	2	2
बेकारमा	2	2	2
बेकारी	2	2	2
बेक्ह्यामको	2	2	2
बेक्ह्यामले	2	2	2
बेग्लिएर	2	2	2
बेग्लिन्छन्	2	2	2
बेचिएका	2	2	2
बेचे	2	2	2
बेच्नमा	2	2	2
बेच्नेवाला	2	2	2
बेतिया	2	2	2
बेत्ता	2	2	2
बेदाग	2	2	2
बेनी	2	2	2
बेनीमा	2	2	2
बेनेडिक्ट	2	2	2
बेनेलन्ग	2	2	2
बेफाइदाहरू	2	2	2
बेबीको	2	2	2
बेमेल	2	2	2
बेमौसममा	2	2	2
बेरी	2	2	2
बेरेको	2	2	2
बेलवृक्षको	2	2	2
बेलाका	2	2	2
बेलायतकी	2	2	2
बेलारुस	2	2	2
बेलुकीपख	2	2	2
बेल्ने	2	2	2
बेवास्ता	2	2	2
बेसीतिर	2	2	2
बेसीहरू	2	2	2
बेस्ट	2	2	2
बेस्टर्न	2	2	2
बेहुलाले	2	2	2
बेहुलीको	2	2	2
बेहुलीलाई	2	2	2
बैँक	2	2	2
बैँगलौरमा	2	2	2
बैंकमा	2	2	2
बैङ्कहरू	2	2	2
बैटमैनका	2	2	2
बैठकस्थल	2	2	2
बैभवले	2	2	2
बोके	2	2	2
बोकेकी	2	2	2
बोक्नको	2	2	2
बोक्राको	2	2	2
बोक्राले	2	2	2
बोटबाटै	2	2	2
बोटबिरुवामा	2	2	2
बोटबिरूवामा	2	2	2
बोटमा	2	2	2
बोटमुनि	2	2	2
बोडे	2	2	2
बोधमा	2	2	2
बोन्बो	2	2	2
बोपुङ	2	2	2
बोयर	2	2	2
बोर	2	2	2
बोराहरूमा	2	2	2
बोलचाल	2	2	2
बोलचालको	2	2	2
बोलबाला	2	2	2
बोलाउँछु	2	2	2
बोलि	2	2	2
बोलिदिने	2	2	2
बोलिन्छन्	2	2	2
बोलीचाली	2	2	2
बोलीहरूको	2	2	2
बोल्दैछ	2	2	2
बोल्नेहरूको	2	2	2
बोहोरा	2	2	2
बौद्घ	2	2	2
बौद्धधर्मको	2	2	2
बौद्धहरूको	2	2	2
बौध	2	2	2
ब्यहोरे	2	2	2
ब्याक	2	2	2
ब्याजदर	2	2	2
ब्याट	2	2	2
ब्याटम्यान	2	2	2
ब्याटिङ	2	2	2
ब्याटिङको	2	2	2
ब्याट्रिबाट	2	2	2
ब्याट्रीवाला	2	2	2
ब्याड	2	2	2
ब्याडमिन्टन	2	2	2
ब्यारिमोरलाई	2	2	2
ब्यारीमोर	2	2	2
ब्यास	2	2	2
ब्युरोमा	2	2	2
ब्युस्	2	2	2
ब्रडवे	2	2	2
ब्रत	2	2	2
ब्रम्हज्ञान	2	2	2
ब्रम्हपुत्र	2	2	2
ब्रम्हायणी	2	2	2
ब्रह्मचार्यको	2	2	2
ब्रह्मज्ञानमा	2	2	2
ब्रह्मपुराणका	2	2	2
ब्रह्मसूत्रको	2	2	2
ब्रह्माण्डसम्बन्धी	2	2	2
ब्राउनको	2	2	2
ब्राजिलका	2	2	2
ब्रान्डको	2	2	2
ब्राम्ब्लिङ	2	2	2
ब्रावा	2	2	2
ब्रासीले	2	2	2
ब्राह्मन	2	2	2
ब्रिगेड	2	2	2
ब्रुस	2	2	2
ब्रेकिङ	2	2	2
ब्रेड	2	2	2
ब्रैडी	2	2	2
ब्लगहरूले	2	2	2
ब्लायलाई	2	2	2
ब्लास्ट	2	2	2
ब्लेयरको	2	2	2
ब्वाँसोसँग	2	2	2
भइगयो	2	2	2
भइरहन्छ	2	2	2
भइरहन्थ्यो	2	2	2
भइराखेको	2	2	2
भइहाल्ने	2	2	2
भएअनुसार	2	2	2
भएक	2	2	2
भएकामध्ये	2	2	2
भएकॊ	2	2	2
भएकोछ	2	2	2
भएदेखि	2	2	2
भएद्वारा	2	2	2
भएबमोजिमको	2	2	2
भक्ताको	2	2	2
भक्तिपूर्वक	2	2	2
भक्तिभाव	2	2	2
भगत	2	2	2
भगवानको	2	2	2
भगवान्ले	2	2	2
भग्नावशेषको	2	2	2
भग्नावशेषहरूको	2	2	2
भजनकीर्तन	2	2	2
भजनमा	2	2	2
भट्टराईको	2	2	2
भट्टाचार्यले	2	2	2
भड्काई	2	2	2
भड्किला	2	2	2
भण्डारणको	2	2	2
भण्डारबाट	2	2	2
भण्डारीका	2	2	2
भत्कने	2	2	2
भत्काएर	2	2	2
भत्केका	2	2	2
भत्केको	2	2	2
भत्ता	2	2	2
भत्तासमेत	2	2	2
भत्तासहित	2	2	2
भदै	2	2	2
भदैा	2	2	2
भनाइअनुसार	2	1	1
भनिँन	2	2	2
भनिछ	2	2	2
भनिदिए	2	2	2
भनिन	2	2	2
भनिहाले	2	2	2
भनुँ	2	2	2
भनेकाले	2	2	2
भनेकी	2	2	2
भनेजस्तै	2	2	2
भन्छौँ	2	2	2
भन्डारण	2	2	2
भन्थ्यो	2	2	2
भन्दछिन्	2	2	2
भन्दाअघि	2	2	2
भन्नुमा	2	2	2
भन्नुस्	2	2	2
भन्नेकुरा	2	2	2
भन्नेबित्तिकै	2	2	2
भन्नेहरू	2	2	2
भब्य	2	2	2
भयंकर	2	2	2
भयग्रस्त	2	2	2
भयप्रद	2	2	2
भयभित	2	2	2
भयले	2	2	2
भरणीको	2	2	2
भरतपुमा	2	2	2
भरतपुरमा	2	2	2
भरतमणी	2	2	2
भरपुर	2	2	2
भरमगदुर	2	2	2
भराईटि	2	2	2
भराभरीदेखि	2	2	2
भरिका	2	2	2
भरिदिए	2	2	2
भरिमा	2	2	2
भरी	2	2	2
भरेपछि	2	2	2
भर्दा	2	2	2
भर्नुहोस्	2	2	2
भर्सटर	2	2	2
भलाइको	2	2	2
भलाद्मीका	2	2	2
भलिबल	2	2	2
भल्चर	2	2	2
भवः	2	2	2
भवनअगाडिको	2	2	2
भवनहरूमा	2	2	2
भवानीको	2	2	2
भवानीदेवी	2	2	2
भवानीलाई	2	2	2
भव्यतासाथ	2	2	2
भष्म	2	2	2
भाँचिन्छ	2	2	2
भाँडभैलो	2	2	2
भाँडाकुडा	2	2	2
भाइका	2	2	2
भाइकाजी	2	2	2
भाइमध्ये	2	2	2
भाइमा	2	2	2
भाइरल	2	2	2
भाइरसहरूले	2	2	2
भाइलाई	2	2	2
भाकासँगै	2	2	2
भागतर्फ	2	2	2
भागवत	2	2	2
भागे	2	2	2
भागेको	2	2	2
भागेछ	2	2	2
भाग्यको	2	2	2
भाग्यमा	2	2	2
भाग्यलाई	2	2	2
भाग्यले	2	2	2
भाग्यवृद्धि	2	2	2
भाचेकोमा	2	2	2
भाडामा	2	2	2
भातको	2	2	2
भातलाई	2	2	2
भात्तडी	2	2	2
भादगाउँले	2	2	2
भान्सेबज्यैले	2	2	2
भाबाङ	2	2	2
भारतभर	2	2	2
भारतभरि	2	2	2
भारतवर्षका	2	2	2
भारतसँगको	2	2	2
भारतीयको	2	2	2
भारतीयलाई	2	2	2
भारदार	2	2	2
भारदारका	2	2	2
भारदारहरूको	2	2	2
भारदाहरूलाई	2	2	2
भारसम्मो	2	2	2
भारु	2	2	2
भाल	2	2	2
भाला	2	2	2
भालाको	2	2	2
भालेश्वर	2	2	2
भावनात्मकताको	2	2	2
भावहरूको	2	2	2
भावहरूलाई	2	2	2
भावार्थ	2	2	2
भाषाअनुसार	2	2	2
भाषान्तरणमा	2	2	2
भाषाविज्ञान	2	2	2
भाषाशिक्षणका	2	2	2
भाषाशैलीको	2	2	2
भाषाशैलीय	2	2	2
भाषाशैलीलाई	2	2	2
भाषासाहित्यका	2	2	2
भाषाहरूसँग	2	2	2
भाष्यमा	2	2	2
भासको	2	2	2
भास्कर	2	2	2
भिक्टोरियाको	2	2	2
भिक्षा	2	2	2
भिक्षाटनबाट	2	2	2
भिखारी	2	2	2
भिङ्ग्री	2	2	2
भिटामिनहरूमा	2	2	2
भिटोको	2	2	2
भिडन	2	2	2
भिडन्तपछि	2	2	2
भिडन्तलाई	2	2	2
भिडभाड	2	2	2
भिडलाई	2	2	2
भिडाएर	2	2	2
भिडिक	2	2	2
भित्तेचित्र	2	2	2
भित्रकै	2	2	2
भित्रभित्रै	2	2	2
भित्रमा	2	2	2
भित्रसम्म	2	2	2
भित्र्याई	2	2	2
भिनाजु	2	2	2
भियतनामका	2	2	2
भिरपाखा	2	2	2
भिरिङ्गी	2	2	2
भिष्मराज	2	2	2
भिसामा	2	2	2
भिसिआरबाट	2	2	2
भिसेट	2	2	2
भिस्तीलाई	2	2	2
भिस्तीले	2	2	2
भी	2	2	2
भीम	2	2	2
भीमदेवको	2	2	2
भीमप्रसाद	2	2	2
भीमभन्दा	2	2	2
भीमशमशेरकी	2	2	2
भीमशमशेरको	2	2	2
भीमसेनका	2	2	2
भीमसेनलाई	2	2	2
भीरको	2	2	2
भुँडीफोरको	2	2	2
भुइमा	2	2	2
भुक्ने	2	2	2
भुजाहरूलाई	2	2	2
भुटानले	2	2	2
भुडी	2	2	2
भुपि	2	2	2
भुपिन्दर	2	2	2
भुरमणिले	2	2	2
भुरे	2	2	2
भुरेराजाको	2	2	2
भुलेछ	2	2	2
भुल्न	2	2	2
भुवननाथ	2	2	2
भुवाले	2	2	2
भुषाल	2	2	2
भुसालको	2	2	2
भूकम्पमापी	2	2	2
भूकम्पले	2	2	2
भूखण्डको	2	2	2
भूतलीय	2	2	2
भूबनावट	2	2	2
भूबनोटको	2	2	2
भूभागदेखि	2	2	2
भूभागमध्ये	2	2	2
भूभ्रमण	2	2	2
भूमण्डलीकरणको	2	2	2
भूमध्यसागरीय	2	2	2
भूमिकाप्रति	2	2	2
भूमिकालाई	2	2	2
भूमिपूजा	2	2	2
भूमिबाटै	2	2	2
भूमिबोलका	2	2	2
भूषणद्वारा	2	2	2
भूसंरचना	2	2	2
भेकको	2	2	2
भेक्टर	2	2	2
भेटघाटको	2	2	2
भेटिँदैनन्	2	2	2
भेटिइएको	2	2	2
भेटिए	2	2	2
भेटिनुहुन्छ	2	2	2
भेटिने	2	2	2
भेटी	2	2	2
भेटौँला	2	2	2
भेडो	2	2	2
भेदका	2	2	2
भेदभाद	2	2	2
भेदभावविरुद्धको	2	2	2
भेदहरू	2	2	2
भेदी	2	2	2
भेना	2	2	2
भेन्सद्वारा	2	2	2
भेलाहरू	2	2	2
भेष्वाकर	2	2	2
भेष्वाकरले	2	2	2
भेहिकल	2	2	2
भैगए	2	2	2
भैरबबहादुर	2	2	2
भैरवका	2	2	2
भैरवनाथको	2	2	2
भैरवि	2	2	2
भैरहन्छ	2	2	2
भैरहन्छन्	2	2	2
भैरहेका	2	2	2
भैलो	2	2	2
भैसकेकी	2	2	2
भैसकेपछि	2	2	2
भैहालेमा	2	2	2
भैहाल्यो	2	2	2
भोककै	2	2	2
भोकमरीले	2	2	2
भोक्ताद्वारा	2	2	2
भोगको	2	2	2
भोगाइ	2	2	2
भोगाइद्वारा	2	2	2
भोगाइमा	2	2	2
भोगे	2	2	2
भोगेका	2	2	2
भोगोस	2	2	2
भोग्नुपर्यो	2	2	2
भोग्नुभन्दा	2	2	2
भोटका	2	2	2
भोटिङ	2	2	2
भोपाल	2	2	2
भोल्टसम्मको	2	2	2
भौँतारिरहेको	2	2	2
भौतिकविद	2	2	2
भौतिकीको	2	2	2
भौमिक	2	2	2
भ्याट	2	2	2
भ्यु	2	2	2
भ्रमणपथको	2	2	2
भ्रममा	2	2	1
भ्रममूलक	2	2	2
भ्रमर	2	2	2
भ्रष्टचार	2	2	2
भ्रष्टाचारबाट	2	2	2
भ्लादिमिर	2	2	2
मंगलको	2	2	2
मंगलमय	2	2	2
मंगोलाइड	2	2	2
मकरमेला	2	2	2
मकवानपुरमा	2	2	2
मकानमा	2	2	2
मकालु	2	2	2
मक्काबाट	2	2	2
मक्कावासीहरूले	2	2	2
मक्खी	2	2	2
मखमली	2	2	2
मगरको	2	2	2
मगरबस्तीमा	2	2	2
मगहरमा	2	2	2
मगही	2	2	2
मग्न	2	2	2
मङ्क	2	2	2
मङ्गलकार्य	2	2	2
मङ्गलवार	2	2	2
मङ्गली	2	2	2
मङ्गोलिया	2	2	2
मङ्गोलियाका	2	2	2
मङ्सिरदेखि	2	2	2
मङ्सीर	2	2	2
मचानका	2	2	2
मच्चाएका	2	2	2
मच्चिरहेको	2	2	2
मच्छरले	2	2	2
मजदुरहरू	2	2	2
मजदुरहरूको	2	2	2
मजबाङ	2	2	2
मजा	2	2	2
मजाक	2	2	2
मजुमदारसँग	2	2	2
मजुवा	2	2	2
मट्टा	2	2	2
मडल	2	2	2
मडारिएको	2	2	2
मणिसिंह	2	2	2
मण्डललाई	2	2	2
मण्डली	2	2	2
मण्डेलाका	2	2	2
मण्डेलाको	2	2	2
मण्डेलालाई	2	2	2
मतदात	2	2	2
मतदातादेखि	2	2	2
मतदातालाई	2	2	2
मतपत्रहरूद्वारा	2	2	2
मतपेटिका	2	2	2
मतभेदहरूका	2	2	2
मतमतान्तर	2	2	2
मतमा	2	2	2
मताधिकारको	2	2	2
मतैकता	2	2	2
मथुरा	2	2	2
मथुराबाट	2	2	2
मथ्ने	2	2	2
मदनपुरस्कार	2	2	2
मदनपोखरा	2	2	2
मदरसाहरूलाई	2	2	2
मदोन्मत्त	2	2	2
मद्रासमा	2	2	2
मधिसे	2	2	2
मधुवनमा	2	2	2
मधेशकाहरू	2	2	2
मध्यपङ्क्तिबाट	2	2	2
मध्यपूर्वका	2	2	2
मध्यपूर्वलगायत	2	2	2
मध्यप्रदेश	2	2	2
मध्यबाट	2	2	2
मध्यमबाट	2	2	2
मध्ययुगमा	2	2	2
मध्यरात्रिमा	2	2	2
मध्यसम्म	2	2	2
मध्यस्थकर्ताको	2	2	2
मध्यान्हतिर	2	2	2
मनग्ये	2	2	2
मनपराउन	2	2	2
मनपर्दो	2	2	2
मनमनै	2	2	2
मनमायाका	2	2	2
मनसाय	2	2	2
मनाइँदै	2	2	2
मनिअम्मई	2	2	2
मनिसहरूको	2	2	2
मनु	2	2	2
मनुजबाबु	2	2	2
मनुष्यात्माका	2	2	2
मनोकामना	2	2	2
मनोरञ्जनमा	2	2	2
मनोवाद	2	2	2
मन्च	2	2	2
मन्डयाली	2	2	2
मन्त्रका	2	2	2
मन्त्रले	2	2	2
मन्त्रालयबाट	2	2	2
मन्त्रालयहरूबाट	2	2	2
मन्त्रिपरिषदका	2	2	2
मन्त्रिहरूको	2	2	2
मन्थन	2	2	2
मन्दिरकै	2	2	2
मन्दिरहरूभन्दा	2	2	2
मन्दीभन्दा	2	2	2
मन्दीले	2	2	2
मन्वन्तरमा	2	2	2
मप्रति	2	2	2
ममताकी	2	2	2
मम्लस	2	2	2
मराठी	2	2	2
मरिर्सको	2	2	2
मरिहत्ते	2	2	2
मरी	2	2	2
मरुभूमि	2	2	2
मरुभूमीमा	2	2	2
मरेकै	2	2	2
मर्छन्	2	2	2
मर्जमा	2	2	2
मर्दुमशुमारी	2	2	2
मर्नुभन्दा	2	2	2
मर्मतबाट	2	2	2
मर्माहत	2	2	2
मर्स्याङ्दी	2	2	2
मलबाट	2	2	2
मलाम	2	2	2
मलीको	2	2	2
मलेखु	2	2	2
मल्टिमिडिया	2	2	2
मल्यालम	2	2	2
मल्लकालीन	2	2	2
मल्लवंशको	2	2	2
मल्लिक	2	2	2
मसानघाट	2	2	2
मसालमा	2	2	2
मसालहरूलाई	2	2	2
मसिनहरूको	2	2	2
मसेल	2	2	2
मस्कट	2	2	2
मस्किन	2	2	2
मस्को	2	2	2
मस्जितको	2	2	2
मस्टो	2	2	2
मस्तिष्कमा	2	2	2
मस्तिष्कलगायत	2	2	2
महज	2	2	2
महत्त्वदेखि	2	2	2
महत्त्वपू्र्ण	2	2	2
महत्त्वबारे	2	2	2
महत्त्वलाई	2	2	2
महमा	2	2	2
महमूद	2	2	2
महलहरूमा	2	2	2
महलहरूलाई	2	2	2
महसूस	2	2	2
महा	2	2	2
महाँकाल	2	2	2
महांकाल	2	2	2
महाक्षेत्र	2	2	2
महाचुनाव	2	2	2
महाजनहरूलाई	2	2	2
महातीर्थ	2	2	2
महादीपले	2	2	2
महादेवजात्रा	2	2	2
महादेवबाट	2	2	2
महादेशको	2	2	2
महादेशभित्र	2	2	2
महाधिवेशनबाट	2	2	2
महाधिवेशनमा	2	2	2
महानगरहरूसँग	2	2	2
महानवमीका	2	2	2
महानायकले	2	2	2
महानिरीक्षक	2	2	2
महानिर्देशकले	2	2	2
महानिले	2	2	2
महापुराणका	2	2	2
महाबली	2	2	2
महाभारतकी	2	2	2
महाभूकम्प	2	2	2
महाभूकम्पबाट	2	2	2
महामायाले	2	2	2
महायान	2	2	2
महायानीहरूको	2	2	2
महायुद्धको	2	2	2
महाराजगन्जमा	2	2	2
महारानीबाट	2	2	2
महाराष्ट्रका	2	2	2
महासचिवको	2	2	2
महासत्वले	2	2	2
महासभाद्वारा	2	2	2
महासम्मत	2	2	2
महासयले	2	2	2
महासागरीय	2	2	2
महिनाअघिदेखि	2	2	2
महिनाजति	2	2	2
महिनातिर	2	2	2
महिनाभन्दा	2	2	2
महिनामध्यको	2	2	2
महिनावारीमा	2	2	2
महिनाहरूमा	2	2	2
महिनौँ	2	2	2
महिनौंदेखि	2	2	2
महिमाशाली	2	2	2
महिलामध्येकी	2	2	2
महिषीका	2	2	2
महीबाट	2	2	2
महेन्द्रको	2	2	2
महेशविक्रमद्वारा	2	2	2
माँड	2	2	2
मांसपेशी	2	2	2
मांसहारी	2	2	2
मांसाहारी	2	2	2
माइक्रोफोनलाई	2	2	2
माइक्रोवेभ	2	2	2
माइजूका	2	2	2
माइण्डमा	2	2	2
माइत	2	2	2
माइली	2	2	2
माइस्थान	2	2	2
माईकलकी	2	2	2
माईको	2	2	2
माईती	2	2	2
माईधाम	2	2	2
माईस्थान	2	2	2
माईस्थानमा	2	2	2
माउन्टेन	2	2	2
माउरीस	2	2	2
माओका	2	2	2
माओबादी	2	2	2
माओवादीकी	2	2	2
माओवादीसित	2	2	2
माको	2	2	2
मागका	2	2	2
मागाउँ	2	2	2
मागावा	2	2	2
मागेका	2	2	2
मागेको	2	2	2
माग्छ	2	2	2
माग्नु	2	2	2
माछाका	2	2	2
माछापुच्छ्रेजस्ता	2	2	2
माछामध्येको	2	2	2
माछाहरूको	2	2	2
माझका	2	2	2
माझकिराँतमा	2	2	2
माझीको	2	2	2
माझीहरूलाई	2	2	2
माटामुनि	2	2	2
माटेमुरली	2	2	2
माटोका	2	2	2
माटोले	2	2	2
मातहतका	2	2	2
मातापिताका	2	2	2
मातालाई	2	2	2
मातृकाले	2	2	2
मातृत्व	2	2	2
मातृत्वको	2	2	2
मातृभाषासँगै	2	2	2
मातृवन्दनाका	2	2	2
मात्रात्मक	2	2	2
माथको	2	2	2
माथिल्ला	2	2	2
माथिल्लोपट्टि	2	2	2
माथुर	2	2	2
माथेमा	2	2	2
माथेमाले	2	2	2
माध्यमलाई	2	2	2
मानचित्रणका	2	2	2
मानदण्ड	2	2	2
मानदेवले	2	2	2
मानन्धरलगायतले	2	2	2
मानलाई	2	2	2
मानवअधिकारको	2	2	2
मानवअधिकारवादी	2	2	2
मानवकल्याणको	2	2	2
मानवजातिका	2	2	2
मानवजातिको	2	2	2
मानवशास्त्रीय	2	2	2
मानवहरूले	2	2	2
मानवीयता	2	2	2
मानसम्मान	2	2	2
मानसिकता	2	2	2
मानसिकतामा	2	2	2
मानिई	2	2	2
मानिएकाले	2	2	2
मानिनन्	2	2	2
मानिसबाहेक	2	2	2
मानिससँग	2	2	2
मानिसहरूसम्म	2	2	2
मानेकी	2	2	2
मानेरै	2	2	2
मान्चा	2	2	2
मान्छेहरूसँग	2	2	2
मान्थ्यो	2	2	2
मान्दछु	2	2	2
मान्दैन्थ्यो	2	2	2
मान्नाले	2	2	2
मान्नुले	2	2	2
मान्नुहुने	2	2	2
मान्नेछ	2	2	2
मान्मादेखि	2	2	2
मान्हुँ	2	2	2
माप	2	2	2
मापदण्डका	2	2	2
मापमा	2	2	2
मापेहाङको	2	2	2
मापेहोङको	2	2	2
मापेहोङले	2	2	2
माफिया	2	2	2
माफीपछि	2	2	2
मामलका	2	2	2
मामाका	2	2	2
मामिलाहरूमध्ये	2	2	2
माय	2	2	2
मायाका	2	2	2
मारमा	2	2	2
मारामार	2	2	2
मारिँदा	2	2	2
मारिदिए	2	2	2
मार्को	2	2	2
मार्क्सवाद	2	2	2
मार्क्सवादका	2	2	2
मार्क्सवादीहरूको	2	2	2
मार्गदर्शनको	2	2	2
मार्गदर्शनमा	2	2	2
मार्गद्वारा	2	2	2
मार्गहरूलाई	2	2	2
मार्छ	2	2	2
मार्जिनबाट	2	2	2
मार्दछ	2	2	2
मार्सल	2	2	2
मालर	2	2	2
मालिनी	2	2	2
मालीगाउँमा	2	2	2
मावईको	2	2	2
मासिकको	2	2	2
मासिकलाई	2	2	2
मासुमध्ये	2	2	2
माहदेव	2	2	2
मिको	2	2	2
मिक्सिङ	2	2	2
मिग्रा	2	2	2
मिचिएका	2	2	2
मिचेल	2	2	2
मिचेल्सनको	2	2	2
मिट	2	2	2
मिठाईहरूबाट	2	2	2
मिडलटनले	2	2	2
मिडवेको	2	2	2
मिडियाहरूले	2	2	2
मितिअनुसार	2	2	2
मितिसहितको	2	2	2
मित्रभाव	2	2	2
मित्रवत्	2	2	2
मित्रवर	2	2	2
मित्रहरूको	2	2	2
मिथ	2	2	2
मिथकहरूका	2	2	2
मिथाहोङ	2	2	2
मिनट	2	2	2
मिनटोकु	2	2	2
मिनेटसम्म	2	2	2
मिया	2	2	2
मियागका	2	2	2
मियागबाट	2	2	2
मियोसीन	2	2	2
मिलनका	2	2	2
मिलपार्क	2	2	2
मिलले	2	2	2
मिला	2	2	2
मिलाइकन	2	2	2
मिलाउँदै	2	2	2
मिलाउनुपर्दछ	2	2	2
मिलानको	2	2	1
मिलितेर	2	2	2
मिलिया	2	2	2
मिलिसिया	2	2	2
मिल्क	2	2	2
मिल्दैनथ्यो	2	2	2
मिल्नेलगायत	2	2	2
मिल्नेवाला	2	2	2
मिश्रको	2	2	2
मिश्रलाई	2	2	2
मिसाइल्सको	2	2	2
मिसाल	2	2	2
मिसिदा	2	2	2
मीडियाका	2	2	2
मीन	2	2	2
मुआब्जाको	2	2	2
मुक्केबाजी	2	2	2
मुक्तिदाता	2	2	2
मुक्तिरामलाई	2	2	2
मुखपट्टिबाट	2	2	2
मुखभित्रबाट	2	2	2
मुखियाले	2	2	2
मुखै	2	2	2
मुख्यतः	2	2	2
मुख्यदेखि	2	2	2
मुख्यरूपमा	2	2	2
मुख्यरूपले	2	2	2
मुख्याधाराको	2	2	2
मुछिए	2	2	2
मुटुलगायत	2	2	2
मुटुलाई	2	2	2
मुठ	2	2	2
मुठभेड	2	2	2
मुडेर	2	2	2
मुण्डको	2	2	2
मुद्दामामिला	2	2	2
मुद्रामा	2	2	2
मुनिका	2	2	2
मुम्बईको	2	2	2
मुम्बईले	2	2	2
मुरभन्दा	2	2	2
मुरलीधर	2	2	2
मुरलीधरसँग	2	2	2
मुरले	2	2	2
मुरसँग	2	2	2
मुरिमुरी	2	2	2
मुर्तिहरू	2	2	2
मुर्शिदाबाद	2	2	2
मुलककी	2	2	2
मुलकै	2	2	2
मुलबेखमा	2	2	2
मुलुकले	2	2	2
मुल्तवी	2	2	2
मुसल	2	2	2
मुसलमानले	2	2	2
मुसलमानहरूलाई	2	2	2
मुसिकोटबाट	2	2	2
मुसी	2	2	2
मुसे	2	2	2
मुस्कान	2	2	2
मुहारमा	2	2	2
मूरे	2	2	2
मूर्तिकार	2	2	2
मूर्तिकाल	2	2	2
मूर्तिढुङ्गा	2	2	2
मूर्तिसँग	2	2	2
मूर्तिहरूमध्ये	2	2	2
मूलकारण	2	2	2
मूलघरबाट	2	2	2
मूलढोकाबाट	2	2	2
मूलधारमा	2	2	2
मूलनिवासी	2	2	2
मूलनिवासीहरूको	2	2	2
मूलनिवासीहरूलाई	2	2	2
मूलबासी	2	2	2
मूलरूपमा	2	2	2
मूल्यमा	2	2	2
मूल्यवान	2	2	2
मूल्यहरूका	2	2	2
मूल्याङ्कनमा	2	2	2
मृगतृष्णा	2	2	2
मृगशीरा	2	2	2
मृगहरू	2	2	2
मृगौलाको	2	2	2
मृतककी	2	2	2
मृतजन्म	2	2	2
मृतदेहलाई	2	2	2
मृतात्मा	2	2	2
मृत्युपछिको	2	2	2
मृत्युपर्यन्त	2	2	2
मृत्युबाट	2	2	2
मृत्युसम्मको	2	2	2
मेँ	2	2	2
मेकानिकल	2	2	2
मेक्ग्राले	2	2	2
मेघदूतको	2	2	2
मेघदूतमा	2	2	2
मेघा	2	2	2
मेघालयको	2	2	2
मेघोली	2	2	2
मेचीदेखि	2	2	2
मेजरका	2	2	2
मेजरसम्म	2	2	2
मेजा	2	2	2
मेटाइएका	2	2	2
मेटाइने	2	2	2
मेटाइनेछ	2	2	2
मेटाई	2	2	2
मेटाएर	2	2	2
मेटी	2	2	2
मेटेरियल्स्	2	2	2
मेट्रोगोल्डविनमेयर	2	2	2
मेधावी	2	2	2
मेनकाजी	2	2	2
मेनपा	2	2	2
मेन्केनको	2	2	2
मेन्जीसलाई	2	2	2
मेन्डोजा	2	2	2
मेम	2	2	2
मेमे	2	2	2
मेरिअन	2	2	2
मेरुदण्ड	2	2	2
मेलबर्नको	2	2	2
मेलमिलापलाई	2	2	2
मेलले	2	2	2
मेलापर्व	2	2	2
मेलिक	2	2	2
मेलियाग्रिस	2	2	2
मेवाड	2	2	2
मेसम्म	2	2	2
मेसिनको	2	2	2
मेसोपोटामियाको	2	2	2
मेसोपोटामियातर्फ	2	2	2
मेहनतको	2	2	2
मेहराबहरूको	2	2	2
मेहराबाकार	2	2	2
मैक्युबिन	2	2	2
मैक्लिन्टियर	2	2	2
मैक्वेरीले	2	2	2
मैदानहरूमा	2	2	2
मैदी	2	2	2
मैनालीसँगै	2	2	2
मैप	2	2	2
मैराथन	2	2	2
मोङ्राबाङ	2	2	2
मोजाम्बिकबाट	2	2	2
मोटरकार	2	2	2
मोटरको	2	2	2
मोटाइ	2	2	2
मोटे	2	2	2
मोडलको	2	2	2
मोडललाई	2	2	2
मोडेम	2	2	2
मोडेमको	2	2	2
मोडेलिङ	2	2	2
मोड्न	2	2	2
मोतिहारी	2	2	2
मोतिहारीमा	2	2	2
मोतिहारीले	2	2	2
मोनाल	2	2	2
मोनिकाको	2	2	2
मोनोरेल	2	2	2
मोन्टानामा	2	2	2
मोर	2	2	2
मोरिया	2	2	2
मोरेको	2	2	2
मोरेटीलाई	2	2	2
मोर्गेजबाट	2	2	2
मोर्चामा	2	2	2
मोल्ने	2	2	2
मोवाइलबाटै	2	2	2
मोसासर्स	2	2	2
मोस्टाले	2	2	2
मोहका	2	2	2
मोहको	2	2	2
मोहडाको	2	2	2
मोहनद्वारा	2	2	2
मोहर	2	2	2
मौजूद	2	2	2
मौरीको	2	2	2
मौलिकलाई	2	2	2
मौलो	2	2	2
मौलोको	2	2	2
मौवाबोटे	2	2	2
मौसमअनुसार	2	2	2
म्याक्लभर	2	2	2
म्यागजिनको	2	2	2
म्याग्दीको	2	2	2
म्याग्नेटो	2	2	2
म्याचका	2	2	2
म्याचमा	2	2	2
म्यानचेष्टर	2	2	2
म्यानमारको	2	2	2
म्यानमारभरि	2	2	2
म्युजियममा	2	2	2
म्युनिसिपल	2	2	2
यक्स	2	2	2
यङद्वारा	2	2	2
यङलुहोङ	2	2	2
यङ्गालहिटीको	2	2	2
यजनद्वारा	2	2	2
यज्ञबहादुरलाई	2	2	2
यज्ञमा	2	2	2
यज्ञहरू	2	2	2
यताउति	2	2	2
यतिमात्र	2	2	2
यतै	2	2	2
यत्तिकै	2	2	2
यथार्थतामा	2	2	2
यथावत	2	2	2
यथोचित	2	2	2
यदी	2	2	2
यन्त्रमा	2	2	2
यन्त्रमानवसम्म	2	2	2
यन्त्रलाई	2	2	2
यन्त्रहरू	2	2	2
यमुनालाई	2	2	2
यवस्य	2	2	2
यशुको	2	2	2
यशोदाको	2	2	2
यशोधराले	2	2	2
यसअन्तर्गत	2	2	2
यसक्रममा	2	2	2
यसदेखि	2	2	2
यसपछिका	2	2	2
यसप्रकारका	2	2	2
यसप्रकारको	2	2	2
यसबार	2	2	2
यसभन्दामाथि	2	2	2
यसर्थ	2	2	2
यसैकारण	2	2	2
यसैद्वारको	2	2	2
यसैभित्र	2	2	2
यस्तामा	2	2	2
यहाँभन्दा	2	2	2
यहि	2	2	2
यहुदीहरूको	2	2	2
याकको	2	2	2
याकु	2	2	2
याख्खा	2	2	2
याङच्यान	2	2	2
याङ्की	2	2	2
यातना	2	2	2
यातनाहरू	2	2	2
यातायातका	2	2	2
यात्रासमेत	2	2	2
यात्रु	2	2	2
यात्रुलाई	2	2	2
यात्रुले	2	2	2
यादवलगायतका	2	2	2
यादै	2	2	2
यान्त्रिकीका	2	2	2
याम्फे	2	2	2
यार्सा	2	2	2
याला	2	2	2
यिनिहरूलाई	2	2	2
यिनैले	2	2	2
युएइमा	2	2	2
युएइलाई	2	2	2
युकेशजीलाई	2	2	2
युकेशज्यू	2	2	2
युकेसजी	2	2	2
युक्ति	2	2	2
युक्रेन	2	2	2
युगकवि	2	2	2
युगकी	2	2	2
युगदेखि	2	2	2
युगबोध	2	2	2
युगबोधमाथि	2	2	2
युगभन्दा	2	2	2
युगसम्म	2	2	2
युगान्डाका	2	2	2
युगौँ	2	2	2
युडिएफ	2	2	2
युतिका	2	2	2
युद्धमन्त्री	2	2	2
युद्धोत्तर	2	2	2
युनिकोडको	2	2	2
युनिक्स	2	2	2
युनियनहरूका	2	2	2
युपियन	2	2	2
युमा	2	2	2
युरेनस	2	2	2
युरेनियममा	2	2	2
युरोपभन्दा	2	2	2
युरोपी	2	2	2
युरोपेलीहरूलाई	2	2	2
युलू	2	2	2
युवकलाई	2	2	2
युवतीको	2	2	2
युवालाई	2	2	2
युवाहरूमध्ये	2	2	2
युवाहरूमा	2	2	2
यु२३८	2	2	2
यूनानी	2	2	2
यूरोप	2	2	2
यूरोपीय	2	2	2
येन	2	2	2
येल्लोनेप	2	2	2
यै	2	2	2
योगदानहरूलाई	2	2	2
योगपीठका	2	2	2
योगमाया	2	2	2
योगसूत्रका	2	2	2
योगहरूबाट	2	2	2
योगहरूमध्ये	2	2	2
योगिता	2	2	2
योग्यलाई	2	2	2
योङ	2	2	2
योजनामा	2	2	2
योजनाहरूलाई	2	2	2
योद्धाका	2	2	2
योद्धाहरूको	2	2	2
योनिमुक्त	2	2	2
यौनजन्य	2	2	2
यौनिक	2	2	2
यौवन	2	2	2
यौवनबाट	2	2	2
रइस	2	2	2
रकअत	2	2	2
रकमका	2	2	2
रकमले	2	2	2
रकवेल	2	2	2
रक्तको	2	2	2
रक्तक्यान्सर	2	2	2
रक्तचन्दन	2	2	2
रक्तदोष	2	2	2
रक्तबलि	2	2	2
रक्तबीजको	2	2	2
रक्तविकार	2	2	2
रक्तश्राव	2	2	2
रक्षकहरूले	2	2	2
रक्षण	2	2	2
रक्षणमा	2	2	2
रक्षित	2	2	2
रक्सीका	2	2	2
रक्सीको	2	2	2
रगतसमेत	2	2	2
रघुवीर	2	2	2
रङशालामा	2	2	2
रङहरू	2	2	2
रङ्गकर्मी	2	2	2
रङ्गभेदप्रथा	2	2	2
रङ्गमाथि	2	2	2
रङ्गलाई	2	2	2
रङ्गशालाको	2	2	2
रङ्गशालामा	2	2	2
रङ्गसँग	2	2	2
रङ्गायौ	2	2	2
रङ्गिन	2	2	2
रचनाको	2	2	2
रचनापछि	2	2	2
रचनामा	2	2	2
रचनायोग	2	2	2
रचनालाई	2	2	2
रचनाविधानलाई	2	2	2
रचनाहरूमा	2	2	2
रचयिता	2	2	2
रजत	2	2	2
रजस्थल	2	2	2
रजाबपुर	2	2	2
रज्जव	2	2	2
रञ्जितद्वारा	2	2	2
रणजित	2	2	2
रणनीतिका	2	2	2
रत्नलाल	2	2	2
रत्नले	2	2	2
रत्नविज्ञहरू	2	2	2
रत्नश्री	2	2	2
रत्नहरूसित	2	2	2
रत्नित	2	2	2
रथयात्रा	2	2	2
रथलाई	2	2	2
रथहरू	2	2	2
रनबासका	2	2	2
रनमाया	2	2	2
रनरअपले	2	2	2
रन्जित	2	2	2
रबर्ट्स	2	2	2
रबिन्सनले	2	2	2
रमजान	2	2	2
रमाइला	2	1	1
रमाइलोमा	2	2	2
रमाया	2	2	2
रमेर	2	2	2
रम्दै	2	2	2
रम्न	2	2	2
रयला	2	2	2
रवाना	2	2	2
रविदास	2	2	2
रविलक्ष्मी	2	2	2
रवैया	2	2	2
रसपान	2	2	2
रसपूर्ण	2	2	2
रसमा	2	2	2
रसवरी	2	2	2
रसायनशास्त्रका	2	2	2
रसायनशास्त्री	2	2	2
रसायनहरूसँग	2	2	2
रसुवामा	2	2	2
रस्टी	2	2	2
रहँदैनन्	2	2	2
रहनको	2	2	2
रहनसहनलाई	2	2	2
रहनेको	2	2	2
रहनेछ्न्	2	2	2
रहनेवाला	2	2	2
रहनेहरूलाई	2	2	2
रहन्थिन्	2	2	2
रहरलाग्दो	2	2	2
रहिरहेका	2	2	2
रहिसकेको	2	2	2
रहु	2	2	2
रहेकाबेला	2	2	2
रहेकै	2	2	2
रहेभएको	2	2	2
राँके	2	2	2
राँची	2	2	2
राइवो	2	2	2
राइवोलेविन	2	2	2
राइसको	2	2	2
राईबाहेक	2	2	2
राउन्ड	2	2	2
राकेश	2	2	2
राक्षसले	2	2	2
राखिएन	2	2	2
राखिनुपर्छ	2	2	2
राखिरहनु	2	2	2
राखिसकेको	2	2	2
राखुँला	2	2	2
राखेछन्	2	2	2
राखेनन्	2	2	2
राख्छौँ	2	2	2
राख्दैनन्	2	2	2
राग	2	2	2
राजखोसलाद्वारा	2	2	2
राजगद्दिमा	2	2	2
राजगुठी	2	2	2
राजदरबारको	2	2	2
राजदरवार	2	2	2
राजधन्यो	2	2	2
राजनिकुञ्ज	2	2	2
राजनीतिका	2	2	2
राजनीतिजस्ता	2	2	2
राजनीतिज्ञहरूका	2	2	2
राजनीतिज्ञहरूको	2	2	2
राजनीतिशास्त्र	2	2	2
राजनीतिशास्त्रका	2	2	2
राजनीतिशास्त्रमा	2	2	2
राजपङ्खी	2	2	2
राजभक्तहरू	2	2	2
राजमार्गमा	2	2	2
राजमार्गलगायत	2	2	2
राजयोगसमान	2	2	2
राजवंशको	2	2	2
राजवाड़ेको	2	2	2
राजस्थान	2	2	2
राजस्थानका	2	2	2
राजस्व	2	2	2
राजाकै	2	2	2
राजारानीलाई	2	2	2
राजाहरूका	2	2	2
राजेन्द्रलक्ष्मी	2	2	2
राजेन्द्रलक्ष्मीको	2	2	2
राजेशसँग	2	2	2
राज्यबाटै	2	2	2
राज्यमन्त्री	2	2	2
राज्यसभा	2	2	2
राज्यस्तरबाट	2	2	2
राज्यीय	2	2	2
राडी	2	2	2
राणाकालको	2	2	2
राणाबाट	2	2	2
राणाशासक	2	2	2
रातका	2	2	2
राताम्य	2	2	2
रातोपुलमा	2	2	2
राधाकृष्ण	2	2	2
राधाको	2	2	2
रानीका	2	2	2
रानीको	2	2	2
रानीचुरी	2	2	2
रानीपौवा	2	2	2
रानीलाई	2	2	2
रानीले	2	2	2
रानू	2	2	2
राप्तीदेखि	2	2	2
राफ्टिङ्	2	2	2
रामकृष्णे	2	2	2
रामज्यू	2	2	2
रामटारमा	2	2	2
रामबहादुर	2	2	2
रामबाग	2	2	2
रामबाबु	2	2	2
राममोहन	2	2	2
रामशाहका	2	2	2
रायसँग	2	2	2
रारा	2	2	2
राले	2	2	2
रालेगाउँमा	2	2	2
राशिको	2	2	2
राशिबमोजिम	2	2	2
राष्ट्रकै	2	2	2
राष्ट्रगीत	2	2	2
राष्ट्रपतिहरू	2	2	2
राष्ट्रसङ्घले	2	2	2
राष्ट्रसमेत	2	2	2
राष्ट्रसेवकले	2	2	2
राष्ट्रहरूबाट	2	2	2
राष्ट्रहरूलाई	2	2	2
राष्ट्रहरूले	2	2	2
रासोमा	2	2	2
राहदानी	2	2	2
राहुघाट	2	2	2
रिएलिस्ट	2	2	2
रिकर्ड	2	2	2
रिकापीको	2	2	2
रिजोर्टमा	2	2	2
रिजौम्द्वारा	2	2	2
रिटाम	2	2	2
रिट्ठो	2	2	2
रिडाइरेक्सनलाई	2	2	2
रिडीमा	2	2	2
रितुपर्नो	2	2	2
रिन	2	2	2
रिनल	2	2	2
रिनेम	2	2	2
रिपब्लिकन	2	2	2
रिपिटर	2	2	2
रिपोर्टर	2	2	2
रिपोर्टिङ	2	2	2
रिपोर्ताज	2	2	2
रिभर्ट	2	2	2
रिभोनिया	2	2	2
रिम	2	2	2
रिमालकी	2	2	2
रिमाले	2	2	2
रिमिक्सेस	2	2	2
रियालिटी	2	2	2
रियो	2	2	2
रिलायन्स	2	2	2
रिवरमा	2	2	2
रिसाउँदा	2	2	2
रिसाउनु	2	2	2
रिसिङ	2	2	2
रिसोर्टहरू	2	2	2
रिहर्सल	2	2	2
री	2	2	2
रीति	2	2	2
रुकुमकी	2	2	2
रुखलाई	2	2	2
रुखहरूबाट	2	2	2
रुखहरूलाई	2	2	2
रुखो	2	2	2
रुघामार्गी	2	2	2
रुचाइएको	2	2	2
रुचिमा	2	2	2
रुडयार्ड	2	2	2
रुस	2	2	2
रुसका	2	2	2
रूचाउँदैनन्	2	2	2
रूढ	2	2	2
रूढीवादलाई	2	2	2
रून	2	2	2
रूपक	2	2	2
रूपकको	2	2	2
रूपका	2	2	2
रूपचन्द्र	2	2	2
रूपमामा	2	2	2
रूपलाल	2	2	2
रूपान्तरण	2	2	2
रूपान्तरणजस्तो	2	2	2
रूपियाँमा	2	2	2
रूपैयाँमा	2	2	2
रूसमा	2	2	2
रूसलाई	2	2	2
रूसी	2	2	2
रेकर्डबाट	2	2	2
रेकर्डिङका	2	2	2
रेखदेखमा	2	2	2
रेगिना	2	2	2
रेगुलर	2	2	2
रेग्मीकी	2	2	2
रेडफर्न	2	2	2
रेडियोकर्मी	2	2	2
रेडियोधर्मिताका	2	2	2
रेडियोबाट	2	2	2
रेडियोलाई	2	2	2
रेणुको	2	2	2
रेन्वोसँगै	2	2	2
रेमन्ड	2	2	2
रेलबाट	2	2	2
रेलमा	2	2	2
रेलहरूको	2	2	2
रेलहरूले	2	2	2
रेलिङ	2	2	2
रेले	2	2	2
रेसा	2	2	2
रेसाहरू	2	2	2
रेसिस्टेन्स	2	2	2
रेस्टुरेन्टहरूमा	2	2	2
रैका	2	2	2
रैकाज्यू	2	2	2
रोइकराइ	2	2	2
रोइरहन्थेँ	2	2	2
रोकाकी	2	2	2
रोकिएन	2	2	2
रोकिनु	2	2	2
रोकेको	2	2	2
रोकेर	2	2	2
रोक्नुपर्ने	2	2	2
रोगकालमा	2	2	2
रोगन	2	2	2
रोगब्याधबाट	2	2	2
रोगब्याधी	2	2	2
रोगमुक्त	2	2	2
रोगहरुलाई	2	2	2
रोगहरूबाट	2	2	2
रोगहरूसँग	2	2	2
रोगीहरूको	2	2	2
रोजगारीलाई	2	2	2
रोजलाई	2	2	2
रोजिशा	2	2	2
रोज्छौ	2	2	2
रोज्ने	2	2	2
रोड्नीको	2	2	2
रोदीमा	2	2	2
रोनाल्डो	2	2	2
रोपनिमा	2	2	2
रोपवे	2	2	2
रोपाइँमा	2	2	2
रोपिएका	2	2	2
रोपी	2	2	2
रोपेको	2	2	2
रोप्दै	2	2	2
रोप्यो	2	2	2
रोबोटको	2	2	2
रोमनहरूलाई	2	2	2
रोमनाइज्ड	2	2	2
रोमाजाति	2	2	2
रोल्पातर्फ	2	2	2
रोशीको	2	2	2
रोसी	2	2	2
रोहनलाई	2	2	2
रौँका	2	2	2
रौता	2	2	2
र्इन्द्रकुमार	2	2	2
र्इन्द्रकुमारी	2	2	2
र्इश्वरप्रतिको	2	2	2
र्कीतन	2	2	2
र्याक	2	1	1
र्याडक्लिफको	2	2	2
र्यालीमा	2	2	2
र्यालीहरूमा	2	2	2
लकी	2	2	2
लक्ड्	2	2	2
लक्षणका	2	2	2
लक्षणीय	2	2	2
लक्ष्मन	2	2	2
लक्ष्मीनारायण	2	2	2
लक्ष्यको	2	2	2
लक्ष्यलाई	2	2	2
लगइन	2	2	2
लगत	2	2	2
लगभगमा	2	2	2
लगाइएछ	2	2	2
लगाइदिन्छन्	2	2	2
लगाइनु	2	2	2
लगाइन्	2	2	2
लगाइसकेका	2	2	2
लगाउनुको	2	2	2
लगाउनुस्	2	2	2
लगाएकाले	2	2	2
लगाएतका	2	2	2
लगाएपछि	2	2	2
लगाऔं	2	2	2
लगानीमैत्री	2	2	2
लगायतमा	2	2	2
लगाया	2	2	2
लगि	2	2	2
लगिनेछ	2	2	2
लगी	2	2	2
लगेमा	2	2	2
लग्नकुण्डली	2	2	2
लघुकौमुदी	2	2	2
लचिलो	2	2	2
लजिस्टिक	2	2	2
लज्जित	2	2	2
लट	2	2	2
लठ्ठीको	2	2	2
लडखडाउँदो	2	2	2
लडाईँँको	2	2	2
लडाईँका	2	2	2
लडाईँको	2	2	2
लडाईँपछि	2	2	2
लडाउनमा	2	2	2
लडेकाले	2	2	2
लडेर	2	2	2
लड्की	2	2	2
लताको	2	2	2
लतापातका	2	2	2
लन्गको	2	2	2
लपु	2	2	2
लप्सी	2	2	2
लब्धप्रणाश	2	2	2
लब्धिखोला	2	2	2
लमजुङको	2	2	2
लम्बिएको	2	2	2
लम्ब्याउँदै	2	2	2
लयड	2	2	2
ललितकलाका	2	2	2
ललिताले	2	2	2
लसएन्जलसमा	2	2	2
लसनले	2	2	2
लहरलाई	2	2	2
लहरी	2	2	2
लहरीहरू	2	2	2
लाँकुरिबोट	2	2	2
लाइट्समा	2	2	2
लाइनबाट	2	2	2
लाइनभन्दा	2	2	2
लाइबाट	2	2	2
लाइब्रेरीमा	2	2	2
लाइले	2	2	2
लाखेलाई	2	2	2
लाखौं	2	2	2
लाखौंको	2	2	2
लागिएको	2	2	2
लागिपरेकी	2	2	2
लागिरहेका	2	2	2
लागिरा	2	2	2
लागिसकेकी	2	2	2
लागिसकेको	2	2	2
लागेकाहरू	2	2	2
लाग्दै	2	2	2
लाचन	2	2	2
लाटो	2	2	2
लाडप्यारमा	2	2	2
लादेनजस्तै	2	2	2
लादेनलाई	2	2	2
लानोस्	2	2	2
लाभको	2	2	2
लाभप्रद	2	2	2
लाभहरू	2	2	2
लाभार्जन	2	2	2
लाभ्रेहरूलाई	2	2	2
लाम	2	2	2
लामखुट्टेका	2	2	2
लामखुट्टेहरूद्वारा	2	2	2
लाम्ब्रु	2	2	2
लायन्स	2	2	2
लायरा	2	2	2
लायोनेल	2	2	2
लार्ड	2	2	2
लालकिला	2	2	2
लालकोटको	2	2	2
लालचमा	2	2	2
लालनपालन	2	2	2
लालसागर	2	2	2
लाली	2	2	2
लावारैकले	2	2	2
लासका	2	2	2
लासहरूको	2	2	2
लाहोर	2	2	2
लि	2	2	2
लिंकनका	2	2	2
लिंदै	2	2	2
लिइनेछ	2	2	2
लिइराखिएको	2	2	2
लिइसकेको	2	2	2
लिएमा	2	2	2
लिगलिगकोट	2	2	2
लिङ्क्स	2	2	2
लिचि	2	2	2
लिच्छवीकालीन	2	2	2
लिच्छवीहरूले	2	2	2
लिडरसिप	2	2	2
लिनुदिनु	2	2	2
लिनुपर्ने	2	2	2
लिनुहोला	2	2	2
लिनेवाला	2	2	2
लिपपोत	2	2	2
लिपिले	2	2	2
लिप्न	2	2	2
लिप्यन्तरण	2	2	2
लिबियाको	2	2	2
लिबियामा	2	2	2
लिमिटेडको	2	2	2
लिम्पोपो	2	2	2
लियोनी	2	2	2
लिलीगाई	2	2	2
लिविङका	2	2	2
लिसङ्खु	2	2	2
लिसा	2	2	2
लिसिपसले	2	2	2
लिेएका	2	2	2
लुइसा	2	2	2
लुईस	2	2	2
लुकाउने	2	2	2
लुकोस्	2	2	2
लुक्यो	2	2	2
लुगामा	2	2	2
लुङको	2	1	1
लुछाचुँडी	2	2	2
लुजर्न	2	2	2
लुटाया	2	2	2
लुना	2	2	2
लुबरो	2	2	2
लुभ	2	2	2
लुम्बा	2	2	2
लुम्बिनीमा	2	2	2
लू	2	2	2
लेइ	2	2	2
लेइट	2	2	2
लेइबनिजद्वारा	2	2	2
लेकतिरबाट	2	2	2
लेखकप्रति	2	2	2
लेखनकला	2	2	2
लेखनकार्य	2	2	2
लेखनबारे	2	2	2
लेखनमै	2	2	2
लेखनशैलीमै	2	2	2
लेखनीमा	2	2	2
लेखपढ	2	2	2
लेखबद्ध	2	2	2
लेखराज	2	2	2
लेखसँगै	2	2	2
लेखहरूमध्ये	2	2	2
लेखहरूसमेत	2	2	2
लेखाइन्छ	2	2	2
लेखाउनको	2	2	2
लेखाए	2	2	2
लेखापढीमा	2	2	2
लेखिँदैन	2	2	2
लेखुँ	2	2	2
लेखेकाले	2	2	2
लेखेथेँ	2	2	2
लेखेपछि	2	2	2
लेख्नको	2	2	2
लेख्नेमा	2	2	2
लेग्ड	2	2	2
लेजर	2	2	2
लेजिस्लेटिव	2	2	2
लेनिनवादलाई	2	2	2
लेने	2	2	2
लेन्थेनाइड	2	2	2
लेपिएको	2	2	2
लेप्चाले	2	2	2
लेप्थे	2	2	2
लेबलमा	2	2	2
लेबालो	2	2	2
लेविन	2	2	2
लैजानलाई	2	2	2
लैनचौरको	2	2	2
लॉगइन	2	2	2
लोअर	2	2	2
लोकतन्त्रलाई	2	2	2
लोकतन्त्रहरूका	2	2	2
लोकनृत्य	2	2	2
लोकनृत्यमा	2	2	2
लोकपालमा	2	2	2
लोकप्रियताबाट	2	2	2
लोकमा	2	2	2
लोकसभाका	2	2	2
लोकार्पण	2	2	2
लोकेटर	2	2	2
लोकेश्वर	2	2	2
लोठसल्ला	2	2	2
लोतामा	2	2	2
लोथर	2	2	2
लोदीले	2	2	2
लोपेज	2	2	2
लोभदेखि	2	2	2
लोभले	2	2	2
लोभीपन	2	2	2
लोभ्याउँछ	2	2	2
लोभ्याउने	2	2	2
लोमशा	2	2	2
लोलीगाउँ	2	2	2
लोहमय	2	2	2
लोहोरुङ्	2	2	2
लोहोरो	2	2	2
लौहशास्त्र	2	2	2
ल्याइदियो	2	2	2
ल्याइन्थ्यो	2	2	2
ल्याउँदैनौ	2	2	2
ल्याउला	2	2	2
ल्याओस्	2	2	2
ल्याटिनमा	2	2	2
ल्याम्बिङ	2	2	2
ल्युट्	2	2	2
ल्वाङ	2	2	2
ल्हासाको	2	2	2
ल्हासातिर	2	2	2
ल्होसारकै	2	2	2
ल्होसारले	2	2	2
वंशक्रम	2	2	2
वंशजले	2	2	2
वंशमा	2	2	2
वंशवृक्ष	2	2	2
वंशहरूले	2	2	2
वंशानुगत	2	2	2
वंशावलीबाट	2	2	2
वकालतका	2	2	2
वक्तव्य	2	2	2
वक्रको	2	2	2
वचनबाट	2	2	2
वचपन	2	2	2
वजहदेखि	2	2	2
वज्राचार्य	2	2	2
वज्राचार्यद्वारा	2	2	2
वटवृक्षको	2	2	2
वटालाई	2	2	2
वडडाँडा	2	2	2
वधूसर	2	2	2
वनका	2	2	2
वनकै	2	2	2
वनपरेवा	2	2	2
वनपाखाहरूमा	2	2	2
वनमाली	2	2	2
वनसंरक्षणको	2	2	2
वनस्पतिमा	2	2	2
वनस्पतिहरू	2	2	2
वनहरूको	2	2	2
वनारस	2	2	2
वनारसबाट	2	2	2
वन्स	2	2	2
वरण	2	2	2
वरदानस्वरूप	2	2	2
वराचौर	2	2	2
वरिष्ठतम	2	2	2
वर्कर्स	2	2	2
वर्गमूल	2	2	2
वर्गसँग	2	2	2
वर्गसङ्ख्या	2	2	2
वर्जित	2	2	2
वर्ट	2	2	2
वर्डमा	2	2	2
वर्णमा	2	2	2
वर्णमालाको	2	2	2
वर्णलाई	2	2	2
वर्णहरूका	2	2	2
वर्णाक्षरहरूका	2	2	2
वर्तमानका	2	2	2
वर्दिङ्ग्टनको	2	2	2
वर्ल्डकप	2	2	2
वर्ल्डमा	2	2	2
वर्षअघिको	2	2	2
वर्षअघिसम्म	2	2	2
वर्षछि	2	2	2
वर्षझैँ	2	2	2
वर्षपूर्व	2	2	2
वर्षबाट	2	2	2
वर्षहरूलाई	2	2	2
वर्षासहितको	2	2	2
वलय	2	2	2
वल्ट	2	2	2
वल्लाह	2	2	2
वशीकरण	2	2	2
वसन्तकुमार	2	2	2
वसामय	2	2	2
वसुलीलाई	2	2	2
वस्तुस्थिति	2	2	2
वस्त्रहरूको	2	2	2
वहाँको	2	2	2
वहाँहरूको	2	2	2
वहाने	2	2	2
वाइ	2	2	2
वाइनलाई	2	2	2
वाइवाइमा	2	2	2
वाक्यको	2	2	2
वाक्यले	2	2	2
वाक्यहरू	2	2	2
वागदेवमा	2	2	2
वाग्दुलाबाट	2	2	2
वाङचुक	2	2	2
वाङ्मयका	2	2	2
वाच्पु	2	2	2
वाड	2	2	2
वाणिज्यमा	2	2	2
वातानुकूलित	2	2	2
वातावरणका	2	2	1
वातावरणलाई	2	2	2
वादबाट	2	2	2
वादीले	2	2	2
वाद्यवादन	2	2	2
वाध्य	2	2	2
वान	2	2	2
वान्तवा	2	2	2
वान्ता	2	2	2
वापसीका	2	2	2
वामको	2	2	2
वायर्न	2	2	2
वायाँपट्टि	2	2	2
वायुनाशक	2	2	2
वायुमण्डलमा	2	2	2
वायुसमन	2	2	2
वायुसेवा	2	2	2
वारपारको	2	2	2
वारसी	2	2	2
वाराही	2	2	2
वारिपारि	2	2	2
वार्णिक	2	2	2
वार्ताको	2	2	2
वार्तामा	2	2	2
वार्तालापको	2	2	2
वार्तालाभ	2	2	2
वार्निङ	2	2	2
वार्षिकोत्सव	2	2	2
वाल	2	2	2
वालमार्टलाई	2	2	2
वालहरूको	2	2	2
वालिखामा	2	2	2
वावियो	2	2	2
वाशिंटन	2	2	2
वाषिर्क	2	2	2
वास	2	2	2
वासपेन्टिङको	2	2	2
वासिङ्गटन	2	2	2
वासिन्दाहरू	2	2	2
वासुकीलगायतका	2	2	2
वास्तवमै	2	2	2
वास्तविकता	2	2	2
वास्तुकलाका	2	2	2
वास्नदार	2	2	2
वाहनहरूको	2	2	2
वाहेङ	2	2	2
वाह्य	2	2	2
विउपल्ल	2	2	2
विकटाक्षर	2	2	2
विकल्पका	2	2	2
विकल्पहरूको	2	2	2
विकल्पित	2	2	2
विकासक्रम	2	2	2
विकासक्रमलाई	2	2	2
विकासनिर्माण	2	2	2
विकासशील	2	2	2
विकाससित	2	2	2
विकिपीडियाका	2	2	2
विकिपीडियाको	2	2	2
विकिपीडियाले	2	2	2
विकिपेडिया	2	2	2
विकिमीडिया	2	2	2
विकिरणले	2	2	2
विकिलाई	2	2	2
विकीको	2	2	2
विकीलाई	2	2	2
विकीहरूलाई	2	2	2
विकु	2	2	2
विकेड	2	2	2
विक्टोरियाको	2	2	2
विक्टोरियाली	2	2	2
विक्रमपुरमा	2	2	2
विक्रमादित्यको	2	2	2
विक्रमोर्वशीयमा	2	2	2
विक्रीडित	2	2	2
विक्षिप्त	2	2	2
विक्षेत्रीकरण	2	2	2
विक्षेपित	2	2	2
विग	2	2	2
विग्रहमा	2	2	2
विङ्ड	2	2	2
विचरा	2	2	2
विचलनका	2	2	2
विचारप्रधान	2	2	2
विचारबाट	2	2	2
विचित्रता	2	2	2
विच्छेद	2	2	2
विजयबहादुर	2	2	2
विजयले	2	2	2
विजुली	2	2	2
विजेताले	2	2	2
विजेताहरूले	2	2	2
विजेश्वरी	2	2	2
विज्ञ	2	2	2
विज्ञहरू	2	2	2
विज्ञानकेन्द्र	2	2	2
विज्ञानदेव	2	2	2
विज्ञापनको	2	2	2
विज्ञापनमा	2	2	2
विडम्बना	2	2	2
वितरकसँग	2	2	2
वितरणका	2	2	2
विताएका	2	2	2
वित्दै	2	2	2
विदरित	2	2	2
विदेशीमा	2	2	2
विदेशीलाई	2	2	2
विदेसी	2	2	2
विद्धानहरूको	2	2	2
विद्याकुमारी	2	2	2
विद्याको	2	2	2
विद्यागृहमा	2	2	2
विद्यापिठ	2	2	2
विद्यापीठमा	2	2	2
विद्याभूषण	2	2	2
विद्यामन्दिर	2	2	2
विद्यालयका	2	2	2
विद्यालयतर्फ	2	2	2
विद्युतीकरण	2	2	2
विद्रोहकै	2	2	2
विद्वता	2	2	2
विद्वताको	2	2	2
विद्वत्तापूर्ण	2	2	2
विद्वानहरूका	2	2	2
विद्वान्हरूले	2	2	2
विधाजस्तै	2	2	2
विधाञ्जन	2	2	2
विधानको	2	2	2
विधानलाई	2	2	2
विधानहरू	2	2	2
विधान्तरण	2	2	2
विधामिश्रण	2	2	2
विधायकको	2	2	2
विधायी	2	2	2
विधिका	2	2	2
विधिवत	2	2	2
विधिहरूमा	2	2	2
विधुत	2	2	2
विधुवालाई	2	2	2
विधेयकका	2	2	2
विधेयकलाई	2	2	2
विध्यर्थक	2	2	2
विन	2	2	2
विनय	2	2	2
विनयी	2	2	2
विनाशबाट	2	2	2
विनिधान	2	2	2
विनिमयका	2	2	2
विनिमयद्वारा	2	2	2
विनोदको	2	2	2
विन्डरमेअरमा	2	2	2
विन्डसिल्ड	2	2	2
विन्दुलाई	2	2	2
विन्दुहरू	2	2	2
विन्नी	2	2	2
विन्नीको	2	2	2
विन्सलेटको	2	2	2
विपक्षीहरुलाई	2	2	2
विपत्तिका	2	2	2
विपदा	2	2	2
विपि	2	2	2
विपीको	2	2	2
विभाजनमा	2	2	2
विभूतिका	2	2	2
विमर्श	2	2	2
विमर्शमूलक	2	2	2
विमानस्थलको	2	2	2
विमुख	2	2	2
विमोचना	2	2	2
वियोगका	2	2	2
विरतापूर्वक	2	2	2
विरविक्रमको	2	2	2
विरही	2	2	2
विराज	2	2	2
विराटकी	2	2	2
विराटनगरको	2	2	2
विराटनगरबाट	2	2	2
विरासत	2	2	2
विरूवाका	2	2	2
विरोधीको	2	2	2
विर्ताको	2	2	2
विलम्ब	2	2	2
विलायत	2	2	2
विलासिताका	2	2	2
विलियम्सको	2	2	2
विलियम्सद्वारा	2	2	2
विल्ला	2	2	2
विल्सनसँग	2	2	2
विवरणहरू	2	2	2
विवरणहरूको	2	2	2
विवादको	2	2	2
विवाहका	2	2	2
विवाहस्थल	2	2	2
विविधताअनुसार	2	2	2
विवेकहीन	2	2	2
विशद	2	2	2
विशालता	2	2	2
विशालबजारको	2	2	2
विशालमूर्ति	2	2	2
विशिष्टीकृत	2	2	2
विशेषको	2	2	2
विशेषज्ञको	2	2	2
विशेषज्ञले	2	2	2
विशेषताहरूको	2	2	2
विशेषताहरूबाट	2	2	2
विशेषमा	2	2	2
विशेषरूपमा	2	2	2
विशेषले	2	2	2
विश्वकपदेखि	2	2	2
विश्वकपमा	2	2	2
विश्वकर्माले	2	2	2
विश्वकर्मासँग	2	2	2
विश्वकोशमा	2	2	2
विश्वबल्लभ	2	2	2
विश्वबाट	2	2	2
विश्वभरमा	2	2	2
विश्वयुद्धका	2	2	2
विश्वविद्यालहरूमध्ये	2	2	2
विश्वसनियता	2	2	2
विश्वासको	2	2	2
विश्वासमा	2	2	2
विश्वासलाई	2	2	2
विश्वासिलो	2	2	2
विश्वासी	2	2	2
विषधर	2	2	2
विषभन्दा	2	2	2
विषयहरूसँग	2	2	2
विषहरूले	2	2	2
विषाद	2	2	2
विषादीको	2	2	2
विष्ट	2	2	2
विष्टको	2	2	2
विष्णुकै	2	2	2
विष्णुक्रान्ता	2	2	2
विष्णुपुरमा	2	2	2
विष्णुबहादुर	2	2	2
विसङ्गतिप्रति	2	2	2
विसर्जनसम्म	2	2	2
विस्तारले	2	2	2
विस्फोटकभन्दा	2	2	2
विस्फोटको	2	2	2
विस्फोटसँग	2	2	2
विहारमा	2	2	2
विहारलाई	2	2	2
विेशेष	2	2	2
वीपी	2	2	2
वीरगञ्ज	2	2	2
वीरताको	2	2	2
वीरभद्र	2	2	2
वीरहरू	2	2	2
वुड	2	2	2
वुड्पेकर	2	2	2
वुड्सद्वारा	2	2	2
वुमन	2	2	2
वुलेटिन	2	2	2
वुल्भरिन	2	2	2
वृत्तान्तको	2	2	2
वृत्ति	2	2	2
वृत्तिले	2	2	2
वृद्घा	2	2	2
वृद्धवृद्धा	2	2	2
वृद्धाश्रम	2	2	2
वृद्धिद्वारा	2	2	2
वृद्धिसँग	2	2	2
वृन्दाको	2	2	2
वृन्दामा	2	2	2
वृन्दाले	2	2	2
वृषको	2	2	2
वृष्टि	2	2	2
वृहस्पतिको	2	2	2
वेको	2	2	2
वेगशक्तिलाई	2	2	2
वेगासमा	2	2	2
वेतनमा	2	2	2
वेत्ता	2	2	2
वेदमा	2	2	2
वेदव्यास	2	2	2
वेदहरूका	2	2	2
वेदान्तका	2	2	2
वेदान्तमा	2	2	2
वेधी	2	2	2
वेबसाइटको	2	2	2
वेबसाइटबाट	2	2	2
वेयरको	2	2	2
वेयरमा	2	2	2
वेल्सका	2	2	2
वेल्सलाई	2	2	2
वेवास्ता	2	2	2
वेशी	2	2	2
वेसपोली	2	2	2
वैजयन्ती	2	2	2
वैज्ञानिकसमक्ष	2	2	2
वैज्ञानिकसमेत	2	2	2
वैठकमा	2	2	2
वैतरणी	2	2	2
वैदिककालदेखि	2	2	2
वैद्यको	2	2	2
वैद्यलाई	2	2	2
वैधताको	2	2	2
वैभवशाली	2	2	2
वैयाकरणले	2	2	2
वैराग्य	2	2	2
वैश्य	2	2	2
वैश्यले	2	2	2
वोहराद्वारा	2	2	2
व्यक्तित्वसँग	2	2	2
व्यक्तिभित्र	2	2	2
व्यक्तिहरु	2	2	2
व्यक्तिहरूमा	2	2	2
व्यङ्ग्यमा	2	2	2
व्यञ्जित	2	2	2
व्यवसायको	2	2	2
व्यवसायले	2	2	2
व्यवस्थाकालीन	2	2	2
व्यवस्थामाथि	2	2	2
व्यवस्थाहरूको	2	2	2
व्यवहारको	2	2	2
व्यवहारले	2	2	2
व्यवहारसँग	2	2	2
व्यष्टिको	2	2	2
व्यहिटलैमले	2	2	2
व्यहोर्थे	2	2	2
व्याकरणविद्	2	2	2
व्याकरणहरूको	2	2	2
व्याख्यानको	2	2	2
व्याख्याबाट	2	2	2
व्याख्यालाई	2	2	2
व्यापारघाटाबाट	2	2	1
व्यापारबाट	2	2	2
व्यापारले	2	2	2
व्यारोमिटर	2	2	2
व्यासमा	2	2	2
व्यासलाई	2	2	2
व्युत्पादन	2	2	2
व्रतपूजन	2	2	2
व्रतबन्ध	2	2	2
व्रतमा	2	2	2
व्हिस्लिङ	2	2	2
शकुन्तलामा	2	2	2
शकुन्तलाले	2	2	2
शक्तिका	2	2	2
शक्तिकी	2	2	2
शक्तिकेन्द्रमा	2	2	2
शक्तिपीठहरू	2	2	2
शक्तिश्रोतहरूलाई	2	2	2
शक्रसिंहले	2	2	2
शङ्करलाई	2	2	2
शङ्कराचार्य	2	2	2
शङ्कराचार्यका	2	2	2
शङ्कास्पद	2	2	2
शङ्खरापुर	2	2	2
शची	2	2	2
शतप्रतिशत	2	2	2
शताब्दको	2	2	2
शताब्दीपछि	2	2	2
शतीका	2	2	2
शत्रुताको	2	2	2
शत्रुहरूसँग	2	2	2
शनिदेवमा	2	2	2
शनिद्वारा	2	2	2
शनिलाई	2	2	2
शनिश्चरले	2	2	2
शब्दका	2	2	2
शब्दहरूबारे	2	2	2
शब्दार्थलाई	2	2	2
शब्दावलीको	2	2	2
शमाकरको	2	2	2
शम्भुको	2	2	2
शरणार्थीका	2	2	2
शरणार्थीहरूको	2	2	2
शरदऋतुको	2	2	2
शररमा	2	2	2
शरीरभित्रका	2	2	2
शर्तको	2	2	2
शर्तहरू	2	2	2
शर्मालाई	2	2	2
शर्मासहितका	2	2	2
शल्कीय	2	2	2
शव्द	2	2	2
शव्दहरू	2	2	2
शहरको	2	2	2
शाक	2	2	2
शाकाहार	2	2	2
शाकुन्तलको	2	2	2
शाक्ति	2	2	2
शाक्यधीता	2	2	2
शाखाहरूलाई	2	2	2
शानको	2	2	2
शान्तभावले	2	2	2
शान्ता	2	2	2
शान्ताराममा	2	2	2
शान्तिवादी	2	2	2
शारदाको	2	2	2
शारदालाई	2	2	2
शालिहोत्र	2	2	2
शालीन	2	2	2
शाव्दिक	2	2	2
शासकका	2	2	2
शासनलाई	2	2	2
शासनविरुद्ध	2	2	2
शासनशैलीको	2	2	2
शासनसत्ता	2	2	2
शास्त्रकारहरूको	2	2	2
शास्त्रहरूका	2	2	2
शास्त्रार्थमा	2	2	2
शास्त्रिय	2	2	2
शास्त्रीहरू	2	2	2
शाहजनी	2	2	2
शाहबाट	2	2	2
शाहलगायतले	2	2	2
शाहीको	2	2	2
शाहीजी	2	2	2
शाहीले	2	2	2
शाहीसँग	2	2	2
शिकारीहरूबाट	2	2	2
शिक्षकलाई	2	2	2
शिखरहरू	2	2	2
शिघ्रता	2	2	2
शितो	2	2	2
शिन्तो	2	2	2
शिया	2	2	2
शिरलाई	2	2	2
शिरा	2	2	2
शिरीषको	2	2	2
शिलाको	2	2	2
शिलाबहादुर	2	2	2
शिलालाई	2	2	2
शिलालेखहरूको	2	2	2
शिल्पगत	2	2	2
शिवकुमार	2	2	2
शिवगणका	2	2	2
शिवजीले	2	2	2
शिवपुर	2	2	2
शिवप्रसाद	2	2	2
शिवमहेश्वर	2	2	2
शिवानन्द	2	2	2
शिवालय	2	2	2
शिविरका	2	2	2
शिविरहरूको	2	2	2
शिविरहरूमा	2	2	2
शिशुजस्तै	2	2	2
शिष्यमण्डलीका	2	2	2
शिष्याबोधाय	2	2	2
शीतकालको	2	2	2
शीतकालमा	2	2	2
शीर्षकमा	2	2	2
शीर्षकलाई	2	2	2
शीर्षनेता	2	2	2
शीलावतीको	2	2	2
शुकदेव	2	2	2
शुक्राचार्यले	2	2	2
शुक्रेश्वरीको	2	2	2
शुक्लाफाँट	2	2	2
शुद्धतालाई	2	2	2
शुद्धाशुद्धिमा	2	2	2
शुद्धि	2	2	2
शुद्धोधनको	2	2	2
शुभचिन्तक	2	2	2
शुभफलमा	2	2	2
शुभराज्याभिषेकअघि	2	2	2
शुभ्यफाप्य	2	2	2
शुल्कका	2	2	2
शृंखला	2	2	2
शृङ्खलामा	2	2	2
शेरबहादुर	2	2	2
शेरवा	2	2	2
शेर्पाहरूले	2	2	2
शैन्य	2	2	2
शैयाहरू	2	2	2
शैय्याहरू	2	2	2
शैलद्वारा	2	2	2
शैलीय	2	2	2
शोकाकुल	2	2	2
शोखका	2	2	2
शोधनबाट	2	2	2
शोधप्रबन्ध	2	2	2
शोभायमान	2	2	2
शोभालाई	2	2	2
शोले	2	2	2
शोषक	2	2	2
शोषकपक्षलाई	2	2	2
शौखिन	2	2	2
शौच	2	2	2
शौचालय	2	2	2
श्यरवा	2	2	2
श्रद्धालुहरूबाट	2	2	2
श्रब्य	2	2	2
श्रमको	2	2	2
श्रमजीवी	2	2	2
श्रमले	2	2	2
श्रमशक्तिको	2	2	2
श्रमिकहरूको	2	2	2
श्राइवरले	2	2	2
श्रापमोचन	2	2	2
श्रीकृष्णद्वारा	2	2	2
श्रीकृष्णोपासना	2	2	2
श्रीखण्ड	2	2	2
श्रीनगरलेह	2	2	2
श्रीबृद्धिमा	2	2	2
श्रीमतीको	2	2	2
श्रीमतीतर्फका	2	2	2
श्रीमान	2	2	2
श्रीमानको	2	2	2
श्रीमान्ले	2	2	2
श्रीलङ्काका	2	2	2
श्रीसम्पन्न	2	2	2
श्रुति	2	2	2
श्रृंगार	2	2	2
श्रृखङ्लामा	2	2	2
श्रृङ्खलाकै	2	2	2
श्रृङ्खलालाई	2	2	2
श्रेष्ठका	2	2	2
श्रेष्ठता	2	2	2
श्रोता	2	2	2
श्लोकहरूमा	2	2	2
श्वेतकण्ठ	2	2	2
सँगीत	2	2	2
संकटपूर्ण	2	2	2
संकटबाट	2	2	2
संकायको	2	2	2
संकायमा	2	2	2
संक्रान्तिको	2	2	2
संगठनात्मक	2	2	2
संगमस्थल	2	2	2
संगीतका	2	2	2
संग्रहका	2	2	2
संग्रहको	2	2	2
संग्रहालयमा	2	2	2
संग्राहलय	2	2	2
संचारको	2	2	2
संजाल	2	2	2
संजालको	2	2	2
संज्ञाहीन	2	2	2
संप्रभुता	2	2	2
संबद्ध	2	2	2
संबद्धताको	2	2	2
संयन्त्रको	2	2	2
संयम	2	2	2
संयोगदेखि	2	2	2
संयोजनको	2	2	2
संयोजित	2	2	2
संयोजी	2	2	2
संरक्षणबाट	2	2	2
संरचनाका	2	2	2
संरचनाबारे	2	2	2
संलग्नता	2	2	2
संविधानका	2	2	2
संविधानलाई	2	2	2
संविधानसभाका	2	2	1
संवेगका	2	2	2
संवेदनशीलताका	2	2	2
संवेदनशीलताले	2	2	2
संवेदनालाई	2	2	2
संसाधनहरूमा	2	2	2
संसोधन	2	2	2
संस्करणसम्ममा	2	2	2
संस्कारको	2	2	2
संस्कारयुक्त	2	2	2
संस्कृतिबाट	2	2	2
संस्थानहरूको	2	2	2
संस्थापकमध्ये	2	2	2
संस्थापकीय	2	2	2
संस्थाबाहेक	2	2	2
संस्थामार्फत	2	2	2
संस्थासम्बन्धी	2	2	2
संस्थाहरूबाट	2	2	2
संस्थाहरूलाई	2	2	2
संस्मरणमा	2	2	2
संहिताबद्द	2	2	2
सकभर	2	2	2
सकिँदैनथ्यो	2	2	2
सकिनन्	2	2	2
सकिनेगरी	2	2	2
सकेकाले	2	2	2
सकौँ	2	2	2
सक्छस्	2	2	2
सक्दछौँ	2	2	2
सक्नुपर्छ	2	2	2
सक्नुभयो	2	2	2
सक्नुहुने	2	2	2
सक्नुहुन्न	2	2	2
सक्नु्हुन्छ	2	2	2
सक्नेछन्	2	2	2
सक्नेमा	2	2	2
सक्रियतामा	2	2	2
सख्त	2	2	2
सघन	2	2	2
सघाइरहेको	2	2	2
सघाउ	2	2	2
सङग्रह	2	2	2
सङ्कटहरूको	2	2	2
सङ्कलित	2	2	2
सङ्कल्पपूर्वक	2	2	2
सङ्कीर्ण	2	2	2
सङ्कोश	2	2	2
सङ्क्रान्तिको	2	2	2
सङ्क्रान्तिमा	2	2	2
सङ्क्षेपमा	2	2	2
सङ्ख्यात्मक	2	2	2
सङ्ख्याबारे	2	2	2
सङ्ख्यासँग	2	2	2
सङ्गठितकर्ता	2	2	2
सङ्गत	2	2	2
सङ्गति	2	2	2
सङ्गमर्मरको	2	2	2
सङ्गीतका	2	2	2
सङ्गीतकारको	2	2	2
सङ्ग्रहको	2	2	2
सङ्ग्रहमा	2	2	2
सङ्ग्राममा	2	2	2
सङ्ग्राहकहरूको	2	2	2
सङ्ग्राहलय	2	2	2
सङ्घद्वारा	2	2	2
सङ्घमा	2	2	2
सङ्घर्षपूर्ण	2	2	2
सङ्घर्षहरूले	2	2	2
सङ्घसंस्थाहरू	2	2	2
सङ्घीयताको	2	2	2
सङ्लग्नतामा	2	2	2
सचित्र	2	2	2
सचिन	2	2	2
सचिवका	2	2	2
सचिवालयका	2	2	2
सजाउनका	2	2	2
सजावटको	2	2	2
सजावाट	2	2	2
सजिएर	2	2	2
सजिलाको	2	2	2
सजीवन	2	2	2
सज्जनले	2	2	2
सञ्चारमा	2	2	2
सञ्चारमाध्यम	2	2	2
सञ्चारित	2	2	2
सटर	2	2	2
सटले	2	2	2
सट्स	2	2	2
सडकमार्ग	2	2	2
सडकले	2	2	2
सडकसँग	2	2	2
सडकहरू	2	2	2
सडकहरूमा	2	2	2
सडकहरूले	2	2	2
सडे	2	2	2
सड्दैन	2	2	2
सतबिज	2	2	2
सतर्कता	2	2	2
सतल	2	2	2
सतहसँग	2	2	2
सताउने	2	2	2
सताएको	2	2	2
सतीत्व	2	2	2
सत्	2	2	2
सत्कार	2	2	2
सत्ताईस	2	2	2
सत्ताईसवटी	2	2	2
सत्ताका	2	2	2
सत्तादेखि	2	2	2
सत्तारुढ	2	2	2
सत्यजीत	2	2	2
सत्यमय	2	2	2
सत्यवती	2	2	2
सत्यवतीले	2	2	2
सत्यवतीसँग	2	2	2
सत्यानाश	2	2	2
सत्रद्वारा	2	2	2
सत्रहरूमा	2	2	2
सत्रुताको	2	2	2
सत्सँगको	2	2	2
सदनमा	2	2	2
सदरमुकाममा	2	2	2
सदरमुकामसमेत	2	2	2
सदाशिव	2	2	2
सदियौँसम्म	2	2	2
सदृश्य	2	2	2
सद्भावना	2	2	2
सद्भावलाई	2	2	2
सनकादि	2	2	2
सनपाट	2	2	2
सनाई	2	2	2
सनाखत	2	2	2
सन्जासमा	2	2	2
सन्ततिहरूको	2	2	2
सन्तती	2	2	2
सन्तपना	2	2	2
सन्तल	2	2	2
सन्तानहरुलाई	2	2	2
सन्दर्भका	2	2	2
सन्देशकाव्यका	2	2	2
सन्देशकाव्यको	2	2	2
सन्धिअन्तर्गत	2	2	2
सन्धिको	2	2	2
सन्धिले	2	2	2
सन्नाटा	2	2	2
सन्न्यासीहरू	2	2	2
सन्सारभरको	2	2	2
सपथ	2	2	2
सपनासँग	2	2	2
सप्तगण्डकी	2	2	2
सप्तम	2	2	2
सप्तमीका	2	2	2
सप्तशतीमा	2	2	2
सप्लाई	2	2	2
सफदरजंगको	2	2	2
सफलताका	2	2	2
सफलताले	2	2	2
सफाइ	2	2	2
सफाई	2	2	2
सफ्टवेयरले	2	2	2
सबका	2	2	2
सबलाई	2	2	2
सबले	2	2	2
सबैतिर	2	2	2
सबैमाझ	2	2	2
सबैसँगको	2	2	2
सब्जि	2	2	2
सब्स्टैंस	2	2	2
सभास्थल	2	2	2
सभाहरूको	2	2	2
सभ्यताहरूको	2	2	2
समकोण	2	2	2
समचार	2	2	2
समजदारी	2	2	2
समझदारीको	2	2	2
समझौता	2	2	2
समझौताको	2	2	2
समझौतामा	2	2	2
समते	2	2	2
समभावको	2	2	2
समभावदर्शी	2	2	2
समभूमिको	2	2	2
समयक्रम	2	2	2
समयतिर	2	2	2
समयावधिका	2	2	2
समर्थकका	2	2	2
समर्थकहरू	2	2	2
समर्थनका	2	2	2
समर्थनले	2	2	2
समर्पणका	2	2	2
समर्पणको	2	2	2
समवेदना	2	2	2
समशितोष्ण	2	2	2
समशीतोष्ण	2	2	2
समष्टि	2	2	2
समस्थ	2	2	2
समस्थली	2	2	2
समस्यामा	2	2	2
समा	2	2	2
समाउनका	2	2	2
समाचारको	2	2	2
समाचारपत्रहरू	2	2	2
समाजप्रतिको	2	2	2
समाजमै	2	2	2
समाजवादीहरूको	2	2	2
समाजसेवीले	2	2	2
समातेका	2	2	2
समाधानको	2	2	2
समानतालाई	2	2	2
समाप्तिका	2	2	2
समाप्तिको	2	2	2
समाप्तिपछि	2	2	2
समाप्तिसम्म	2	2	2
समाय	2	2	2
समायोजित	2	2	2
समारोहको	2	2	2
समारोहहरूमा	2	2	2
समालोचकीय	2	2	2
समालोचनाको	2	2	2
समालोचनाहरू	2	2	2
समिप	2	2	2
समीक्षाहरू	2	2	2
समीपवर्ती	2	2	2
समुच्चय	2	2	2
समुज्ज्वल	2	2	2
समुदायसामु	2	2	2
समुदायहरूमा	2	2	2
समुदायिक	2	2	2
समुद्घाटन	2	2	2
समुद्रका	2	2	2
समुद्रकुमारीले	2	2	2
समुद्रतट	2	2	2
समुद्रतलदेखि	2	2	2
समुन्द्रको	2	2	2
समुन्द्रबाट	2	2	2
समुपस्थितिमा	2	2	2
समुल्लेख	2	2	2
समुहको	2	2	2
समूहहरूका	2	2	2
समूहीकृत	2	2	2
समेटिएपछि	2	2	2
समेटेपछि	2	2	2
समेट्दछ	2	2	2
समेट्दछन्	2	2	2
समेट्दै	2	2	2
समोआ	2	2	2
समोरा	2	2	2
सम्झन्छु	2	2	2
सम्झाइएको	2	2	2
सम्झिन्छ	2	2	2
सम्झौताका	2	2	2
सम्झौतामा	2	2	2
सम्पत्तिमा	2	2	2
सम्पदाअन्तर्गत	2	2	2
सम्पदाको	2	2	2
सम्पन्नता	2	2	2
सम्पाद	2	2	2
सम्पादकत्वमा	2	2	2
सम्पादकीय	2	2	2
सम्पादनहरू	2	2	2
सम्पूरक	2	2	2
सम्प्रदायलाई	2	2	2
सम्प्रभुताको	2	2	2
सम्प्रभूताको	2	2	2
सम्प्रेषण	2	2	2
सम्बन्धभित्र	2	2	2
सम्बन्धलाई	2	2	2
सम्बन्धीका	2	2	2
सम्बर्द्धन	2	2	2
सम्बर्द्धनमा	2	2	2
सम्बोधनमा	2	2	2
सम्बोधनहरू	2	2	2
सम्भावनाको	2	2	2
सम्भावनामा	2	2	2
सम्भाषीहरू	2	2	2
सम्भ्रान्तहरूका	2	2	2
सम्मतिदेखि	2	2	2
सम्मानका	2	2	2
सम्मानवाट	2	2	2
सम्मुखमा	2	2	2
सम्मै	2	2	2
सम्राटको	2	2	2
सम्राटहरूले	2	2	2
सम्विधानसभामा	2	2	2
सम्सर्गबाट	2	2	2
सम्हतिको	2	2	2
सम्हाल्नुभएकी	2	2	2
सयपातुङ	2	2	2
सरकारप्रति	2	2	2
सरको	2	2	2
सरगर्मी	2	2	2
सरलताबाट	2	2	2
सरलतालाई	2	2	2
सरस	2	2	2
सरसफाइ	2	2	2
सरसफाइमा	2	2	2
सरस्वतीका	2	2	2
सराउन्ड	2	2	2
सरिफभन्दा	2	2	2
सरीसृप	2	2	2
सरूप	2	2	2
सरेपछि	2	2	2
सर्करा	2	2	2
सर्कल	2	2	2
सर्कलको	2	2	2
सर्काएको	2	2	2
सर्किट	2	2	2
सर्गमा	2	2	2
सर्जकहरूले	2	2	2
सर्नु	2	2	2
सर्भिसको	2	2	2
सर्माद्वारा	2	2	2
सर्वपक्षीय	2	2	2
सर्वप्रथम्	2	2	2
सर्वप्रिय	2	2	2
सर्वसम्मत	2	2	2
सर्वहारावादी	2	2	2
सर्वाङ्ग	2	2	2
सर्वाधिकारको	2	2	2
सर्वानन्द	2	2	2
सर्वार्थ	2	2	2
सर्वेक्षणका	2	2	2
सर्वेश्वर	2	2	2
सलादको	2	2	2
सलीमगढ	2	2	2
सल्फर	2	2	2
सल्यानटारको	2	2	2
सल्लल्लाह	2	2	2
सल्ला	2	2	2
सवालमा	2	2	2
सवाहबाट	2	2	2
सविताका	2	2	2
सवैभन्दा	2	2	2
सशरीर	2	2	2
ससुराली	2	2	2
सस्तियो	2	2	2
सहकर्मीलाई	2	2	2
सहदेवी	2	2	2
सहनाई	2	2	2
सहनिर्माता	2	2	2
सहभागीमध्ये	2	2	2
सहयोगद्वारा	2	2	2
सहयोगि	2	2	2
सहयोगीहरूका	2	2	2
सहयोगीहरूसँग	2	2	2
सहरकै	2	2	2
सहरसा	2	2	2
सहरहरूदेखि	2	2	2
सहरहरूसँग	2	2	2
सहरे	2	2	2
सहसंस्थापक	2	2	2
सहसञ्चालक	2	2	2
सहसम्बन्ध	2	2	2
सहसा	2	2	2
सहस्वानिकी	2	2	2
सहादत	2	2	2
सहानुभूतिवश	2	2	2
सहायकको	2	2	2
सहायकहरू	2	2	2
सहायतामा	2	2	2
सहिष्णु	2	2	2
सहे	2	2	2
सहोदर	2	2	2
साँखुका	2	2	2
साँगा	2	2	2
साँघुरा	2	2	2
साँचालाई	2	2	2
साँचेकी	2	2	2
साँपमा	2	2	2
सांख्य	2	2	2
सांघाई	2	2	2
साइँला	2	2	2
साइकिल	2	2	2
साइजको	2	2	2
साइटहरूमा	2	2	2
साइटेसन	2	2	2
साइतमा	2	2	2
साइबरमा	2	2	2
साइबेरिया	2	2	2
साई	2	2	2
साईत	2	2	2
साउनको	2	2	2
साउनेचउर	2	2	2
साउन्ड	2	2	2
साकिन्छ	2	2	2
साक्षीबाट	2	2	2
सागरमा	2	2	2
सागसब्जीको	2	2	2
साङगा	2	2	2
साङवा	2	2	2
साङ्कृत्यायनसँग	2	2	2
साङ्ख्य	2	2	2
साझालाई	2	2	2
साझेदारीले	2	2	2
साटिन्	2	2	2
साटो	2	2	2
साठीको	2	2	2
सातजना	2	2	2
सातदोबाटोमा	2	2	2
साता	2	2	2
साताभर	2	2	2
सातासम्म	2	2	2
सातु	2	2	2
सातौँमा	2	2	2
साथको	2	2	2
साथसाथ	2	2	2
साथीद्वारा	2	2	2
साधनको	2	2	2
साधनभूत	2	2	2
साधनलाई	2	2	2
साधनाको	2	2	2
साधरणतया	2	2	2
साधारणदेखि	2	2	2
साधुसन्त	2	2	2
साधुसन्तहरूको	2	2	2
साध्यको	2	2	2
सानमाया	2	2	2
सानाठूला	2	2	2
सानिया	2	2	2
सानीभेरी	2	2	2
सानोमा	2	2	2
सानोसानो	2	2	2
सान्टोस	2	2	2
सान्ता	2	2	2
सान्नानी	2	2	2
सान्यालद्वारा	2	2	2
सापको	2	2	2
सापिङ	2	2	2
सापेक्ष	2	2	2
साप्ताहिकका	2	2	2
साभार	2	2	2
सामग्रीका	2	2	2
सामग्रीहरु	2	2	2
सामग्रीहरूले	2	2	2
सामन्त	2	2	2
सामन्ती	2	2	2
सामन्तीहरूले	2	2	2
सामानमा	2	2	2
सामान्यतः	2	2	2
सामान्यदनीका	2	2	2
सामान्यदेखि	2	2	2
साम्मी	2	2	2
साम्राज्यका	2	2	2
सायक	2	2	2
सायामा	2	2	2
सारनको	2	2	2
सारल	2	2	2
सारिएका	2	2	2
सारे	2	2	2
सारै	2	2	2
सार्कीको	2	2	2
सार्छौ	2	2	2
सार्थक	2	2	2
सार्थकता	2	2	2
सालकै	2	2	2
सालतिरै	2	2	2
सालनाल	2	2	2
सालबाट	2	2	2
सालभर	2	2	2
सालमै	2	2	2
सालाग्रामा	2	2	2
सालो	2	2	2
सावु	2	2	2
सासाराम	2	2	2
सास्ती	2	2	2
साह	2	2	2
साहब	2	2	2
साहसी	2	2	2
साहित्यकारको	2	2	2
साहित्यकाशमा	2	2	2
साहित्यक्षेत्रमा	2	2	2
साहित्याकाशका	2	2	2
साहुकार	2	2	2
साहुजी	2	2	2
साहुले	2	2	2
सिँगारिएकॊ	2	2	2
सिं	2	2	2
सिंचाइ	2	2	2
सिंहतिर	2	2	2
सिंहलिला	2	2	2
सिंहासनको	2	2	2
सिंहासैन	2	2	2
सिउँदोमा	2	2	2
सिएनएनको	2	2	2
सिकन्दराका	2	2	2
सिकाइनेछ	2	2	2
सिकाउनका	2	2	2
सिकाउनुपर्छ	2	2	2
सिकाएकी	2	2	2
सिकाएको	2	2	2
सिकारी	2	2	2
सिकारीले	2	2	2
सिकारीहरू	2	2	2
सिकारु	2	2	2
सिक्किमेलीलाई	2	2	2
सिक्ख	2	2	2
सिक्तेल	2	2	2
सिक्दैछु	2	2	2
सिक्ने	2	2	2
सिग्नलको	2	2	2
सिग्नलमा	2	2	2
सिङ्गमरमरका	2	2	2
सिङ्गर	2	2	2
सिङ्गापुरलाई	2	2	2
सिङ्ज्यागको	2	2	2
सिजनको	2	2	2
सिजनमा	2	2	2
सिञ्चन	2	2	2
सिटीको	2	2	2
सिटीमा	2	2	2
सिटोको	2	2	2
सिट्ठी	2	2	2
सिड्नी	2	2	2
सितम्बरमा	2	2	2
सितल	2	2	2
सिद्दिकी	2	2	2
सिद्धनारायण	2	2	2
सिद्धबाबा	2	2	2
सिद्धान्तअनुसार	2	2	2
सिद्धान्तलाई	2	2	2
सिद्धार्थलाई	2	2	2
सिद्धिनरसिंहले	2	2	2
सिद्धिनरसिहं	2	2	2
सिद्धिराज	2	2	2
सिद्धिहरू	2	2	2
सिधासाधालाई	2	2	2
सिनेट	2	2	2
सिनेटर	2	2	2
सिनेमाका	2	2	2
सिनेमामा	2	2	2
सिन्जीद्वारा	2	2	2
सिन्थेटिक	2	2	2
सिन्दुर	2	2	2
सिन्धुगङ्गा	2	2	2
सिन्धुलीका	2	2	2
सिप	2	2	2
सिपयार्डले	2	2	2
सिपाहीलाई	2	2	2
सिपाहीहरूलाई	2	2	2
सिफलमा	2	2	2
सिफलिस	2	2	2
सिफ्ट	2	2	2
सिभिल	2	2	2
सिमकुखुरा	2	2	2
सिमा	2	2	2
सिमानाबाट	2	2	2
सिमानारहित	2	2	2
सिमान्तकृत	2	2	2
सिम्रिकलाई	2	2	2
सियोले	2	2	2
सिरास	2	2	2
सिरिजको	2	2	2
सिरिप	2	2	2
सिरुवारी	2	2	2
सिरोही	2	2	2
सिर्जित	2	2	2
सिर्जिन्छन्	2	2	2
सिर्सेनी	2	2	2
सिल	2	2	2
सिलगडी	2	2	2
सिलवन्दी	2	2	2
सिलसिला	2	2	2
सिलसिलाको	2	2	2
सिलाइ	2	2	2
सिलिकन	2	2	2
सिलीगुडी	2	2	2
सिलीमा	2	2	2
सिल्करोड	2	2	2
सिल्ड	2	2	2
सिविकडेनिअल्सले	2	2	2
सिसपहरूभन्दा	2	2	1
सिसुलुले	2	2	1
सिसौ	2	2	2
सिस्टमसँग	2	2	2
सिस्ने	2	2	2
सिस्नेरीभन्ज्याङ	2	2	2
सिहंदरबार	2	2	2
सीताभवन	2	2	2
सीपले	2	2	2
सीमाना	2	2	2
सीमान्त	2	2	2
सीमाबाट	2	2	2
सुँगुर	2	2	2
सुँघाउने	2	2	2
सुँघेको	2	2	2
सुँघेर	2	2	2
सुइँकोसम्म	2	2	2
सुकाइने	2	2	2
सुकाई	2	2	2
सुकीको	2	2	2
सुकै	2	2	2
सुक्न	2	2	2
सुखदुःखमा	2	2	2
सुखमा	2	2	2
सुखा	2	2	2
सुगन्धवाल	2	2	2
सुघा	2	2	2
सुजाकको	2	2	2
सुझाउलाई	2	2	2
सुझावका	2	2	2
सुझावहरूलाई	2	2	2
सुटुक्कको	2	2	2
सुतिन्	2	2	2
सुतुरेसमा	2	2	2
सुत्दा	2	2	2
सुदयराम	2	2	2
सुदूरपश्चिमका	2	2	2
सुदृढीकरण	2	2	2
सुद्रीमा	2	2	2
सुधारकहरूमध्येका	2	2	2
सुधारहरुलाई	2	2	2
सुधारहरूलाई	2	2	2
सुधारी	2	2	2
सुधारेको	2	2	2
सुधार्नु	2	2	2
सुधिर	2	2	2
सुनगाभा	2	2	2
सुनचरी	2	2	2
सुनचाँदी	2	2	2
सुनचाँदीको	2	2	2
सुनद्वारा	2	2	2
सुनले	2	2	2
सुनसान	2	2	2
सुनाइदिनुहोला	2	2	2
सुनाउनेछ	2	2	2
सुनेँ	2	2	2
सुनौला	2	2	2
सुन्तले	2	2	2
सुन्दरताका	2	2	2
सुन्दरतालाई	2	2	2
सुन्दरतासँगै	2	2	2
सुन्दरीजल	2	2	2
सुन्निएर	2	2	2
सुन्नुहुन्थ्यो	2	2	2
सुन्सरी	2	2	2
सुपको	2	2	2
सुपरस्टारमा	2	2	2
सुप्पबुद्धको	2	2	2
सुफ्लावर	2	2	2
सुभद्राका	2	2	2
सुमको	2	2	2
सुम्निमाको	2	2	2
सुम्पने	2	2	2
सुम्पिने	2	2	2
सुम्पेका	2	2	2
सुम्पेको	2	2	2
सुम्पेपछि	2	2	2
सुम्पेर	2	2	2
सुरक्षण	2	2	2
सुरक्षाकर्मीको	2	2	2
सुरक्षात्मक	2	2	2
सुरक्षाफौजलाई	2	2	2
सुरक्षामाथिको	2	2	2
सुरक्षाविद्	2	2	2
सुरज	2	2	2
सुरथ	2	2	2
सुरबाजा	2	2	2
सुरुआतको	2	2	2
सुरुचिपूर्ण	2	2	2
सुरुवाल	2	2	2
सुरूआत	2	2	2
सुरूङ	2	2	2
सुरूवातबाट	2	2	2
सुरूवातसँगै	2	2	2
सुरूवाती	2	2	2
सुरेन्द्रको	2	2	2
सुरेश	2	2	2
सुर्खेतका	2	2	2
सुर्खेततर्फ	2	2	2
सुर्खेतबाट	2	2	2
सुर्ती	2	2	2
सुलेखन	2	2	2
सुवर्णकौशिकी	2	2	2
सुविधासम्पन्न	2	2	2
सुवेदीकी	2	2	2
सुव्यवस्था	2	2	2
सुशासनको	2	2	2
सुश्री	2	2	2
सुश्रुत	2	2	2
सुष्मा	2	2	2
सुसन्ततिशास्त्र	2	2	2
सुसम्पन्न	2	2	2
सुस्पष्ट	2	2	2
सुस्मिता	2	2	2
सुहाउने	2	2	2
सूचनाहरू	2	2	2
सूचनाहरूका	2	2	2
सूचीबाटै	2	2	2
सूचीहरूको	2	2	2
सूत्रको	2	2	2
सूत्रद्वारा	2	2	2
सूत्रबाट	2	2	2
सूदुर	2	2	2
सूर्यपछिको	2	2	2
सूर्यबाट	2	2	2
सूर्यमतीको	2	2	2
सूर्यवंशी	2	2	2
सूर्यहरू	2	2	2
सूर्योदयसम्मको	2	2	2
सृजनात्मक	2	2	2
सृजनामा	2	2	2
सृष्टिकर्ता	2	2	2
सृष्टिकर्ताले	2	2	2
सृष्टिमा	2	2	2
सृष्टिलाई	2	2	2
सेउली	2	2	2
सेकन्डको	2	2	2
सेकिन्छ	2	2	2
सेकुरिटी	2	2	2
सेकेन्डरी	2	2	2
सेक्टर	2	2	2
सेक्टरमा	2	2	2
सेक्रोहोङ	2	2	2
सेख	2	2	2
सेटको	2	2	2
सेटले	2	2	2
सेटिङहरू	2	2	2
सेतीमा	2	2	2
सेतोपहेँलो	2	2	2
सेतोबाघ	2	2	2
सेतोरातो	2	2	2
सेनातर्फ	2	2	2
सेनापतिहरूलाई	2	2	2
सेनाहरूद्वारा	2	2	2
सेनाहरूलाई	2	2	2
सेनाहरूले	2	2	2
सेप्टेम्बरसम्ममा	2	2	2
सेफको	2	2	2
सेब्री	2	2	2
सेभ	2	2	2
सेमिकन्डक्टरहरू	2	2	2
सेमिसम्म	2	2	2
सेयरले	2	2	2
सेरा	2	2	2
सेरामा	2	2	2
सेरिना	2	2	2
सेलफिश	2	2	2
सेलापुरी	2	2	2
सेल्वा	2	2	2
सेवनले	2	2	2
सेवापछि	2	2	2
सेवारत	2	2	2
सेवाहरूका	2	2	2
सेवाहरूले	2	2	2
सैनिकलाई	2	2	2
सैनिकहरूको	2	2	2
सैनिकहरूसित	2	2	2
सैन्यशासनको	2	2	2
सैन्यसेवामा	2	2	2
सैफ	2	2	2
सोइला	2	2	2
सोई	2	2	2
सोखले	2	2	2
सोखिन	2	2	2
सोङचान	2	2	2
सोचाइले	2	2	2
सोचाई	2	2	2
सोचिछन्	2	2	2
सोचेभन्दा	2	2	2
सोच्दैनौ	2	2	2
सोच्नेदेखि	2	2	2
सोध	2	2	2
सोध्छ	2	2	2
सोध्छन्	2	2	2
सोध्ने	2	2	2
सोना	2	2	2
सोनियन	2	2	2
सोनीद्वारा	2	2	2
सोफोत्वरे	2	2	2
सोभन्दा	2	2	2
सोभियतसत्ताको	2	2	2
सोम	2	2	2
सोमदत्तद्वारा	2	2	2
सोमप्रसाद	2	2	2
सोमवंशी	2	2	2
सोमेश्वर	2	2	2
सोल्टी	2	2	2
सोस्टालाई	2	2	2
सौखका	2	2	2
सौखिन	2	2	2
सौरमण्डलको	2	2	2
सौरमण्डलमा	2	2	2
सौराहा	2	2	2
सौरीबाट	2	2	2
सौर्यमण्डल	2	2	2
सौहार्द्र	2	2	2
स्कटि	2	2	2
स्कन्दपुराणको	2	2	2
स्कर्टको	2	2	2
स्कलिनतर्फ	2	2	2
स्काइनेटबाट	2	2	2
स्कार	2	2	2
स्किन	2	2	2
स्किमको	2	2	2
स्कुललगायतका	2	2	2
स्कुलहरू	2	2	2
स्कूलद्वारा	2	2	2
स्केल	2	2	2
स्कोरर	2	2	2
स्क्यानिङ	2	2	2
स्क्रिनसट	2	2	2
स्क्रिप्टका	2	2	2
स्टबहरू	2	2	2
स्टारका	2	2	2
स्टारबक्समा	2	2	2
स्टारहरूले	2	2	2
स्टिलद्वारा	2	2	2
स्टीलका	2	2	2
स्टुटगार्टबाट	2	2	2
स्टुडियोमा	2	2	2
स्टे	2	2	2
स्टेडियममा	2	2	2
स्टेनरले	2	2	2
स्टेपल्स	2	2	2
स्टेवार्ट	2	2	2
स्टेसनले	2	2	2
स्टेसनहरूकै	2	2	2
स्टोरी	2	2	2
स्ट्रेट	2	2	2
स्तम्भाकार	2	2	2
स्तरहरूमा	2	2	2
स्तुत्य	2	2	2
स्तुपा	2	2	2
स्तूप	2	2	2
स्त्रीपुरुष	2	2	2
स्त्रीबाट	2	2	2
स्त्रीले	2	2	2
स्त्रीसँग	2	2	2
स्त्रीहरू	2	2	2
स्त्रीहरूलाई	2	2	2
स्थलले	2	2	2
स्थानतिर	2	2	2
स्थानिय	2	2	2
स्थानीयबासीको	2	2	2
स्थापनाकालदेखि	2	2	2
स्थापनामा	2	2	2
स्थापनासँग	2	2	2
स्थितलाई	2	2	2
स्थितिमध्ये	2	2	2
स्थितिहरूको	2	2	2
स्थिती	2	2	2
स्थूलभन्दा	2	2	2
स्नचालनमा	2	2	2
स्नाकोत्तर	2	2	2
स्नायु	2	2	2
स्नेहको	2	2	2
स्नोबल	2	2	2
स्नोवी	2	2	2
स्पन्दनको	2	2	2
स्पष्टसँग	2	2	2
स्पार्कद्वारा	2	2	2
स्पेन्ड्रल	2	2	2
स्फूर्तिलो	2	2	2
स्मरणिय	2	2	2
स्मारकहरुमा	2	2	2
स्मित	2	2	2
स्याउलीवाङसम्म	2	2	2
स्याम	2	2	2
स्यालापाखा	2	2	2
स्याहारकर्ताहरूलाई	2	2	2
स्याहारको	2	2	2
स्याहारसुसार	2	2	2
स्याहार्दै	2	2	2
स्योर	2	2	2
स्रष्टाहरू	2	2	2
स्रेस्ता	2	2	2
स्रोतहरूद्वारा	2	2	2
स्रोताहरूसँग	2	2	2
स्लाइडहरूको	2	2	2
स्लेम	2	2	2
स्लोभेनिया	2	2	2
स्वगृही	2	2	2
स्वप्नामा	2	2	2
स्वभावको	2	2	2
स्वभावले	2	2	2
स्वयंका	2	2	2
स्वयंलाई	2	2	2
स्वयंसेवकहरूसँगै	2	2	2
स्वयत्त	2	2	2
स्वयम्द्वारा	2	2	2
स्वयम्वर	2	2	2
स्वयम्सेवक	2	2	2
स्वयम्सेवीहरू	2	2	2
स्वरका	2	2	2
स्वरलाई	2	2	2
स्वरले	2	2	2
स्वरवर्णको	2	2	2
स्वरूपहरूका	2	2	2
स्वर्गको	2	2	2
स्वर्गप्राप्ति	2	2	2
स्वर्णमन्दिरमा	2	2	2
स्ववियु	2	2	2
स्वशासन	2	2	2
स्वशिक्षा	2	2	2
स्वस्तिशान्ति	2	2	2
स्वा	2	2	2
स्वागतको	2	2	2
स्वागतम	2	2	2
स्वागतार्थ	2	2	2
स्वागाचोकमा	2	2	2
स्वाती	2	2	2
स्वादको	2	2	2
स्वादिष्ठ	2	2	2
स्वाभाविकै	2	2	2
स्वाभिमानी	2	2	2
स्वामिको	2	2	2
स्वामित्वसम्बन्धी	2	2	2
स्वार्थका	2	2	2
स्वार्थहरूलाई	2	2	2
स्वास्थ्यकर्मीको	2	2	2
स्वास्नी	2	2	2
स्विजरल्याण्डको	2	2	2
स्विट्जरल्याण्ड	2	2	2
स्विडिस	2	2	2
स्वीकारिन्छ	2	2	2
स्वीकारेको	2	2	2
स्वीकारेनन्	2	2	2
स्वीकृतिमा	2	2	2
स्वैच्छिक	2	2	2
हंसपादी	2	2	2
हंसपुर	2	2	2
हकअधिकारका	2	2	2
हकले	2	2	2
हकहरू	2	2	2
हकहित	2	2	2
हकहितका	2	2	2
हकि	2	2	2
हजारीमा	2	2	2
हटको	2	2	2
हटाउ	2	2	2
हटाउँछ	2	2	2
हटाउनुस्	2	2	2
हटाउनुहोला	2	2	2
हट्ने	2	2	2
हडताल	2	2	2
हड्डीहरूका	2	2	2
हड्ताल	2	2	2
हड्तालजस्ता	2	2	2
हड्तालमा	2	2	2
हताहत	2	2	2
हतोत्साहित	2	2	2
हत्यापछि	2	2	2
हथलेटवा	2	2	2
हथुआ	2	2	2
हथुवा	2	2	2
हद	2	2	2
हदराज	2	2	2
हनुमान	2	2	2
हनुमानढोकामा	2	2	2
हनुमाननगर	2	2	2
हन्टर	2	2	2
हप्तातिर	2	2	2
हप्तादेखि	2	2	2
हप्ताहरूमा	2	2	2
हमदर्द	2	2	2
हमिद	2	2	2
हमेसाको	2	2	2
हम्सदा	2	2	2
हरघडी	2	2	2
हरपल	2	2	2
हराइरहेको	2	2	2
हराउँछ	2	2	2
हराउँदै	2	2	2
हराउन	2	2	2
हराउनमा	2	2	2
हरिकान्तलाल	2	2	2
हरिसिंह	2	2	2
हरिहर	2	2	2
हरू	2	2	2
हरेकपटक	2	2	2
हर्जोग	2	2	2
हर्न	2	2	2
हर्नबिल	2	2	2
हलको	2	2	2
हलवाईहरूको	2	2	2
हलाल	2	2	2
हलिउडका	2	2	2
हलिउडमा	2	2	2
हलिउडले	2	2	2
हलीले	2	2	2
हलोलाई	2	2	2
हल्दिए	2	2	2
हल्दी	2	2	2
हल्यान्डबाट	2	2	2
हल्यान्डमा	2	2	2
हल्लाउँदा	2	2	2
हल्लाखल्ला	2	2	2
हल्लुडो	2	2	2
हवल्दार	2	2	2
हवाईमा	2	2	2
हवारीको	2	2	2
हस्तकलाका	2	2	2
हस्तक्षेपका	2	2	2
हस्तलिखित	2	2	2
हस्ताक्षरलाई	2	2	2
हस्तिचौर	2	2	2
हस्तिनापुर	2	2	2
हस्ती	2	2	2
हस्तीहरूले	2	2	2
हाँगा	2	2	2
हाँगामुनि	2	2	2
हाँगो	2	2	2
हाँवा	2	2	2
हाँसका	2	2	2
हाँस्दै	2	2	2
हाँस्न	2	2	2
हाइ	2	2	2
हाइकिङ	2	2	2
हाइटले	2	2	2
हाइड्रोजनका	2	2	2
हाइब्रिड	2	2	2
हाइस्कुलपछिको	2	2	2
हाउभाउद्वारा	2	2	2
हाकु	2	2	2
हाजीपुरको	2	2	2
हाडनाता	2	2	2
हातपटि	2	2	2
हातहतियार	2	2	2
हाता	2	2	2
हातापाई	2	2	2
हातीपाइले	2	2	2
हात्तीबन	2	2	2
हात्तीलाई	2	2	2
हात्तीहरूमा	2	2	2
हात्तीहरूलाई	2	2	2
हाथपैरमा	2	2	2
हाथमा	2	2	2
हानाहान	2	2	2
हानिलाई	2	2	2
हानेमा	2	2	2
हान्दा	2	2	2
हाबु	2	2	2
हाम	2	2	2
हामीमाझ	2	2	2
हामीहरूको	2	2	2
हाम्राहरू	2	2	2
हाम्राहरूलाई	2	2	2
हाय	2	1	1
हायर	2	2	2
हारमोनको	2	2	2
हारेको	2	2	2
हार्बरमा	2	2	2
हार्मोन	2	2	2
हार्मोनियम	2	2	2
हार्मोनियममा	2	2	2
हार्मोनियमलाई	2	2	2
हालन	2	2	2
हालिएको	2	2	2
हालिदिएकाले	2	2	2
हालिदिनु	2	2	2
हालेँ	2	2	2
हाल्नको	2	2	2
हाल्नाले	2	2	2
हाल्नु	2	2	2
हाल्नुभएको	2	2	2
हाल्नुहोस्	2	2	2
हाल्नेबित्तिकै	2	2	2
हावाबाट	2	2	2
हावामै	2	2	2
हास्यव्यङ्ग्यात्मक	2	2	2
हास्यव्यङ्यकार	2	2	2
हास्यहरूमा	2	2	2
हास्यास्पद	2	2	2
हाे	2	2	2
हिँडनेहरू	2	2	2
हिँडेकै	2	2	2
हिँडेको	2	2	2
हिँड्छ	2	2	2
हिँड्दै	2	2	2
हिँड्नु	2	2	2
हिउँका	2	2	2
हिउँद	2	2	2
हिउँदको	2	2	2
हिउँद्वारा	2	2	2
हिक्मत	2	2	2
हिक्मतजी	2	2	2
हिटिकुहिती	2	2	2
हिड्न	2	2	2
हितकर्नी	2	2	2
हितबहादुर	2	2	2
हितबाट	2	2	2
हितलाई	2	2	2
हितहरूको	2	2	2
हिनोक	2	2	2
हिन्डेनबर्ग	2	2	2
हिन्दीसँग	2	2	2
हिन्दुस्तानकी	2	2	2
हिन्दुस्तानीहरू	2	2	2
हिन्दूपना	2	2	2
हिन्दूहरूका	2	2	2
हिमदूत	2	2	2
हिमपातको	2	2	2
हिमवत्खण्डका	2	2	2
हिमशिखरहरु	2	2	2
हिमशिखरहरू	2	2	2
हिमशृङ्खलाको	2	2	2
हिमालचुली	2	2	2
हिमालयहरूमा	2	2	2
हिमालीमा	2	2	2
हिरा	2	2	2
हिराकाजी	2	2	2
हिरासत	2	2	2
हिरो	2	2	2
हिरोवाला	2	2	2
हिर्काउन	2	2	2
हिर्काउनु	2	2	2
हिलारी	2	2	2
हिलारीकको	2	2	2
हिलारीको	2	2	2
हिलियममा	2	2	2
हिल्डटाउन	2	2	2
हिसी	2	2	2
हिस्साहरूमा	2	2	2
हिस्सेदारीको	2	2	2
हुँदासम्म	2	2	2
हुँदो	2	2	2
हुक्काउनेलाई	2	2	2
हुड्के	2	2	2
हुत्याइसकेपछि	2	2	2
हुत्याएपछि	2	2	2
हुनसक्छन्	2	2	2
हुनुपूर्व	2	2	2
हुनुहोला	2	2	2
हुनेछु	2	2	2
हुनेछौ	2	2	2
हुनेले	2	2	2
हुनेवाला	2	2	2
हुनैपर्छ	2	2	2
हुन्नथ्यो	2	2	2
हुमागाईँ	2	2	2
हुरहुर	2	2	2
हुर्कने	2	2	2
हुर्काउने	2	2	2
हुर्केको	2	2	2
हुलियामा	2	2	2
हुसेन	2	2	2
हुस्सु	2	2	2
हुुन्छ	2	2	2
हुुन्छन्	2	2	2
हूँ	2	2	2
हृदयमा	2	2	2
हृदयाघात	2	2	2
हृवेल	2	2	2
हेगिसले	2	2	2
हेटौँडाबाट	2	2	2
हेटौडादेखि	2	2	2
हेड्सरसित	2	2	2
हेतुको	2	2	2
हेद	2	2	2
हेनरिक	2	2	2
हेनरिटा	2	2	2
हेनरीले	2	2	2
हेन्सनलाई	2	2	2
हेमन्तप्रकाश	2	2	2
हेमा	2	2	2
हेयरद्वारा	2	2	2
हेराइमा	2	2	2
हेरिटेज	2	2	2
हेरिनु	2	2	2
हेरिरहेको	2	2	2
हेर्नुस्	2	2	2
हेर्नेछौ	2	2	2
हेलचक्र्याइँको	2	2	2
हेलु	2	2	2
हेलेनिस्टिक	2	2	2
हेल्लास	2	2	2
हेवर्ड	2	2	2
हैजा	2	2	2
हैजाले	2	2	2
हैसियतमा	2	2	2
हैहयवंशका	2	2	2
हैहयाधिपति	2	2	2
हो?	2	2	2
होइनौँ	2	2	2
होइन्छ	2	2	2
होऊन्	2	2	2
होटलबाट	2	2	2
होटलहरूलाई	2	2	2
होते	2	2	2
होनहार	2	2	2
होने	2	2	2
होन्सु	2	2	2
होमिएँ	2	2	2
होमिएर	2	2	2
होमिनुअघि	2	2	2
होमिनुभएको	2	2	2
होमिने	2	2	2
होम्स	2	2	2
होल्टले	2	2	2
होल्डन	2	2	2
होसियार	2	2	2
ह्याङ्क्सले	2	2	2
ह्युमरका	2	2	2
ह्वाइट	2	2	2
ह्वेलसँग	2	2	2
ॐ	2	2	2
०१५	2	2	2
०१९	2	2	2
०२४	2	2	2
०४६को	2	2	2
०४९मा	2	2	2
०७	2	2	2
१०.५	2	2	2
१००४	2	2	2
१००७	2	2	2
१०११	2	2	2
१०१३	2	2	2
१०२४	2	2	2
१०२५	2	2	2
१०२८	2	2	2
१०३८	2	2	2
११२७	2	2	2
११७	2	1	1
११७४	2	2	2
११९२	2	2	2
११९४	2	2	2
१२००तिर	2	2	2
१२००सम्म	2	2	2
१२१७	2	2	2
१२३४	2	2	2
१२४	2	2	2
१२६	2	2	2
१२७३	2	2	2
१२९९	2	2	2
१३००	2	2	2
१३२८	2	2	2
१३५१	2	2	2
१३८३	2	2	2
१४००	2	2	2
१४११	2	2	1
१४१४	2	2	2
१४८४	2	2	2
१४८५	2	2	2
१५मा	2	2	2
१५२२	2	2	2
१५२७	2	2	2
१५२८मा	2	2	2
१५३	2	2	2
१५३०	2	2	2
१५५	2	2	2
१६००	2	2	2
१६०३	2	2	2
१६१३मा	2	2	2
१६१६मा	2	2	2
१६२०मा	2	2	2
१६३	2	2	2
१६४	2	2	2
१६४४	2	2	2
१६५२	2	2	2
१६८०	2	2	2
१६८९	2	2	2
१७०	2	2	2
१७०४	2	2	2
१७१७	2	2	2
१७७९	2	2	2
१७९१	2	2	2
१७९९मा	2	2	2
१८०८१८७३	2	2	2
१८३१	2	2	2
१८३३	2	2	2
१८३५	2	2	2
१८३७	2	2	2
१८६	2	2	2
१८७७	2	2	2
१८८३	2	2	2
१८८४८	2	2	2
१८८८	2	2	2
१८९४	2	2	2
१८९६	2	2	2
१९२०मा	2	2	2
१९३२मा	2	2	2
१९३८मा	2	2	2
१९४२को	2	2	2
१९४२मा	2	2	2
१९४४मा	2	2	2
१९५०मा	2	2	2
१९६	2	2	2
१९६६मा	2	2	2
१९६९मा	2	2	2
१९७०को	2	2	2
१९७०मा	2	2	2
१९७२मा	2	2	2
१९९४मा	2	2	2
१९९९मा	2	2	2
२०मा	2	2	2
२०००००	2	2	2
२००२मा	2	2	2
२००४को	2	2	2
२०१०सम्म	2	2	2
२०११को	2	2	2
२०११मा	2	2	2
२०३५मा	2	2	2
२०७२	2	2	2
२१३४	2	2	2
२२०००	2	2	2
२२७	2	2	2
२३३	2	2	2
२३४६	2	2	2
२४४	2	2	2
२४९	2	2	2
२५०००	2	2	2
२५९७	2	2	2
२६५५	2	2	2
२६७	2	2	2
२८०	2	2	2
२९२	2	2	2
२९५	2	2	2
३०मा	2	2	2
३१०७७	2	2	2
३११६२को	2	2	2
३२६	2	2	2
३२९	2	2	2
३३६	2	2	2
३५२	2	2	2
३६३	2	2	2
३७५	2	2	2
३७७	2	2	2
३८५	2	2	2
४मा	2	2	2
४१३४०००	2	2	2
४२९	2	2	2
४४%	2	2	2
४५%	2	2	2
४५५	2	2	2
४७६	2	2	2
४८३	2	2	2
५मा	2	2	2
५०५	2	2	2
५१औं	2	2	2
५१०३०	2	2	2
५३२	2	2	2
५५%	2	2	2
५६%	2	2	2
५७४	2	2	2
५८५	2	2	2
५८६	2	2	2
६मा	2	2	2
६०६	2	2	2
६०७	2	2	2
६१५	2	2	2
६१६	2	2	2
६२०	2	2	2
६३३	2	2	2
६४वटा	2	2	2
६५५	2	2	2
६५८	2	2	2
६६६	2	2	2
६८८	2	2	2
७००को	2	2	2
७१०	2	2	2
७१४	2	2	2
७३२	2	2	2
७४०	2	2	2
७४५	2	2	2
७६	2	2	2
७८०	2	2	2
८०को	2	2	2
८०८१	2	2	2
८१२	2	2	2
८३३	2	2	2
८५४	2	2	2
८६२	2	2	2
८६५	2	2	2
८६६	2	2	2
८६७	2	2	2
८७	2	2	2
८७०	2	2	2
८७७	2	2	2
८७८	2	2	2
८८५	2	2	2
८८८	2	2	2
९वटा	2	2	2
९०८	2	2	2
९१२	2	2	2
९२९	2	2	2
९३३	2	2	2
९३४	2	2	2
९३७	2	2	2
९३९	2	2	2
९४२	2	2	2
९४७	2	2	2
९५०	2	2	2
९५१	2	2	2
९५२	2	2	2
९५३	2	2	2
९६४	2	2	2
९६५	2	2	2
९६७	2	2	2
९७१	2	2	2
९९	2	2	2
९९३	2	2	2
\देहरादुनमा	1	1	1
अँगालेका	1	1	1
अँडिर	1	1	1
अँध्यारोबाट	1	1	1
अंडाकार	1	1	1
अंडी	1	1	1
अंशको	1	1	1
अकर्मण्य	1	1	1
अकसा	1	1	1
अकांक्षा	1	1	1
अकाउन्टमा	1	1	1
अकाट्य	1	1	1
अकाबा	1	1	1
अकूत	1	1	1
अकेरा	1	1	1
अको	1	1	1
अकोलवा	1	1	1
अक्टूबर	1	1	1
अक्टोपसको	1	1	1
अक्टोबरदेखि	1	1	1
अक्याडमिमा	1	1	1
अक्षताका	1	1	1
अक्षरसम्मको	1	1	1
अक्षरात्मक	1	1	1
अक्षांस	1	1	1
अक्षाङ्शमा	1	1	1
अक्षौहिणीमा	1	1	1
अक्सिजनको	1	1	1
अक्सीकरण	1	1	1
अखडा	1	1	1
अखडाको	1	1	1
अखवारहरूका	1	1	1
अख्तियारी	1	1	1
अगस्टलाई	1	1	1
अगस्तो	1	1	1
अगहन	1	1	1
अगाबै	1	1	1
अगिल्लो	1	1	1
अगेना	1	1	1
अग्निकुण्ड	1	1	1
अग्निपथमा	1	1	1
अग्निवेदीहरू	1	1	1
अग्निसार	1	1	1
अग्नीलाई	1	1	1
अग्रगमन	1	1	1
अग्रगमनकारी	1	1	1
अग्रजित	1	1	1
अग्रभाग	1	1	1
अग्रभागमा	1	1	1
अग्रराज	1	1	1
अघातद्वारा	1	1	1
अघिअघि	1	1	1
अघिका	1	1	1
अघिपछि	1	1	1
अघोर	1	1	1
अघोष	1	1	1
अङगोलमा	1	1	1
अङग्रेजीमा	1	1	1
अङ्कगणित	1	1	1
अङ्कगणितबाट	1	1	1
अङ्कगणितमा	1	1	1
अङ्कज्योतिष	1	1	1
अङ्कुराउँदा	1	1	1
अङ्कुराउन	1	1	1
अङ्कुश	1	1	1
अङ्गभंग	1	1	1
अङ्गभरि	1	1	1
अङ्गराज	1	1	1
अङ्गलाई	1	1	1
अङ्गहरूलाई	1	1	1
अङ्गुठा	1	1	1
अङ्गुर	1	1	1
अङ्गुरबाबा	1	1	1
अङ्ग्रेजद्वारा	1	1	1
अङ्ग्रेजहरूसँगको	1	1	1
अङ्ग्रेजीभाषी	1	1	1
अचल	1	1	1
अचिभ्मेन्ट्स	1	1	1
अच्युतानन्दनले	1	1	1
अछामीको	1	1	1
अजङ्गर	1	1	1
अजमेर	1	1	1
अजमेरका	1	1	1
अजातशत्रुले	1	1	1
अजिमाबाद	1	1	1
अजिर्ण	1	1	1
अजीजको	1	1	1
अज्ञातवासका	1	1	1
अज्ञान	1	1	1
अज्ञानता	1	1	1
अज्ञानताका	1	1	1
अज्ञानतामा	1	1	1
अज्ञानस्वरूप	1	1	1
अज्ञेय	1	1	1
अज्ञेयवाद	1	1	1
अझेट्टिएर	1	1	1
अञ्चलाधीश	1	1	1
अञ्जुली	1	1	1
अञ्लमा	1	1	1
अटो	1	1	1
अठार	1	1	1
अठारमा	1	1	1
अठ्ठाइस	1	1	1
अडिग	1	1	1
अडिनसक्ने	1	1	1
अडिने	1	1	1
अडिसन	1	1	1
अडोल्फोभिच	1	1	1
अड्कलबाजी	1	1	1
अड्कलहरू	1	1	1
अड्डाअदालतका	1	1	1
अड्डाका	1	1	1
अड्डाहरूमा	1	1	1
अड्याउन	1	1	1
अड्याएर	1	1	1
अढाइ	1	1	1
अणुव्रन	1	1	1
अणुहरुबाट	1	1	1
अण्डकोषको	1	1	1
अण्डबाहिनी	1	1	1
अण्डमान	1	1	1
अण्डाशयबाट	1	1	1
अण्डाहरूमा	1	1	1
अतिउत्तम	1	1	1
अतिक्रमणको	1	1	1
अतितलाई	1	1	1
अतिथिलाई	1	1	1
अतिरिङ्क्त	1	1	1
अतिवादीको	1	1	1
अतिवादीहरूको	1	1	1
अतिवादीहरूले	1	1	1
अतिविस्तृत	1	1	1
अतिसार	1	1	1
अतीत	1	1	1
अतीततिर	1	1	1
अत्तरिया	1	1	1
अत्तालिँदै	1	1	1
अत्याचार	1	1	1
अत्याचारका	1	1	1
अत्योच्चावृत्ति	1	1	1
अत्रि	1	1	1
अत्री	1	1	1
अथरिटीले	1	1	1
अथर्स	1	1	1
अथोराकोटमा	1	1	1
अदक्ष	1	1	1
अदलतको	1	1	1
अदालतबाट	1	1	1
अदालतहरूबारे	1	1	1
अदिति	1	1	1
अदी	1	1	1
अदृष्य	1	1	1
अद्जिवा	1	1	1
अद्दहमाणले	1	1	1
अद्यपि	1	1	1
अद्यावधि	1	1	1
अद्वेत	1	1	1
अधवैँसे	1	1	1
अधारित	1	1	1
अधिकताले	1	1	1
अधिकहीन	1	1	1
अधिकांशको	1	1	1
अधिकाङ्श	1	1	1
अधिकाम्स	1	1	1
अधिकारकर्मीका	1	1	1
अधिकारभन्दा	1	1	1
अधिकारवादी	1	1	1
अधिकारसँग	1	1	1
अधिकारसम्म	1	1	1
अधिकारसहितको	1	1	1
अधिकारहरू	1	1	1
अधिकारहरूबारे	1	1	1
अधिकारीक	1	1	1
अधिकाशं	1	1	1
अधिदेश	1	1	1
अधिराज्यका	1	1	1
अधिराज्यसँग	1	1	1
अधिष्ठात्री	1	1	1
अधिसूचनाका	1	1	1
अधेरी	1	1	1
अध्यक्षताबाट	1	1	1
अध्यपन	1	1	1
अध्ययनक्रममा	1	1	1
अध्ययनमै	1	1	1
अध्ययनले	1	1	1
अध्ययनहरूका	1	1	1
अध्यात्मसेवा	1	1	1
अध्यापनको	1	1	1
अनजान्	1	1	1
अननोअन	1	1	1
अनन्य	1	1	1
अनपढ	1	1	1
अनमार्क	1	1	1
अनरूप	1	1	1
अनर्स	1	1	1
अनलिमिटेडले	1	1	1
अनवर	1	1	1
अनशन	1	1	1
अनागत	1	1	1
अनाजलाई	1	1	1
अनाधिकृत	1	1	1
अनामक	1	1	1
अनार्य	1	1	1
अनावस्यक	1	1	1
अनासक्त	1	1	1
अनाहक	1	1	1
अनाहत	1	1	1
अनिकालको	1	1	1
अनिता	1	1	1
अनिद्रा	1	1	1
अनिद्रामा	1	1	1
अनिभय	1	1	1
अनिमित	1	1	1
अनियमितता	1	1	1
अनियमित२०२८मा	1	1	1
अनिरुद्ध	1	1	1
अनिलकुमार	1	1	1
अनिश्चितकालका	1	1	1
अनी	1	1	1
अनीता	1	1	1
अनीश्वरवादी	1	1	1
अनुकुल	1	1	1
अनुकूलहीनतामा	1	1	1
अनुकृतिमा	1	1	1
अनुक्रमका	1	1	1
अनुक्रमदेखि	1	1	1
अनुक्रमलाई	1	1	1
अनुत्तरित	1	1	1
अनुत्पादक	1	1	1
अनुनय	1	1	1
अनुपयुक्त	1	1	1
अनुपातको	1	1	1
अनुपूरकका	1	1	1
अनुप्रयोग	1	1	1
अनुप्रयोगहरूसहित	1	1	1
अनुबन्धको	1	1	1
अनुबन्धनसँगै	1	1	1
अनुभवका	1	1	1
अनुभवबाटै	1	1	1
अनुभवमा	1	1	1
अनुभवहरूको	1	1	1
अनुभुति	1	1	1
अनुमतिबेगर	1	1	1
अनुमतिले	1	1	1
अनुमती	1	1	1
अनुमानलाई	1	1	1
अनुमोदनहरू	1	1	1
अनुयायीको	1	1	1
अनुरागलाई	1	1	1
अनुराधाको	1	1	1
अनुरोधलाई	1	1	1
अनुवर्ग	1	1	1
अनुवांशिकी	1	1	1
अनुवान	1	1	1
अनुविभागमा	1	1	1
अनुशंसा	1	1	1
अनुशंसाहरूमा	1	1	1
अनुशरण	1	1	1
अनुशासनको	1	1	1
अनुशीलन	1	1	1
अनुष्टुप	1	1	1
अनुष्ठानका	1	1	1
अनुसन्धानकर्ता	1	1	1
अनुसन्धानले	1	1	1
अनुसन्धानहरको	1	1	1
अनुसारलाई	1	1	1
अनुसूचीमा	1	1	1
अनुस्यूत	1	1	1
अनेकखाले	1	1	1
अनेकाक्षरी	1	1	1
अनेकौँको	1	1	1
अनेरास्ववियुबाट	1	1	1
अनेरास्ववियुमा	1	1	1
अनैकोट	1	1	1
अनौचित्यको	1	1	1
अन्जीर	1	1	1
अन्टार्कटिका	1	1	1
अन्टार्कटिकामा	1	1	1
अन्टार्क्टिक	1	1	1
अन्टार्क्टिका	1	1	1
अन्डकोष	1	1	1
अन्डरसाइडमा	1	1	1
अन्तकलह	1	1	1
अन्तक्रिया	1	1	1
अन्ततिर	1	1	1
अन्तरकलह	1	1	1
अन्तरतारकीय	1	1	1
अन्तरदशालाई	1	1	1
अन्तरवार्ता	1	1	1
अन्तरव्यवस्थापिका	1	1	1
अन्तराल	1	1	1
अन्तरिक्षयात्रीहरूलाई	1	1	1
अन्तरिक्षसँग	1	1	1
अन्तर्कलह	1	1	1
अन्तर्गर्भित	1	1	1
अन्तर्दशामा	1	1	1
अन्तर्मुक्त	1	1	1
अन्तर्राष्टिय	1	1	1
अन्तर्राष्ट्रियतावादी	1	1	1
अन्तर्वस्तुमा	1	1	1
अन्तर्सम्बन्ध	1	1	1
अन्तर्हृदयबाट	1	1	1
अन्तशुल्कको	1	1	1
अन्तसम्मको	1	1	1
अन्तसम्ममा	1	1	1
अन्तै	1	1	1
अन्त्यअघि	1	1	1
अन्त्यजहरूको	1	1	1
अन्त्यदेखि	1	1	1
अन्त्यपछि	1	1	1
अन्त्यसँगै	1	1	1
अन्त्यसम्म	1	1	1
अन्त्येष्टी	1	1	1
अन्धकारको	1	1	1
अन्धकारमा	1	1	1
अन्धताको	1	1	1
अन्धविश्वासबाट	1	1	1
अन्धवेग	1	1	1
अन्धानुकरण	1	1	1
अन्नका	1	1	1
अन्नपुर्णाको	1	1	1
अन्नपूर्णको	1	1	1
अन्नप्राशन	1	1	1
अन्नहरूको	1	1	1
अन्नादि	1	1	1
अन्नाप्रति	1	1	1
अन्नामलई	1	1	1
अन्नालाई	1	1	1
अन्यकुरा	1	1	1
अन्यचाहिँ	1	1	1
अन्यद्वारा	1	1	1
अन्यन्त्र	1	1	1
अन्य़	1	1	1
अन्योल	1	1	1
अन्वेषक	1	1	1
अन्वेषणबाट	1	1	1
अन्वेषणमा	1	1	1
अन्सारीले	1	1	1
अन्हिलवाडालाई	1	1	1
अपकर्ष	1	1	1
अपकारको	1	1	1
अपकृत्यविधिको	1	1	1
अपडेटेड	1	1	1
अपडेडहरू	1	1	1
अपडेडहरूमा	1	1	1
अपतनको	1	1	1
अपनाइनेछ	1	1	1
अपनाउनमा	1	1	1
अपनाउनुहोला	1	1	1
अपनाउनेछन्	1	1	1
अपभ्रंशीत	1	1	1
अपमानपछि	1	1	1
अपमानपूर्ण	1	1	1
अपमानित	1	1	1
अपराजिता	1	1	1
अपराजितामा	1	1	1
अपराधहरूमा	1	1	1
अपराधीले	1	1	1
अपराह्न	1	1	1
अपराह्नको	1	1	1
अपरिमित	1	1	1
अपरिमेय	1	1	1
अपरिष्कृत	1	1	1
अपरीक्षित	1	1	1
अपरेट	1	1	1
अपरेटिङ्ग	1	1	1
अपर्झट	1	1	1
अपशकुनका	1	1	1
अपस्थम्भ	1	1	1
अपस्फीतिकर	1	1	1
अपहेलित	1	1	1
अपाङ्गता	1	1	1
अपानाइनेछ	1	1	1
अपारदर्शी	1	1	1
अपार्टमेन्ट	1	1	1
अपितु	1	1	1
अपिलमा	1	1	1
अपेक्षामा	1	1	1
अपोलो	1	1	1
अप्टिक्स	1	1	1
अप्टिक्सको	1	1	1
अप्ठ्याराहरू	1	1	1
अप्पी	1	1	1
अप्रतिम	1	1	1
अप्रभावी	1	1	1
अप्रसन्न	1	1	1
अप्रियको	1	1	1
अप्रिलफुल	1	1	1
अप्रिलबाट	1	1	1
अप्रैलका	1	1	1
अप्लिकेसन	1	1	1
अप्सन्स्बाट	1	1	1
अफगानस्तानकी	1	1	1
अफगानिस्तानमाथिको	1	1	1
अफगानिस्तानलाई	1	1	1
अफजल	1	1	1
अफबाट	1	1	1
अफमा	1	1	1
अफिसका	1	1	1
अफिसरसम्म	1	1	1
अफिसले	1	1	1
अफिसियल	1	1	1
अफेयर्सको	1	1	1
अफ्फान	1	1	1
अफ्रिकनहरु	1	1	1
अफ्रिकालीहरू	1	1	1
अफ्रिकीसँग	1	1	1
अफ्रिकीहरु	1	1	1
अफ्रिकीहरुको	1	1	1
अफ्रिकीहरूले	1	1	1
अबधिमा	1	1	1
अबार्दिन	1	1	1
अबिलम्ब	1	1	1
अबु	1	1	1
अब्जरभेटरी	1	1	1
अब्दाली	1	1	1
अब्दुल्ला	1	1	1
अब्बासिहरूलाई	1	1	1
अब्बासीहरूलाई	1	1	1
अब्राहमको	1	1	1
अब्राहमहायसिन्थ	1	1	1
अब्सपोर्ड	1	1	1
अभक्त	1	1	1
अभयराज	1	1	1
अभिक्रियाहरू	1	1	1
अभिजन	1	1	1
अभिजात	1	1	1
अभिजाततन्त्रको	1	1	1
अभिजातीय	1	1	1
अभिजी	1	1	1
अभिनन्दन	1	1	1
अभिनन्दनहरू	1	1	1
अभिनयत्मक	1	1	1
अभिनयपछि	1	1	1
अभिनयबाट	1	1	1
अभिनययात्रा	1	1	1
अभिनयलाई	1	1	1
अभिनयसँगै	1	1	1
अभिनेती	1	1	1
अभिनेत्रीका	1	1	1
अभिप्रेरित	1	1	1
अभिबृद्धि	1	1	1
अभिभाकले	1	1	1
अभिभारा	1	1	1
अभिभावकहरूदेखि	1	1	1
अभिमत	1	1	1
अभिमानसिंह	1	1	1
अभिमानसिंहलाई	1	1	1
अभियन्ताहरूलाई	1	1	1
अभियानकस	1	1	1
अभियानसँग	1	1	1
अभियानसग	1	1	1
अभियुक्तसम्म	1	1	1
अभियोगीहरूले	1	1	1
अभिरञ्जित	1	1	1
अभिरावा	1	1	1
अभिरूचिमा	1	1	1
अभिलाषा	1	1	1
अभिलेखका	1	1	1
अभिलेखबाट	1	1	1
अभिलेखले	1	1	1
अभिलेखहरू	1	1	1
अभिलेखहरूमा	1	1	1
अभिलेखाकरण	1	1	1
अभिवदन	1	1	1
अभिव्यक्त	1	1	1
अभिव्यञ्जना	1	1	1
अभिशेक	1	1	1
अभिषाप	1	1	1
अभिषेकसँग	1	1	1
अभीष्टसमेत	1	1	1
अभुतपूर्व	1	1	1
अभ्यर्थकको	1	1	1
अभ्यस्त	1	1	1
अभ्यासकर्ता	1	1	1
अभ्यासका	1	1	1
अमजद	1	1	1
अमडुबा	1	1	1
अमरकोशका	1	1	1
अमरकोषादि	1	1	1
अमरजोधले	1	1	1
अमरनारायण	1	1	1
अमरपट्टी	1	1	1
अमरपुरसँग	1	1	1
अमरभुमी	1	1	1
अमराइ	1	1	1
अमरावतीमा	1	1	1
अमरोहादेखि	1	1	1
अमलपित्त	1	1	1
अमलमा	1	1	1
अमलाचौर	1	1	1
अमलीहरू	1	1	1
अमले	1	1	1
अमा	1	1	1
अमाइड	1	1	1
अमात्यको	1	1	1
अमान	1	1	1
अमान्छे	1	1	1
अमापीय	1	1	1
अमाव	1	1	1
अमिताभकी	1	1	1
अमिताभलाई	1	1	1
अमीर	1	1	1
अमुल्य	1	1	1
अमूल	1	1	1
अमृतधारामा	1	1	1
अमृतमान	1	1	1
अमृतले	1	1	1
अमेच्योर	1	1	1
अमेयोकोमा	1	1	1
अमोद	1	1	1
अमोनियामा	1	1	1
अम्पायर	1	1	1
अम्पायरहरू	1	1	1
अम्बष्ठ	1	1	1
अम्बिका	1	1	1
अम्लमा	1	1	1
अम्ललाई	1	1	1
अम्लिसो	1	1	1
अम्लिसोको	1	1	1
अयान	1	1	1
अयोग्य	1	1	1
अयोग्यता	1	1	1
अयोग्यलाई	1	1	1
अयोध्या	1	1	1
अयोध्यातिर	1	1	1
अय्यर	1	1	1
अर	1	1	1
अरथर	1	1	1
अरथुङ्गेको	1	1	1
अरबौं	1	1	1
अररिया	1	1	1
अरव	1	1	1
अराजकता	1	1	1
अराजकतादेखि	1	1	1
अराजकतावादका	1	1	1
अरिजिन्स	1	1	1
अरिनेटी	1	1	1
अरिस्टक्रेसीको	1	1	1
अरुका	1	1	1
अरुणदेखि	1	1	1
अरुणधाराको	1	1	1
अरुणा	1	1	1
अरुणात्मज	1	1	1
अरुणोदय	1	1	1
अरुसँग	1	1	1
अरूणा	1	1	1
अरूसामु	1	1	1
अरेज्जो	1	1	1
अर्काकै	1	1	1
अर्कामा	1	1	1
अर्कालाइ	1	1	1
अर्कासँग	1	1	1
अर्के	1	1	1
अर्कै	1	1	1
अर्कोथरीका	1	1	1
अर्कोपट्टि	1	1	1
अर्गाज्म	1	1	1
अर्गेनिज्म	1	1	1
अर्गोन	1	1	1
अर्घखाँची	1	1	1
अर्घाखाँचिमा	1	1	1
अर्घाखाँचीजस्ता	1	1	1
अर्घौं	1	1	1
अर्छानी	1	1	1
अर्जुनकी	1	1	1
अर्जुनकुमार	1	1	1
अर्जे	1	1	1
अर्जेन्टिनामा	1	1	1
अर्डिनरी	1	1	1
अर्थझैं	1	1	1
अर्थमन्त्रीको	1	1	1
अर्थमन्त्रीहरू	1	1	1
अर्थव्यवस्थाहरूका	1	1	1
अर्थव्यस्था	1	1	1
अर्थव्यस्थाको	1	1	1
अर्थशास्त्रको	1	1	1
अर्थाउँछ	1	1	1
अर्थाउने	1	1	1
अर्थालङ्कारहरूको	1	1	1
अर्थिक	1	1	1
अर्थीमा	1	1	1
अर्थुन	1	1	1
अर्थ्याई	1	1	1
अर्थ्याउन	1	1	1
अर्द्धवृत्तको	1	1	1
अर्द्योष्ण	1	1	1
अर्धउष्ण	1	1	1
अर्धतटस्थता	1	1	1
अर्धरात्रिमा	1	1	1
अर्धव्यासमा	1	1	1
अर्धशतकीय	1	1	1
अर्धूमिगत	1	1	1
अर्नस्ट	1	1	1
अर्ना	1	1	1
अर्नाल्ड	1	1	1
अर्नोल्ड	1	1	1
अर्बपति	1	1	1
अर्बाथोक	1	1	1
अर्मेनियाबाट	1	1	1
अर्यालद्वारा	1	1	1
अलकेमीका	1	1	1
अलङ्कारहरूको	1	1	1
अलङ्कृत	1	1	1
अलङ्ग	1	1	1
अलच्छिनि	1	1	1
अलप	1	1	1
अलपत्र	1	1	1
अलमाग्रो	1	1	1
अलर्टमा	1	1	1
अलविदा	1	1	1
अलस्टर	1	1	1
अलाइभ	1	1	1
अलाबामा	1	1	1
अलामगञ्जमा	1	1	1
अलिको	1	1	1
अलिगढ	1	1	1
अलीको	1	1	1
अलीपुर	1	1	1
अलेक्जेण्ड्रा	1	1	1
अलैची	1	1	1
अल्खानि	1	1	1
अल्झाइ	1	1	1
अल्झाएर	1	1	1
अल्ट	1	1	1
अल्ट्रासाउण्ड	1	1	1
अल्प	1	1	1
अल्पविकसित	1	1	1
अल्पव्ययी	1	1	1
अल्पस्थायी	1	1	1
अल्पायु	1	1	1
अल्बम	1	1	1
अल्मोडाका	1	1	1
अल्मोदोबारको	1	1	1
अल्मोदोबारले	1	1	1
अल्र्बेनी	1	1	1
अल्लामा	1	1	1
अल्लाहकै	1	1	1
अल्लाहतर्फ	1	1	1
अल्लाहसमक्ष	1	1	1
अल्लाहु	1	1	1
अल्लो	1	1	1
अव	1	1	1
अवकाशप्राप्त	1	1	1
अवगानबाट	1	1	1
अवज्ञाको	1	1	1
अवतरणको	1	1	1
अवतारमा	1	1	1
अवतारलाई	1	1	1
अवतारहरू	1	1	1
अवदिमा	1	1	1
अवधारणाको	1	1	1
अवधारणाहरू	1	1	1
अवधिभरि	1	1	1
अवधिभित्र	1	1	1
अवमूल्यन	1	1	1
अवयव	1	1	1
अवयवहरूलाई	1	1	1
अवरानादि	1	1	1
अवरोधहरू	1	1	1
अवरोधहरूको	1	1	1
अवरोहमा	1	1	1
अवलचिङ्ग	1	1	1
अवलम्वन	1	1	1
अवलिकेतेश्वरको	1	1	1
अवलोकनबाट	1	1	1
अवलोकनार्थ	1	1	1
अवलोकेतेश्वरको	1	1	1
अवशान	1	1	1
अवशोषित	1	1	1
अवसंरचनामा	1	1	1
अवसरका	1	1	1
अवसरलाई	1	1	1
अवसानसँग	1	1	1
अवस्थाउपर	1	1	1
अवस्थाका	1	1	1
अवस्थानपछि	1	1	1
अवस्थितिमा	1	1	1
अवस्थीत	1	1	1
अवाक	1	1	1
अवान्छनीय	1	1	1
अवार्डद्वारा	1	1	1
अवार्डमा	1	1	1
अविच्छिन्न	1	1	1
अविछिन्न	1	1	1
अविजित	1	1	1
अविदा	1	1	1
अविद्या	1	1	1
अविनका	1	1	1
अविनको	1	1	1
अविन्द्रमान	1	1	1
अविश्वास	1	1	1
अविष्कार	1	1	1
अविष्कारका	1	1	1
अविस्कार	1	1	1
अवुल	1	1	1
अवैधानिक	1	1	1
अव्यय	1	1	1
अशक्त	1	1	1
अशक्य	1	1	1
अशोकको	1	1	1
अशोका	1	1	1
अश्तित्वमा	1	1	1
अश्रुग्यास	1	1	1
अश्रू	1	1	1
अश्वघोषका	1	1	1
अश्वमेध	1	1	1
अश्विनीकुमारको	1	1	1
अष्टधातुले	1	1	1
अष्टभुजा	1	1	1
अष्टमण्डपमा	1	1	1
अष्टादश	1	1	1
अष्ट्रियाबाट	1	1	1
अष्ट्रियामा	1	1	1
अष्ठाना	1	1	1
असंलग्न	1	1	1
असमन्वयैले	1	1	1
असममा	1	1	1
असम्बन्धित	1	1	1
असरबारे	1	1	1
असर्फी	1	1	1
असहनीय	1	1	1
असह्य	1	1	1
असान्ज	1	1	1
असामको	1	1	1
असामान्यताको	1	1	1
असारेगीत	1	1	1
असावधानी	1	1	1
असीम	1	1	1
असीर	1	1	1
असुद्ध	1	1	1
असुरक्षा	1	1	1
असुरैना	1	1	1
असुविद्या	1	1	1
असेम्बलीका	1	1	1
असोजसम्म	1	1	1
अस्टिनसँग	1	1	1
अस्टियोलोजी	1	1	1
अस्ट्रिया	1	1	1
अस्ट्रेलियाकी	1	1	1
अस्ट्रेलियालीका	1	1	1
अस्ट्रेलियासँग	1	1	1
अस्ट्र्रेलियाका	1	1	1
अस्तित्वमाथि	1	1	1
अस्तित्ववाद	1	1	1
अस्तिनैदेखि	1	1	1
अस्तेय	1	1	1
अस्थाइ	1	1	1
अस्थिपञ्जरलाई	1	1	1
अस्पतालमै	1	1	1
अस्पष्ट	1	1	1
अस्मिता	1	1	1
अस्मिताजी	1	1	1
अस्रङ	1	1	1
अस्वीकृतहरूको	1	1	1
अस्वीकृतिको	1	1	1
अस्सी	1	1	1
अहँ	1	1	1
अहंकार	1	1	1
अहङ्कारपूर्ण	1	1	1
अहम	1	1	1
अहमदनगरका	1	1	1
अहमदनगरमा	1	1	1
अहमदाबादको	1	1	1
अहिंसाकै	1	1	1
अहिंसावादी	1	1	1
अहिलेपनि	1	1	1
अहिलेष्ट	1	1	1
अहिल्यालाई	1	1	1
अह्राए	1	1	1
अोइसिडीका	1	1	1
अ॰ध॰व॰	1	1	1
अ॰ध॰व॰मा	1	1	1
आ	1	1	1
आँउछन्	1	1	1
आँउनुहोस्	1	1	1
आँएका	1	1	1
आँकडाले	1	1	1
आँकलाई	1	1	1
आँकुरा	1	1	1
आँखाबाट	1	1	1
आँखाहरू	1	1	1
आँखिझ्याल	1	1	1
आँखीझ्याल	1	1	1
आँखोपको	1	1	1
आँख्ला	1	1	1
आँगनको	1	1	1
आँचल	1	1	1
आँटिला	1	1	1
आँटी	1	1	1
आँटेजसरी	1	1	1
आँटो	1	1	1
आँपखोलामा	1	1	1
आँफूले	1	1	1
आँबुखैरेनी	1	1	1
आँसी	1	1	1
आँसुका	1	1	1
आंकको	1	1	1
आइइ	1	1	1
आइएइए	1	1	1
आइएएसई	1	1	1
आइएमजि	1	1	1
आइएलओ	1	1	1
आइएलसम्मको	1	1	1
आइएसटिडि	1	1	1
आइओसबाट	1	1	1
आइकन	1	1	1
आइडि	1	1	1
आइडिमा	1	1	1
आइतबारबाट	1	1	1
आइतबारमा	1	1	1
आइतबारसम्म	1	1	1
आइनएअकबरी	1	1	1
आइनस्टाइनको	1	1	1
आइनुहरुको	1	1	1
आइनूहरुमा	1	1	1
आइपर्यो	1	1	1
आइपाड	1	1	1
आइपीले	1	1	1
आइपुगेकामा	1	1	1
आइपुग्छन्	1	1	1
आइपुग्न	1	1	1
आइपुग्नुभयो	1	1	1
आइफिल	1	1	1
आइफोनको	1	1	1
आइभरी	1	1	1
आइरहनुहुन्छ	1	1	1
आइलवर्थमा	1	1	1
आइलैन्डमा	1	1	1
आइल्याण्ड	1	1	1
आइल्याण्डको	1	1	1
आइवीएफ	1	1	1
आइस	1	1	1
आइसल्याण्ड	1	1	1
आइसल्यान्ड	1	1	1
आइसिएफएआई	1	1	1
आइसिसीले	1	1	1
आइसीसीले	1	1	1
आइहाल्नेछ	1	1	1
आइ्एइए	1	1	1
आईएस्सीको	1	1	1
आईपी	1	1	1
आईपीएलले	1	1	1
आईफोनका	1	1	1
आईसीएसआई	1	1	1
आईसीटीको	1	1	1
आउँदासम्ममा	1	1	1
आउँदैछ	1	1	1
आउछन्	1	1	1
आउटको	1	1	1
आउटमा	1	1	1
आउदैनन्	1	1	1
आउनका	1	1	1
आउनजान	1	1	1
आउनमा	1	1	1
आउनाको	1	1	1
आउनुअघि	1	1	1
आउनू	1	1	1
आउनेछु	1	1	1
आउमावि	1	1	1
आउल	1	1	1
आऊ	1	1	1
आएएसएसमा	1	1	1
आएकै	1	1	1
आएझैँ	1	1	1
आएपीएस	1	1	1
आएफोन	1	1	1
आओर	1	1	1
आकण्ठ	1	1	1
आकर्षणका	1	1	1
आकशमण्डलको	1	1	1
आकषर्णले	1	1	1
आकांक्षाहरूलाई	1	1	1
आकाङ्क्षाको	1	1	1
आकारअनुसार	1	1	1
आकाशबाट	1	1	1
आकाशमण्डल	1	1	1
आकाशवाणीद्वारा	1	1	1
आकाशहरू	1	1	1
आकासका	1	1	1
आकासीय	1	1	1
आकासे	1	1	1
आकृतिबाट	1	1	1
आकृतिभन्दा	1	1	1
आकृतिलाई	1	1	1
आक्रमक	1	1	1
आक्रमणपछि	1	1	1
आक्रमाणहरूबाट	1	1	1
आक्रलमणबाट	1	1	1
आक्रिति	1	1	1
आख्यानअनुसार	1	1	1
आख्यानका	1	1	1
आख्यानमा	1	1	1
आग	1	1	1
आगत	1	1	1
आगमनबाट	1	1	1
आगमनभन्दा	1	1	1
आगमनलाई	1	1	1
आगमनसँगसँगै	1	1	1
आगमहरूको	1	1	1
आगराका	1	1	1
आगरामा	1	1	1
आगरेको	1	1	1
आगलागी	1	1	1
आगालाई	1	1	1
आगोकोको	1	1	1
आगोजस्तो	1	1	1
आगोलागीमा	1	1	1
आग्नेयदेशी	1	1	1
आघात	1	1	1
आङबु	1	1	1
आङ्कडा	1	1	1
आङ्ग्ल	1	1	1
आङ्शिक	1	1	1
आचरणबाट	1	1	1
आचार्यहरूद्वारा	1	1	1
आजलाई	1	1	1
आजहिजो	1	1	1
आजाच्चोमा	1	1	1
आजादीको	1	1	1
आजारिक्ता	1	1	1
आजित	1	1	1
आजिवन	1	1	1
आजु	1	1	1
आजैको	1	1	1
आट	1	1	1
आठआठवटा	1	1	1
आठपल्ट	1	1	1
आठबीस	1	1	1
आठबीसे	1	1	1
आडमा	1	1	1
आडम्बरप्रति	1	1	1
आडम्बरी	1	1	1
आतंकवादविरुद्धको	1	1	1
आतंकवादी	1	1	1
आतङ्ककारीहरूलाई	1	1	1
आतङ्कवादको	1	1	1
आतङ्कवादीको	1	1	1
आतङ्कवादीहरुलाई	1	1	1
आता	1	1	1
आत्तरीखेलमा	1	1	1
आत्मघात	1	1	1
आत्मदहन	1	1	1
आत्मपरिणतिलाई	1	1	1
आत्मप्रकटि	1	1	1
आत्मप्रस्फुटन	1	1	1
आत्मरक्षक	1	1	1
आत्मविश्वासका	1	1	1
आत्मवृर्तान्त	1	1	1
आत्मसङ्गतिपूर्ण	1	1	1
आत्मसमर्पित	1	1	1
आत्मसम्मान	1	1	1
आत्मसात	1	1	1
आत्मानुभूतिका	1	1	1
आत्माभित्र	1	1	1
आत्माभित्रको	1	1	1
आत्मालापआत्मकथा	1	1	1
आत्मालोचना	1	1	1
आत्मिक	1	1	1
आदतहरूको	1	1	1
आदरणीय	1	1	1
आदानप्रदानको	1	1	1
आदिजस्ता	1	1	1
आदितम	1	1	1
आदिलाबाद	1	1	1
आदिवासीका	1	1	1
आदिवासीले	1	1	1
आदिहरू	1	1	1
आदेशबाट	1	1	1
आद्यजलको	1	1	1
आद्यस्पन्दनको	1	1	1
आधात	1	1	1
आधाबाट	1	1	1
आधारभूमि	1	1	1
आधाररेखाभन्दा	1	1	1
आधारले	1	1	1
आधारशिला	1	1	1
आधारहरू	1	1	1
आधारहरूमा	1	1	1
आधारहरूलाई	1	1	1
आधिकारीक	1	1	1
आधिक्यता	1	1	1
आधुनिकतम	1	1	1
आधुनिकतालाई	1	1	1
आध्यात्मिकता	1	1	1
आनन्दले	1	1	1
आना	1	1	1
आनावाला	1	1	1
आनिबानी	1	1	1
आनुमानिक	1	1	1
आनुवंशिकीय	1	1	1
आनुश्रुतिक	1	1	1
आने	1	1	1
आन्ड्रास	1	1	1
आन्त	1	1	1
आन्दोलनकारीका	1	1	1
आन्दोलनभित्र	1	1	1
आन्दोलनरत	1	1	1
आन्दोलनहरूलाई	1	1	1
आन्दोलन्को	1	1	1
आन्द्राको	1	1	1
आन्द्राभित्रै	1	1	1
आन्द्रेज	1	1	1
आन्ध्रको	1	1	1
आपती	1	1	1
आपद	1	1	1
आपसका	1	1	1
आपसि	1	1	1
आपातकालको	1	1	1
आपुर्ति	1	1	1
आपूर्तिको	1	1	1
आफनै	1	1	1
आफन्तजन	1	1	1
आफन्तलाई	1	1	1
आफन्तसँग	1	1	1
आफन्तहरूको	1	1	1
आफन्तहरूसँग	1	1	1
आफुभन्दा	1	1	1
आफूतिर	1	1	1
आफूभित्रको	1	1	1
आफूसङ्गै	1	1	1
आफूसित	1	1	1
आफूहरूविरुद्ध	1	1	1
आफैँभित्र	1	1	1
आफैँभित्रका	1	1	1
आफैंमा	1	1	1
आफैंलाइ	1	1	1
आफैमा	1	1	1
आफैमात्र	1	1	1
आफ्टर	1	1	1
आफ्नैहरूद्वारा	1	1	1
आफ्नोमा	1	1	1
आबादि	1	1	1
आबास	1	1	1
आभिजात्य	1	1	1
आमको	1	1	1
आमजनतालाई	1	1	1
आमजनसमुदायमा	1	1	1
आमडाँडा	1	1	1
आमदानी	1	1	1
आममान्छेको	1	1	1
आमसञ्चारको	1	1	1
आमहर्स्ट	1	1	1
आमाग	1	1	1
आमाछोरीले	1	1	1
आमातिर	1	1	1
आमाबाबुको	1	1	1
आमाबुबा	1	1	1
आमाबुबाबाट	1	1	1
आमाबुवाको	1	1	1
आमामध्ये	1	1	1
आमावश्या	1	1	1
आमिरले	1	1	1
आयर्सको	1	1	1
आयर्समा	1	1	1
आयस्रोतको	1	1	1
आयामहरू	1	1	1
आयी	1	1	1
आयुका	1	1	1
आयुक्तको	1	1	1
आयुक्तमा	1	1	1
आयुबाट	1	1	1
आयुभएका	1	1	1
आयुर्विज्ञान	1	1	1
आयुर्वेदमा	1	1	1
आयुष्मा	1	1	1
आयोगले	1	1	1
आयोजनाहरू	1	1	1
आयोजेनाख॑वादीहरूले	1	1	1
आरआर	1	1	1
आरएएएफ	1	1	1
आरएएन	1	1	1
आरएक्सटीई	1	1	1
आरक्षको	1	1	1
आरगो	1	1	1
आरटिकल	1	1	1
आरटीआई	1	1	1
आरण्य	1	1	1
आरण्यक	1	1	1
आरण्यकहरूमा	1	1	1
आरध्यदेव	1	1	1
आरनमा	1	1	1
आरनले	1	1	1
आरसीडी	1	1	1
आराधनमा	1	1	1
आराध्यदेवका	1	1	1
आरान्	1	1	1
आरान्ते	1	1	1
आरामपछि	1	1	1
आरामशाह	1	1	1
आरुनो	1	1	1
आरुबखडा	1	1	1
आरुवखडा	1	1	1
आरोपका	1	1	1
आरोपित	1	1	1
आरोह	1	1	1
आरोहगमा	1	1	1
आरोही	1	1	1
आरोहीहरूले	1	1	1
आर्कबिसप	1	1	1
आर्कभित्र	1	1	1
आर्कमा	1	1	1
आर्किड	1	1	1
आर्किमिडीजको	1	1	1
आर्क्टिक	1	1	1
आर्चबिसप	1	1	1
आर्टिकलको	1	1	1
आर्टिकलहरू	1	1	1
आर्टिस्ट्स	1	1	1
आर्टेसमा	1	1	1
आर्थरजस्ता	1	1	1
आर्थिकोपार्जन	1	1	1
आर्म्समा	1	1	1
आर्यभाषाका	1	1	1
आर्यहरूसँग	1	1	1
आर्यावर्तलाई	1	1	1
आर्यावर्तले	1	1	1
आर्लिङ्गटनबाट	1	1	1
आर्वाजा	1	1	1
आर्वाबाट	1	1	1
आर्सन	1	1	1
आलामको	1	1	1
आलीमा	1	1	1
आलुको	1	1	1
आलेख	1	1	1
आलोक	1	1	1
आलोकमा	1	1	1
आलोकित	1	1	1
आलोचक	1	1	1
आलोचकहरू	1	1	1
आलोचकहरूबाट	1	1	1
आलोचकहरूलाई	1	1	1
आल्माग्रोको	1	1	1
आल्मुनियमको	1	1	1
आवरणमा	1	1	1
आवर्तकालको	1	1	1
आवश्क	1	1	1
आवश्यकतामाथि	1	1	1
आवश्यकतालाई	1	1	1
आवाजमाथि	1	1	1
आवाजलाई	1	1	1
आवात	1	1	1
आवाश्यक	1	1	1
आवास्या	1	1	1
आविष्कारक	1	1	1
आविष्कारसँगै	1	1	1
आविष्कारहरूको	1	1	1
आवृत	1	1	1
आवेगमा	1	1	1
आवेशमा	1	1	1
आवेष्टित	1	1	1
आव्रजन	1	1	1
आशंका	1	1	1
आशापुरे	1	1	1
आशालक्ष्मी	1	1	1
आशाले	1	1	1
आशीर्वाद	1	1	1
आशु	1	1	1
आशोको	1	1	1
आश्चर्य	1	1	1
आश्चर्यचकित	1	1	1
आश्चर्यजनक	1	1	1
आश्रमवासी	1	1	1
आश्रमसमेत	1	1	1
आश्रमहरूसित	1	1	1
आश्रमिक	1	1	1
आश्रयलाई	1	1	1
आश्रयस्थल	1	1	1
आसङ्कित	1	1	1
आसनजिक	1	1	1
आसनजिकको	1	1	1
आसा	1	1	1
आसाजित	1	1	1
आसामसम्म	1	1	1
आसामी	1	1	1
आसीन	1	1	1
आस्ट्रेलियामा	1	1	1
आस्थाअनुरूपको	1	1	1
आस्थामात्र	1	1	1
आस्थामाथि	1	1	1
आस्थावान्	1	1	1
आहारको	1	1	1
आहाराका	1	1	1
आहाराको	1	1	1
आहालडाँडा	1	1	1
इंकको	1	1	1
इंडियागेट	1	1	1
इआइआइएलएम	1	1	1
इआन	1	1	1
इएनटी	1	1	1
इकाइहरूदेखि	1	1	1
इकान्तिपुर	1	1	1
इक्क्युको	1	1	1
इक्जिबा	1	1	1
इक्लिप्स	1	1	1
इक्वल	1	1	1
इगत	1	1	1
इङ्कद्वारा	1	1	1
इङ्गल्याण्ड	1	1	1
इङ्गित	1	1	1
इङ्ग्लिस	1	1	1
इङ्ग्ल्यान्डलाई	1	1	1
इङ्डिगो	1	1	1
इङ्ल्यान्डका	1	1	1
इङ्ल्यान्डले	1	1	1
इच्छामा	1	1	1
इच्छाशक्ति	1	1	1
इजलासबाट	1	1	1
इजलासलाई	1	1	1
इजलासले	1	1	1
इजाजत	1	1	1
इजाजतमा	1	1	1
इजिपटि	1	1	1
इजिप्टमा	1	1	1
इज्जत	1	1	1
इटन	1	1	1
इटालीबाट	1	1	1
इटि	1	1	1
इटी	1	1	1
इण्डियन	1	1	1
इतिहासकारहरूका	1	1	1
इतिहासकारहरूद्वारा	1	1	1
इतिहाससँग	1	1	1
इतिहासहरूमा	1	1	1
इथियोपियामा	1	1	1
इद	1	1	1
इदगाह	1	1	1
इदगाहमा	1	1	1
इदी	1	1	1
इनकलेन्ट	1	1	1
इनचिफले	1	1	1
इनदिवरजी	1	1	1
इनद्रेश्वर	1	1	1
इनरलाइन	1	1	1
इनाम	1	1	1
इनिस्टाले	1	1	1
इनेबल	1	1	1
इन्क्युबेटर	1	1	1
इन्क्युबेटरमा	1	1	1
इन्गमार	1	1	1
इन्जिनियरिङका	1	1	1
इन्जिनियरिङलाई	1	1	1
इन्जिनियरिङ्गले	1	1	1
इन्जिरियरिङ	1	1	1
इन्जेक्सनद्वारा	1	1	1
इन्टरटेन्मेन्ट	1	1	1
इन्टरनेटजस्ता	1	1	1
इन्टरनेटबाट	1	1	1
इन्टरनेशनल	1	1	1
इन्टरनेसनलको	1	1	1
इन्टरनेसनललगायत	1	1	1
इन्टरलोबर	1	1	1
इन्टर्डिपेन्डेनसको	1	1	1
इन्टिग्रेसन	1	1	1
इन्टिच्युटबाट	1	1	1
इन्टेक	1	1	1
इन्डस्ट्रिजले	1	1	1
इन्डस्ट्रीको	1	1	1
इन्डिगोको	1	1	1
इन्डियाका	1	1	1
इन्डियाटाइम्सको	1	1	1
इन्डियाटाइम्सले	1	1	1
इन्डियाबाट	1	1	1
इन्डी	1	1	1
इन्डेक्समा	1	1	1
इन्डो	1	1	1
इन्डोनेसियाको	1	1	1
इन्दवरजी	1	1	1
इन्दौर	1	1	1
इन्द्रका	1	1	1
इन्द्रकुमारीसँग	1	1	1
इन्द्रचोकमा	1	1	1
इन्द्रधनुषी	1	1	1
इन्द्राकृति	1	1	1
इन्द्रिय	1	1	1
इन्द्रेणीसमेत	1	1	1
इन्फरमेसन	1	1	1
इन्फर्मेसनलाई	1	1	1
इन्फोटेक	1	1	1
इन्फ्रसाउण्ड	1	1	1
इन्भिक्टसको	1	1	1
इन्भेस्टिगेसनद्वारा	1	1	1
इन्सपेक्टर	1	1	1
इन्साइक्लोपीडिया	1	1	1
इन्सुलिन	1	1	1
इन्स्टिच्युटका	1	1	1
इन्स्पेक्टर	1	1	1
इफकोको	1	1	1
इबिटी	1	1	1
इब्बाटोम	1	1	1
इमा	1	1	1
इमाडोल	1	1	1
इमानदारीदेखि	1	1	1
इमान्दारीको	1	1	1
इमान्दारीता	1	1	1
इमामले	1	1	1
इमारत	1	1	1
इमारतहरूमा	1	1	1
इमिनेम	1	1	1
इमेजिनमा	1	1	1
इम्पिरियल	1	1	1
इम्प्याक्ट	1	1	1
इम्फाल	1	1	1
इम्मुनोहिस्तोकेमिकल	1	1	1
इम्युन	1	1	1
इयरलाई	1	1	1
इयासुले	1	1	1
इराकका	1	1	1
इराकले	1	1	1
इरानको	1	1	1
इरिक्सन	1	1	1
इलका	1	1	1
इलकी	1	1	1
इलरी	1	1	1
इलाकहरूमा	1	1	1
इलाकाको	1	1	1
इलाकालाई	1	1	1
इलाकोको	1	1	1
इलाहाबादबाट	1	1	1
इलिनोइस	1	1	1
इलियटको	1	1	1
इलुस्ट्रेसन	1	1	1
इलेक्ट्रनिक	1	1	1
इलेक्ट्रान	1	1	1
इलेक्ट्रोनमा	1	1	1
इलेक्ट्रोपोलेरीस्कोप	1	1	1
इलैक्ट्रिसिटी	1	1	1
इल्या	1	1	1
इवाल्यूशन	1	1	1
इशारहरू	1	1	1
इश्वरीदेवी	1	1	1
इष्मा	1	1	1
इसं	1	1	1
इसपलाई	1	1	1
इसलामी	1	1	1
इसाईमा	1	1	1
इसापूर्वमा	1	1	1
इसाबु	1	1	1
इस्करियोट	1	1	1
इस्कुल	1	1	1
इस्कोट	1	1	1
इस्टकोटलाई	1	1	1
इस्टर	1	1	1
इस्तिहार	1	1	1
इस्तेमाल	1	1	1
इस्माका	1	1	1
इस्माकोटमा	1	1	1
इस्लामपुर	1	1	1
इस्लाह	1	1	1
इस्लिङ्टन	1	1	1
इस्सरसँग	1	1	1
इहलोकबारे	1	1	1
इहि	1	1	1
इह्वा	1	1	1
ईकार	1	1	1
ईदको	1	1	1
ईदगाहको	1	1	1
ईदुल	1	1	1
ईन्दिरा	1	1	1
ईन्फोबक्सलाई	1	1	1
ईपूर्व	1	1	1
ईमाको	1	1	1
ईमादेवी	1	1	1
ईमानसिंह	1	1	1
ईमेज	1	1	1
ईर्ष्या	1	1	1
ईशाईसँग	1	1	1
ईशाको	1	1	1
ईशिता	1	1	1
ईश्	1	1	1
ईश्वरहरू	1	1	1
ईश्वरीप्रसाद	1	1	1
ईश्वीमा	1	1	1
ईश्वीसम्म	1	1	1
ईष्टगुरुसँग	1	1	1
ईसाईयतमा	1	1	1
ईसाका	1	1	1
ईसापूर्वदेखि	1	1	1
ईसापूर्वसम्म	1	1	1
ईसीआर	1	1	1
ईस्लामको	1	1	1
ईस्वीसन्	1	1	1
उँचाइ	1	1	1
उँट	1	1	1
उकास्नका	1	1	1
उकास्नु	1	1	1
उक्साउने	1	1	1
उक्साएको	1	1	1
उक्सावटले	1	1	1
उखेली	1	1	1
उखेलेरै	1	1	1
उग्रसाम्राज्यवाद	1	1	1
उचाइदेखि	1	1	1
उचाइसम्मको	1	1	1
उचाईलाई	1	1	1
उचाङ	1	1	1
उचिटैलसँग	1	1	1
उच्चदरले	1	1	1
उच्चनीच	1	1	1
उच्चरणमा	1	1	1
उच्चलोकतिर	1	1	1
उच्चस्तरमा	1	1	1
उच्चस्थान	1	1	1
उच्चहिम	1	1	1
उच्चारणअनुसार	1	1	1
उच्चारणमा	1	1	1
उच्चारणसँग	1	1	1
उच्चारित	1	1	1
उच्छेदन	1	1	1
उछिट्टिएर	1	1	1
उज्जैनमा	1	1	1
उज्ज्वल	1	1	1
उज्यालोतिर	1	1	1
उठाइँदैन	1	1	1
उठाई	1	1	1
उठाउँछौँ	1	1	1
उठाउँदै	1	1	1
उठाउनेहरूलाई	1	1	1
उठाउनेहरूले	1	1	1
उठिसक्ने	1	1	1
उठ्थे	1	1	1
उठ्दछ	1	1	1
उठ्नेमा	1	1	1
उड	1	1	1
उडकक	1	1	1
उडाइयो	1	1	1
उडाई	1	1	1
उडाउँदै	1	1	1
उडाउनु	1	1	1
उडाएर	1	1	1
उडानका	1	1	1
उडानमा	1	1	1
उडेको	1	1	1
उड्छ	1	1	1
उड्डयनमा	1	1	1
उड्दा	1	1	1
उड्दाखेरि	1	1	1
उतपत्ति	1	1	1
उतम	1	1	1
उतातिर	1	1	1
उतारचढाउ	1	1	1
उतारिन्छ	1	1	1
उतारेका	1	1	1
उत्कर्ष	1	1	1
उत्कर्षका	1	1	1
उत्खननको	1	1	1
उत्खनन्	1	1	1
उत्तपति	1	1	1
उत्तमतरको	1	1	1
उत्तरआधुनिक	1	1	1
उत्तरकाशी	1	1	1
उत्तरकेन्द्रीय	1	1	1
उत्तरगयामा	1	1	1
उत्तरदक्षिण	1	1	1
उत्तरदक्षिणको	1	1	1
उत्तरदक्षितर्फ	1	1	1
उत्तरपछि	1	1	1
उत्तरपश्चिमी	1	1	1
उत्तरपूर्व	1	1	1
उत्तरपूर्वको	1	1	1
उत्तरप्रदेश	1	1	1
उत्तरहरूलाई	1	1	1
उत्तरा	1	1	1
उत्तराखण्डअन्तर्गत	1	1	1
उत्तरे	1	1	1
उत्तेजनालाई	1	1	1
उत्तेजहरूको	1	1	1
उत्त्पति	1	1	1
उत्थानका	1	1	1
उत्थानको	1	1	1
उत्थानसँग	1	1	1
उत्पत्तिमा	1	1	1
उत्परिवर्तनहरू	1	1	1
उत्परिवर्तनहरूका	1	1	1
उत्परिवर्तित	1	1	1
उत्पल	1	1	1
उत्पातीहरूलाई	1	1	1
उत्पादक	1	1	1
उत्पादकसमेत	1	1	1
उत्पीडनबाट	1	1	1
उत्प्रेक्षाहरूको	1	1	1
उत्प्रेक्षाहरूद्वारा	1	1	1
उत्प्रेषण	1	1	1
उत्यका	1	1	1
उत्रन्छ	1	1	1
उत्रिनु	1	1	1
उत्रिने	1	1	1
उत्सवको	1	1	1
उत्साही	1	1	1
उदघाटन	1	1	1
उदघाटनमा	1	1	1
उदयको	1	1	1
उदयनबारे	1	1	1
उदयपुरमा	1	1	1
उदाइरहेका	1	1	1
उदाउँदछ	1	1	1
उदाउँदै	1	1	1
उदायो	1	1	1
उदारताको	1	1	1
उदासिनता	1	1	1
उदासीपुर	1	1	1
उदासीलाई	1	1	1
उदासीले	1	1	1
उदाहरणलायक	1	1	1
उदाहरणसहित	1	1	1
उदाहरणस्वरूप	1	1	1
उदित	1	1	1
उद्	1	1	1
उद्गमस्थल	1	1	1
उद्घाटनका	1	1	1
उद्घाटनको	1	1	1
उद्घाटनले	1	1	1
उद्दार	1	1	1
उद्दिन	1	1	1
उद्देश्यदेखि	1	1	1
उद्देश्यहरु	1	1	1
उद्देश्हरूका	1	1	1
उद्धरण	1	1	1
उद्धव	1	1	1
उद्धवदूतमा	1	1	1
उद्धान	1	1	1
उद्भावन	1	1	1
उद्यत	1	1	1
उद्यममा	1	1	1
उद्योगहरूले	1	1	1
उद्विकास	1	1	1
उधमपुर	1	1	1
उधौँली	1	1	1
उनबारेमा	1	1	1
उनहरूलाई	1	1	1
उना	1	1	1
उनिसित	1	1	1
उनिहरूसित	1	1	1
उनीदेखि	1	1	1
उनीबारे	1	1	1
उनीभित्र	1	1	1
उनीसँगको	1	1	1
उनीहरुका	1	1	1
उनीहरुतर्फबाट	1	1	1
उनीहरूबीच	1	1	1
उनीहरूभित्रको	1	1	1
उनीहरूसमेत	1	1	1
उनेको	1	1	1
उनैलाई	1	1	1
उन्नाइसौं	1	1	1
उन्मुलनका	1	1	1
उन्मूलनतर्फ	1	1	1
उपकरणमार्फत	1	1	1
उपकार	1	1	1
उपकुलपतिपदमा	1	1	1
उपग्रहभन्दा	1	1	1
उपग्रहसँग	1	1	1
उपग्रही	1	1	1
उपचारपछि	1	1	1
उपचारिका	1	1	1
उपचारिकाको	1	1	1
उपचारिकाहरू	1	1	1
उपजबाट	1	1	1
उपजातिहरूको	1	1	1
उपजिल्ला	1	1	1
उपत्यकाभरिमा	1	1	1
उपत्यकावासीहरू	1	1	1
उपत्यको	1	1	1
उपत्याकालाई	1	1	1
उपथरमा	1	1	1
उपथरहरूको	1	1	1
उपथरहरूबाट	1	1	1
उपदेशले	1	1	1
उपधारामा	1	1	1
उपधिभूत	1	1	1
उपनगरबासिन्दा	1	1	1
उपनगरसँग	1	1	1
उपनगरहरू	1	1	1
उपनगरहरूसँग	1	1	1
उपनयन	1	1	1
उपनाममा	1	1	1
उपनिवेशदेखि	1	1	1
उपनिवेशपछि	1	1	1
उपनिवेशबाट	1	1	1
उपनिवेशहरूको	1	1	1
उपनिवेशीकरणका	1	1	1
उपनिवेसहरूमा	1	1	1
उपनिवेसहरूलाई	1	1	1
उपनिषत्कालीन	1	1	1
उपनिषद्लाई	1	1	1
उपनिषद्हरूमध्ये	1	1	1
उपनेखत	1	1	1
उपप्रजातिहरू	1	1	1
उपप्रधान	1	1	1
उपप्रमुखसमेत	1	1	1
उपप्रमुखहरू	1	1	1
उपभेद	1	1	1
उपभोक्ताले	1	1	1
उपभोक्ताहरू	1	1	1
उपभोक्ताहरूलाई	1	1	1
उपमन्यु	1	1	1
उपमहादिप	1	1	1
उपमहाद्वीपका	1	1	1
उपमहाद्वीपमा	1	1	1
उपमाहरूका	1	1	1
उपमेजिस्ट्रेट	1	1	1
उपयोगकर्ता	1	1	1
उपयोगिता	1	1	1
उपरथी	1	1	1
उपरथीका	1	1	1
उपरदाङ्गढी	1	1	1
उपरदाङ्गा	1	1	1
उपराष्ट्रपतिमा	1	1	1
उपलक्षमा	1	1	1
उपलब्धताको	1	1	1
उपलब्धिमूलक	1	1	1
उपल्लोभागमा	1	1	1
उपवन	1	1	1
उपविज्ञान	1	1	1
उपसंहार	1	1	1
उपसन्न	1	1	1
उपसभामुखमा	1	1	1
उपसमूह	1	1	1
उपसमूहको	1	1	1
उपसमूहमा	1	1	1
उपसालासँग	1	1	1
उपहानगरपालिका	1	1	1
उपहारको	1	1	1
उपागम	1	1	1
उपाङ्ग	1	1	1
उपादान	1	1	1
उपादानहरुको	1	1	1
उपादेय	1	1	1
उपादेयता	1	1	1
उपादेयतालाई	1	1	1
उपाधिबाट	1	1	1
उपाधिले	1	1	1
उपाधिसँगै	1	1	1
उपायहरूलाई	1	1	1
उपायहरूसँग	1	1	1
उपासकहरूलाई	1	1	1
उपासनाका	1	1	1
उपियाँमा	1	1	1
उपेक्षाको	1	1	1
उप्जाइएको	1	1	1
उप्रान्त	1	1	1
उप्रेति	1	1	1
उप्रेतिका	1	1	1
उभययलिङ्गी	1	1	1
उभयराज	1	1	1
उभयलिङ्गी	1	1	1
उभयलिङ्गीहरूमध्ये	1	1	1
उभर्दै	1	1	1
उभारले	1	1	1
उभिएका	1	1	1
उभिरहन्छ	1	1	1
उभौँली	1	1	1
उभ्याइन्	1	1	1
उभ्याउनुभयो	1	1	1
उभ्याएका	1	1	1
उभ्याएको	1	1	1
उभ्यायो	1	1	1
उमन्स	1	1	1
उमबि	1	1	1
उमर	1	1	1
उमराव	1	1	1
उमापेरमपुर	1	1	1
उमामहेश्वरकै	1	1	1
उमालेको	1	1	1
उमाल्नु	1	1	1
उमेरलाई	1	1	1
उमेरसम्ममा	1	1	1
उमेश	1	1	1
उम्जी	1	1	1
उम्टाटा	1	1	1
उम्बुले	1	1	1
उम्मेदवारबाट	1	1	1
उम्मेदवारमा	1	1	1
उम्मेद्वारको	1	1	1
उम्मेद्वारीको	1	1	1
उम्रेको	1	1	1
उम्लिन	1	1	1
उम्लेको	1	1	1
उर	1	1	1
उराङ	1	1	1
उरामपोखरा	1	1	1
उर्जाका	1	1	1
उर्जावान	1	1	1
उर्तीण	1	1	1
उर्दूमा	1	1	1
उर्द्धरेखा	1	1	1
उर्वरशील	1	1	1
उर्वशीले	1	1	1
उलुरू	1	1	1
उल्टाइदिएछ	1	1	1
उल्फा	1	1	1
उल्लेखबाट	1	1	1
उल्लेरी	1	1	1
उवाच	1	1	1
उषाहरण	1	1	1
उष्णवर्ण	1	1	1
उष्मागतिक	1	1	1
उसपछिको	1	1	1
उसमा	1	1	1
उसमान	1	1	1
उसमानको	1	1	1
उससँग	1	1	1
उस्तो	1	1	1
उहा	1	1	1
उहाँलाइ	1	1	1
उहाँहरूको	1	1	1
उहाले	1	1	1
ऊक्त	1	1	1
ऊबाट	1	1	1
ऊभन्दा	1	1	1
ऊवु	1	1	1
ऊष्णतम	1	1	1
ऋग्वेदमा	1	1	1
ऋचीक	1	1	1
ऋचीकले	1	1	1
ऋणमुक्त	1	1	1
ऋतुकाल	1	1	1
ऋतुहरू	1	1	1
ऋषिकेषका	1	1	1
ऋषिपत्नी	1	1	1
ऋषिपूजापछि	1	1	1
ऋषिबाट	1	1	1
ऋषिमा	1	1	1
ऋषिमुनि	1	1	1
ऋषिमुनिले	1	1	1
ऋषीको	1	1	1
एँब्रायोलाजी	1	1	1
एउटाको	1	1	1
एउटातर्फ	1	1	1
एउता	1	1	1
एएनसीबाट	1	1	1
एएसआइको	1	1	1
एकअर्कालाई	1	1	1
एककोषिय	1	1	1
एकजनालाई	1	1	1
एकठाउँमा	1	1	1
एकडमा	1	1	1
एकडेढ	1	1	1
एकताकेन्द्र	1	1	1
एकतावद्ध	1	1	1
एकथरीको	1	1	1
एकपट्टि	1	1	1
एकपदी	1	1	1
एकभइ	1	1	1
एकमतले	1	1	1
एकमुष्ट	1	1	1
एकराहिया	1	1	1
एकरूपताको	1	1	1
एकलमा	1	1	1
एकलव्य	1	1	1
एकवर्षको	1	1	1
एकवर्षमै	1	1	1
एकसमान	1	1	1
एकसित	1	1	1
एका	1	1	1
एकाइको	1	1	1
एकाइहरू	1	1	1
एकाइहरूको	1	1	1
एकाईको	1	1	1
एकाकी	1	1	1
एकाकीपनमा	1	1	1
एकाग्रतामा	1	1	1
एकाग्रतासाथ	1	1	1
एकाङ्गी	1	1	1
एकाडेमी	1	1	1
एकादशभाव	1	1	1
एकादशीसम्म	1	1	1
एकान्तमा	1	1	1
एकापट्टि	1	1	1
एकापट्टी	1	1	1
एकार्को	1	1	1
एकिकृत	1	1	1
एकीकरणका	1	1	1
एकीकरणद्वारा	1	1	1
एकेडेमिक	1	1	1
एकेडेमीबाट	1	1	1
एकेद्रको	1	1	1
एकेन्द्रलाई	1	1	1
एकैपटक	1	1	1
एकोप्यालिप्स	1	1	1
एकोल	1	1	1
एक्काइसौँ	1	1	1
एक्टिभिटीमा	1	1	1
एक्लेक्टिक	1	1	1
एक्वामरीन	1	1	1
एक्सकिरणहरू	1	1	1
एक्सटेन्सन	1	1	1
एक्सपेरीया	1	1	1
एक्सप्लोररमा	1	1	1
एक्समेन	1	1	1
एक्सरेभन्दा	1	1	1
एक्सेसका	1	1	1
एक्सोजेनेसिसबारे	1	1	1
एक्स्प्रेसवे	1	1	1
एक्स्प्रेसवेद्वारा	1	1	1
एगोन	1	1	1
एग्रिकल्चर	1	1	1
एघारवटा	1	1	1
एघारैँ	1	1	1
एङ्गलर	1	1	1
एङ्ग्री	1	1	1
एचआर	1	1	1
एचएन	1	1	1
एचएमएस	1	1	1
एचको	1	1	1
एचजि	1	1	1
एचडी	1	1	1
एचभकक	1	1	1
एचिभमेन्ट	1	1	1
एजण्डालाई	1	1	1
एजुकेशन	1	1	1
एजेंसी	1	1	1
एजेन्ट	1	1	1
एजेन्टको	1	1	1
एजेन्डामा	1	1	1
एजेन्सीले	1	1	1
एजेन्सीहरू	1	1	1
एजेन्सीहरूको	1	1	1
एटमले	1	1	1
एटर्नी	1	1	1
एटलान्टिक	1	1	1
एट्याकमा	1	1	1
एडब्लु	1	1	1
एडब्लुबीबाट	1	1	1
एडम	1	1	1
एडवान्स	1	1	1
एडवार्ड	1	1	1
एडिडासको	1	1	1
एडिलेड	1	1	1
एडोसोयोन्स	1	1	1
एड्मिनिस्ट्रेटर	1	1	1
एड्सकै	1	1	1
एड्सलाई	1	1	1
एतिहासिक	1	1	1
एथलिट	1	1	1
एथलीटबाट	1	1	1
एथेन्स	1	1	1
एदुअर्दो	1	1	1
एनआइसुइको	1	1	1
एनई	1	1	1
एनएम	1	1	1
एनएलएफटी	1	1	1
एनएलडी	1	1	1
एनएलडीसमेत	1	1	1
एनएससीएन	1	1	1
एनक्लोडर	1	1	1
एनडीएफबी	1	1	1
एनडीटिभिसँग	1	1	1
एनबिसिको	1	1	1
एनसीएए	1	1	1
एनसेल	1	1	1
एनाउन्सर	1	1	1
एनाल्जेसिक	1	1	1
एनिमल	1	1	1
एनिमा	1	1	1
एनिमेसनको	1	1	1
एनेबल	1	1	1
एनेस्थेटिकहरू	1	1	1
एनेस्थेसियाको	1	1	1
एन्गेल्सका	1	1	1
एन्जलको	1	1	1
एन्जल्स	1	1	1
एन्जिल्स	1	1	1
एन्टनीको	1	1	1
एन्टि	1	1	1
एन्टिएक्ने	1	1	1
एन्टिसेप्टिक	1	1	1
एन्टीसोसल	1	1	1
एन्डिवरका	1	1	1
एन्थनी	1	1	1
एन्थनीमा	1	1	1
एन्थ्रेक्स	1	1	1
एन्वाइरनमेन्टमा	1	1	1
एन्सेटले	1	1	1
एप	1	1	1
एपीएफका	1	1	1
एप्पलको	1	1	1
एफआइसिएस	1	1	1
एफआरसिएस्	1	1	1
एफएक्यु	1	1	1
एफसी	1	1	1
एफसीटी	1	1	1
एफिल	1	1	1
एफ्लाटाक्सिन	1	1	1
एबिसिएलको	1	1	1
एब्बोट	1	1	1
एभरेष्ट	1	1	1
एभलिन	1	1	1
एभ्रि	1	1	1
एमएको	1	1	1
एमएमा	1	1	1
एमजिएमले	1	1	1
एमजीआर	1	1	1
एमटीभी	1	1	1
एमनेस्टी	1	1	1
एमफिल	1	1	1
एमबिएको	1	1	1
एमा	1	1	1
एमाओवादी	1	1	1
एमानाइटिन	1	1	1
एमालेसहितका	1	1	1
एम्पाएरले	1	1	1
एम्पिपिको	1	1	1
एम्बुलेन्स	1	1	1
एम्बेसडर	1	1	1
एयरको	1	1	1
एयरपोर्ट	1	1	1
एयरबसले	1	1	1
एयरलाइन्स	1	1	1
एयरलाइन्सलाई	1	1	1
एयर्स	1	1	1
एरा	1	1	1
एरिना	1	1	1
एरिनामा	1	1	1
एरियाबाहिर	1	1	1
एरिस	1	1	1
एरिस्टोटलवाद	1	1	1
एरेस्टको	1	1	1
एरोस्टेट्स	1	1	1
एर्विन	1	1	1
एलएएक्स	1	1	1
एलएक्सको	1	1	1
एलएलवी	1	1	1
एलजी	1	1	1
एलबि	1	1	1
एलबिडब्लुको	1	1	1
एलर्जि	1	1	1
एलिएन्ज	1	1	1
एलिङ्गहामद्वारा	1	1	1
एलिनको	1	1	1
एलिसन	1	1	1
एलिसा	1	1	1
एलिसिया	1	1	1
एलीसन	1	1	1
एलेक्जेन्डरको	1	1	1
एल्टनको	1	1	1
एल्बमलाई	1	1	1
एल्बमहरू	1	1	1
एवम	1	1	1
एवर्टका	1	1	1
एविन	1	1	1
एशिया	1	1	1
एशियामा	1	1	1
एशियाली	1	1	1
एशी	1	1	1
एसएचएफ	1	1	1
एसएलसि	1	1	1
एसएससिआई	1	1	1
एसओएस	1	1	1
एसको	1	1	1
एसटिएम	1	1	1
एसटिडि	1	1	1
एसडीआर	1	1	1
एसमध्येको	1	1	1
एसलाई	1	1	1
एसि	1	1	1
एसिक्स	1	1	1
एसिडमध्ये	1	1	1
एसिडस्	1	1	1
एसियाटिक	1	1	1
एसियाबाट	1	1	1
एसियामामा	1	1	1
एसीबुको	1	1	1
एसेन्टर	1	1	1
एस्टो	1	1	1
एस्ले	1	1	1
एस्सी	1	1	1
एहरिचले	1	1	1
ए३३०लाई	1	1	1
ऐँसेलु	1	1	1
ऐक्टले	1	1	1
ऐक्टिनाइड	1	1	1
ऐक्टिवेधी	1	1	1
ऐक्यभाव	1	1	1
ऐट	1	1	1
ऐड	1	1	1
ऐडवाइजरी	1	1	1
ऐतिहासिकताका	1	1	1
ऐना	1	1	1
ऐनाले	1	1	1
ऐन्जलस	1	1	1
ऐबक	1	1	1
ऐबोरिजनल	1	1	1
ऐबोरिजिन्सको	1	1	1
ऐमालेकी	1	1	1
ऐराबाट	1	1	1
ऐश्वर्यशाली	1	1	1
ऐसडाउनको	1	1	1
ओइलाएको	1	1	1
ओक्कल	1	1	1
ओक्टुबरमा	1	1	1
ओखरका	1	1	1
ओखरबोटे	1	1	1
ओखरमा	1	1	1
ओख्लीमा	1	1	1
ओछ्याउने	1	1	1
ओछ्यान	1	1	1
ओझा	1	1	1
ओटघनपछि	1	1	1
ओथारो	1	1	1
ओन्टारियोबाट	1	1	1
ओन्टारियोमा	1	1	1
ओपनका	1	1	1
ओपनको	1	1	1
ओपनबाट	1	1	1
ओपनसँगै	1	1	1
ओपिओइड	1	1	1
ओपेन	1	1	1
ओभरब्रिज	1	1	1
ओमप्रकाश	1	1	1
ओर	1	1	1
ओरालो	1	1	1
ओरिङ्ग	1	1	1
ओरेन्टल	1	1	1
ओर्केस्ट्रामा	1	1	1
ओर्टेगाले	1	1	1
ओर्लंदा	1	1	1
ओर्लन्थे	1	1	1
ओलम्पिकको	1	1	1
ओलाङ्चुङ्गोलादेखिका	1	1	1
ओलिच	1	1	1
ओलिभ	1	1	1
ओलिम्पिक	1	1	1
ओवाइय	1	1	1
ओवेन्स	1	1	1
ओवेर्सेट	1	1	1
ओशिनिया	1	1	1
ओस	1	1	1
ओसार्दा	1	1	1
ओस्कार	1	1	1
औँठी	1	1	1
औँठीलाई	1	1	1
औँलोविना	1	1	1
औँल्याइ	1	1	1
औँल्याउदै	1	1	1
औँल्याउन	1	1	1
औँषधि	1	1	1
औंग	1	1	1
औंलाको	1	1	1
औकातलाई	1	1	1
औगस्टा	1	1	1
औजाहरूको	1	1	1
औटो	1	1	1
औताबादमा	1	1	1
औपचारिकता	1	1	1
औपचारीक	1	1	1
औपन्यासिक	1	1	1
औभर	1	1	1
औरन्गजेवले	1	1	1
औलाको	1	1	1
औलामा	1	1	1
औले	1	1	1
औषधिउपचार	1	1	1
औषधिद्वारा	1	1	1
औषधोपचार	1	1	1
औषधोपचारको	1	1	1
औसी	1	1	1
औसीमा	1	1	1
औस्टिनलाई	1	1	1
कं	1	1	1
ककनीबाट	1	1	1
ककरु	1	1	1
ककेसियाबाट	1	1	1
कक्षका	1	1	1
कक्षले	1	1	1
कक्षापछि	1	1	1
कक्षिवुड	1	1	1
कङ्काल	1	1	1
कङ्गारुज	1	1	1
कङ्गारू	1	1	1
कङ्ग्रेसको	1	1	1
कङ्साकार	1	1	1
कच्चीसडक	1	1	1
कच्छु	1	1	1
कछारी	1	1	1
कछुवाका	1	1	1
कजाकस्तान	1	1	1
कजाखस्तान	1	1	1
कटहर	1	1	1
कटहरको	1	1	1
कटानको	1	1	1
कटानबाट	1	1	1
कटारका	1	1	1
कटिँदै	1	1	1
कटिबद्धता	1	1	1
कटिहार	1	1	1
कटुञ्जे	1	1	1
कटुतापूर्वक	1	1	1
कटुन्जे	1	1	1
कटुवाल	1	1	1
कट्टरपन्थ	1	1	1
कट्टरपन्थी	1	1	1
कट्टरवादी	1	1	1
कट्ने	1	1	1
कट्रीमा	1	1	1
कठताल	1	1	1
कठपुतलीको	1	1	1
कठिनाइको	1	1	1
कठिनाइले	1	1	1
कठिनाइसँग	1	1	1
कठिनाइहरू	1	1	1
कठिनाई	1	1	1
कडाइका	1	1	1
कडिकडाउ	1	1	1
कणहरूको	1	1	1
कणाद	1	1	1
कणादका	1	1	1
कण्ठाग्र	1	1	1
कण्ठ्य	1	1	1
कतिखेर	1	1	1
कतिवटा	1	1	1
कथकली	1	1	1
कथकलीको	1	1	1
कथनानुसार	1	1	1
कथाकारको	1	1	1
कथात्मकता	1	1	1
कथानक	1	1	1
कथानाक	1	1	1
कथावस्तुहरू	1	1	1
कथासङ्ग्रह	1	1	1
कथाहरूअनुसार	1	1	1
कथाहरूका	1	1	1
कथाहरूलाई	1	1	1
कथोपकथन	1	1	1
कदको	1	1	1
कदरपत्र	1	1	1
कनफेसन्स	1	1	1
कनरलाई	1	1	1
कनल्हो	1	1	1
कनिष्ठ	1	1	1
कनिस्टनमा	1	1	1
कनेरी	1	1	1
कन्चन	1	1	1
कन्चनजङ्गा	1	1	1
कन्चनजङ्घा	1	1	1
कन्जी	1	1	1
कन्टेन्ट्सँग	1	1	1
कन्ट्याक्ट	1	1	1
कन्ट्रिब्युटरहरूको	1	1	1
कन्तुर	1	1	1
कन्दमुललाई	1	1	1
कन्दरमा	1	1	1
कन्धहरुसम्म	1	1	1
कन्नोजबाट	1	1	1
कन्भेन्सनको	1	1	1
कन्याको	1	1	1
कन्यादानमा	1	1	1
कन्यादेवीका	1	1	1
कन्यामा	1	1	1
कन्सर्न	1	1	1
कपको	1	1	1
कपडादेखि	1	1	1
कपमा	1	1	1
कपर	1	1	1
कपासमा	1	1	1
कपासलाई	1	1	1
कपिलमुनिको	1	1	1
कपिलमुनीको	1	1	1
कपिलवस्तुदेखि	1	1	1
कपुरको	1	1	1
कपेला	1	1	1
कपोलकल्पित	1	1	1
कप्टेरा	1	1	1
कप्तानका	1	1	1
कप्पवडंसिया	1	1	1
कफलीले	1	1	1
कफवर्धक	1	1	1
कफीदेखि	1	1	1
कब	1	1	1
कबाब	1	1	1
कबिर	1	1	1
कब्जियतको	1	1	1
कब्जियतलाई	1	1	1
कमजोरीका	1	1	1
कमजोरीहरु	1	1	1
कमतौल	1	1	1
कमनमा	1	1	1
कमनवेल्थसँग	1	1	1
कमन्समा	1	1	1
कममा	1	1	1
कमर्स	1	1	1
कमलकोटी	1	1	1
कमलपित्तमा	1	1	1
कमलपोखरीमा	1	1	1
कमलरीका	1	1	1
कमलरीको	1	1	1
कमलाजीले	1	1	1
कमलामा	1	1	1
कमलामाइका	1	1	1
कमलासँग	1	1	1
कमलो	1	1	1
कमाइका	1	1	1
कमाइले	1	1	1
कमाउँथे	1	1	1
कमाउनमा	1	1	1
कमाउनुभएको	1	1	1
कमाएका	1	1	1
कमाण्ड	1	1	1
कमाण्डरका	1	1	1
कमानमा	1	1	1
कमान्डिङ	1	1	1
कमान्डो	1	1	1
कमिटीले	1	1	1
कमिसन	1	1	1
कमिसनले	1	1	1
कमिसन्ड	1	1	1
कमिसारको	1	1	1
कमिसारसमेत	1	1	1
कमिस्नर	1	1	1
कमीकमजोरीहरू	1	1	1
कमेङ्ग	1	1	1
कमेटीले	1	1	1
कमेडि	1	1	1
कमेडिया	1	1	1
कमेडीमा	1	1	1
कमेन्टेटर	1	1	1
कमेरोको	1	1	1
कमेरोले	1	1	1
कमैया	1	1	1
कमोत्तेजक	1	1	1
कम्दी	1	1	1
कम्पटन	1	1	1
कम्पनीद्वारा	1	1	1
कम्पनीबाट	1	1	1
कम्पनीसहित	1	1	1
कम्पनीहरुको	1	1	1
कम्पासले	1	1	1
कम्पित	1	1	1
कम्पेक्ट	1	1	1
कम्पोनेन्ट	1	1	1
कम्पोस्ट	1	1	1
कम्प्युटरबाट	1	1	1
कम्प्युटरबारे	1	1	1
कम्प्युटरमै	1	1	1
कम्प्युटरहरूका	1	1	1
कम्प्युटरहरूले	1	1	1
कम्प्रेस्ड	1	1	1
कम्मरका	1	1	1
कम्मरदेखि	1	1	1
कम्मरबन्दी	1	1	1
कम्मरमुनिको	1	1	1
कम्मरसम्म	1	1	1
कम्युन	1	1	1
कम्युनिष्टबाट	1	1	1
कम्युनिस्टका	1	1	1
कम्युनिस्टमय	1	1	1
कम्लबामा	1	1	1
कम्हरिया	1	1	1
करणीलाई	1	1	1
करताली	1	1	1
करनाल	1	1	1
करनालबाट	1	1	1
करनालमा	1	1	1
करनी	1	1	1
करप्शन	1	1	1
करप्सनसम्बन्धी	1	1	1
करफोकको	1	1	1
करम	1	1	1
कराँचीको	1	1	1
कराइकल	1	1	1
कराए	1	1	1
कराकोरम	1	1	1
करातेमा	1	1	1
करातोया	1	1	1
करिअरमा	1	1	1
करुड़	1	1	1
करुण	1	1	1
करुणाकी	1	1	1
करुणाको	1	1	1
करुणाजनक	1	1	1
करुणामूर्ति	1	1	1
करेँगे	1	1	1
करेती	1	1	1
करैया	1	1	1
करोडौं	1	1	1
करौँती	1	1	1
कर्कपेट्रिकले	1	1	1
कर्कलो	1	1	1
कर्ट्नीकेन	1	1	1
कर्णदास	1	1	1
कर्णपर्वका	1	1	1
कर्णपाली	1	1	1
कर्णले	1	1	1
कर्णसिंह	1	1	1
कर्णालीमा	1	1	1
कर्तादेखि	1	1	1
कर्ताहरू	1	1	1
कर्द	1	1	1
कर्नल	1	1	1
कर्नाटवंशी	1	1	1
कर्निङ	1	1	1
कर्पूरावतीको	1	1	1
कर्पोरेशन	1	1	1
कर्मअनुसारको	1	1	1
कर्मका	1	1	1
कर्मकाण्डले	1	1	1
कर्मक्षेत्र	1	1	1
कर्मचारीतन्त्रको	1	1	1
कर्मचारीमध्ये	1	1	1
कर्मचारीलाई	1	1	1
कर्मचार्यको	1	1	1
कर्मतिर	1	1	1
कर्मथलो	1	1	1
कर्मद्वारा	1	1	1
कर्मबहादुर	1	1	1
कर्मबारे	1	1	1
कर्महरू	1	1	1
कर्महरूलाई	1	1	1
कर्मिक	1	1	1
कर्मैया	1	1	1
कर्यक्रम	1	1	1
कर्यामकुरुम	1	1	1
कलकत्ताको	1	1	1
कलकारखाना	1	1	1
कलकारखानाले	1	1	1
कलङ्कले	1	1	1
कलममा	1	1	1
कलमसित	1	1	1
कलमहरू	1	1	1
कलमी	1	1	1
कलमीहरू	1	1	1
कलरब	1	1	1
कलरबको	1	1	1
कलशको	1	1	1
कलह	1	1	1
कलहाँस	1	1	1
कलाँती	1	1	1
कलाकारदेखि	1	1	1
कलाकारहरूका	1	1	1
कलाकारहरूबीच	1	1	1
कलाकृतिका	1	1	1
कलाकृतिहरूको	1	1	1
कलादेखि	1	1	1
कलान्तर	1	1	1
कलामै	1	1	1
कलावती	1	1	1
कलाविभागले	1	1	1
कलासम्बन्धी	1	1	1
कलासम्म	1	1	1
कलासिर्जनालाई	1	1	1
कलाहरूको	1	1	1
कलिउड	1	1	1
कलिउडको	1	1	1
कलिन	1	1	1
कलिनिन	1	1	1
कलियुग	1	1	1
कलिली	1	1	1
कलिसेज	1	1	1
कलेक्टर	1	1	1
कलेजको	1	1	1
कलेजमाव	1	1	1
कलेजहरूमा	1	1	1
कलेजिएटमा	1	1	1
कलेजोका	1	1	1
कलेरा	1	1	1
कलोनियल	1	1	1
कल्कि	1	1	1
कल्कीयुग	1	1	1
कल्चौंडे	1	1	1
कल्पका	1	1	1
कल्पनाबाहेक	1	1	1
कल्पनालाई	1	1	1
कल्पलाई	1	1	1
कल्प्यो	1	1	1
कल्यणी	1	1	1
कल्यानपुर	1	1	1
कल्लेरीटार	1	1	1
कवच	1	1	1
कवचका	1	1	1
कवचम्	1	1	1
कवरेज	1	1	1
कवाली	1	1	1
कविज्यूको	1	1	1
कवितारामको	1	1	1
कवितासंग्रह	1	1	1
कवित्वको	1	1	1
कविबाट	1	1	1
कविलास	1	1	1
कविलासका	1	1	1
कविशिरोमणिको	1	1	1
कविहरूका	1	1	1
कविहरूको	1	1	1
कवीरभक्त	1	1	1
कव्वालको	1	1	1
कव्वालहरू	1	1	1
कव्वालीभन्दा	1	1	1
कशेरुकी	1	1	1
कश्मिर	1	1	1
कश्मिरी	1	1	1
कश्मीरी	1	1	1
कश्यपले	1	1	1
कष्टको	1	1	1
कसमस	1	1	1
कसमे	1	1	1
कसरत	1	1	1
कसाई	1	1	1
कसिङ्गर	1	1	1
कसीमा	1	1	1
कसैकसैमा	1	1	1
कसैप्रति	1	1	1
कसैलो	1	1	1
कसैसित	1	1	1
कसौटी	1	1	1
कस्टार	1	1	1
कस्टेटिन	1	1	1
कस्बहरूमा	1	1	1
कहना	1	1	1
कहलाउने	1	1	1
कहलाए	1	1	1
कहलियो	1	1	1
कहानि	1	1	1
कहानिको	1	1	1
कहित्यै	1	1	1
कहिन्थ्यो	1	1	1
कहिलेकाँहि	1	1	1
कहीँकतै	1	1	1
क़ुरान	1	1	1
काँइलाद्वारा	1	1	1
काँइली	1	1	1
काँक्रेबिहार	1	1	1
काँक्रेबिहारको	1	1	1
काँटी	1	1	1
काँढा	1	1	1
काँढापानीले	1	1	1
काँढै	1	1	1
काँतरे	1	1	1
काँधचन्द्र	1	1	1
काँप्छ	1	1	1
काँरागिठी	1	1	1
काँवड	1	1	1
काँस	1	1	1
काँसाको	1	1	1
काँही	1	1	1
काँहु	1	1	1
काइँयो	1	1	1
काइट	1	1	1
काइन्ड	1	1	1
काइला	1	1	1
काउनसिल	1	1	1
काउन्टरक्लक	1	1	1
काउन्टीको	1	1	1
काउन्सिलका	1	1	1
काउन्सिलमा	1	1	1
काउलो	1	1	1
काकताली	1	1	1
काकाकुल	1	1	1
काकाले	1	1	1
काक्री	1	1	1
काख	1	1	1
काखबाट	1	1	1
कागजपत्रहरू	1	1	1
कागजबाट	1	1	1
कागजले	1	1	1
कागजसमेत	1	1	1
कागजातबाट	1	1	1
कागजातहरुको	1	1	1
कागजातहरुले	1	1	1
कागजातहरू	1	1	1
कागबेनी	1	1	1
कागभेला	1	1	1
काङ्कीर	1	1	1
काङ्गहाइ	1	1	1
काङ्ग्रेसद्वारा	1	1	1
काचुच्चो	1	1	1
काज	1	1	1
काजिपौवामा	1	1	1
काजीसित	1	1	1
काटन	1	1	1
काटनु	1	1	1
काटिए	1	1	1
काटेपछिको	1	1	1
काट्छन्	1	1	1
काट्दै	1	1	1
काट्नलाई	1	1	1
काठमाण्डौँ	1	1	1
काठमाण्डौँबाट	1	1	1
काठमाण्डौको	1	1	1
काठमुढामा	1	1	1
काठियावाड	1	1	1
काण	1	1	1
काणपाते	1	1	1
काण्डको	1	1	1
काण्डपछि	1	1	1
कातामा	1	1	1
काति	1	1	1
कात्तिकमा	1	1	1
कात्यायिनी	1	1	1
काथफोर्ड	1	1	1
कानकैले	1	1	1
कानाको	1	1	1
कानिया	1	1	1
कानूनमै	1	1	1
कानूनले	1	1	1
कानूनहरू	1	1	1
कानेखुसी	1	1	1
कानेगाड	1	1	1
कानेघाँस	1	1	1
कान्छोले	1	1	1
कान्तिपुरका	1	1	1
कान्ती	1	1	1
काप	1	1	1
कापुचिन	1	1	1
कापुचिनोको	1	1	1
कापुचीनोमा	1	1	1
कापुसकासिङमा	1	1	1
काप्यो	1	1	1
काफलको	1	1	1
काफलबुटा	1	1	1
काफलसेरी	1	1	1
काफ्लेले	1	1	1
काबाएरोको	1	1	1
काबाएरोले	1	1	1
काबुल	1	1	1
काबेली	1	1	1
काब्राबोटे	1	1	1
काभ्रेबाट	1	1	1
कामकारवाहीको	1	1	1
कामक्ष्या	1	1	1
कामचलाउ	1	1	1
कामदार	1	1	1
कामदारलाई	1	1	1
कामदेखि	1	1	1
कामधेनुको	1	1	1
कामधेनुलाई	1	1	1
कामधेनुसहित	1	1	1
कामनापूर्तिका	1	1	1
कामभन्दा	1	1	1
कामरू	1	1	1
कामरूपा	1	1	1
कामहरु	1	1	1
कामहरुको	1	1	1
कामहरुलाई	1	1	1
कामहरूको	1	1	1
कामाक्षादेवी	1	1	1
कामार्त	1	1	1
कामुकताको	1	1	1
कामोत्तेजना	1	1	1
कामोद्दिपक	1	1	1
काम्ले	1	1	1
काम्लो	1	1	1
कायमगंज	1	1	1
कायिक	1	1	1
कारकत्व	1	1	1
कारखानहरूमा	1	1	1
कारखानाजस्ता	1	1	1
कारखानाबाट	1	1	1
कारखानाहरू	1	1	1
कारगिलका	1	1	1
कारणमध्ये	1	1	1
कारणहरूदेखि	1	1	1
कारधनी	1	1	1
कारबाट	1	1	1
कारबाहीको	1	1	1
कारभोटे	1	1	1
कारहरू	1	1	1
कारागारदेखि	1	1	1
कारावास	1	1	1
कारिबको	1	1	1
कारुणिक	1	1	1
कारुण्या	1	1	1
कार्कीनेटा	1	1	1
कार्कीलाई	1	1	1
कार्कीले	1	1	1
कार्कोट	1	1	1
कार्टरद्वारा	1	1	1
कार्टरले	1	1	1
कार्टुनकलामा	1	1	1
कार्टुनमा	1	1	1
कार्डमार्फत	1	1	1
कार्ड्स	1	1	1
कार्तविर्यका	1	1	1
कार्तविर्यसँग	1	1	1
कार्तिकको	1	1	1
कार्तिकसम्ममा	1	1	1
कार्तिकस्वामी	1	1	1
कार्तिकेय	1	1	1
कार्तिकेयजी	1	1	1
कार्बनका	1	1	1
कार्बनडाइअक्साइड	1	1	1
कार्बनडाईअक्साइड	1	1	1
कार्बनडाईअक्साइडलाई	1	1	1
कार्बोहाइड्रेट्सलाई	1	1	1
कार्मेन	1	1	1
कार्यकर्ताको	1	1	1
कार्यकर्ताहरूको	1	1	1
कार्यकर्ताहरूले	1	1	1
कार्यकारण	1	1	1
कार्यकारिणीका	1	1	1
कार्यक्रमअन्तर्गत	1	1	1
कार्यक्रो	1	1	1
कार्यगरिरहेको	1	1	1
कार्यनीति	1	1	1
कार्यपछि	1	1	1
कार्यपालिकाका	1	1	1
कार्यपालिकामा	1	1	1
कार्यप्रति	1	1	1
कार्यबलमा	1	1	1
कार्यबाहीका	1	1	1
कार्यरतका	1	1	1
कार्यरूप	1	1	1
कार्यरूपमा	1	1	1
कार्यलयले	1	1	1
कार्यले	1	1	1
कार्यवातावरणको	1	1	1
कार्यवाहीका	1	1	1
कार्यवाहीहरू	1	1	1
कार्यवाहीहरूबाट	1	1	1
कार्यविभाजन	1	1	1
कार्यविशेषका	1	1	1
कार्यव्यस्तताले	1	1	1
कार्याकाल	1	1	1
कार्यात्	1	1	1
कार्याधिक्यका	1	1	1
कार्यान्वयनका	1	1	1
कार्यान्वयनसम्बन्धी	1	1	1
कार्यालयअगाडिको	1	1	1
कार्यालयलाई	1	1	1
कार्यालयहरूको	1	1	1
कार्लमाक्सको	1	1	1
कार्लो	1	1	1
कार्लोट	1	1	1
कार्लोसले	1	1	1
कार्वाहीले	1	1	1
कार्सन	1	1	1
कार्सियर	1	1	1
कालकै	1	1	1
कालक्रमिक	1	1	1
कालछिद्र	1	1	1
कालपेचक	1	1	1
कालभैरवको	1	1	1
कालरात्री	1	1	1
कालरात्रीमा	1	1	1
कालसर्पदोष	1	1	1
कालसर्पयोगका	1	1	1
कालहनको	1	1	1
कालहरूमा	1	1	1
कालानतरमा	1	1	1
कालाशेष	1	1	1
कालाहरु	1	1	1
कालाहरुका	1	1	1
कालाहादा	1	1	1
कालिको	1	1	1
कालिकोटको	1	1	1
कालिकोटे	1	1	1
कालिगड	1	1	1
कालिगढहरूको	1	1	1
कालिगण्डकीबाट	1	1	1
कालिङ्पोङ	1	1	1
कालिदासकी	1	1	1
कालिदासद्वारा	1	1	1
कालिन्चोक	1	1	1
कालिमाटी	1	1	1
कालिमाटीको	1	1	1
कालीकटमा	1	1	1
कालीखुट्टे	1	1	1
कालीखोलाको	1	1	1
कालीगढलाई	1	1	1
कालीजुरे	1	1	1
कालीध्वज	1	1	1
कालीनाग	1	1	1
कालीपूजा	1	1	1
कालीप्रसादको	1	1	1
कालीबंगाको	1	1	1
कालीबोर	1	1	1
कालीमुन्टेलाई	1	1	1
कालोकण्ठे	1	1	1
कालोकल्की	1	1	1
कालोगर्दने	1	1	1
कालोपोतो	1	1	1
काल्हादामा	1	1	1
कावसोती	1	1	1
कावाबाता	1	1	1
कावासाकी	1	1	1
काव्यबद्ध	1	1	1
काव्यमा	1	1	1
काव्यमान्यता	1	1	1
काव्यशास्त्रको	1	1	1
काव्यसमेत	1	1	1
काव्यहरूको	1	1	1
काशग	1	1	1
काशीका	1	1	1
काश्मीरबाट	1	1	1
काष्ठकुट	1	1	1
काष्ठमण्डपको	1	1	1
काष्ठमण्डपपछि	1	1	1
कास्केली	1	1	1
कास्ट	1	1	1
कास्मिरमा	1	1	1
कास्मिरलगायतका	1	1	1
कास्यपबाट	1	1	1
किंवदन्तीको	1	1	1
किङस्टोनलाई	1	1	1
किङ्गडम	1	1	1
किङ्गफिसर	1	1	1
किङ्फिसर	1	1	1
किचलोको	1	1	1
किचेर	1	1	1
किच्चकलाई	1	1	1
किच्चकसँग	1	1	1
किज	1	1	1
किटनाशक	1	1	1
किटाणुहरू	1	1	1
किटान	1	1	1
किटिङसँग	1	1	1
किटु	1	1	1
किट्च	1	1	1
किट्स	1	1	1
किताबले	1	1	1
किनको	1	1	1
किनमेल	1	1	1
किनारको	1	1	1
किनारमै	1	1	1
किनारहरूलाई	1	1	1
किनाराको	1	1	1
किनारासम्म	1	1	1
किनारी	1	1	1
किन्नमा	1	1	1
किन्नरगणले	1	1	1
किन्नलाऐ	1	1	1
किन्नेदेखि	1	1	1
किन्नौर	1	1	1
किन्यो	1	1	1
किपिङ्ग	1	1	1
किप्स	1	1	1
किबो	1	1	1
किब्स	1	1	1
किमडाँडा	1	1	1
किमलाई	1	1	1
किमाथान्का	1	1	1
किमिको	1	1	1
किम्ती	1	1	1
किम्बन्ती	1	1	1
किम्वदन्ति	1	1	1
किम्वदन्तीअनुसार	1	1	1
किम्वदन्तीका	1	1	1
किया	1	1	1
किरणका	1	1	1
किरणको	1	1	1
किरणचन्द्र	1	1	1
किरणप्रकाश	1	1	1
किरणमात्रै	1	1	1
किरदारलाई	1	1	1
किराँतकालतिर	1	1	1
किराँतकालमा	1	1	1
किराँतलाई	1	1	1
किराँतहरू	1	1	1
किराँतीहरूकै	1	1	1
किराँतीहरूको	1	1	1
किरातवंशी	1	1	1
किरातहरू	1	1	1
किरातीहरूले	1	1	1
किराले	1	1	1
किरावा	1	1	1
किराहरूबाट	1	1	1
किरीटमा	1	1	1
किर्कौंला	1	1	1
किर्ति	1	1	1
किर्तिध्वज	1	1	1
किर्ती	1	1	1
किर्तीपुरको	1	1	1
किलादेखि	1	1	1
किलाबद्ध	1	1	1
किलामा	1	1	1
किलोमिटको	1	1	1
किलोमीटरसँग	1	1	1
किलोवाटको	1	1	1
किलोहर्ज	1	1	1
किल्लाका	1	1	1
किल्लालाई	1	1	1
किव	1	1	1
किवी	1	1	1
किशनगञ्जमा	1	1	1
किशोरदेह	1	1	1
किशोरवय	1	1	1
किशोरी	1	1	1
किष्किन्धा	1	1	1
किसलाई	1	1	1
किसानलाई	1	1	1
किसानहरूको	1	1	1
किसानहरूमा	1	1	1
किसिङगरले	1	1	1
किसिम	1	1	1
किस्डमा	1	1	1
किस्ताअनुसार	1	1	1
किस्ताका	1	1	1
किस्मत	1	1	1
किस्मतका	1	1	1
किहूँ	1	1	1
कीटाणु	1	1	1
कीनो	1	1	1
कीनोद्वारा	1	1	1
कीर्ति	1	1	1
कीर्तिबममा	1	1	1
कीर्तिस्तम्भले	1	1	1
कुँदेर	1	1	1
कुँवरको	1	1	1
कुइभीर	1	1	1
कुकिज	1	1	1
कुकुन्द	1	1	1
कुकुमिस	1	1	1
कुकुरघाट	1	1	1
कुकुरबिटासी	1	1	1
कुकुरमा	1	1	1
कुकुरहरूमा	1	1	1
कुकृत्यले	1	1	1
कुकोर	1	1	1
कुक्लुङ्ग	1	1	1
कुगल्स	1	1	1
कुचर	1	1	1
कुञ्जीलालकहाँ	1	1	1
कुटनीतिज्ञ	1	1	1
कुटपीट	1	1	1
कुटीका	1	1	1
कुटुकी	1	1	1
कुटुम्बलाई	1	1	1
कुटुम्भ	1	1	1
कुटुली	1	1	1
कुडवा	1	1	1
कुडारी	1	1	1
कुडिया	1	1	1
कुडी	1	1	1
कुड्डलोर	1	1	1
कुण्डको	1	1	1
कुण्डलीकै	1	1	1
कुण्डहरूको	1	1	1
कुतीबाट	1	1	1
कुतुबुद्दीन	1	1	1
कुदाकाउले	1	1	1
कुदिएका	1	1	1
कुदृष्टि	1	1	1
कुनु	1	1	1
कुनैपनि	1	1	1
कुनो	1	1	1
कुनोभ	1	1	1
कुन्जल	1	1	1
कुन्दे	1	1	1
कुन्दोज	1	1	1
कुन्युसोत्तर	1	1	1
कुपोषणबाट	1	1	1
कुप्रथा	1	1	1
कुबाचाका	1	1	1
कुबाचाको	1	1	1
कुबाचादेखि	1	1	1
कुबाचाले	1	1	1
कुबेतमाथि	1	1	1
कुब्जिका	1	1	1
कुभिण्डे	1	1	1
कुभिन्डे	1	1	1
कुमछिर्के	1	1	1
कुमरोज	1	1	1
कुमाउ	1	1	1
कुमाउँले	1	1	1
कुमारज्यू	1	1	1
कुमारीघरबाट	1	1	1
कुमारीदेवी	1	1	1
कुमारीहरूको	1	1	1
कुमारै	1	1	1
कुमुद	1	1	1
कुमुदद्वारा	1	1	1
कुरातर्फ	1	1	1
कुराबाट	1	1	1
कुरामाथिको	1	1	1
कुराहरुमा	1	1	1
कुराहरूलाई	1	1	1
कुराहरूहरू	1	1	1
कुरिरहे	1	1	1
कुरिल	1	1	1
कुरीकुरी	1	1	1
कुरीतिलाई	1	1	1
कुरीतिहरू	1	1	1
कुरु	1	1	1
कुरुक्षेत्रदेखि	1	1	1
कुरुबाहुक	1	1	1
कुरुवंशका	1	1	1
कुरूपको	1	1	1
कुर्कुच्चाको	1	1	1
कुर्घा	1	1	1
कुर्चीको	1	1	1
कुर्टस	1	1	1
कुर्मा	1	1	1
कुर्मी	1	1	1
कुर्सियाउँ	1	1	1
कुर्सीका	1	1	1
कुर्सीहरू	1	1	1
कुलक्षणको	1	1	1
कुलदेवताको	1	1	1
कुलदेवी	1	1	1
कुलदेवीको	1	1	1
कुलपूजामा	1	1	1
कुलबहादुर	1	1	1
कुलश्रेष्ठ	1	1	1
कुला	1	1	1
कुलायनलाई	1	1	1
कुलिक	1	1	1
कुलीमा	1	1	1
कुलुङ	1	1	1
कुलेश्वरमा	1	1	1
कुल्च्यो	1	1	1
कुल्ला	1	1	1
कुल्लुई	1	1	1
कुवामा	1	1	1
कुवेत	1	1	1
कुशे	1	1	1
कुशेऔँसी	1	1	1
कुशेचौरी	1	1	1
कुश्मा	1	1	1
कुष्ठ	1	1	1
कुष्ठरोगीहरूको	1	1	1
कुसहा	1	1	1
कुसिक	1	1	1
कुसुण्डा	1	1	1
कुसुमपुर	1	1	1
कुसेरहोङका	1	1	1
कुस्रोक्पा	1	1	1
कुहिन	1	1	1
कुहिरो	1	1	1
कुह्याएर	1	1	1
कूच	1	1	1
कूपया	1	1	1
कृतज्ञताको	1	1	1
कृतिकार	1	1	1
कृतिगत	1	1	1
कृतिजर्नल	1	1	1
कृतित्वहरूबाट	1	1	1
कृतीहरू	1	1	1
कृमि	1	1	1
कृयाकलापमा	1	1	1
कृयाकलापले	1	1	1
कृयापदको	1	1	1
कृषक	1	1	1
कृषकलाई	1	1	1
कृषकहरूले	1	1	1
कृषिबालीमा	1	1	1
कृषिमै	1	1	1
कृषिलाई	1	1	1
कृषिले	1	1	1
कृषिवादका	1	1	1
कृष्णकुमारी	1	1	1
कृष्णदासको	1	1	1
कृष्णध्वज	1	1	1
कृष्णमन्दिर	1	1	1
कृष्णलाई	1	1	1
कृष्णलाल	1	1	1
कृष्णलीला	1	1	1
कृष्णा	1	1	1
कृष्णाष्टमी	1	1	1
केइलाक	1	1	1
केए	1	1	1
केक	1	1	1
केकस्तो	1	1	1
केचनादेखि	1	1	1
केजरीवालले	1	1	1
केटले	1	1	1
केटा	1	1	1
केटाकेटीमा	1	1	1
केटाकेटीहरूको	1	1	1
केटीहरूसँग	1	1	1
केटो	1	1	1
केदारखण्डमा	1	1	1
केदारजी	1	1	1
केनरी	1	1	1
केनेडियन	1	1	1
केन्द्रद्वारा	1	1	1
केन्द्रबिन्दु	1	1	1
केन्द्रवादतर्फ	1	1	1
केन्द्रविन्दुको	1	1	1
केन्द्रीयतामा	1	1	1
केप	1	1	1
केपमा	1	1	1
केपियोङ	1	1	1
केपीजी	1	1	1
केप्लरले	1	1	1
केप्लेरका	1	1	1
केबिनेटमा	1	1	1
केमरूनको	1	1	1
केमैन	1	1	1
केयु	1	1	1
केयुएमएसको	1	1	1
केरलकै	1	1	1
केरलामा	1	1	1
केरवानी	1	1	1
केराउ	1	1	1
केरामा	1	1	1
केरावारी	1	1	1
केरुङ्ग	1	1	1
केरुङ्गा	1	1	1
केरूङको	1	1	1
केरोलाइन	1	1	1
केलटोलमा	1	1	1
केलाउँदै	1	1	1
केलाङ	1	1	1
केविन	1	1	1
केविपिएस	1	1	1
केवुलकार	1	1	1
केशरजंग	1	1	1
केशरबहादुर	1	1	1
केशरमहलको	1	1	1
केशराज	1	1	1
केसरीको	1	1	1
केसारिया	1	1	1
केसीएनएले	1	1	1
केसीलाई	1	1	1
केहिले	1	1	1
कैकटि	1	1	1
कैडी	1	1	1
कैथरीनको	1	1	1
कैथल	1	1	1
कैथलिकवादको	1	1	1
कैदीहरुलाई	1	1	1
कैदीहरू	1	1	1
कैनमर	1	1	1
कैप	1	1	1
कैफाइर	1	1	1
कैयौँका	1	1	1
कैरा	1	1	1
कैरिनिड्स	1	1	1
कैरोलिनामा	1	1	1
कैलपछि	1	1	1
कैलपाल	1	1	1
कैलरीजको	1	1	1
कैलिक्स	1	1	1
कैलेकाहीँ	1	1	1
कैलेको	1	1	1
कैलोपेटे	1	1	1
कैसर	1	1	1
कैसल	1	1	1
कोंकणी	1	1	1
कोइ	1	1	1
कोइरालाका	1	1	1
कोइलाको	1	1	1
कोईराला	1	1	1
कोकराझार	1	1	1
कोको	1	1	1
कोकोनाडामा	1	1	1
कोचको	1	1	1
कोचले	1	1	1
कोजिरो	1	1	1
कोटका	1	1	1
कोटको	1	1	1
कोटहरू	1	1	1
कोटाका	1	1	1
कोटाथाम	1	1	1
कोटायक	1	1	1
कोटिको	1	1	1
कोटीका	1	1	1
कोटेश्वरमा	1	1	1
कोट्टायम	1	1	1
कोट्याउनु	1	1	1
कोट्याएर	1	1	1
कोठरीमा	1	1	1
कोठाहरूको	1	1	1
कोतका	1	1	1
कोतको	1	1	1
कोतपर्व	1	1	1
कोतरिएको	1	1	1
कोता	1	1	1
कोत्रे	1	1	1
कोदालोको	1	1	1
कोनेक्स	1	1	1
कोप	1	1	1
कोपरनिकस	1	1	1
कोप्चा	1	1	1
कोप्पेन	1	1	1
कोबोर्डको	1	1	1
कोमलनाथको	1	1	1
कोयाङ	1	1	1
कोयु	1	1	1
कोरभन्दा	1	1	1
कोरसका	1	1	1
कोरिएका	1	1	1
कोरियन	1	1	1
कोरियली	1	1	1
कोरियोस्टोमा	1	1	1
कोर्चबाङ	1	1	1
कोर्छन्	1	1	1
कोर्डिनेट	1	1	1
कोर्नर	1	1	1
कोर्पनिकसले	1	1	1
कोर्राले	1	1	1
कोर्सहरू	1	1	1
कोर्सिकाको	1	1	1
कोलकाताको	1	1	1
कोलकाताबाट	1	1	1
कोलफु	1	1	1
कोलाकुली	1	1	1
कोलाहलपूर्ण	1	1	1
कोलि	1	1	1
कोलीयधीता	1	1	1
कोलोनका	1	1	1
कोलोनीहरू	1	1	1
कोशहरूमा	1	1	1
कोशिका	1	1	1
कोशिकाको	1	1	1
कोशिकाहरूको	1	1	1
कोशिश	1	1	1
कोशीमा	1	1	1
कोशेढुगां	1	1	1
कोषडा	1	1	1
कोषराज	1	1	1
कोषिकाहरू	1	1	1
कोष्ट	1	1	1
कोसीटप्पु	1	1	1
कोसेलीको	1	1	1
कोसेलीहरू	1	1	1
कोसोभोमा	1	1	1
कोस्ट	1	1	1
कोस्वीडेनका	1	1	1
कोहलपुर	1	1	1
कोहवारा	1	1	1
कोहिनुर	1	1	1
कोहिररको	1	1	1
कोहेनले	1	1	1
कौजी	1	1	1
कौटिल्यको	1	1	1
कौटुम्बिक	1	1	1
कौडीहरूको	1	1	1
कौर्मन	1	1	1
कौशल्यादेवीबाट	1	1	1
कौशिकि	1	1	1
कौष्टुकि	1	1	1
कौसल्यावतीका	1	1	1
कौसीमा	1	1	1
क्	1	1	1
क्याट	1	1	1
क्याटेगोराइजेसन	1	1	1
क्याटेगोरीको	1	1	1
क्याटेगोरीलाई	1	1	1
क्याथर्ड	1	1	1
क्यानडियन	1	1	1
क्यानबरा	1	1	1
क्यानभासका	1	1	1
क्यानाडाको	1	1	1
क्यानी	1	1	1
क्यानेडाली	1	1	1
क्यानेडियन	1	1	1
क्यान्टिनमा	1	1	1
क्यान्टिनवालाको	1	1	1
क्यान्सरका	1	1	1
क्यान्सररोग	1	1	1
क्यान्सरहरूको	1	1	1
क्यापटेनका	1	1	1
क्यापुचिनहरूले	1	1	1
क्याप्टेनको	1	1	1
क्याप्सुल	1	1	1
क्याबिनेट	1	1	1
क्यामरून	1	1	1
क्यामेराहरूलाई	1	1	1
क्याम्पसलगायतका	1	1	1
क्याम्पेन	1	1	1
क्यारिगरद्वारा	1	1	1
क्यारिङ्गटनले	1	1	1
क्यारे	1	1	1
क्यालसियमको	1	1	1
क्यालहाउन	1	1	1
क्यालिफोरनिया	1	1	1
क्यालिफोर्नियाको	1	1	1
क्यालिफोर्नियादेखि	1	1	1
क्यालीफोर्नियामा	1	1	1
क्यालेण्डरका	1	1	1
क्यालेण्डरको	1	1	1
क्यालेन्डरको	1	1	1
क्यालोरिज	1	1	1
क्यालोरीको	1	1	1
क्यालोरीयुक्त	1	1	1
क्याल्डर	1	1	1
क्याष्ट्रोलाई	1	1	1
क्यासेटका	1	1	1
क्यु	1	1	1
क्युबा	1	1	1
क्यू	1	1	1
क्यै	1	1	1
क्योबलाई	1	1	1
क्रक्स	1	1	1
क्रमप्राप्त	1	1	1
क्रमसँग	1	1	1
क्रमसँगै	1	1	1
क्रमसङ्ख्या	1	1	1
क्रमाङ्कलाई	1	1	1
क्रमाङ्किक	1	1	1
क्रय	1	1	1
क्राइग	1	1	1
क्रान्तिजीवी	1	1	1
क्रान्तिप्रति	1	1	1
क्रान्तिमा	1	1	1
क्रास	1	1	1
क्रिकमा	1	1	1
क्रिकेटर	1	1	1
क्रिममा	1	1	1
क्रियटर	1	1	1
क्रियाकलपमा	1	1	1
क्रियाकलापहरू	1	1	1
क्रियान्वित	1	1	1
क्रियापदभित्र	1	1	1
क्रियारूपावली	1	1	1
क्रियासित	1	1	1
क्रियाहरूका	1	1	1
क्रियाहरूभन्दा	1	1	1
क्रिसमस	1	1	1
क्रिसिस	1	1	1
क्रिस्का	1	1	1
क्रिस्टिआन	1	1	1
क्रीडाहरू	1	1	1
क्रीम	1	1	1
क्रुर	1	1	1
क्रुसेड	1	1	1
क्रुसेडलाई	1	1	1
क्रूज	1	1	1
क्रूजर	1	1	1
क्रूजले	1	1	1
क्रेनले	1	1	1
क्रोधमा	1	1	1
क्रोमोसोम	1	1	1
क्रोमोसोममा	1	1	1
क्ल	1	1	1
क्लक	1	1	1
क्लबहरूले	1	1	1
क्लस्टरबाट	1	1	1
क्लाइरी	1	1	1
क्लार्कको	1	1	1
क्लार्कबाट	1	1	1
क्लास	1	1	1
क्लिन्टनले	1	1	1
क्लिफ्स	1	1	1
क्लियरेन्डन	1	1	1
क्लेयर	1	1	1
क्लोज्ड	1	1	1
क्ल्याडिङ	1	1	1
क्ल्यान्सीद्वारा	1	1	1
क्वान्टम	1	1	1
क्वार्जाइट	1	1	1
क्विन्सल्याण्ड	1	1	1
क्वीन्सल्यान्ड	1	1	1
क्वेटाका	1	1	1
क्वेस्ट	1	1	1
क्षणको	1	1	1
क्षणभेद	1	1	1
क्षणहरूको	1	1	1
क्षणिक	1	1	1
क्षत	1	1	1
क्षतमा	1	1	1
क्षतिमा	1	1	1
क्षत्रियोचित	1	1	1
क्षमताभन्दा	1	1	1
क्षमतालाई	1	1	1
क्षमताशाली	1	1	1
क्षमादान	1	1	1
क्षमाबाट	1	1	1
क्षमायाचनाको	1	1	1
क्षयरोगमा	1	1	1
क्षयीकरणका	1	1	1
क्षला	1	1	1
क्षारको	1	1	1
क्षीरमार्गको	1	1	1
क्षेत्रतर्फ	1	1	1
क्षेत्रपनि	1	1	1
क्षेत्रपाटीमा	1	1	1
क्षेत्रफलसमेत	1	1	1
क्षेत्रबाहेक	1	1	1
क्षेत्रभित्रको	1	1	1
क्षेत्रमासमेत	1	1	1
क्षेत्रियविहीन	1	1	1
क्षेत्रियहरू	1	1	1
क्षेत्रियहरूको	1	1	1
क्षेत्रिहरूसँग	1	1	1
क्षेत्रीले	1	1	1
क्षेपकहरू	1	1	1
खँडवा	1	1	1
खगेरी	1	1	1
खगोलविज्ञानलाई	1	1	1
खगोलविधहरूका	1	1	1
खगोलविधहरूले	1	1	1
खगोलशास्त्रबाट	1	1	1
खगोलशास्त्रमा	1	1	1
खगोलशास्त्रीहरूले	1	1	1
खच्चडलाई	1	1	1
खजानमा	1	1	1
खज्नाहमा	1	1	1
खट	1	1	1
खटजात्राक्रममा	1	1	1
खटमा	1	1	1
खटाए	1	1	1
खडेरी	1	1	1
खडेरीको	1	1	1
खड्गप्रसाद	1	1	1
खड्गले	1	1	1
खण्डनमण्डनका	1	1	1
खण्डलाई	1	1	1
खण्डहर	1	1	1
खण्डहरुलाई	1	1	1
खण्डहरूमा	1	1	1
खण्डहरूलाई	1	1	1
खतिवडाजी	1	1	1
खतिवडाद्वारा	1	1	1
खत्तम	1	1	1
खदान	1	1	1
खद्दर	1	1	1
खनन	1	1	1
खनिखोल	1	1	1
खनिजहरूको	1	1	1
खनिजहरूले	1	1	1
खन्दा	1	1	1
खन्दै	1	1	1
खन्ने	1	1	1
खपतको	1	1	1
खपिन्छें	1	1	1
खप्तडले	1	1	1
खप्रङ	1	1	1
खबरदारी	1	1	1
खमारी	1	1	1
खम्पा	1	1	1
खम्बुवान	1	1	1
खम्बुहोङ	1	1	1
खम्बुहोङका	1	1	1
खम्बे	1	1	1
खम्साऐ	1	1	1
खयर	1	1	1
खरघारी	1	1	1
खरब	1	1	1
खरानीको	1	1	1
खराबीहरूलाई	1	1	1
खरायोलाई	1	1	1
खरिबोट	1	1	1
खरेलका	1	1	1
खर्कदह	1	1	1
खर्चका	1	1	1
खर्चबाट	1	1	1
खर्चहरूमा	1	1	1
खर्चिलो	1	1	1
खर्चे	1	1	1
खर्साङ	1	1	1
खलंगा	1	1	1
खलकका	1	1	1
खलनायक	1	1	1
खलीफाहरूसँग	1	1	1
खल्तीजस्तै	1	1	1
खल्नुयकमा	1	1	1
खसरा	1	1	1
खसालेका	1	1	1
खसिया	1	1	1
खसिहालेमा	1	1	1
खसी	1	1	1
खसु्र	1	1	1
खसे	1	1	1
खसेमा	1	1	1
खस्छ	1	1	1
खस्दा	1	1	1
खस्न	1	1	1
ख़ारिज	1	1	1
खाँको	1	1	1
खाँचोका	1	1	1
खाँटी	1	1	1
खाँदैछ	1	1	1
खाँले	1	1	1
खाएका	1	1	1
खाएकाहरू	1	1	1
खाक	1	1	1
खाका	1	1	1
खाकीको	1	1	1
खाट	1	1	1
खाटमा	1	1	1
खाडीहरू	1	1	1
खाण्डव	1	1	1
खात	1	1	1
खाताबाट	1	1	1
खातामात्र	1	1	1
खादी	1	1	1
खादैनन्	1	1	1
खाद्यान्नलाई	1	1	1
खानतलासीमा	1	1	1
खानपानका	1	1	1
खानपानको	1	1	1
खानलाई	1	1	1
खानले	1	1	1
खानसँग	1	1	1
खानाबाट	1	1	1
खानाहरू	1	1	1
खानि	1	1	1
खानीभन्ज्याङ	1	1	1
खानीलाई	1	1	1
खानेकुरासँगसँगै	1	1	1
खानेकुराहरूको	1	1	1
खानेलाई	1	1	1
खान्की	1	1	1
खान्छु	1	1	1
खान्छौँ	1	1	1
खान्डाचक्रमा	1	1	1
खान्थिन्	1	1	1
खान्थ्यौँ	1	1	1
खान‏	1	1	1
खापा	1	1	1
खापामा	1	1	1
खापिएको	1	1	1
खापिङ	1	1	1
खामतिरको	1	1	1
खामेलेक	1	1	1
खाम्दोङ्ग	1	1	1
खाम्पाको	1	1	1
खाम्पाहरू	1	1	1
खाम्लुङ	1	1	1
खायौँ	1	1	1
खारिँदै	1	1	1
खारेजी	1	1	1
खारेजीसँगै	1	1	1
खालिपना	1	1	1
खाल्टोमा	1	1	1
खिगुहाङले	1	1	1
खिगुहोङ	1	1	1
खिगुहोङले	1	1	1
खिङ्	1	1	1
खिचेका	1	1	1
खिच्छन्	1	1	1
खिच्नुहोस्	1	1	1
खिच्ने	1	1	1
खिच्रो	1	1	1
खिड्की	1	1	1
खिन	1	1	1
खिमा	1	1	1
खिया	1	1	1
खिर्रो	1	1	1
खिलचिने	1	1	1
खिलाफ	1	1	1
खीर	1	1	1
खुकुलो	1	1	1
खुग्री	1	1	1
खुट्याउन	1	1	1
खुट्याए	1	1	1
खुड्किलोको	1	1	1
खुड्कीलोमा	1	1	1
खुदुनावारी	1	1	1
खुबीको	1	1	1
खुम	1	1	1
खुमरी	1	1	1
खुम्चाई	1	1	1
खुम्चिएर	1	1	1
खुम्बुआन	1	1	1
खुम्बुक्षेत्रमा	1	1	1
खुम्वु	1	1	1
खुरुखुरु	1	1	1
खुर्सानीको	1	1	1
खुलस्त	1	1	1
खुलाइदिनुहोला	1	1	1
खुलाउनु	1	1	1
खुलामञ्चबाट	1	1	1
खुलारूपमा	1	1	1
खुलाल	1	1	1
खुले	1	1	1
खुलेपछि	1	1	1
खुल्टो	1	1	1
खुल्दा	1	1	1
खुल्नेछ्न्	1	1	1
खुल्यो	1	1	1
खुल्लमखुल्ला	1	1	1
खुवाउँदा	1	1	1
खुवाउनाले	1	1	1
खुवाएपछि	1	1	1
खुशियाली	1	1	1
खुस	1	1	1
खुसरोकी	1	1	1
खुसरोको	1	1	1
खुसियालीमा	1	1	1
खुसीका	1	1	1
खुसीलाई	1	1	1
खुसीसित	1	1	1
खुसुक्क	1	1	1
खूबसूरती	1	1	1
खूबै	1	1	1
खेतको	1	1	1
खेतबारीको	1	1	1
खेतबारीमा	1	1	1
खेतमै	1	1	1
खेतान	1	1	1
खेतिका	1	1	1
खेतीकिसानीमा	1	1	1
खेतीको	1	1	1
खेतीखरानी	1	1	1
खेतीपातीमा	1	1	1
खेद्नका	1	1	1
खेरसमेत	1	1	1
खेलप्रेमीहरूका	1	1	1
खेलमैदानमा	1	1	1
खेलस्थलभित्र	1	1	1
खेलहरूको	1	1	1
खेलाइएपछि	1	1	1
खेलाडिहरू	1	1	1
खेलाडिहरूहरूमा	1	1	1
खेलाडीहरू	1	1	1
खेलाडीहरूको	1	1	1
खेलिँदैन	1	1	1
खेलौनादेखि	1	1	1
खेल्दथे	1	1	1
खेल्नकै	1	1	1
खेल्नु	1	1	1
खेल्नुपर्छ	1	1	1
खैंजडी	1	1	1
खैर	1	1	1
खैरहनी	1	1	1
खैरा	1	1	1
खैराना	1	1	1
खोकनातर्फ	1	1	1
खोकीमा	1	1	1
खोक्रा	1	1	1
खोजका	1	1	1
खोजभन्दा	1	1	1
खोजले	1	1	1
खोजहरूको	1	1	1
खोजहरूलाई	1	1	1
खोजाइसँग	1	1	1
खोजिरहेका	1	1	1
खोजीको	1	1	1
खोजीसम्म	1	1	1
खोजेहरू	1	1	1
खोज्छे	1	1	1
खोज्नसम्म	1	1	1
खोज्नुभएको	1	1	1
खोज्यो	1	1	1
खोट	1	1	1
खोटे	1	1	1
खोतल्दा	1	1	1
खोतल्ने	1	1	1
खोपडी	1	1	1
खोपीतर्फ	1	1	1
खोपीमा	1	1	1
खोपीमाथि	1	1	1
खोप्लाङ्ग	1	1	1
खोया	1	1	1
खोलाबाट	1	1	1
खोलामाथिको	1	1	1
खोलेका	1	1	1
खोलेनन्	1	1	1
खोल्नुहोस्	1	1	1
ख्याकको	1	1	1
ख्यालठट्टा	1	1	1
ख्याहा	1	1	1
ख्वप	1	1	1
ख्वाएर	1	1	1
ख्वारिज्मीको	1	1	1
गंगमतीका	1	1	1
गंगोत्री	1	1	1
गइरहन्थे	1	1	1
गइरहेका	1	1	1
गइरहेछन्	1	1	1
गएनन्	1	1	1
गओथेँ	1	1	1
गगन	1	1	1
गगौ	1	1	1
गङको	1	1	1
गङ्गटोक	1	1	1
गङ्गाजीको	1	1	1
गङ्गादेव	1	1	1
गङ्गानगर	1	1	1
गङ्गाबहादुर	1	1	1
गङ्गालक्ष्मी	1	1	1
गङ्गालाल	1	1	1
गङ्गास्नान	1	1	1
गङ्टुग	1	1	1
गङ्नजल	1	1	1
गच्छदारद्वारा	1	1	1
गजब	1	1	1
गजबको	1	1	1
गजलम	1	1	1
गजाको	1	1	1
गजाधर	1	1	1
गजुरमा	1	1	1
गजुरी	1	1	1
गजुरीटार	1	1	1
गजुरेल	1	1	1
गजो	1	1	1
गट्ठाघरमा	1	1	1
गठ्ठा	1	1	1
गड	1	1	1
गडफादर	1	1	1
गडबडीले	1	1	1
गडी	1	1	1
गढ	1	1	1
गढमुक्तेश्वर	1	1	1
गढवालका	1	1	1
गढवालको	1	1	1
गढहरूलाई	1	1	1
गणक	1	1	1
गणमध्ये	1	1	1
गणलाई	1	1	1
गणहरूका	1	1	1
गणाना	1	1	1
गणितग्यहरुले	1	1	1
गणितज्ञ	1	1	1
गणितले	1	1	1
गणितसम्बन्धी	1	1	1
गणितीज्ञ	1	1	1
गणेशक्रिया	1	1	1
गणेशचन्द्र	1	1	1
गणेशजीले	1	1	1
गतवर्ष	1	1	1
गतिकीको	1	1	1
गतिपरक	1	1	1
गतिभन्दा	1	1	1
गतिरोधमा	1	1	1
गतिलाई	1	1	1
गतिविधिबाट	1	1	1
गतिविधिबाहेक	1	1	1
गतिविधिलाई	1	1	1
गतिविधिहरूका	1	1	1
गतिविधीहरू	1	1	1
गतिविधीहरूले	1	1	1
गतिसँग	1	1	1
गदाधरको	1	1	1
गदारवारा	1	1	1
गद्दाफी	1	1	1
गद्दाफीको	1	1	1
गद्दि	1	1	1
गद्य	1	1	1
गद्यग्रन्थ	1	1	1
गधामा	1	1	1
गनिनुहुन्छ	1	1	1
गनिने	1	1	1
गन्तब्य	1	1	1
गन्तव्यले	1	1	1
गन्थीहरूमा	1	1	1
गन्धर्वकी	1	1	1
गन्धर्वहरू	1	1	1
गन्धर्वहरूको	1	1	1
गन्न	1	1	1
गम	1	1	1
गम्पको	1	1	1
गम्भिर	1	1	1
गम्भीरमान	1	1	1
गयाको	1	1	1
गयौ	1	1	1
गयौँ	1	1	1
गरकोमा	1	1	1
गरनर्ड	1	1	1
गरने	1	1	1
गरमीहरूलाई	1	1	1
गरवाना	1	1	1
गराइएका	1	1	1
गराइदिएको	1	1	1
गराइनाका	1	1	1
गराइन्	1	1	1
गराइरहेको	1	1	1
गराइराख्ने	1	1	1
गराउँदछ	1	1	1
गराउँदैछु	1	1	1
गराउनाले	1	1	1
गराउनुका	1	1	1
गराउनेछ	1	1	1
गराएरसमेत	1	1	1
गराऔं	1	1	1
गराने	1	1	1
गरार	1	1	1
गरिँदा	1	1	1
गरिंदैछ	1	1	1
गरिएकोछ	1	1	1
गरिएता	1	1	1
गरिएमा	1	1	1
गरिदिएछन्	1	1	1
गरिदिन्छन्	1	1	1
गरिनन्	1	1	1
गरिनमा	1	1	1
गरिनाले	1	1	1
गरिनेछन्	1	1	1
गरिन्छ।facebook	1	1	1
गरिबलाई	1	1	1
गरियोस	1	1	1
गरिरख्न	1	1	1
गरिररहेका	1	1	1
गरिरहन्छौँ	1	1	1
गरिरहन्छौं	1	1	1
गरिरहन्थे	1	1	1
गरिरहिन्	1	1	1
गरिरही	1	1	1
गरिरहेकी	1	1	1
गरिरहेछन्	1	1	1
गरिसकिएका	1	1	1
गरिसकेकि	1	1	1
गरिसक्ने	1	1	1
गरिहालिन्	1	1	1
गरिहाल्छ	1	1	1
गरिहाल्नुहोस्	1	1	1
गरीएकोले	1	1	1
गरीदिनुहोस्	1	1	1
गरीबगुरुबालाई	1	1	1
गरीबहरूलाई	1	1	1
गरीरहेका	1	1	1
गरुड	1	1	1
गरुडको	1	1	1
गरूडलाई	1	1	1
गरेँन	1	1	1
गरेअनुसार	1	1	1
गरेकाहरूले	1	1	1
गरेझैँ	1	1	1
गरेता	1	1	1
गरेतापनि	1	1	1
गरेपश्चात्	1	1	1
गरेबाट	1	1	1
गरोपीधिक	1	1	1
गर्गबाट	1	1	1
गर्छ्	1	1	1
गर्जा	1	1	1
गर्तङ	1	1	1
गर्तङखोला	1	1	1
गर्तौलाले	1	1	1
गर्दछ२०६१	1	1	1
गर्दथिए	1	1	1
गर्देन	1	1	1
गर्दैआएका	1	1	1
गर्दैहुनुहुन्छ	1	1	1
गर्नमै	1	1	1
गर्नाका	1	1	1
गर्नुअगावै	1	1	1
गर्नुपदर्छ	1	1	1
गर्नुपरेमा	1	1	1
गर्नुले	1	1	1
गर्नुहुने	1	1	1
गर्नुहोस	1	1	1
गर्नेछैन	1	1	1
गर्नेछौ	1	1	1
गर्नेतर्फ	1	1	1
गर्नेतिर	1	1	1
गर्नेवाला	1	1	1
गर्नेहरुका	1	1	1
गर्नेहरुको	1	1	1
गर्भगृह	1	1	1
गर्भगृहमा	1	1	1
गर्भपात	1	1	1
गर्भावस्था	1	1	1
गर्भाशयमा	1	1	1
गर्म	1	1	1
गर्मसिद्धान्तलाई	1	1	1
गर्महरूमा	1	1	1
गर्मिहरू	1	1	1
गर्मिहरूको	1	1	1
गर्मीऋतु	1	1	1
गर्मीमा	1	1	1
गर्योको	1	1	1
गर्यौ	1	1	1
गर्लफ्रेन्डसँगको	1	1	1
गर्वनेन्सलाई	1	1	1
गलकोटे	1	1	1
गलतमा	1	1	1
गलैँचामा	1	1	1
गल्तिहरू	1	1	1
गल्तीको	1	1	1
गल्तीलाई	1	1	1
गल्तीले	1	1	1
गल्ली	1	1	1
गल्लीको	1	1	1
गल्लीहरूमा	1	1	1
गवेषकहरू	1	1	1
गहतको	1	1	1
गहनतापूर्वक	1	1	1
गहनाको	1	1	1
गहनापोखरीको	1	1	1
गहमा	1	1	1
गहिराईले	1	1	1
गहिराथोकका	1	1	1
गहिरियो	1	1	1
गहिरीधारामा	1	1	1
गहिरोरूपमा	1	1	1
गहिरोसम्म	1	1	1
गहूँ	1	1	1
गह्रौँलाई	1	1	1
गह्वरीय	1	1	1
गाँजाबाट	1	1	1
गाँठागिर्खा	1	1	1
गाँव	1	1	1
गाँसियो	1	1	1
गाँस्छन्	1	1	1
गांगेय	1	1	1
गाइ	1	1	1
गाइजात्रामा	1	1	1
गाइडलाइनमा	1	1	1
गाइडेड	1	1	1
गाईकाने	1	1	1
गाईगोठसहित	1	1	1
गाईजात्राको	1	1	1
गाईड	1	1	1
गाईने	1	1	1
गाईपुरमा	1	1	1
गाईबस्तु	1	1	1
गाईबाट	1	1	1
गाईभैँसी	1	1	1
गाईवस्तुले	1	1	1
गाईवस्तुहरू	1	1	1
गाउँगाउँमा	1	1	1
गाउँघर	1	1	1
गाउँछ	1	1	1
गाउँछिन्	1	1	1
गाउँथे	1	1	1
गाउँदिनन्	1	1	1
गाउँभरि	1	1	1
गाउँमाथि	1	1	1
गागलफेदीको	1	1	1
गागा	1	1	1
गाग्रोसम्म	1	1	1
गाजा	1	1	1
गाजियाबादशँग	1	1	1
गाजीपुरसित	1	1	1
गाडामा	1	1	1
गाडीमा	1	1	1
गाडेर	1	1	1
गाडौली	1	1	1
गाड्नु	1	1	1
गाण्डीव	1	1	1
गाथ	1	1	1
गाद	1	1	1
गानाबजानामा	1	1	1
गानो	1	1	1
गान्तोकमा	1	1	1
गान्धर्व	1	1	1
गान्धीजीले	1	1	1
गाभ्न	1	1	1
गाभ्नुअगाडि	1	1	1
गायकले	1	1	1
गायत्री	1	1	1
गायनामा	1	1	1
गारतको	1	1	1
गारिएको	1	1	1
गारोको	1	1	1
गार्डेन	1	1	1
गार्हस्थ्य	1	1	1
गार्हैसँग	1	1	1
गालको	1	1	1
गालमा	1	1	1
गालीजङ्गाको	1	1	1
गाविसमध्ये	1	1	1
गाविस५	1	1	1
गि	1	1	1
गिँडेर	1	1	1
गिआर्दानो	1	1	1
गिगर	1	1	1
गिगाबाइट	1	1	1
गिगाहर्जसेकेन्डको	1	1	1
गिटार	1	1	1
गित	1	1	1
गितार	1	1	1
गिद्धेप्रेस	1	1	1
गिनीका	1	1	1
गिनेस	1	1	1
गिब्सन	1	1	1
गियर	1	1	1
गिरनारक्षेत्रलाई	1	1	1
गिरफतार	1	1	1
गिरफ्तारमा	1	1	1
गिरवारी	1	1	1
गिरावटआएको	1	1	1
गिरावटका	1	1	1
गिरीजाप्रसाद	1	1	1
गिर्खाले	1	1	1
गिर्ने	1	1	1
गिर्वाणयुद्ध	1	1	1
गिलो	1	1	1
गिल्मोर	1	1	1
गिवसन	1	1	1
गीतलाई	1	1	1
गीतव	1	1	1
गीतसङ्गीत	1	1	1
गीतहरूमा	1	1	1
गीतहरूले	1	1	1
गीतिकाव्यहरूको	1	1	1
गीतिकिताब	1	1	1
गीती	1	1	1
गीन	1	1	1
गु	1	1	1
गुँड	1	1	1
गुँडभित्रै	1	1	1
गुँदरी	1	1	1
गुगलको	1	1	1
गुच्छाहरूमा	1	1	1
गुज	1	1	1
गुजर	1	1	1
गुजरात	1	1	1
गुजरातीको	1	1	1
गुजुल्टो	1	1	1
गुज्रिरहेका	1	1	1
गुटकहरूलाई	1	1	1
गुठियारले	1	1	1
गुठियारहरूले	1	1	1
गुठीका	1	1	1
गुठीबाट	1	1	1
गुठीले	1	1	1
गुडेका	1	1	1
गुणनफलसँग	1	1	1
गुणनहरूको	1	1	1
गुणराज	1	1	1
गुणसूत्रीय	1	1	1
गुणस्तरीय	1	1	1
गुणहरूमा	1	1	1
गुण्डाले	1	1	1
गुण्डाहरूसहित	1	1	1
गुदा	1	1	1
गुदासम्बन्धी	1	1	1
गुदीयुक्त	1	1	1
गुदे	1	1	1
गुनासाहरू	1	1	1
गुनु	1	1	1
गुन्जनमा	1	1	1
गुन्जन्छ	1	1	1
गुन्जाउँदै	1	1	1
गुन्टुर	1	1	1
गुन्द्री	1	1	1
गुन्द्रुक	1	1	1
गुन्यू	1	1	1
गुप्तपूजा	1	1	1
गुप्तबास	1	1	1
गुप्तरूपले	1	1	1
गुप्तवासमा	1	1	1
गुप्ताङ्गमा	1	1	1
गुप्तेश्वरी	1	1	1
गुफाभित्रै	1	1	1
गुबारको	1	1	1
गुमाउदै	1	1	1
गुमाएपछि	1	1	1
गुमायो	1	1	1
गुम्नुको	1	1	1
गुम्बाका	1	1	1
गुम्बामध्ये	1	1	1
गुम्बामै	1	1	1
गुम्वा	1	1	1
गुरिल्ला	1	1	1
गुरुङहरूमा	1	1	1
गुरुचेला	1	1	1
गुरुजनहरूबाट	1	1	1
गुरुजीलाई	1	1	1
गुरुजुपल्टनको	1	1	1
गुरुत्वमापन	1	1	1
गुरुत्वाकर्षणका	1	1	1
गुरुत्वाकर्षणले	1	1	1
गुरुदक्षिणामा	1	1	1
गुरुदेव	1	1	1
गुरुद्वारहरूको	1	1	1
गुरुहरूको	1	1	1
गुरुहरूमा	1	1	1
गुरूच्चरणको	1	1	1
गुरूत्वकेन्द्रदेखि	1	1	1
गुरूत्वले	1	1	1
गुरूत्वाकर्षण	1	1	1
गुरूदेवबाट	1	1	1
गुरूपूर्णिमाका	1	1	1
गुरूमण्डल	1	1	1
गुरूसम	1	1	1
गुर्जा	1	1	1
गुर्जो	1	1	1
गुर्जोको	1	1	1
गुलजारी	1	1	1
गुलिमरी	1	1	1
गुलियोपनलाई	1	1	1
गुल्मीका	1	1	1
गुल्मीको	1	1	1
गुस्ताव	1	1	1
गुहा	1	1	1
गुहाम्य	1	1	1
गुह्यक	1	1	1
गुह्यकाली	1	1	1
गुह्यकाल्या	1	1	1
गुह्यश्वरी	1	1	1
गुह्येश्वरी	1	1	1
गृहका	1	1	1
गृहको	1	1	1
गृहणी	1	1	1
गृहनगर	1	1	1
गृहनजरबन्दीमा	1	1	1
गृहभूमि	1	1	1
गृहयुद्धका	1	1	1
गृहयुद्धबाट	1	1	1
गृहयुद्धमा	1	1	1
गृहस्थ	1	1	1
गृहस्थीको	1	1	1
गृहिणीका	1	1	1
गृहिणीको	1	1	1
गृहीत	1	1	1
गेओर्गी	1	1	1
गेगन	1	1	1
गेटवे	1	1	1
गेटेले	1	1	1
गेडही	1	1	1
गेडामा	1	1	1
गेडो	1	1	1
गेम	1	1	1
गेमसँग	1	1	1
गेरुकटि	1	1	1
गेरेका	1	1	1
गेल	1	1	1
गेलालले	1	1	1
गेलुगपा	1	1	1
गेस	1	1	1
गेस्चर्सको	1	1	1
गेहेन्द्रबहादुर	1	1	1
गैँडा	1	1	1
गैढाभेटपुर	1	1	1
गैब्रिएल	1	1	1
गैम्बियर	1	1	1
गैरआवासीय	1	1	1
गैरपरिकथा	1	1	1
गैरमुस्लिमले	1	1	1
गैरमूलबासिन्दा	1	1	1
गैरसङ्ख्यात्मक	1	1	1
गैरहाजिर	1	1	1
गैरहेको	1	1	1
गैराखेत	1	1	1
गैराखेतमा	1	1	1
गैरीगाउँमा	1	1	1
गैरीधारामा	1	1	1
गैरीबिसौना	1	1	1
गैलीपोलीमा	1	1	1
गैह्रागाउँको	1	1	1
गैह्रेद्वारा	1	1	1
गोंदिया	1	1	1
गोइङ्ग	1	1	1
गोकर्णले	1	1	1
गोकर्णी	1	1	1
गोकुण्डेश्वर	1	1	1
गोक्यो	1	1	1
गोगोई	1	1	1
गोचरमा	1	1	1
गोटीखेल	1	1	1
गोठधूप	1	1	1
गोठपानी	1	1	1
गोठबाट	1	1	1
गोठलाई	1	1	1
गोठालाको	1	1	1
गोठालालाई	1	1	1
गोठालाले	1	1	1
गोठे	1	1	1
गोतामकोट	1	1	1
गोतामे	1	1	1
गोत्रसमेत	1	1	1
गोत्री	1	1	1
गोदक	1	1	1
गोदबा	1	1	1
गोदावरीतिर	1	1	1
गोन्पाको	1	1	1
गोपकापाटन	1	1	1
गोपनिय	1	1	1
गोपनियता	1	1	1
गोपर्मा	1	1	1
गोपहरूले	1	1	1
गोपालआनन्द	1	1	1
गोपालजी	1	1	1
गोपालमान	1	1	1
गोपालवंशी	1	1	1
गोपालहरू	1	1	1
गोपी	1	1	1
गोपीबहादुर	1	1	1
गोपीराना	1	1	1
गोपीहरूलाई	1	1	1
गोफ	1	1	1
गोबडिया	1	1	1
गोबरडिहामा	1	1	1
गोबरबाट	1	1	1
गोबरमा	1	1	1
गोबर्धनदास	1	1	1
गोबर्धनदासलाई	1	1	1
गोबिंदपुर	1	1	1
गोबिन्द	1	1	1
गोब्र्याएको	1	1	1
गोमती	1	1	1
गोमनको	1	1	1
गोमन्त	1	1	1
गोमायु	1	1	1
गोमूत्र	1	1	1
गोमेज	1	1	1
गोमो	1	1	1
गोम्पाहरू	1	1	1
गोम्पाहरूमा	1	1	1
गोरखकाली	1	1	1
गोरखनाथ	1	1	1
गोरखाकै	1	1	1
गोरखाको	1	1	1
गोरखानाथ	1	1	1
गोरखाबाट	1	1	1
गोरस	1	1	1
गोराहरुलाई	1	1	1
गोरीका	1	1	1
गोरीले	1	1	1
गोरुगाडीका	1	1	1
गोरुजात्रा	1	1	1
गोरुतिहार	1	1	1
गोरेटाहरू	1	1	1
गोरेलाई	1	1	1
गोरौल	1	1	1
गोर्कीद्वारा	1	1	1
गोर्खाज	1	1	1
गोर्खाधर्म	1	1	1
गोर्खालीद्वारा	1	1	1
गोर्खालीसँग	1	1	1
गोर्खाल्यान्डमा	1	1	1
गोलकिपर	1	1	1
गोलबैठक	1	1	1
गोलभेडा	1	1	1
गोलले	1	1	1
गोलाइ	1	1	1
गोलाप्रथा	1	1	1
गोलालाई	1	1	1
गोलिआद्रोस	1	1	1
गोलीगाँठासम्म	1	1	1
गोल्डेन	1	1	1
गोल्फका	1	1	1
गोल्फमा	1	1	1
गोल्लुम	1	1	1
गोवर्धनको	1	1	1
गोवापुरी	1	1	1
गोवामा	1	1	1
गोविन्दपादको	1	1	1
गोवे	1	1	1
गोश्वाराले	1	1	1
गोष्ठि	1	1	1
गोष्ठी	1	1	1
गोहीको	1	1	1
गोहीहरू	1	1	1
गौँडा	1	1	1
गौँडाको	1	1	1
गौँथली	1	1	1
गौचनले	1	1	1
गौडपाद	1	1	1
गौडीय	1	1	1
गौतमजी	1	1	1
गौतमबाट	1	1	1
गौतमीले	1	1	1
गौमुखका	1	1	1
गौमुखदेखि	1	1	1
गौर	1	1	1
गौरवको	1	1	1
गौरवपूर्ण	1	1	1
गौरीशङ्खर	1	1	1
गौरीसँग	1	1	1
गौहाटीमा	1	1	1
ग्यलछ्यान	1	1	1
ग्यात्सो	1	1	1
ग्यात्सोको	1	1	1
ग्याम्बिटको	1	1	1
ग्यारीन	1	1	1
ग्यालरीमा	1	1	1
ग्यालिपोली	1	1	1
ग्यालिलियो	1	1	1
ग्यालिली	1	1	1
ग्यालेक्सीहरूको	1	1	1
ग्यालोलियो	1	1	1
ग्यासका	1	1	1
ग्य्राजुयट	1	1	1
ग्रन्थमाला	1	1	1
ग्रन्थहरु	1	1	1
ग्रन्थीका	1	1	1
ग्रन्थीबाट	1	1	1
ग्रन्थीले	1	1	1
ग्रहदेखि	1	1	1
ग्रहदोष	1	1	1
ग्रहबाट	1	1	1
ग्रहसँग	1	1	1
ग्रहसम्बन्धी	1	1	1
ग्रहहरूबारे	1	1	1
ग्रहहरूभन्दा	1	1	1
ग्रहहरूमध्ये	1	1	1
ग्रा	1	1	1
ग्राँक्षेत्र	1	1	1
ग्राण्डिफ्लोरा	1	1	1
ग्राफसहितको	1	1	1
ग्राममिटर	1	1	1
ग्रामसम्म	1	1	1
ग्रामसम्मको	1	1	1
ग्रामसेकन्डका	1	1	1
ग्रामसेवा	1	1	1
ग्रामोफोन	1	1	1
ग्रावेल	1	1	1
ग्रासिया	1	1	1
ग्राहकलाई	1	1	1
ग्राहकहरुमा	1	1	1
ग्राहस्त	1	1	1
ग्रिकबाट	1	1	1
ग्रिनस्याङ्क	1	1	1
ग्रीनल्यान्ड	1	1	1
ग्रीष्मको	1	1	1
ग्रूप	1	1	1
ग्रे	1	1	1
ग्रेगलाई	1	1	1
ग्रेटवाल	1	1	1
ग्रेडको	1	1	1
ग्रेडिङको	1	1	1
ग्रेहेडेड	1	1	1
ग्रैन्ड	1	1	1
ग्र्याफेनबर्ग	1	1	1
ग्लाइडर	1	1	1
ग्लावा	1	1	1
ग्लास्गोको	1	1	1
ग्लिमङ्ग	1	1	1
ग्लीलाई	1	1	1
ग्लूकोमीटर	1	1	1
ग्लोसरि	1	1	1
ग्वान्जु	1	1	1
ग्वालाका	1	1	1
ग्वालीचौर	1	1	1
घटकहरूमा	1	1	1
घटनाका	1	1	1
घटनाक्रमले	1	1	1
घटनाहरुका	1	1	1
घटनाहरुलाई	1	1	1
घटनाहरुले	1	1	1
घटनाहरूको	1	1	1
घटनाहरूबाट	1	1	1
घटनाहरूले	1	1	1
घटराज	1	1	1
घटाउनको	1	1	1
घटिरहन्छन्	1	1	1
घटीमा	1	1	1
घटेमा	1	1	1
घट्छ	1	1	1
घट्टा	1	1	1
घट्टेकुलोस्थित	1	1	1
घट्दछ	1	1	1
घट्दो	1	1	1
घट्नाहरू	1	1	1
घडेदेखि	1	1	1
घण्टामा	1	1	1
घण्टासम्म	1	1	1
घन	1	1	1
घनाकार	1	1	1
घनिष्ट	1	1	1
घन्टौँ	1	1	1
घमौरियाँ	1	1	1
घमौरी	1	1	1
घरआँगनसम्म	1	1	1
घरघरसम्म	1	1	1
घरतिर	1	1	1
घरदेखि	1	1	1
घरपरिवारले	1	1	1
घरपूजा	1	1	1
घरफर्केपछि	1	1	1
घरभाडा	1	1	1
घरमध्ये	1	1	1
घरमूली	1	1	1
घरयाइसी	1	1	1
घरले	1	1	1
घरवरपर	1	1	1
घरहरूपछि	1	1	1
घरहरूले	1	1	1
घराना	1	1	1
घरानाका	1	1	1
घर्ति	1	1	1
घलेक्क	1	1	1
घलेलाई	1	1	1
घस्रने	1	1	1
घाँटीभन्दा	1	1	1
घाँम	1	1	1
घाँसपात	1	1	1
घाइतेहरूका	1	1	1
घाइतेहरूको	1	1	1
घाउको	1	1	1
घाउलाई	1	1	1
घागो	1	1	1
घाटको	1	1	1
घाटलाई	1	1	1
घाटसरी	1	1	1
घाटाबाट	1	1	1
घाटीद्वारा	1	1	1
घाटीहरूको	1	1	1
घान्द्रुक	1	1	1
घामले	1	1	1
घायलहरूको	1	1	1
घिउसँग	1	1	1
घिन्ताङ्ग	1	1	1
घिसिन्छ	1	1	1
घुँक्कघुँक्क	1	1	1
घुईँचो	1	1	1
घुमाइ	1	1	1
घुमाइन्छ	1	1	1
घुमाईघुमाई	1	1	1
घुमिरहँदा	1	1	1
घुमिरहन	1	1	1
घुमिरहन्छन्	1	1	1
घुमिरहन्थे	1	1	1
घुमे	1	1	1
घुमेका	1	1	1
घुम्टाले	1	1	1
घुम्तीहरू	1	1	1
घुम्दैन	1	1	1
घुम्नेलाई	1	1	1
घुम्रिएका	1	1	1
घुरिएको	1	1	1
घुर्णन	1	1	1
घुर्रोमा	1	1	1
घुलनशील	1	1	1
घुसपैठियाहरूबाट	1	1	1
घुसाइ	1	1	1
घुसारी	1	1	1
घुसेर	1	1	1
घृणापात्र	1	1	1
घेरजस्तो	1	1	1
घेराबन्दी	1	1	1
घेरिएका	1	1	1
घेर्दैन	1	1	1
घैया	1	1	1
घैलाडुब्बा	1	1	1
घोक	1	1	1
घोकेर	1	1	1
घोक्नु	1	1	1
घोच्छ	1	1	1
घोटालाको	1	1	1
घोडगधा	1	1	1
घोडचढीको	1	1	1
घोडागाउँमा	1	1	1
घोडाघोडी	1	1	1
घोडालाई	1	1	1
घोत्लिएर	1	1	1
घोप्पा	1	1	1
घोरलको	1	1	1
घोर्थली	1	1	1
घोर्लीखरक	1	1	1
घोषणाअनुसार	1	1	1
घोषसँग	1	1	1
घ्याङ	1	1	1
घ्याम्पे	1	1	1
घ्यु	1	1	1
घ्युको	1	1	1
ङापा	1	1	1
च	1	1	1
चँदुवाको	1	1	1
चंगा	1	1	1
चकटि	1	1	1
चकित	1	1	1
चक्काजाम	1	1	1
चक्काजामको	1	1	1
चक्नाचुर	1	1	1
चक्रद्वारा	1	1	1
चक्रपथ	1	1	1
चक्रप्रसाद	1	1	1
चक्रव्यूहको	1	1	1
चक्रसँग	1	1	1
चक्षुको	1	1	1
चङ्गासरि	1	1	1
चङ्पारणदेखि	1	1	1
चङ्पारणलाई	1	1	1
चञ्चले	1	1	1
चटनी	1	1	1
चटामसी	1	1	1
चट्टानहरूको	1	1	1
चट्टाने	1	1	1
चट्टै	1	1	1
चडन	1	1	1
चढाइँदैन	1	1	1
चढाइएको	1	1	1
चढाइदिइन्	1	1	1
चढाइदिनु	1	1	1
चढाउँछ	1	1	1
चढाउँछन्	1	1	1
चढाउँदै	1	1	1
चढाउनका	1	1	1
चढाउनलाई	1	1	1
चढाएछन्	1	1	1
चढाएपछि	1	1	1
चढावको	1	1	1
चढिन्	1	1	1
चढिसकेपछि	1	1	1
चढी	1	1	1
चढ्छ	1	1	1
चढ्नु	1	1	1
चढ्नुपर्छ	1	1	1
चण्ड	1	1	1
चतरा	1	1	1
चतुदर्शी	1	1	1
चतुर्थी	1	1	1
चतुर्भुज	1	1	1
चद्रमा	1	1	1
चन्डीगढ	1	1	1
चन्डीगढबाट	1	1	1
चन्दननाथले	1	1	1
चन्दनसिंहद्वारा	1	1	1
चन्दलाई	1	1	1
चन्द्रकोटे	1	1	1
चन्द्रगुप्त	1	1	1
चन्द्रनिगापुर	1	1	1
चन्द्रनिगाहपुर	1	1	1
चन्द्रपथसँग	1	1	1
चन्द्रबहादुर	1	1	1
चन्द्रमणिजी	1	1	1
चन्द्रमासँग	1	1	1
चन्द्रमौली	1	1	1
चन्द्रलालपुर	1	1	1
चन्द्रवंशिहरूका	1	1	1
चन्द्रशेखरको	1	1	1
चन्द्रसम्शेरका	1	1	1
चन्द्रसेनका	1	1	1
चन्द्रहरू	1	1	1
चन्द्रागिरी	1	1	1
चपटा	1	1	1
चपस्टिकले	1	1	1
चपाईचपाई	1	1	1
चपाउन	1	1	1
चपेटामा	1	1	1
चप्पल	1	1	1
चबरहरू	1	1	1
चबुतरमा	1	1	1
चमकीलो	1	1	1
चमत्कारिक	1	1	1
चमत्कारी	1	1	1
चम्पापुर	1	1	1
चम्पारण	1	1	1
चम्पे	1	1	1
चम्सुरको	1	1	1
चयनको	1	1	1
चयनले	1	1	1
चरणक्षेत्र	1	1	1
चरणसम्मको	1	1	1
चरणहरू	1	1	1
चरणहरूमा	1	1	1
चरत्रिवान	1	1	1
चरमपन्थीलाई	1	1	1
चरमपन्थीले	1	1	1
चरवाहहरू	1	1	1
चराउन	1	1	1
चराउनेहरूको	1	1	1
चराचरको	1	1	1
चरालाई	1	1	1
चराहरूलाई	1	1	1
चरिअमिलो	1	1	1
चरिकोटबाट	1	1	1
चरित	1	1	1
चरितमानस	1	1	1
चरितार्थ	1	1	1
चरित्रगत	1	1	1
चरित्रबल	1	1	1
चरित्रले	1	1	1
चरित्रहीन	1	1	1
चरीकोट	1	1	1
चरीनङ्ग्रे	1	1	1
चरेस	1	1	1
चरेसको	1	1	1
चरौँदी	1	1	1
चर्किसकेको	1	1	1
चर्चालाई	1	1	1
चर्चासँग	1	1	1
चर्चिल	1	1	1
चर्चिलसँग	1	1	1
चर्तुदशीका	1	1	1
चलखेलका	1	1	1
चलचित्रकी	1	1	1
चलचित्रघरको	1	1	1
चलचित्रदेखि	1	1	1
चलचित्रप्रति	1	1	1
चलचित्रबाट	1	1	1
चलचित्रहरूले	1	1	1
चलनको	1	1	1
चलनमा	1	1	1
चलाइएका	1	1	1
चलाइन्	1	1	1
चलाइन्छ	1	1	1
चलाइन्थ्यो	1	1	1
चलाइयो	1	1	1
चलाइरहेका	1	1	1
चलाइरह्यो	1	1	1
चलाइराखेको	1	1	1
चलाउनमा	1	1	1
चलाउनुभयो	1	1	1
चलाउनेको	1	1	1
चलाएता	1	1	1
चलिरहयो	1	1	1
चलेन	1	1	1
चलेपछि	1	1	1
चल्तिको	1	1	1
चल्तीका	1	1	1
चल्तीफिर्ती	1	1	1
चल्तीमा	1	1	1
चल्दछन्	1	1	1
चल्दैछ	1	1	1
चल्ला	1	1	1
चस्स	1	1	1
चहकिला	1	1	1
चहार्ने	1	1	1
चहेती	1	1	1
चाँगु	1	1	1
चाँगुमा	1	1	1
चाँचरी	1	1	1
चाँपलाई	1	1	1
चाँर	1	1	1
चाँहि	1	1	1
चांखुको	1	1	1
चाइहुवावासम्मका	1	1	1
चाओस	1	1	1
चाकुरा	1	1	1
चाक्लो	1	1	1
चाख	1	1	1
चाखून्	1	1	1
चाख्छन्	1	1	1
चाख्नै	1	1	1
चाट	1	1	1
चाटेको	1	1	1
चाट्ने	1	1	1
चाडपर्वहरूमध्ये	1	1	1
चाण्डाल	1	1	1
चातुर्यका	1	1	1
चातुर्यताका	1	1	1
चानचुने	1	1	1
चान्सलरद्वारा	1	1	1
चापाकोट	1	1	1
चापाकोत	1	1	1
चापागाईँका	1	1	1
चाबहिलस्थित	1	1	1
चामेटार	1	1	1
चाय	1	1	1
चारओटा	1	1	1
चारकोस	1	1	1
चारचार	1	1	1
चारजनाले	1	1	1
चारतारे	1	1	1
चारनाले	1	1	1
चारभागको	1	1	1
चारु	1	1	1
चारू	1	1	1
चारैतिरको	1	1	1
चारैदिशामा	1	1	1
चार्ल्सको	1	1	1
चालकहरूका	1	1	1
चालचलन	1	1	1
चालचलनमा	1	1	1
चालचलनलाई	1	1	1
चालीस	1	1	1
चालुक्य	1	1	1
चालुक्यहरूले	1	1	1
चालू	1	1	1
चालेनन	1	1	1
चाल्नु	1	1	1
चाल्नुपर्ने	1	1	1
चाल्नैपर्ने	1	1	1
चावल	1	1	1
चावहिलमा	1	1	1
चावाकलाक	1	1	1
चासकल्सन	1	1	1
चाहँदैमा	1	1	1
चाहदैनौँ	1	1	1
चाहनुभएको	1	1	1
चाहनुहुँदैछ	1	1	1
चाहनेहरूलाई	1	1	1
चाहन्छौं	1	1	1
चाहा	1	1	1
चाहान्थे	1	1	1
चाहान्थ्यो	1	1	1
चाहिँन	1	1	1
चाहेअनुरूपको	1	1	1
चाहेकै	1	1	1
चाहेनन्	1	1	1
चिउवा	1	1	1
चिक	1	1	1
चिकित्सकलाई	1	1	1
चिकित्सकहरूको	1	1	1
चिकित्सामा	1	1	1
चिकित्सालयहरूका	1	1	1
चिकित्साविशेषको	1	1	1
चिकित्साशास्त्री	1	1	1
चिकित्साहरूको	1	1	1
चिक्कार	1	1	1
चिक्ड	1	1	1
चिज	1	1	1
चिजभित्र	1	1	1
चिजलाई	1	1	1
चिजहरूमा	1	1	1
चिजहरूलाई	1	1	1
चिट्ठी	1	1	1
चिठीमात्र	1	1	1
चिडिपानी	1	1	1
चितवनबाट	1	1	1
चिताउन	1	1	1
चित्तार्कषक	1	1	1
चित्तौड़गढ	1	1	1
चित्रकचरी	1	1	1
चित्रकथा	1	1	1
चित्रकारहरूको	1	1	1
चित्रकारिताको	1	1	1
चित्रकुकुरबारे	1	1	1
चित्रकूट	1	1	1
चित्रगुप्तका	1	1	1
चित्रगुप्तलाई	1	1	1
चित्रपट्टि	1	1	1
चित्रबहादुर	1	1	1
चित्रसहित	1	1	1
चित्रहरूसँग	1	1	1
चित्रांकन	1	1	1
चित्रेथाम	1	1	1
चित्रेमा	1	1	1
चित्लाङबाट	1	1	1
चिनजान	1	1	1
चिनाइ	1	1	1
चिनाइने	1	1	1
चिनाउनुपर्ने	1	1	1
चिनारीको	1	1	1
चिनारीसँग	1	1	1
चिनिई	1	1	1
चिनियाँहरू	1	1	1
चिनियाँहरूका	1	1	1
चिनियाँहरूद्वारा	1	1	1
चिनेजानेका	1	1	1
चिनो	1	1	1
चिन्डोकै	1	1	1
चिन्तन्सिल	1	1	1
चिन्तामा	1	1	1
चिन्दथेँ	1	1	1
चिन्नुभयो	1	1	1
चिन्हहरू	1	1	1
चिप	1	1	1
चिपको	1	1	1
चिपचिपा	1	1	1
चिप्पावा	1	1	1
चिप्लेकीराहरू	1	1	1
चिफलीको	1	1	1
चिफलीले	1	1	1
चिफ्	1	1	1
चिम्टाइलो	1	1	1
चिम्टी	1	1	1
चिम्डी	1	1	1
चिम्तन	1	1	1
चिम्नी	1	1	1
चिम्पु	1	1	1
चिम्पुको	1	1	1
चिम्पुलाई	1	1	1
चियाका	1	1	1
चियाको	1	1	1
चियापत्ति	1	1	1
चियोदा	1	1	1
चिरन्जीवीहरू	1	1	1
चिरा	1	1	1
चिर्तुङधारा	1	1	1
चिलको	1	1	1
चिलिङदिनको	1	1	1
चिल्खाया	1	1	1
चिल्लागढ	1	1	1
चिसापानीमा	1	1	1
चिसोस्थानमा	1	1	1
चिहानमाथि	1	1	1
चिह्नहरूले	1	1	1
चिह्नित	1	1	1
चीजले	1	1	1
चीजहरू	1	1	1
चीनका	1	1	1
चीनको	1	1	1
चीनबाट	1	1	1
चीनी	1	1	1
चीफलीको	1	1	1
चीर	1	1	1
चील	1	1	1
चुइयाँ	1	1	1
चुओ	1	1	1
चुकाइने	1	1	1
चुकाउनु	1	1	1
चुक्ने	1	1	1
चुङबाङ	1	1	1
चुचुरोको	1	1	1
चुचुरोसम्म	1	1	1
चुड्का	1	1	1
चुत्रो	1	1	1
चुदरी	1	1	1
चुनाउमा	1	1	1
चुनावपत्रबाट	1	1	1
चुनावहरू	1	1	1
चुनावहरूका	1	1	1
चुनावहरूको	1	1	1
चुनिनुभयो	1	1	1
चुनिन्छन्	1	1	1
चुनेको	1	1	1
चुनैती	1	1	1
चुनौति	1	1	1
चुनौतीको	1	1	1
चुनौतीपूर्ण	1	1	1
चुन्दछ	1	1	1
चुन्ने	1	1	1
चुप	1	1	1
चुम्नुभएको	1	1	1
चुम्बक	1	1	1
चुम्बकिय	1	1	1
चुर	1	1	1
चुरेको	1	1	1
चुरेन	1	1	1
चुलालाई	1	1	1
चुलियो	1	1	1
चुलेत्रो	1	1	1
चुलो	1	1	1
चुल्ठी	1	1	1
चुल्या	1	1	1
चुसाउँदा	1	1	1
चुसाउनु	1	1	1
चुसाए	1	1	1
चुसानमा	1	1	1
चू	1	1	1
चूक	1	1	1
चूर्णको	1	1	1
चेकमा	1	1	1
चेचकको	1	1	1
चेतनाथ	1	1	1
चेतनाबाट	1	1	1
चेतनायुक्त	1	1	1
चेतावनीको	1	1	1
चेतिसकेर	1	1	1
चेन्नइ	1	1	1
चेरनेटादेखि	1	1	1
चेरनेटाबाट	1	1	1
चेरसाम्राज्यसँग	1	1	1
चेर्मादिङ	1	1	1
चेलीको	1	1	1
चेलीबाट	1	1	1
चेलीबेटीहरूको	1	1	1
चेस	1	1	1
चैँ	1	1	1
चैतको	1	1	1
चैतन्यको	1	1	1
चैत्यमा	1	1	1
चैत्राष्टमीको	1	1	1
चैनपुरमा	1	1	1
चोइहीलाई	1	1	1
चोकिला	1	1	1
चोटले	1	1	1
चोटि	1	1	1
चोटीमा	1	1	1
चोपडाको	1	1	1
चोपयुक्त	1	1	1
चोरबाजारमा	1	1	1
चोरमारा	1	1	1
चोरलाई	1	1	1
चोराकोयलपुरको	1	1	1
चोर्नीको	1	1	1
चोर्नु	1	1	1
चोल	1	1	1
चोहर्वाका	1	1	1
चौँथोमा	1	1	1
चौँरीलाई	1	1	1
चौकीडाँडाको	1	1	1
चौकीमा	1	1	1
चौकोर	1	1	1
चौकोसको	1	1	1
चौखट	1	1	1
चौखमको	1	1	1
चौखवाङ	1	1	1
चौखाम	1	1	1
चौडण्डी	1	1	1
चौडाइभन्दा	1	1	1
चौडाई	1	1	1
चौतराथुमअन्तर्गत	1	1	1
चौतरियहरू	1	1	1
चौतरिया	1	1	1
चौतारीया	1	1	1
चौथे	1	1	1
चौधारी	1	1	1
चौधौं	1	1	1
चौबीसै	1	1	1
चौबीसौँ	1	1	1
चौभानमै	1	1	1
चौमाला	1	1	1
चौरजहरी	1	1	1
चौरजहरीको	1	1	1
चौरीको	1	1	1
चौरीखर्क	1	1	1
चौलागाईद्वारा	1	1	1
चौलानि	1	1	1
चौलाहीको	1	1	1
चौवास	1	1	1
च्छोरोल्पा	1	1	1
च्याउको	1	1	1
च्याउबजाल	1	1	1
च्याखुरा	1	1	1
च्याङ	1	1	1
च्याटिङ	1	1	1
च्यातिन्छ	1	1	1
च्यातेर	1	1	1
च्यानलबाट	1	1	1
च्यानलमा	1	1	1
च्यापुवाहरूमा	1	1	1
च्याप्प	1	1	1
च्यामा	1	1	1
च्याम्पटीको	1	1	1
च्याम्पटीले	1	1	1
च्याम्पटीसँग	1	1	1
च्याम्पियनसिपको	1	1	1
च्याम्राङबेसी	1	1	1
च्याम्राङबेसीको	1	1	1
च्याम्वर्स	1	1	1
च्यारिटी	1	1	1
च्यावा	1	1	1
च्यास्मिटार	1	1	1
च्यास्मिटारको	1	1	1
च्य्ङली	1	1	1
च्वासका	1	1	1
च्व्यनराज	1	1	1
छचल्किन्छ	1	1	1
छटाले	1	1	1
छटाहरूको	1	1	1
छटौल	1	1	1
छड	1	1	1
छडनुमा	1	1	1
छतरपुर	1	1	1
छतराको	1	1	1
छतवा	1	1	1
छतहरूसंग	1	1	1
छतोना	1	1	1
छतोनाको	1	1	1
छत्तरपुर	1	1	1
छत्तीस	1	1	1
छत्थरे	1	1	1
छत्रगञ्ज	1	1	1
छत्रछायाँ	1	1	1
छत्रपाटी	1	1	1
छत्राकार	1	1	1
छत्रे	1	1	1
छथामको	1	1	1
छद	1	1	1
छदा	1	1	1
छदै	1	1	1
छनक	1	1	1
छन्दश	1	1	1
छन्दश्	1	1	1
छन्दोबद्ध	1	1	1
छन्दोहार	1	1	1
छपराका	1	1	1
छपरीको	1	1	1
छपाएर	1	1	1
छब्बीसौँ	1	1	1
छमेलको	1	1	1
छम्पीको	1	1	1
छर्किइन्छ	1	1	1
छर्छरी	1	1	1
छर्दै	1	1	1
छर्न	1	1	1
छलद्वारा	1	1	1
छलफलपछि	1	1	1
छलहरूको	1	1	1
छलाङ	1	1	1
छव	1	1	1
छविराज	1	1	1
छविहरूलाई	1	1	1
छहाल	1	1	1
छाँटको	1	1	1
छाँया	1	1	1
छाँयालाई	1	1	1
छाइरहे	1	1	1
छाई	1	1	1
छाउ	1	1	1
छाउपडीमा	1	1	1
छाउमा	1	1	1
छाउराछाउरी	1	1	1
छाङ	1	1	1
छाङको	1	1	1
छाडियो	1	1	1
छाडेँ	1	1	1
छाडेका	1	1	1
छाड्	1	1	1
छाड्नका	1	1	1
छाड्नुभएन	1	1	1
छाड्नुभयो	1	1	1
छाते	1	1	1
छात्रकला	1	1	1
छात्रछात्रा	1	1	1
छात्रदूत	1	1	1
छात्रबृत्तिको	1	1	1
छात्रवाणी	1	1	1
छात्रवृत्तिको	1	1	1
छात्रहरूद्वारा	1	1	1
छानामुनी	1	1	1
छानाहरूबाट	1	1	1
छान्नुहोला	1	1	1
छापमा	1	1	1
छापरि	1	1	1
छापाखाना	1	1	1
छापाहिले	1	1	1
छापाहिलेको	1	1	1
छापिएका	1	1	1
छापिदिएको	1	1	1
छापिन्छन्	1	1	1
छाप्छौँ	1	1	1
छाबडाको	1	1	1
छाम	1	1	1
छायाँग्रहको	1	1	1
छायाँले	1	1	1
छायाग्रह	1	1	1
छालको	1	1	1
छालाबाट	1	1	1
छालासँग	1	1	1
छि	1	1	1
छिचल्छ	1	1	1
छिचोलेको	1	1	1
छिचोल्यो	1	1	1
छिछि	1	1	1
छिछिको	1	1	1
छिट्यै	1	1	1
छिनभरमा	1	1	1
छिनमखुको	1	1	1
छिनमा	1	1	1
छिनासम्म	1	1	1
छिनेको	1	1	1
छिन्ताङमा	1	1	1
छिन्ताड	1	1	1
छिन्तापु	1	1	1
छिन्नभिन्न	1	1	1
छिन्नमस्ताको	1	1	1
छिन्नमस्ताभित्रको	1	1	1
छिन्यौ	1	1	1
छिपगाडा	1	1	1
छिपगाडाको	1	1	1
छिपछिपेको	1	1	1
छिपागढ	1	1	1
छिमानन्द	1	1	1
छिमेकीका	1	1	1
छिमेकीको	1	1	1
छिमेकीलाई	1	1	1
छिम्केस्वर	1	1	1
छियाछिया	1	1	1
छिरिङरितार	1	1	1
छिरिङले	1	1	1
छिरिसकेका	1	1	1
छिरी	1	1	1
छिरूवा	1	1	1
छिर्केमिर्के	1	1	1
छिल्लिकोटे	1	1	1
छिवाडको	1	1	1
छिस्तीको	1	1	1
छुँदा	1	1	1
छुइगु	1	1	1
छुई	1	1	1
छुचुन्द्रोलाई	1	1	1
छुटकरा	1	1	1
छुटपुट	1	1	1
छुटाउँदै	1	1	1
छुटाउने	1	1	1
छुटे	1	1	1
छुटेँ	1	1	1
छुटेर	1	1	1
छुट्कारा	1	1	1
छुट्टाइ	1	1	1
छुट्टाइदियो	1	1	1
छुट्टिएका	1	1	1
छुट्टिएको	1	1	1
छुट्टिन्छन्	1	1	1
छुट्टीई	1	1	1
छुट्टीको	1	1	1
छुट्ट्याउने	1	1	1
छुट्दछ	1	1	1
छुट्नु	1	1	1
छुट्याउँदछ	1	1	1
छुट्याउँन	1	1	1
छुट्याउनै	1	1	1
छुत	1	1	1
छुमचौर	1	1	1
छुरा	1	1	1
छुरी	1	1	1
छेउछाउतिर	1	1	1
छेउछाउमै	1	1	1
छेउतिर	1	1	1
छेउपट्टि	1	1	1
छेऊमा	1	1	1
छेकेर	1	1	1
छेडी	1	1	1
छेडे	1	1	1
छेडेको	1	1	1
छेडेर	1	1	1
छेत्रीलगायतको	1	1	1
छेपाडी	1	1	1
छेपाराहरू	1	1	1
छेपारोको	1	1	1
छेर्मादिङ	1	1	1
छेलिएका	1	1	1
छेस्कम	1	1	1
छेस्कमको	1	1	1
छैठौ	1	1	1
छैठौं	1	1	1
छैन?	1	1	1
छैमल	1	1	1
छोइङबाट	1	1	1
छोई	1	1	1
छोएमा	1	1	1
छोकडाको	1	1	1
छोटेलाल	1	1	1
छोट्याउन	1	1	1
छोट्याएनन्	1	1	1
छोडदिए	1	1	1
छोडनु	1	1	1
छोडिदियो	1	1	1
छोडिदे	1	1	1
छोडीएको	1	1	1
छोडेका	1	1	1
छोड्दछन्	1	1	1
छोड्दैन	1	1	1
छोड्नै	1	1	1
छोदन	1	1	1
छोन्हुपको	1	1	1
छोपिन्छ	1	1	1
छोपेको	1	1	1
छोरम्बु	1	1	1
छोराबाट	1	1	1
छोरीज्वाइँ	1	1	1
छोरीपट्टिका	1	1	1
छोरीहरु	1	1	1
छोरीहरुले	1	1	1
छोरीहरूलाई	1	1	1
छोरै	1	1	1
छोरोलाई	1	1	1
छोसेरको	1	1	1
छ्ड्के	1	1	1
छ्दछ	1	1	1
छ्दछन्	1	1	1
छ्याछ्या	1	1	1
छ्योयलिङ्ग	1	1	1
जंकोट	1	1	1
जंगी	1	1	1
जंगीलाठ	1	1	1
जंङ्गबहादुर	1	1	1
जंजीरमा	1	1	1
जकात	1	1	1
जगतगुरु	1	1	1
जगतबहादुर	1	1	1
जगतमाता	1	1	1
जगतवन्धु	1	1	1
जगतै	1	1	1
जगत्मा	1	1	1
जगत्वन्धु	1	1	1
जगदम्बाकुमारीदेवी	1	1	1
जगदम्बाले	1	1	1
जगर	1	1	1
जगलग्नको	1	1	1
जगाइ	1	1	1
जगाउन	1	1	1
जगाऊ	1	1	1
जगेडा	1	1	1
जगेरा	1	1	1
जग्गालाई	1	1	1
जघन्य	1	1	1
जङ्कसन	1	1	1
जङ्कोट	1	1	1
जङ्कोत	1	1	1
जङ्क्सन	1	1	1
जङ्गबगादुर	1	1	1
जङ्गबगादुरका	1	1	1
जङ्गबगादुरको	1	1	1
जङ्गबहादुरकै	1	1	1
जङ्गबाहदुर	1	1	1
जङ्गलतिर	1	1	1
जङ्गलबाट	1	1	1
जङ्गलै	1	1	1
जङ्गिँदै	1	1	1
जङ्गिर	1	1	1
जज्बा	1	1	1
जटासहितका	1	1	1
जटिलताहरूलाई	1	1	1
जटील	1	1	1
जडबुद्ध	1	1	1
जडिबुटीहरूलाई	1	1	1
जतापट्टिको	1	1	1
जताभावी	1	1	1
जतिकै	1	1	1
जतिजति	1	1	1
जतिबेलासम्म	1	1	1
जनअधिकारका	1	1	1
जनआन्दोलनलाई	1	1	1
जनउत्थान	1	1	1
जनककी	1	1	1
जनकपुरको	1	1	1
जनकपुरक्षेत्र	1	1	1
जनकपुरदेखी	1	1	1
जनकपुरधामका	1	1	1
जनकप्रसादको	1	1	1
जनकलाललाई	1	1	1
जनकविकेशरी	1	1	1
जनकहरू	1	1	1
जनका	1	1	1
जनकारी	1	1	1
जनगणनाको	1	1	1
जनचाहना	1	1	1
जनजातिमध्ये	1	1	1
जनजातिसहित	1	1	1
जनजाती	1	1	1
जनजिब्रोमा	1	1	1
जनजीवनलाई	1	1	1
जनतन्त्रमा	1	1	1
जनताहरूमा	1	1	1
जनताहरूसँग	1	1	1
जनन	1	1	1
जननकोशिकाहरू	1	1	1
जननिर्वाचन	1	1	1
जननेको	1	1	1
जनपक्षीय	1	1	1
जनपरिषद्को	1	1	1
जनप्रतिनीधि	1	1	1
जनप्रदर्शन	1	1	1
जनप्रदर्शनको	1	1	1
जनप्रदर्शनहरूलाई	1	1	1
जनभाषाहरूमा	1	1	1
जनमतका	1	1	1
जनमतमा	1	1	1
जनमतसंग्रह	1	1	1
जनमतसंग्रहद्वारा	1	1	1
जनमार्ग	1	1	1
जनयुद्धमै	1	1	1
जनवरी१९६८	1	1	1
जनवादको	1	1	1
जनवारलाई	1	1	1
जनविकास	1	1	1
जनव्यवहारमा	1	1	1
जनशक्तिलाई	1	1	1
जनशक्तिले	1	1	1
जनश्रुतिका	1	1	1
जनसँख्याको	1	1	1
जनसङ्ख्याभित्र	1	1	1
जनसङ्ख्यामा	1	1	1
जनसङ्ख्यालाई	1	1	1
जनसङ्या	1	1	1
जनसभा	1	1	1
जनसम्पर्क	1	1	1
जनसम्पर्कको	1	1	1
जनसरकारकै	1	1	1
जनसरकारको	1	1	1
जनसहभागिताको	1	1	1
जनसाङ्खिक	1	1	1
जनसाधारणसम्म	1	1	1
जनसेवा	1	1	1
जनस्तरमा	1	1	1
जनहीत	1	1	1
जनाइन्छ	1	1	1
जनाइन्थ्यो	1	1	1
जनाई	1	1	1
जनाउँथ्यो	1	1	1
जनाउँदा	1	1	1
जनाउँदै	1	1	1
जनाउनु	1	1	1
जनाधिकार	1	1	1
जनामध्ये	1	1	1
जनामात्र	1	1	1
जनार्दन	1	1	1
जनावरबाट	1	1	1
जनावरहरूमा	1	1	1
जनावरी	1	1	1
जनित	1	1	1
जन्तरे	1	1	1
जन्मँदै	1	1	1
जन्मका	1	1	1
जन्मकुण्डलीको	1	1	1
जन्मदाता	1	1	1
जन्मना	1	1	1
जन्मनासाथ	1	1	1
जन्मनुभएको	1	1	1
जन्मपत्रिका	1	1	1
जन्मभूमि	1	1	1
जन्ममिति	1	1	1
जन्मलिने	1	1	1
जन्मसम	1	1	1
जन्मसमय	1	1	1
जन्माएका	1	1	1
जन्मान्तर	1	1	1
जन्मिँदैनन्	1	1	1
जन्मिन	1	1	1
जन्मेँ	1	1	1
जन्मोत्सव	1	1	1
जप्छ	1	1	1
जप्ने	1	1	1
जफ	1	1	1
जफर	1	1	1
जबजलाई	1	1	1
जबरजस्ती	1	1	1
जबरालाई	1	1	1
जबरासँग	1	1	1
जबर्दश्त	1	1	1
जबलपुर	1	1	1
जबान	1	1	1
जबाल	1	1	1
जब्सलाई	1	1	1
जमदग्नी	1	1	1
जमदग्नीलाई	1	1	1
जमनालाल	1	1	1
जमलको	1	1	1
जमाउनु	1	1	1
जमाएको	1	1	1
जमातलाई	1	1	1
जमानमा	1	1	1
जमाना	1	1	1
जमाल	1	1	1
जमिनमुनि	1	1	1
जमिन्दार	1	1	1
जमीन	1	1	1
जमीनबाटै	1	1	1
जमुनाकै	1	1	1
जमेकोले	1	1	1
जम्काभेट	1	1	1
जम्नुअघि	1	1	1
जम्भासुरको	1	1	1
जम्माजम्मी	1	1	1
जम्मै	1	1	1
जयगानमा	1	1	1
जयजयकार	1	1	1
जयदेव	1	1	1
जयन्द्रथ	1	1	1
जयराज	1	1	1
जयसवालले	1	1	1
जयसिंहराम	1	1	1
जयसिंहले	1	1	1
जरायो	1	1	1
जरेखोला	1	1	1
जर्जियामा	1	1	1
जर्जी	1	1	1
जर्नालिजममा	1	1	1
जर्नालिज्म	1	1	1
जर्नेलहरूलाई	1	1	1
जर्मनमा	1	1	1
जर्मनीका	1	1	1
जर्मनीदेखि	1	1	1
जर्मनीबाट	1	1	1
जलका	1	1	1
जलक्रिडा	1	1	1
जलक्षेत्र	1	1	1
जलपाइगडी	1	1	1
जलपाईगुडी	1	1	1
जलपूर्ण	1	1	1
जलप्रदूषण	1	1	1
जलप्रवाह	1	1	1
जलप्रवाहित	1	1	1
जलभृत	1	1	1
जलभृत्तहरू	1	1	1
जलयानलाई	1	1	1
जलरङ्कको	1	1	1
जलराशिको	1	1	1
जलवायुका	1	1	1
जलवायुको	1	1	1
जलविज्ञान	1	1	1
जलश्रोतको	1	1	1
जलसन्तृप्त	1	1	1
जलस्थान	1	1	1
जलाइदिए	1	1	1
जलाइसकेपछि	1	1	1
जलाएर	1	1	1
जलाधार	1	1	1
जलाधारको	1	1	1
जलोदर	1	1	1
जल्दी	1	1	1
जवडी	1	1	1
जवानहरूलाई	1	1	1
जवानी	1	1	1
जवानीका	1	1	1
जवाफदेहीता	1	1	1
जवाहरात	1	1	1
जसकारण	1	1	1
जसतर्फ	1	1	1
जसप्रकार	1	1	1
जसप्रति	1	1	1
जसमध्येको	1	1	1
जसमाथि	1	1	1
जसमार्फत	1	1	1
जसराज	1	1	1
जसै	1	1	1
जस्ती	1	1	1
जस्तोको	1	1	1
जस्ले	1	1	1
जहदीको	1	1	1
जहाँगिर	1	1	1
जहाँनिया	1	1	1
जहाजबाट	1	1	1
जहाजहरू	1	1	1
जहारी	1	1	1
जाँगरको	1	1	1
जाँगरिला	1	1	1
जाँघ	1	1	1
जाँचको	1	1	1
जाँचियो	1	1	1
जाँच्दा	1	1	1
जाँच्नु	1	1	1
जाँतामा	1	1	1
जाँते	1	1	1
जाइगोमेटिक	1	1	1
जाइजेन्टेक्टिस	1	1	1
जाइलाग्यो	1	1	1
जाई	1	1	1
जाउ	1	1	1
जाउलाखेल	1	1	1
जाऊँ	1	1	1
जाकिया	1	1	1
जाकी	1	1	1
जागरणका	1	1	1
जागरूकता	1	1	1
जागिरको	1	1	1
जागिरमा	1	1	1
जागिरे	1	1	1
जागीरको	1	1	1
जाग्न	1	1	1
जाट	1	1	1
जाडोको	1	1	1
जाडोलाई	1	1	1
जातमा	1	1	1
जातिगणनाको	1	1	1
जातिगत	1	1	1
जातिदेखि	1	1	1
जातिबाट	1	1	1
जातिभित्र	1	1	1
जातिभित्रको	1	1	1
जातिभेदको	1	1	1
जातिवाद	1	1	1
जातीका	1	1	1
जातीमाथि	1	1	1
जातैजात	1	1	1
जादुको	1	1	1
जानकारहरूको	1	1	1
जानकारीले	1	1	1
जानकारीहरुको	1	1	1
जानकीको	1	1	1
जानलाई	1	1	1
जानवरहरू	1	1	1
जानाले	1	1	1
जानिन	1	1	1
जानुपर्यो	1	1	1
जानेछौँ	1	1	1
जानेदेखि	1	1	1
जानेर	1	1	1
जानेसम्म	1	1	1
जानेहरू	1	1	1
जानैपर्दा	1	1	1
जान्चु	1	1	1
जान्छुलाई	1	1	1
जान्डी	1	1	1
जान्दछन्	1	1	1
जान्दछौँ	1	1	1
जान्दै	1	1	1
जान्नका	1	1	1
जाप	1	1	1
जापानसँग	1	1	1
जापानीज	1	1	1
जापानीहरूको	1	1	1
जापानीहरूले	1	1	1
जाभा	1	1	1
जाभास्क्रिप्ट	1	1	1
जामको	1	1	1
जामबाट	1	1	1
जामुनको	1	1	1
जामुनोको	1	1	1
जामे	1	1	1
जाम्बिया	1	1	1
जाम्बेजी	1	1	1
जायस	1	1	1
जायसवालमा	1	1	1
जालन्धरको	1	1	1
जालपादेवीको	1	1	1
जालबाट	1	1	1
जालीको	1	1	1
जालीलाई	1	1	1
जावतको	1	1	1
जावलाखेलको	1	1	1
जावलाखेलबाट	1	1	1
जासूसी	1	1	1
जासो	1	1	1
जाहन्वी	1	1	1
जिइन	1	1	1
जिउँदछ	1	1	1
जिउँदै	1	1	1
जिउन	1	1	1
जिउस	1	1	1
जिएन्ना	1	1	1
जिक्र	1	1	1
जिघौल	1	1	1
जितको	1	1	1
जितसँगै	1	1	1
जितसहित	1	1	1
जितहरू	1	1	1
जितहरूबाट	1	1	1
जिताइयो	1	1	1
जिती	1	1	1
जितीया	1	1	1
जितुले	1	1	1
जित्दछ	1	1	1
जित्दा	1	1	1
जित्दै	1	1	1
जिनहरूमा	1	1	1
जिना	1	1	1
जिनावाङ	1	1	1
जिन्दगीमा	1	1	1
जिबुटी	1	1	1
जिम	1	1	1
जिमीद्वारा	1	1	1
जिम्नास्टिक्समा	1	1	1
जिम्बा	1	1	1
जिम्बाब्वेमा	1	1	1
जिम्बाब्वेसँग	1	1	1
जिम्बुबोटे	1	1	1
जिम्मेवारीको	1	1	1
जिम्वाल	1	1	1
जियाउल	1	1	1
जियान्ना	1	1	1
जियोडेटिक्स	1	1	1
जिराका	1	1	1
जिरादेईमा	1	1	1
जिरिबाट	1	1	1
जिरो	1	1	1
जिर्ण	1	1	1
जिर्णोद्धार	1	1	1
जिलेटिन	1	1	1
जिल्लाअन्तर्गतको	1	1	1
जिल्लावासीसँगको	1	1	1
जिल्लाहरूनै	1	1	1
जिल्लाहरूबाट	1	1	1
जिल्लाहरूमध्यको	1	1	1
जिवजन्तुहरूका	1	1	1
जिवनीहरूको	1	1	1
जिवाजी	1	1	1
जिवित	1	1	1
जिष्णुगुप्तको	1	1	1
जिससबाट	1	1	1
जीउलामा	1	1	1
जीतका	1	1	1
जीतको	1	1	1
जीतपुरे	1	1	1
जीनको	1	1	1
जीनत	1	1	1
जीनोमिक्स	1	1	1
जीन्दगी	1	1	1
जीरादेई	1	1	1
जीले	1	1	1
जील्लाको	1	1	1
जीवका	1	1	1
जीवजनावरको	1	1	1
जीवजनावारका	1	1	1
जीवणुको	1	1	1
जीवनकथा	1	1	1
जीवनचरित्र	1	1	1
जीवनजस्ता	1	1	1
जीवनतथ्यसँग	1	1	1
जीवनद्वारा	1	1	1
जीवनपद्धतिसँग	1	1	1
जीवनपुर	1	1	1
जीवनभन्दा	1	1	1
जीवनभर	1	1	1
जीवनभरि	1	1	1
जीवनयात्रालाई	1	1	1
जीवनराम	1	1	1
जीवनलाइ	1	1	1
जीवनवादी	1	1	1
जीवनसँग	1	1	1
जीवनसमेत	1	1	1
जीवनस्तरको	1	1	1
जीवनस्तरमा	1	1	1
जीवनाथ	1	1	1
जीवनीमा	1	1	1
जीवनै	1	1	1
जीवनोपयोगी	1	1	1
जीवमध्येमा	1	1	1
जीवमाथि	1	1	1
जीववादी	1	1	1
जीवविज्ञान	1	1	1
जीवविज्ञानको	1	1	1
जीवविज्ञानमा	1	1	1
जीवहरूले	1	1	1
जीवा	1	1	1
जीवाणुका	1	1	1
जीवाणुहरू	1	1	1
जीवाणुहरूलाई	1	1	1
जीविकाका	1	1	1
जीविकोपार्जन	1	1	1
जीवीवर्गका	1	1	1
जीस्पट	1	1	1
जु	1	1	1
जुंगु	1	1	1
जुआन	1	1	1
जुइकरले	1	1	1
जुकोट	1	1	1
जुगल	1	1	1
जुझिरहे	1	1	1
जुटको	1	1	1
जुटपानी	1	1	1
जुटाउनमा	1	1	1
जुटाए	1	1	1
जुटाएर	1	1	1
जुटी	1	1	1
जुटुने	1	1	1
जुट्दै	1	1	1
जुठापौवा	1	1	1
जुठोको	1	1	1
जुडिएको	1	1	1
जुडिबेला	1	1	1
जुडी	1	1	1
जुडोजस्तै	1	1	1
जुध्ने	1	1	1
जुध्यो	1	1	1
जुनदेखि	1	1	1
जुनले	1	1	1
जुनसम्ममा	1	1	1
जुनाको	1	1	1
जुनिक्यु	1	1	1
जुन्को	1	1	1
जुपिङ	1	1	1
जुमहोङका	1	1	1
जुमृकाँडा	1	1	1
जुम्ल्याहा	1	1	1
जुराउँदछ	1	1	1
जुरेकोइली	1	1	1
जुरेपछि	1	1	1
जुरेसल्ला	1	1	1
जुरेसल्लो	1	1	1
जुरोपानी	1	1	1
जुर्न	1	1	1
जुलका	1	1	1
जुलहिनको	1	1	1
जुलाहे	1	1	1
जुलियन	1	1	1
जुलीद्वारा	1	1	1
जुलुसले	1	1	1
जुलूस	1	1	1
जुल्दा	1	1	1
जुल्यान्ड	1	1	1
जुवाडे	1	1	1
जुविथा	1	1	1
जूट	1	1	1
जूनका	1	1	1
जेआर	1	1	1
जेएच	1	1	1
जेएचजिओ	1	1	1
जेएन	1	1	1
जेकिसुन्दास	1	1	1
जेकोस्लोवाकियाई	1	1	1
जेक्लर	1	1	1
जेटएयर	1	1	1
जेटल्याग	1	1	1
जेटिए	1	1	1
जेठको	1	1	1
जेठरहिया	1	1	1
जेठलको	1	1	1
जेठसम्म	1	1	1
जेठोले	1	1	1
जेडब्लू	1	1	1
जेतेमेते	1	1	1
जेदवाङ	1	1	1
जेनरेसन	1	1	1
जेनरेसनसिपका	1	1	1
जेनानीले	1	1	1
जेनी	1	1	1
जेनेट	1	1	1
जेन्नी	1	1	1
जेपी	1	1	1
जेबिल्स	1	1	1
जेभियर्स	1	1	1
जेमी	1	1	1
जेम्मोलोजी	1	1	1
जेम्ससँग	1	1	1
जेरूशेलम	1	1	1
जेरेमी	1	1	1
जेलको	1	1	1
जेलपछि	1	1	1
जेलमुक्त	1	1	1
जेलर	1	1	1
जेलहरूको	1	1	1
जेलिएको	1	1	1
जेली	1	1	1
जेलूपा	1	1	1
जेवाना	1	1	1
जेष्ठताको	1	1	1
जेसुकै	1	1	1
जेस्ट	1	1	1
जेहोस	1	1	1
जैकी	1	1	1
जैकीको	1	1	1
जैनका	1	1	1
जैनसाहित्यको	1	1	1
जैनुलबिदिन	1	1	1
जैन्सजून	1	1	1
जैवपदार्थ	1	1	1
जैवरासायनिक	1	1	1
जैविकी	1	1	1
जैशी	1	1	1
जैसीका	1	1	1
जैसीदेवलमा	1	1	1
जैस्पर	1	1	1
जोइन्ट	1	1	1
जोकोहीले	1	1	1
जोक्लर	1	1	1
जोखाङ्ग	1	1	1
जोखानामा	1	1	1
जोगनिया	1	1	1
जोगमाई	1	1	1
जोगाई	1	1	1
जोगिन	1	1	1
जोगिने	1	1	1
जोगिन्तबा	1	1	1
जोङ्खा	1	1	1
जोडजोडले	1	1	1
जोडदथ्यो	1	1	1
जोडनको	1	1	1
जोडनेवाला	1	1	1
जोडिएर	1	1	1
जोडिदिए	1	1	1
जोडिनु	1	1	1
जोडीएको	1	1	1
जोडीसम्म	1	1	1
जोड्छ	1	1	1
जोड्नेछ	1	1	1
जोतरा	1	1	1
जोताइ	1	1	1
जोत्दा	1	1	1
जोरखर्क	1	1	1
जोरपाटीस्थित	1	1	1
जोरसँग	1	1	1
जोर्ज	1	1	1
जोर्डनविरुद्ध	1	1	1
जोलप्रिङ	1	1	1
जोललाई	1	1	1
जोशपूर्ण	1	1	1
जोसमनी	1	1	1
जोहानेस	1	1	1
जौँ	1	1	1
जौव	1	1	1
जौवारीसम्म	1	1	1
जौहर	1	1	1
जौहरा	1	1	1
ज्ञढटघ	1	1	1
ज्ञातवास	1	1	1
ज्ञाताले	1	1	1
ज्ञानकोशको	1	1	1
ज्ञानकोष	1	1	1
ज्ञानकोषको	1	1	1
ज्ञानचर्चा	1	1	1
ज्ञानपूर्वक	1	1	1
ज्ञानबहादुर	1	1	1
ज्ञानबाट	1	1	1
ज्ञानवर्द्धक	1	1	1
ज्ञानार्जन	1	1	1
ज्ञानेन्द्रबाट	1	1	1
ज्ञेयको	1	1	1
ज्याकेटमा	1	1	1
ज्याक्मी	1	1	1
ज्याज	1	1	1
ज्यानमाराको	1	1	1
ज्यानलाई	1	1	1
ज्यानस	1	1	1
ज्यापु	1	1	1
ज्यापुनी	1	1	1
ज्यापुहरू	1	1	1
ज्यापुहरूलाई	1	1	1
ज्याम्बोरी	1	1	1
ज्यार्दै	1	1	1
ज्याला	1	1	1
ज्यावलहरूको	1	1	1
ज्यास्तीले	1	1	1
ज्यास्मिन	1	1	1
ज्युले	1	1	1
ज्यूला	1	1	1
ज्यूले	1	1	1
ज्येष्ठपूणिमाका	1	1	1
ज्योग्राफिक	1	1	1
ज्योतिर्पीठको	1	1	1
ज्योतिशविदहरू	1	1	1
ज्योतिषरूपी	1	1	1
ज्योतिषविद्यामा	1	1	1
ज्योतिषविधहरूले	1	1	1
ज्योतिषहरूको	1	1	1
ज्योतिषीशास्त्रमा	1	1	1
ज्योतिषीहरूको	1	1	1
ज्योतिषीहरूले	1	1	1
ज्योतिष्य	1	1	1
ज्वर	1	1	1
ज्वरमा	1	1	1
ज्वरोलाई	1	1	1
ज्वलन्त	1	1	1
ज्वाईँको	1	1	1
ज्वाईँलाई	1	1	1
ज्वाईं	1	1	1
ज्वारीय	1	1	1
ज्वालादेवी	1	1	1
ज्वालामुखीको	1	1	1
ज्वालामुखीबाट	1	1	1
ज्वालामुखीहरूको	1	1	1
ज्वेल	1	1	1
झक्झक्याउला	1	1	1
झगडाबाट	1	1	1
झडेवा	1	1	1
झण्डा	1	1	1
झण्डामा	1	1	1
झनखुनवा	1	1	1
झन्कन्छ	1	1	1
झन्झटबाट	1	1	1
झन्झटिलो	1	1	1
झप्काई	1	1	1
झमन्पुर	1	1	1
झमेला	1	1	1
झम्को	1	1	1
झम्झमामा	1	1	1
झम्टे	1	1	1
झयालबाट	1	1	1
झर	1	1	1
झरणा	1	1	1
झरनाभन्दा	1	1	1
झरीबाट	1	1	1
झरुवाराशी	1	1	1
झरे	1	1	1
झर्	1	1	1
झल्किन्न	1	1	1
झाँकीको	1	1	1
झाँक्रीस्थान	1	1	1
झाँझर	1	1	1
झाँसीसँग	1	1	1
झाऊ	1	1	1
झाङ	1	1	1
झाङको	1	1	1
झाङ्ग	1	1	1
झाडग्राम	1	1	1
झाडापखाला	1	1	1
झाडापखालाजस्ता	1	1	1
झाडीदार	1	1	1
झाडीहरूमा	1	1	1
झानिसकेपछि	1	1	1
झापाली	1	1	1
झापासम्मका	1	1	1
झाबुआ	1	1	1
झाम्रे	1	1	1
झारखण्ड	1	1	1
झारग्राम	1	1	1
झारमौर	1	1	1
झारलाई	1	1	1
झारा	1	1	1
झारेर	1	1	1
झारो	1	1	1
झार्दै	1	1	1
झार्लाङ	1	1	1
झालवाड	1	1	1
झिँगाहरूमा	1	1	1
झिकाएका	1	1	1
झिक्यो	1	1	1
झिगु	1	1	1
झिङ्गनी	1	1	1
झिबी	1	1	1
झिमरूक	1	1	1
झिरूवास	1	1	1
झिलिक्क	1	1	1
झिलिमिली	1	1	1
झिल्के	1	1	1
झिल्केपोखरी	1	1	1
झिल्टुङमा	1	1	1
झिसमिसेमा	1	1	1
झीँकपानी	1	1	1
झुकावका	1	1	1
झुक्न	1	1	1
झुटा	1	1	1
झुट्टा	1	1	1
झुठा	1	1	1
झुठो	1	1	1
झुण्डाएर	1	1	1
झुत्रे	1	1	1
झुन्ड्याइयो	1	1	1
झुप्प	1	1	1
झुमाले	1	1	1
झुम्मिनेहरूको	1	1	1
झुर्किया	1	1	1
झुल्का	1	1	1
झुल्ने	1	1	1
झुसले	1	1	1
झुसी	1	1	1
झेल्नुपरेको	1	1	1
झै	1	1	1
झैझगडा	1	1	1
झोक्किएर	1	1	1
झोडाको	1	1	1
झोलामा	1	1	1
झोसा	1	1	1
झ्याकु	1	1	1
झ्याम्टे	1	1	1
झ्यालखानाबाट	1	1	1
झ्याल्साकी	1	1	1
टंकप्रसादकै	1	1	1
टंकारलाई	1	1	1
टकराव	1	1	1
टकामा	1	1	1
टकिङ	1	1	1
टक्	1	1	1
टक्क	1	1	1
टङ्कबहादुर	1	1	1
टच्युबमा	1	1	1
टट्स	1	1	1
टड्कारो	1	1	1
टनसम्म	1	1	1
टन्सिलको	1	1	1
टपकानहरू	1	1	1
टप्पु	1	1	1
टमसनले	1	1	1
टर्च	1	1	1
टर्मिनेटरदेखि	1	1	1
टर्मिनेटरबाट	1	1	1
टलस्टय	1	1	1
टलेमीय	1	1	1
टल्स्टय	1	1	1
टसोनगमो	1	1	1
टहरूट	1	1	1
टाँडु	1	1	1
टाँस्छन्	1	1	1
टाइ	1	1	1
टाइगरको	1	1	1
टाइटल	1	1	1
टाइटलिस्ट	1	1	1
टाइटलिस्टसहित	1	1	1
टाइटानिकका	1	1	1
टाइटानिकको	1	1	1
टाइनिमी	1	1	1
टाइनी	1	1	1
टाइमलेस	1	1	1
टाइरिस	1	1	1
टाइलहरू	1	1	1
टाइला	1	1	1
टाइलिङ्गमा	1	1	1
टाउ	1	1	1
टाउका	1	1	1
टाउकाको	1	1	1
टाउकोको	1	1	1
टाउकोभन्दा	1	1	1
टाउकोलाई	1	1	1
टाएरीको	1	1	1
टाक्सिन	1	1	1
टाङाबाट	1	1	1
टाट्नो	1	1	1
टाडीको	1	1	1
टाढाटाढाबाट	1	1	1
टाढिए	1	1	1
टाढिदै	1	1	1
टाढैबाट	1	1	1
टापुबाट	1	1	1
टापुहरूबाट	1	1	1
टाम्पाको	1	1	1
टारकेराबारी	1	1	1
टारहरूमध्येको	1	1	1
टार्ने	1	1	1
टालिँदैन	1	1	1
टाले	1	1	1
टालेर	1	1	1
टावरबाट	1	1	1
टावरभन्दा	1	1	1
टिएचएटिको	1	1	1
टिएचको	1	1	1
टिएल	1	1	1
टिकटहरू	1	1	1
टिका	1	1	1
टिकापुर	1	1	1
टिकेनन्	1	1	1
टिकोलाको	1	1	1
टिकौली	1	1	1
टिङ्गरी	1	1	1
टिटा	1	1	1
टिट्वान्टीका	1	1	1
टिपन	1	1	1
टिपोट	1	1	1
टिप्नु	1	1	1
टिप्पणीहरूबाट	1	1	1
टिब्याग	1	1	1
टिभिलाई	1	1	1
टिभिहरूमा	1	1	1
टिभीहरूमा	1	1	1
टिमहरूको	1	1	1
टिमोर	1	1	1
टिमोरमा	1	1	1
टिमोरलेस्टी	1	1	1
टियुशन	1	1	1
टिल	1	1	1
टिलपिलाएझैँ	1	1	1
टिस्टामा	1	1	1
टिस्टुङ	1	1	1
टि्वटरको	1	1	1
टीएच	1	1	1
टीएस	1	1	1
टीएसएल	1	1	1
टीकाकारहरूले	1	1	1
टीकाहरूमा	1	1	1
टीमलाई	1	1	1
टुँगो	1	1	1
टुँडालदेवी	1	1	1
टुँडालदेवीको	1	1	1
टुँडालहरू	1	1	1
टुँडालहरूले	1	1	1
टुँडिखेलको	1	1	1
टुकडीहरू	1	1	1
टुकी	1	1	1
टुकुचे	1	1	1
टुक्क	1	1	1
टुक्रयाई	1	1	1
टुक्रापार्न	1	1	1
टुक्रिने	1	1	1
टुक्र्याइन्छ	1	1	1
टुक्र्याउन	1	1	1
टुङना	1	1	1
टुङ्गना	1	1	1
टुङ्गिंदै	1	1	1
टुङ्ना	1	1	1
टुङ्नाको	1	1	1
टुपी	1	1	1
टुप्पामा	1	1	1
टुप्पीको	1	1	1
टुब्पी	1	1	1
टुरिजम	1	1	1
टुर्नामेन्टमा	1	1	1
टुर्नामेन्टहरू	1	1	1
टुलहरु	1	1	1
टुसायो	1	1	1
टूर्नामेन्टको	1	1	1
टेकओफ	1	1	1
टेकन	1	1	1
टेकनोलोजीबाट	1	1	1
टेकुदोभान	1	1	1
टेकेर्	1	1	1
टेक्तै	1	1	1
टेक्निसियन	1	1	1
टेक्नोलोजि	1	1	1
टेट	1	1	1
टेडी	1	1	1
टेढोपन	1	1	1
टेन	1	1	1
टेनिसका	1	1	1
टेनिसको	1	1	1
टेन्चले	1	1	1
टेबलमाथि	1	1	1
टेम्पा	1	1	1
टेम्पो	1	1	1
टेम्प्लेटमा	1	1	1
टेर	1	1	1
टेर्दैनथे	1	1	1
टेल	1	1	1
टेलक	1	1	1
टेलिकम	1	1	1
टेलिग्राफ	1	1	1
टेलिफिल्म	1	1	1
टेलिफोनबाटै	1	1	1
टेलिशृङ्खला	1	1	1
टेलिश्रृङ्खला	1	1	1
टेलिश्रृङ्खलाहरूमा	1	1	1
टेलीफोन	1	1	1
टेलीफोनको	1	1	1
टेलीभिजन	1	1	1
टेल्स	1	1	1
टेसेलेसन	1	1	1
टेस्टिङ्ग	1	1	1
टेस्लाले	1	1	1
टैगोर	1	1	1
टोइज	1	1	1
टोकरपुर	1	1	1
टोकियोलाई	1	1	1
टोकियोले	1	1	1
टोकेई	1	1	1
टोखाचाकुले	1	1	1
टोटे	1	1	1
टोटेमिक	1	1	1
टोटो	1	1	1
टोन्ड	1	1	1
टोपीलाई	1	1	1
टोम	1	1	1
टोरेजले	1	1	1
टोर्टम	1	1	1
टोलटोलमा	1	1	1
टोलीले	1	1	1
टौदहले	1	1	1
टौमडीमा	1	1	1
ट्याक्टिकल	1	1	1
ट्याक्सवाला	1	1	1
ट्याक्सीद्वारा	1	1	1
ट्याङ्क	1	1	1
ट्यान्ग्नी	1	1	1
ट्याप	1	1	1
ट्याम्केमा	1	1	1
ट्याम्बो	1	1	1
ट्युनिसिया	1	1	1
ट्युमरको	1	1	1
ट्यूडरको	1	1	1
ट्रफीको	1	1	1
ट्रयाक	1	1	1
ट्रयाकको	1	1	1
ट्रलियन	1	1	1
ट्राइसोमी	1	1	1
ट्राउटको	1	1	1
ट्रान्सफर्मरले	1	1	1
ट्रान्सलेसन	1	1	1
ट्रान्सवाल	1	1	1
ट्रान्स्के	1	1	1
ट्रान्स्केमा	1	1	1
ट्राफिक	1	1	1
ट्रामका	1	1	1
ट्रुगैनिनीका	1	1	1
ट्रूफोट	1	1	1
ट्रेकमा	1	1	1
ट्रेट्सको	1	1	1
ट्रेडयुनियन	1	1	1
ट्रेनगोभ	1	1	1
ट्रेनहरू	1	1	1
ट्रेभर	1	1	1
ट्रोबाडोर	1	1	1
ट्र्याक्टरको	1	1	1
ट्वान्टी	1	1	1
ट्वान्टीमा	1	1	1
ट्वेनले	1	1	1
ट्वेन्टिथ	1	1	1
ट्वेल्थ	1	1	1
ठकुराठी	1	1	1
ठकुरीहरूको	1	1	1
ठकुवा	1	1	1
ठक्करको	1	1	1
ठग्दा	1	1	1
ठड्याइएका	1	1	1
ठड्याएर	1	1	1
ठहरिन्छ	1	1	1
ठहर्छ	1	1	1
ठहर्याएका	1	1	1
ठहिटीमा	1	1	1
ठाउँअनुसार	1	1	1
ठाउँमध्ये	1	1	1
ठाउँसारी	1	1	1
ठाउमा	1	1	1
ठाक	1	1	1
ठाकरेसँग	1	1	1
ठाकुरका	1	1	1
ठाकुरको	1	1	1
ठाकुरजीदेखि	1	1	1
ठाकुरप्रसादको	1	1	1
ठाक्तो	1	1	1
ठाडा	1	1	1
ठाडीभाका	1	1	1
ठान	1	1	1
ठाना	1	1	1
ठानिएको	1	1	1
ठानिदिनुहोला	1	1	1
ठानेँ	1	1	1
ठान्छ	1	1	1
ठान्थे	1	1	1
ठान्यो	1	1	1
ठालुहरूको	1	1	1
ठिङ्गेढुङ्गा	1	1	1
ठिन्तन	1	1	1
ठिमीस्थित	1	1	1
ठिल्लायदुवा	1	1	1
ठुलठुला	1	1	1
ठुलाकोटका	1	1	1
ठुलाठुला	1	1	1
ठुलीभेरी	1	1	1
ठुलोकत्ले	1	1	1
ठुलोठुलो	1	1	1
ठुलोदुम्मा	1	1	1
ठुलोधादिङमा	1	1	1
ठुलोपर्सेल	1	1	1
ठुलोबन्सो	1	1	1
ठुलोलुम्पेक	1	1	1
ठूलठूला	1	1	1
ठूलाठूला	1	1	1
ठूली	1	1	1
ठूल्ठालीमा	1	1	1
ठेक्काद्वारा	1	1	1
ठेगान	1	1	1
ठेगानामा	1	1	1
ठेचो	1	1	1
ठेट	1	1	1
ठेलीको	1	1	1
ठेलीमा	1	1	1
ठोकर्पामा	1	1	1
ठोकिएको	1	1	1
ठोकिन्छन्	1	1	1
ठोक्किएर	1	1	1
ठ्याकसम्म	1	1	1
डकर्मीले	1	1	1
डक्टरेट	1	1	1
डगरिया	1	1	1
डगेन्द्र	1	1	1
डङ्गर	1	1	1
डङ्गुवा	1	1	1
डचहरूका	1	1	1
डजन्ट	1	1	1
डटकममा	1	1	1
डडाएर	1	1	1
डडेलधुराको	1	1	1
डढेलो	1	1	1
डनका	1	1	1
डनको	1	1	1
डनलिन	1	1	1
डन्डीफोरसँगै	1	1	1
डन्डीमा	1	1	1
डन्डेलिले	1	1	1
डफा	1	1	1
डफ्फाले	1	1	1
डब्लुजिसि	1	1	1
डम	1	1	1
डमरु	1	1	1
डमर्खुशिवालय	1	1	1
डम्बरमान	1	1	1
डम्म	1	1	1
डम्रूदास	1	1	1
डरभन्दा	1	1	1
डरलाग्दा	1	1	1
डराउनेपोखरी	1	1	1
डराउनेपोखरीको	1	1	1
डर्डेनसँग	1	1	1
डर्बी	1	1	1
डर्माटालजी	1	1	1
डर्माटालजीमा	1	1	1
डल्बे	1	1	1
डसेको	1	1	1
डस्ना	1	1	1
डाँग	1	1	1
डाँछी	1	1	1
डाँठमा	1	1	1
डाँडाकाँडाले	1	1	1
डाँडागाउँखोटाङ	1	1	1
डाँडागाउँधनकुटा	1	1	1
डाँडाझेरी	1	1	1
डाँडाबजार	1	1	1
डाँडाबाट	1	1	1
डाँडासम्म	1	1	1
डाँडाहरूले	1	1	1
डाँडिगुराँसे	1	1	1
डाइजेस्ट	1	1	1
डाइटको	1	1	1
डाइभर्जिङ्ग	1	1	1
डाइमन्ड	1	1	1
डाइमसको	1	1	1
डाइरेक्टर	1	1	1
डाउनटाउन	1	1	1
डाउनले	1	1	1
डाकिन्छ	1	1	1
डाके	1	1	1
डाक्टरीसम्बन्धी	1	1	1
डाक्टरेटको	1	1	1
डाक्लामा	1	1	1
डाखड्काको	1	1	1
डाग	1	1	1
डाङाजीको	1	1	1
डाङ्गीवारी	1	1	1
डाटासमूहहरूलाई	1	1	1
डाडाँ	1	1	1
डाडाकोतको	1	1	1
डाडीगुराँसे	1	1	1
डाम	1	1	1
डायनासोरको	1	1	1
डायनिया	1	1	1
डायप्सिड	1	1	1
डायमण्ड	1	1	1
डाराउँछन्	1	1	1
डार्कनेस	1	1	1
डार्लिङ्ग	1	1	1
डार्विन	1	1	1
डालदिए	1	1	1
डालीमा	1	1	1
डाल्ने	1	1	1
डास्वामी	1	1	1
डाहले	1	1	1
डाहाले	1	1	1
डिँड्ने	1	1	1
डिएगोमा	1	1	1
डिकुवा	1	1	1
डिको	1	1	1
डिक्सनरी	1	1	1
डिग्रीधारी	1	1	1
डिग्रीबाट	1	1	1
डिङ्गो	1	1	1
डिजल	1	1	1
डिजलको	1	1	1
डिजाइनिङ	1	1	1
डिजाइनिन्गको	1	1	1
डिजायन	1	1	1
डिजायनकर्ता	1	1	1
डिज्नीको	1	1	1
डिटरजेन्ट	1	1	1
डिटेक्टिभ	1	1	1
डिडिसी	1	1	1
डिपिन	1	1	1
डिफहरुस	1	1	1
डिफेन्स	1	1	1
डिबडिबे	1	1	1
डिब्बामा	1	1	1
डिब्रुगढ	1	1	1
डिब्रुगढमा	1	1	1
डिभर्नाको	1	1	1
डिभाइस	1	1	1
डिभिडिको	1	1	1
डिम्बाशयबाट	1	1	1
डिम्बाशयमा	1	1	1
डियेगोका	1	1	1
डिलन	1	1	1
डिलाशैनी	1	1	1
डिलिसन	1	1	1
डिलिसनको	1	1	1
डिलेसनमा	1	1	1
डिल्ली	1	1	1
डिविजनहरूमा	1	1	1
डिष्ट्रिब्युटर्स	1	1	1
डिसाअर्डरको	1	1	1
डिसेम्बरलाई	1	1	1
डिसेम्बरसम्म	1	1	1
डिस्कमा	1	1	1
डिस्किलोजर	1	1	1
डिस्ट्रिक	1	1	1
डिस्ट्रिक्टमा	1	1	1
डिस्ट्रिब्युटर्स	1	1	1
डिस्प्याच	1	1	1
डिहीबारी	1	1	1
डुँढको	1	1	1
डुन्डु	1	1	1
डुप्का	1	1	1
डुबाइ	1	1	1
डुबुल्किरहेका	1	1	1
डुबुल्कीचरा	1	1	1
डुबेको	1	1	1
डुब्दै	1	1	1
डुब्रिङ	1	1	1
डुब्लिकेटले	1	1	1
डुमरवाना	1	1	1
डुमरिया	1	1	1
डुमरीया	1	1	1
डुरुवा	1	1	1
डुसेरा	1	1	1
डेअर्मन्ड	1	1	1
डेक्ची	1	1	1
डेजी	1	1	1
डेजीले	1	1	1
डेडी	1	1	1
डेढगाउँ	1	1	1
डेथवाच	1	1	1
डेनिम	1	1	1
डेनियल	1	1	1
डेनियलमा	1	1	1
डेन्सको	1	1	1
डेपुटी	1	1	1
डेभलपमेन्ट	1	1	1
डेभिड	1	1	1
डेभिल	1	1	1
डेभिल्स	1	1	1
डेभिस	1	1	1
डेभोन	1	1	1
डेमोक्रेसी	1	1	1
डेलआर्टे	1	1	1
डेलिया	1	1	1
डेले	1	1	1
डेल्टामा	1	1	1
डेल्फी	1	1	1
डेल्फीबासीहरूले	1	1	1
डेल्फीमा	1	1	1
डेवलपमेन्ट	1	1	1
डेविन	1	1	1
डेवेलपमेन्ट	1	1	1
डेस्कमा	1	1	1
डेस्टिनेसन	1	1	1
डेहरी	1	1	1
डैन	1	1	1
डैम्पियर	1	1	1
डोगडी	1	1	1
डोगरीका	1	1	1
डोगरे	1	1	1
डोङमेन	1	1	1
डोजोमा	1	1	1
डोजोले	1	1	1
डोटीका	1	1	1
डोथान	1	1	1
डोबहरूजस्ता	1	1	1
डोमिनिकन	1	1	1
डोमेनमा	1	1	1
डोमोनिक	1	1	1
डोर	1	1	1
डोरा	1	1	1
डोरोथिया	1	1	1
डोर्याउनका	1	1	1
डोर्याए	1	1	1
डोलाउने	1	1	1
डोल्पालगायत	1	1	1
ड्याडीसँग	1	1	1
ड्याना	1	1	1
ड्यानियल्ला	1	1	1
ड्युटिरियममा	1	1	1
ड्राइव	1	1	1
ड्राइवको	1	1	1
ड्रागनफलको	1	1	1
ड्राफ्टमा	1	1	1
ड्रामामा	1	1	1
ड्रु	1	1	1
ड्रेक	1	1	1
ड्रेस	1	1	1
ढकनी	1	1	1
ढकने	1	1	1
ढकालकी	1	1	1
ढकालजी	1	1	1
ढक्कनलाई	1	1	1
ढङगबाट	1	1	1
ढङगसँग	1	1	1
ढङ्ग	1	1	1
ढङ्गका	1	1	1
ढङ्गको	1	1	1
ढङ्गसित	1	1	1
ढड्याएर	1	1	1
ढपक्कै	1	1	1
ढलको	1	1	1
ढलानको	1	1	1
ढलाव	1	1	1
ढलेर	1	1	1
ढल्कदैं	1	1	1
ढल्किएकोले	1	1	1
ढल्केबारको	1	1	1
ढल्केवर	1	1	1
ढल्ने	1	1	1
ढाँक	1	1	1
ढाँका	1	1	1
ढाँचालाई	1	1	1
ढाँचाहरूमा	1	1	1
ढाँचाहरूसँग	1	1	1
ढाँड	1	1	1
ढाँडखोला	1	1	1
ढाकरमा	1	1	1
ढाकु	1	1	1
ढाक्न	1	1	1
ढाक्नको	1	1	1
ढाक्रेहरूले	1	1	1
ढाडबीच	1	1	1
ढाडलाई	1	1	1
ढाल	1	1	1
ढिकपुर	1	1	1
ढिकुरपोखरीमा	1	1	1
ढिकुरा	1	1	1
ढिमे	1	1	1
ढिला	1	1	1
ढिलासुस्ती	1	1	1
ढुकुटीलाई	1	1	1
ढुङ्गाचल्नाको	1	1	1
ढुङ्गाडको	1	1	1
ढुङ्गाहरूबाट	1	1	1
ढुङ्गेसाँघुको	1	1	1
ढुङ्गो	1	1	1
ढुङ्ग्रेखोलाको	1	1	1
ढुवानीका	1	1	1
ढुवानीमा	1	1	1
ढुसीलाई	1	1	1
ढु्ङ्गाचाल्ना	1	1	1
ढेङ्कनाल	1	1	1
ढोकानजिक	1	1	1
ढोकाभित्र	1	1	1
ढोकाभित्रको	1	1	1
ढोकामाथिको	1	1	1
ढोकाहरू	1	1	1
ढोगाउँछन्	1	1	1
ढोगेर	1	1	1
ढोग्छौँ	1	1	1
ढोङभित्रको	1	1	1
ढोढरी	1	1	1
ढोरबाराही	1	1	1
ढोरे	1	1	1
ढोरेको	1	1	1
ढोलक	1	1	1
ढोलकको	1	1	1
ढोलाको	1	1	1
ढोलामण्डलीमाई	1	1	1
ढ्याङढ्याङ	1	1	1
ढ्वाङग्रे	1	1	1
ढ्वाल	1	1	1
तंत्रिकाहरूमा	1	1	1
तइम	1	1	1
तक	1	1	1
तकनीकहरूको	1	1	1
तकबीर	1	1	1
तकभर	1	1	1
तकिया	1	1	1
तङ्जावुर	1	1	1
तञ्जावुर	1	1	1
तटका	1	1	1
तटस्थ	1	1	1
तटस्थित	1	1	1
तडपको	1	1	1
तताई	1	1	1
तताउँछ	1	1	1
ततायो	1	1	1
तत्कलिन	1	1	1
तत्त्वपूर्ण	1	1	1
तत्त्वबाट	1	1	1
तत्त्वमसि	1	1	1
तत्त्वमीमाङ्सामा	1	1	1
तत्त्वहरुले	1	1	1
तत्त्वहरूबाट	1	1	1
तत्परता	1	1	1
तत्पश्चात्	1	1	1
तथानाम	1	1	1
तथापी	1	1	1
तथास्त्	1	1	1
तथ्यले	1	1	1
तथ्याङ्कमा	1	1	1
तथ्याङ्कले	1	1	1
तद्वचनको	1	1	1
तद्वर्गीय	1	1	1
तनकम्प	1	1	1
तनमन	1	1	1
तनमुना	1	1	1
तनहूँको	1	1	1
तना	1	1	1
तनावहरूको	1	1	1
तन्जानिया	1	1	1
तन्तु	1	1	1
तन्त्रपरम्परा	1	1	1
तन्त्रमा	1	1	1
तन्त्रलाई	1	1	1
तन्त्रशास्त्र	1	1	1
तन्त्रशास्त्रका	1	1	1
तन्त्रिकामा	1	1	1
तन्ना	1	1	1
तन्निरुक्तम्	1	1	1
तन्मय	1	1	1
तपका	1	1	1
तपश्वीहरूको	1	1	1
तपस्वीका	1	1	1
तपाँईलाई	1	1	1
तपाईँंहरूले	1	1	1
तपाईँका	1	1	1
तपाईँदेखि	1	1	1
तपाईँभन्दा	1	1	1
तपाईँमा	1	1	1
तपाईँसित	1	1	1
तपेश्वरी	1	1	1
तपोबलबाट	1	1	1
तपोभूमी	1	1	1
तपोवनका	1	1	1
तबलाका	1	1	1
तमन्क	1	1	1
तमसुक	1	1	1
तमाङ	1	1	1
तमारे	1	1	1
तमिलनाडुका	1	1	1
तमिलहरूका	1	1	1
तमुले	1	1	1
तमेङ्गलाँन्ग	1	1	1
तमोगुणी	1	1	1
तम्घासदेखि	1	1	1
तम्सेका	1	1	1
तयारीका	1	1	1
तयारीको	1	1	1
तयारीलाई	1	1	1
तरकारीजन्य	1	1	1
तरखर	1	1	1
तरङ्गमा	1	1	1
तरङ्गलाई	1	1	1
तरङ्गा	1	1	1
तराइका	1	1	1
तराईतिर	1	1	1
तराजु	1	1	1
तरिकासँग	1	1	1
तरिकाहरु	1	1	1
तरूणदल	1	1	1
तर्कद्वारा	1	1	1
तर्कना	1	1	1
तर्कलंकारको	1	1	1
तर्कले	1	1	1
तर्कवादी	1	1	1
तर्कवितर्कहरू	1	1	1
तर्कहरूका	1	1	1
तर्कारीकल्प	1	1	1
तर्कारीको	1	1	1
तर्पणमा	1	1	1
तर्फकी	1	1	1
तर्बु	1	1	1
तर्सनु	1	1	1
तर्साउन	1	1	1
तर्सेंछु	1	1	1
तलकोट	1	1	1
तलकोटकै	1	1	1
तलकोटमा	1	1	1
तलछट	1	1	1
तलतिर	1	1	1
तलबभन्दा	1	1	1
तलबमा	1	1	1
तलमाथि	1	1	1
तलव	1	1	1
तलवारबाजी	1	1	1
तलाउमा	1	1	1
तलाउहरू	1	1	1
तलैपिच्छे	1	1	1
तलैबाट	1	1	1
तल्लादेही	1	1	1
तल्लोताल	1	1	1
तल्सीपुरको	1	1	1
तसलीमाले	1	1	1
तस्करीलाई	1	1	1
तस्बीर	1	1	1
तस्मानलाई	1	1	1
तस्मानियाई	1	1	1
तस्मानियाका	1	1	1
तस्मानियामा	1	1	1
तस्वीरको	1	1	1
तस्वीरहरू	1	1	1
तस्वीरहरूको	1	1	1
तहल्का	1	1	1
तहसम्मका	1	1	1
ता	1	1	1
ताईवानबाट	1	1	1
ताईवानमा	1	1	1
ताउका	1	1	1
ताकी	1	1	1
ताकुमाझलाकुरिबोट	1	1	1
ताक्लाकोट	1	1	1
ताङबे	1	1	1
ताछिएको	1	1	1
ताजमहलको	1	1	1
ताजमहलदेखि	1	1	1
ताजमहलमा	1	1	1
ताजलाई	1	1	1
ताजिकिस्तान	1	1	1
ताडासन	1	1	1
ताडो	1	1	1
तात्कालीक	1	1	1
ताथा	1	1	1
तानबाट	1	1	1
तानाबाना	1	1	1
तानाशाही	1	1	1
तानिएका	1	1	1
तान्न	1	1	1
तापक्रमले	1	1	1
तापभन्दा	1	1	1
ताप्लिपोखरी	1	1	1
ताप्लेजुङदेखी	1	1	1
ताप्लेजुङसम्म	1	1	1
ताबेइ	1	1	1
ताबेईले	1	1	1
तामझामसँग	1	1	1
तामसालीङ	1	1	1
तामाका	1	1	1
तामाकोसी	1	1	1
तामाङसँग	1	1	1
तामाले	1	1	1
तामिल	1	1	1
ताम्रपत्र	1	1	1
ताम्रपत्रसमेत	1	1	1
ताम्रप्लव	1	1	1
ताम्सालीङ	1	1	1
तायक	1	1	1
तारतन्तवी	1	1	1
तारभित्रैबाट	1	1	1
तारमा	1	1	1
तारमिरा	1	1	1
ताररहित	1	1	1
तारागुच्छ	1	1	1
ताराद्वारा	1	1	1
तारामण्डललाई	1	1	1
तारामण्डलहरूमा	1	1	1
तारासमूहलाई	1	1	1
तारिख	1	1	1
तारिखको	1	1	1
तारिणी	1	1	1
तारिणीप्रसाद	1	1	1
तारिणीबाबु	1	1	1
तारुकामा	1	1	1
तारेख	1	1	1
तारोसम्म	1	1	1
तार्गेट	1	1	1
तालकटोरा	1	1	1
तालपोखरी	1	1	1
तालसँग	1	1	1
तालिक	1	1	1
तालिकाको	1	1	1
तालिबानमाथि	1	1	1
तालिमको	1	1	1
तालिममा	1	1	1
तालिवानहरूले	1	1	1
तालीमका	1	1	1
तालीमको	1	1	1
तावा	1	1	1
तावाश्री	1	1	1
तासे	1	1	1
ताहितिको	1	1	1
तिक्तताहरुलाई	1	1	1
तिक्ष्ण	1	1	1
तिगरी	1	1	1
तिघ्रा	1	1	1
तिङ्कर	1	1	1
तिङ्ला	1	1	1
तिच्छयु	1	1	1
तिज	1	1	1
तितालिया	1	1	1
तितो	1	1	1
तिथिहरूलाई	1	1	1
तिनकाभित्र	1	1	1
तिनगिरे	1	1	1
तिनपटक	1	1	1
तिनबाट	1	1	1
तिनीहरूबाट	1	1	1
तिनैको	1	1	1
तिबाट	1	1	1
तिब्बतपछि	1	1	1
तिब्ररूपले	1	1	1
तिमसिना	1	1	1
तिमीभित्र	1	1	1
तिमीला	1	1	1
तिमीलालाई	1	1	1
तिमीलासित	1	1	1
तिमील्सिनालाई	1	1	1
तिमीहरूले	1	1	1
तिमोरमा	1	1	1
तिम्री	1	1	1
तियान्जिन	1	1	1
तिरबाट	1	1	1
तिरस्कार	1	1	1
तिरहुतमाथि	1	1	1
तिरहुता	1	1	1
तिराउँदै	1	1	1
तिरानचोकमा	1	1	1
तिरुक्कुरालको	1	1	1
तिरेर	1	1	1
तिर्खा	1	1	1
तिर्खाले	1	1	1
तिर्थ	1	1	1
तिर्थयात्री	1	1	1
तिर्थहरूको	1	1	1
तिर्दै	1	1	1
तिर्नलाई	1	1	1
तिलगङ्गापछिको	1	1	1
तिलडेढ	1	1	1
तिलबाट	1	1	1
तिलरे	1	1	1
तिलहरी	1	1	1
तिलुङ	1	1	1
तिलेपाटा	1	1	1
तिलौराकोट	1	1	1
तिवारीलाई	1	1	1
तिव्रता	1	1	1
तिहाइभन्दा	1	1	1
तिहारपछि	1	1	1
तीक्ष्ण	1	1	1
तीजमा	1	1	1
तीते	1	1	1
तीनओटा	1	1	1
तीनका	1	1	1
तीनकुने	1	1	1
तीनघरेमा	1	1	1
तीनथरी	1	1	1
तीनमा	1	1	1
तीनहरू	1	1	1
तीबाट	1	1	1
तीर्थका	1	1	1
तीर्थनजिक	1	1	1
तीर्थयात्रा	1	1	1
तीर्थस्थलहरूका	1	1	1
तीर्थहरूको	1	1	1
तीव्रतापूर्वक	1	1	1
तीव्रतालाई	1	1	1
तीव्रतासँगै	1	1	1
तीव्ररूपमा	1	1	1
तुकरको	1	1	1
तुच्छ	1	1	1
तुना	1	1	1
तुप्रीहाङ	1	1	1
तुम्बा	1	1	1
तुम्लिङ्टार	1	1	1
तुरही	1	1	1
तुर्कमेन	1	1	1
तुर्कमेनिस्तान	1	1	1
तुलनाको	1	1	1
तुलनै	1	1	1
तुलसीसँग	1	1	1
तुलु	1	1	1
तुल्याइएका	1	1	1
तुल्याउनु	1	1	1
तुल्याउनुभएको	1	1	1
तुल्याएपछि	1	1	1
तुल्याएर	1	1	1
तृतिय	1	1	1
तृतीयसँग	1	1	1
तृतीयाका	1	1	1
तृतीयामा	1	1	1
तृष्णा	1	1	1
तेईसमा	1	1	1
तेक	1	1	1
तेजराज	1	1	1
तेजलाई	1	1	1
तेजशमशेर	1	1	1
तेजसमेतले	1	1	1
तेजारथ	1	1	1
तेजीला	1	1	1
तेजेन्द्र	1	1	1
तेत्तरिया	1	1	1
तेत्तीस	1	1	1
तेन्जिङ	1	1	1
तेरतोन	1	1	1
तेरा	1	1	1
तेर्सो	1	1	1
तेलगु	1	1	1
तेलयुक्त	1	1	1
तेलि	1	1	1
तेली	1	1	1
तेलीले	1	1	1
तेलुगु	1	1	1
तेलुगुका	1	1	1
तेसलुङ	1	1	1
तेस्रा	1	1	1
तेहृथुमको	1	1	1
तेह्र	1	1	1
तेह्रमा	1	1	1
तैत्तिरीय	1	1	1
तैरँदै	1	1	1
तैरता	1	1	1
तैलीय	1	1	1
तोकिए	1	1	1
तोकिएका	1	1	1
तोकिबक्सेको	1	1	1
तोकियो	1	1	1
तोकियोस्	1	1	1
तोकुगावा	1	1	1
तोडियो	1	1	1
तोपगाछी	1	1	1
तोपबाट	1	1	1
तोपसहित	1	1	1
तोरणमा	1	1	1
तौलमी	1	1	1
त्यञ्जिन	1	1	1
त्यतातिर	1	1	1
त्यतिखेरसम्म	1	1	1
त्यतिले	1	1	1
त्यत्ति	1	1	1
त्यत्रै	1	1	1
त्यसक्रममा	1	1	1
त्यसताकाको	1	1	1
त्यसताकासम्म	1	1	1
त्यसपश्चात्	1	1	1
त्यसपूर्व	1	1	1
त्यसमध्येकै	1	1	1
त्यसमार्फत	1	1	1
त्यसरीनै	1	1	1
त्यससित	1	1	1
त्यसैगरि	1	1	1
त्यस्का	1	1	1
त्यस्ताद	1	1	1
त्यस्तामा	1	1	1
त्यस्तैगरी	1	1	1
त्यस्मा	1	1	1
त्यहा	1	1	1
त्यहाँकाहरूलाई	1	1	1
त्यहाँभन्दा	1	1	1
त्यहाँभित्रका	1	1	1
त्यहिँका	1	1	1
त्यहीँका	1	1	1
त्यहीबाट	1	1	1
त्यहीबेला	1	1	1
त्यागपत्र	1	1	1
त्याग्नुबाहेक	1	1	1
त्यै	1	1	1
त्रयोदशी	1	1	1
त्रासको	1	1	1
त्रासयुक्त	1	1	1
त्रासहरू	1	1	1
त्रिआयामी	1	1	1
त्रिकोणमितिय	1	1	1
त्रिगुणमयी	1	1	1
त्रिज्याको	1	1	1
त्रिदोषनाशक	1	1	1
त्रिनग	1	1	1
त्रिपक्षीय	1	1	1
त्रिपिटकको	1	1	1
त्रिपुरेश्वरस्थित	1	1	1
त्रिबेनि	1	1	1
त्रिभुजमा	1	1	1
त्रिभुवननगरको	1	1	1
त्रिभुवनबाट	1	1	1
त्रिभुवनले	1	1	1
त्रिविबाट	1	1	1
त्रिवेणीघाटमा	1	1	1
त्रिवेणीसमेत	1	1	1
त्रिशुलअगाडि	1	1	1
त्रिशुलि	1	1	1
त्रिशूल	1	1	1
त्रिशूली	1	1	1
त्रीयकताडासन	1	1	1
त्रुटिका	1	1	1
त्रेतायुगमा	1	1	1
त्रैलोक्यविक्रम	1	1	1
थकालीको	1	1	1
थकुरी	1	1	1
थङ	1	1	1
थङिमा	1	1	1
थन्किए	1	1	1
थपना	1	1	1
थपियो	1	1	1
थपिहालेँ	1	1	1
थपेको	1	1	1
थपेमा	1	1	1
थप्नको	1	1	1
थप्नुपर्ने	1	1	1
थप्नुहोला	1	1	1
थप्पड	1	1	1
थमसको	1	1	1
थयो	1	1	1
थरहरूमा	1	1	1
थरिका	1	1	1
थर्मल	1	1	1
थलापरेका	1	1	1
थलोबाट	1	1	1
थवाङ	1	1	1
थाईलेसीन	1	1	1
थाकखोला	1	1	1
थाक्ले	1	1	1
थानकोट	1	1	1
थानमा	1	1	1
थानापाटी	1	1	1
थापाका	1	1	1
थापाकै	1	1	1
थापाजी	1	1	1
थापापुरमा	1	1	1
थापालार्इ	1	1	1
थापासँग	1	1	1
थाबितले	1	1	1
थाम्ने	1	1	1
थायमरु	1	1	1
थारल	1	1	1
थारुले	1	1	1
थारूको	1	1	1
थारेपाटी	1	1	1
थालनीताका	1	1	1
थालिए	1	1	1
थालिसकेको	1	1	1
थालेकोले	1	1	1
थालेमा	1	1	1
थालौँ	1	1	1
थाल्छु	1	1	1
थाल्नुभएकी	1	1	1
थाल्यौ	1	1	1
थाहाअभियान्ता	1	1	1
थिइँन	1	1	1
थिइनन्	1	1	1
थिईंन	1	1	1
थिईन्	1	1	1
थिएँलाई	1	1	1
थिएको	1	1	1
थिएटरमा	1	1	1
थिङ्ग्स	1	1	1
थिच्न	1	1	1
थिच्नु	1	1	1
थिच्नुस्	1	1	1
थिच्नुहोस	1	1	1
थिदिंखा	1	1	1
थिनर	1	1	1
थिमथेमदिङ	1	1	1
थिम्मीको	1	1	1
थियो?	1	1	1
थियोमा	1	1	1
थुकिदिनुपर्छ	1	1	1
थुनबाट	1	1	1
थुनिनुपर्यो	1	1	1
थुन्यो	1	1	1
थुपार्ने	1	1	1
थुप्रैलाई	1	1	1
थुप्रोबाट	1	1	1
थुप्रोसँगै	1	1	1
थुमअन्तर्गत	1	1	1
थुम्का	1	1	1
थुम्पाखार	1	1	1
थुम्बुमुजी	1	1	1
थुयुटुन	1	1	1
थुलुठ	1	1	1
थेट	1	1	1
थेबे	1	1	1
थेरवाद	1	1	1
थै	1	1	1
थैलीमा	1	1	1
थोनाक	1	1	1
थोप्ला	1	1	1
थोमसमा	1	1	1
थोमास	1	1	1
थोरेको	1	1	1
थोरैमा	1	1	1
थोरैले	1	1	1
थ्यान्कस्गिभिङ्ग	1	1	1
थ्रिडीमा	1	1	1
थ्रीडी	1	1	1
दक्षिणअफ्रिकी	1	1	1
दक्षिणकालीको	1	1	1
दक्षिणतर्फबाट	1	1	1
दक्षिणतिरको	1	1	1
दक्षिणपूर्वमा	1	1	1
दक्षिणाप्रदान	1	1	1
दक्षिणायनतर्फ	1	1	1
दक्षिणासहित	1	1	1
दखलअन्दाजी	1	1	1
दखिन्छ	1	1	1
दगल्च्याएर	1	1	1
दङनी	1	1	1
दङ्गालाई	1	1	1
दङ्गेबाज	1	1	1
दण्डनीय	1	1	1
दधिराम	1	1	1
दन्डी	1	1	1
दन्त	1	1	1
दन्तीय	1	1	1
दन्त्योष्ठ्य	1	1	1
दबाइएपछि	1	1	1
दबाई	1	1	1
दबायो	1	1	1
दबावदेखि	1	1	1
दबिएर	1	1	1
दमदम	1	1	1
दमनबाट	1	1	1
दमाउ	1	1	1
दमाम	1	1	1
दमाहाजस्तै	1	1	1
दमै	1	1	1
दम्पति	1	1	1
दम्पतिमाथि	1	1	1
दम्पतिलाई	1	1	1
दम्पतीको	1	1	1
दम्भी	1	1	1
दयाल	1	1	1
दरगाह	1	1	1
दरबारपरस्त	1	1	1
दरबारलाई	1	1	1
दरबारसँगको	1	1	1
दरभङ्गामा	1	1	1
दरलाई	1	1	1
दरवन्दी	1	1	1
दरवारहरू	1	1	1
दरसँग	1	1	1
दरसन्तान	1	1	1
दरसन्तानमा	1	1	1
दरहरूका	1	1	1
दराई	1	1	1
दरिद्र	1	1	1
दरिद्रताको	1	1	1
दरोगति	1	1	1
दर्जामा	1	1	1
दर्पणहरूका	1	1	1
दर्लाचौर	1	1	1
दर्लामी	1	1	1
दर्शकवर्ग	1	1	1
दर्शकहरूका	1	1	1
दर्शकहरूको	1	1	1
दर्शकहरूमा	1	1	1
दर्शनबाट	1	1	1
दर्शनले	1	1	1
दर्शनार्थी	1	1	1
दर्शाइएको	1	1	1
दर्शाउँछन्	1	1	1
दर्शाउँदै	1	1	1
दर्शाउनका	1	1	1
दर्शाए	1	1	1
दर्साउँछ	1	1	1
दर्सिङ	1	1	1
दर्सित	1	1	1
दलबलका	1	1	1
दलसिंहलाई	1	1	1
दलहरुसँगको	1	1	1
दलहरूबीच	1	1	1
दलार्नु	1	1	1
दलेर	1	1	1
दल्नाले	1	1	1
दवाई	1	1	1
दवाडी	1	1	1
दवानगेरे	1	1	1
दवाबपछि	1	1	1
दवाबहरू	1	1	1
दवावका	1	1	1
दशकअघि	1	1	1
दशकबाट	1	1	1
दशकौंदेखि	1	1	1
दशदेखि	1	1	1
दशभुजा	1	1	1
दशमलबवाट	1	1	1
दशमलवीय	1	1	1
दशरथको	1	1	1
दशवटा	1	1	1
दशहरा	1	1	1
दशासमेतको	1	1	1
दशै	1	1	1
दशैँतिहारभन्दा	1	1	1
दशैँपर्व	1	1	1
दशैंका	1	1	1
दशौँमा	1	1	1
दश्तावेजअनुरूप	1	1	1
दहत्तर	1	1	1
दहत्रिवेणी	1	1	1
दहथुमको	1	1	1
दहरूको	1	1	1
दहाल	1	1	1
दहि	1	1	1
दहीमा	1	1	1
दाँतको	1	1	1
दाइनीको	1	1	1
दाइहरू	1	1	1
दाइहरूले	1	1	1
दाऊद	1	1	1
दाक्षायनी	1	1	1
दाखा	1	1	1
दाखिल	1	1	1
दागडा	1	1	1
दाङबाट	1	1	1
दाङलाई	1	1	1
दाजुबहिनीको	1	1	1
दाजुभाई	1	1	1
दाजुहरूलाई	1	1	1
दाजुहरूसँग	1	1	1
दातुन	1	1	1
दातृ	1	1	1
दादर	1	1	1
दानप्रसाद	1	1	1
दानवको	1	1	1
दानवहरूलाई	1	1	1
दानवहरूले	1	1	1
दानादि	1	1	1
दानालाई	1	1	1
दामाशाहीले	1	1	1
दामासाही	1	1	1
दामु	1	1	1
दायरामा	1	1	1
दायित्वलाई	1	1	1
दारा	1	1	1
दारी	1	1	1
दारेगौंडा	1	1	1
दार्जीलिङदेखि	1	1	1
दार्जीलिङे	1	1	1
दार्शनिकका	1	1	1
दार्शनिकहरू	1	1	1
दार्शनिकहरूको	1	1	1
दालजातीय	1	1	1
दावाशेर्पा	1	1	1
दावीमा	1	1	1
दासका	1	1	1
दासढुङ्गा	1	1	1
दासत्व	1	1	1
दासबाट	1	1	1
दाहसंस्कारपछि	1	1	1
दाहसंस्कारहरू	1	1	1
दाहिनेतर्फ	1	1	1
दाहिनेमा	1	1	1
दिंदैनन्	1	1	1
दिइएकोले	1	1	1
दिइएछ	1	1	1
दिइछन्	1	1	1
दिइन	1	1	1
दिइसकेका	1	1	1
दिईएको	1	1	1
दिईन्	1	1	1
दिईयो	1	1	1
दिउँला	1	1	1
दिएकी	1	1	1
दिएकै	1	1	1
दिएन	1	1	1
दिएबापत	1	1	1
दिएरको	1	1	1
दिक्पात	1	1	1
दिक्सूचकका	1	1	1
दिगन्श	1	1	1
दिग्दर्शन	1	1	1
दिग्बन्धन	1	1	1
दिग्विजय	1	1	1
दिङरीबाट	1	1	1
दिङ्मान	1	1	1
दिदीबहिनीको	1	1	1
दिदीबहिनीमा	1	1	1
दिदीबहिनीहरूले	1	1	1
दिदीलाई	1	1	1
दिदीले	1	1	1
दिनचर्या	1	1	1
दिनभरि	1	1	1
दिनभित्रै	1	1	1
दिनहूँ	1	1	1
दिनाजपुर	1	1	1
दिनुका	1	1	1
दिनुपरेमा	1	1	1
दिनुपर्थ्यो	1	1	1
दिनुपर्दैन	1	1	1
दिनुपर्नेछ	1	1	1
दिनुभएन	1	1	1
दिनुस्	1	1	1
दिनुहुन्न	1	1	1
दिनेछु	1	1	1
दिन्छस्	1	1	1
दिपकजी	1	1	1
दिपनारायण	1	1	1
दिपावलीलगायत	1	1	1
दिपिका	1	1	1
दिप्रुङ	1	1	1
दिप्लुङबाट	1	1	1
दिब्रुगढ	1	1	1
दिमागभन्दा	1	1	1
दियोको	1	1	1
दियौं	1	1	1
दिर्घाचामा	1	1	1
दिल	1	1	1
दिलाइयो	1	1	1
दिलाई	1	1	1
दिलाउँछ	1	1	1
दिलाउँदै	1	1	1
दिलाया	1	1	1
दिलेर	1	1	1
दिल्लीवासी	1	1	1
दिल्लीसँग	1	1	1
दिल्सैनी	1	1	1
दिवङ्गत	1	1	1
दिवश	1	1	1
दिवससँग	1	1	1
दिवसहरूमा	1	1	1
दिवसीय	1	1	1
दिवाकरकी	1	1	1
दिवान	1	1	1
दिवालाहरूबाट	1	1	1
दिव्यचक्षुले	1	1	1
दिव्यज्ञान	1	1	1
दिव्यदृष्टि	1	1	1
दिव्यधाम	1	1	1
दिव्यपुरूष	1	1	1
दिव्यश्वरीका	1	1	1
दिव्यास्त्रदेखि	1	1	1
दिशाले	1	1	1
दिसपुर	1	1	1
दिसम्बरको	1	1	1
दी	1	1	1
दीक्षितद्वारा	1	1	1
दीक्षितलाई	1	1	1
दीनदुखी	1	1	1
दीनानाथ	1	1	1
दीपको	1	1	1
दीपशाहीको	1	1	1
दीपावली	1	1	1
दीपावलीको	1	1	1
दीर्घकालिन	1	1	1
दीर्घलाई	1	1	1
दीर्घायुमा	1	1	1
दीवाकर	1	1	1
दुःखद्	1	1	1
दुःखबाट	1	1	1
दुईगुना	1	1	1
दुईचार	1	1	1
दुईटी	1	1	1
दुईटैको	1	1	1
दुईदुई	1	1	1
दुईदुईवटा	1	1	1
दुईपट्टी	1	1	1
दुईमध्ये	1	1	1
दुईवटैसँग	1	1	1
दुईसय	1	1	1
दुकानहरूमा	1	1	1
दुखबाट	1	1	1
दुखाइको	1	1	1
दुखीत	1	1	1
दुखेर	1	1	1
दुख्यो	1	1	1
दुगुना	1	1	1
दुङमाकुले	1	1	1
दुत	1	1	1
दुधकुण्ड	1	1	1
दुधपोखरी	1	1	1
दुनियाँभरमा	1	1	1
दुनिवारन	1	1	1
दुनी	1	1	1
दुबईलाई	1	1	1
दुबैका	1	1	1
दुबैले	1	1	1
दुमजेश्वरी	1	1	1
दुम्सी	1	1	1
दुयुल	1	1	1
दुराचारी	1	1	1
दुराडाँडामा	1	1	1
दुरिमा	1	1	1
दुरुकाजी	1	1	1
दुर्गति	1	1	1
दुर्गाको	1	1	1
दुर्गाज्यू	1	1	1
दुर्गातीर्थ	1	1	1
दुर्गानन्द	1	1	1
दुर्गाप्रसाद	1	1	1
दुर्गामाण्डौँ	1	1	1
दुर्गास्थानको	1	1	1
दुर्गुण	1	1	1
दुर्गौली	1	1	1
दुर्घटनाका	1	1	1
दुर्घटनापछि	1	1	1
दुर्घटनाबाट	1	1	1
दुर्दिम्बाको	1	1	1
दुर्योधनका	1	1	1
दुर्योधनदेखि	1	1	1
दुर्वल	1	1	1
दुर्वलतालाई	1	1	1
दुर्वा	1	1	1
दुर्वासाको	1	1	1
दुर्विनीत	1	1	1
दुर्व्यवहारको	1	1	1
दुर्व्यवहारबाट	1	1	1
दुर्व्यवहारलाई	1	1	1
दुर्व्यसनले	1	1	1
दुलारी	1	1	1
दुली	1	1	1
दुवागढी	1	1	1
दुवागढीको	1	1	1
दुवारबागमारा	1	1	1
दुवैकालाई	1	1	1
दुवैद्वारा	1	1	1
दुवैपट्टी	1	1	1
दुवैभन्दा	1	1	1
दुशासन	1	1	1
दुश्मनहरूको	1	1	1
दुष्कर	1	1	1
दुष्टहरूको	1	1	1
दुष्परिणाम	1	1	1
दुष्प्रभावहरूको	1	1	1
दुष्प्रभावी	1	1	1
दुष्यन्तसित	1	1	1
दुस्परिणाम	1	1	1
दुस्साहसी	1	1	1
दूतकाव्यहरूलाई	1	1	1
दूतमार्फत	1	1	1
दूतले	1	1	1
दूतहरूसँग	1	1	1
दूधको	1	1	1
दूधमा	1	1	1
दूधलाई	1	1	1
दूरगामी	1	1	1
दूरदृष्टि	1	1	1
दूरपीन	1	1	1
दूरबिनले	1	1	1
दूरबीनहरूद्वारा	1	1	1
दूरिमा	1	1	1
दूरीका	1	1	1
दूरीद्वारा	1	1	1
दूर्गम	1	1	1
दूर्बिन	1	1	1
दूषणको	1	1	1
दृढ	1	1	1
दृश्यावलोकनका	1	1	1
दृष्टिकर्ता	1	1	1
दृष्टिकोणहरूलाई	1	1	1
दृष्टिकोबाट	1	1	1
दृष्टिविहीनहरू	1	1	1
दृष्टिविहीनहरूको	1	1	1
दृष्यहरू	1	1	1
दृष्यहरूलाई	1	1	1
दृष्यावलोकन	1	1	1
देउकीहरू	1	1	1
देउता	1	1	1
देउपुरको	1	1	1
देउमाई	1	1	1
देउरालीको	1	1	1
देउसा	1	1	1
देउसीभैलो	1	1	1
देओ	1	1	1
देखरेखमा	1	1	1
देखाइएका	1	1	1
देखाउँदैन	1	1	1
देखाउँन	1	1	1
देखाउनका	1	1	1
देखाउनलाई	1	1	1
देखापरिसकेको	1	1	1
देखापर्छ	1	1	1
देखिँदैछन्	1	1	1
देखिएकी	1	1	1
देखिकि	1	1	1
देखिको	1	1	1
देखिनमा	1	1	1
देखिनुमा	1	1	1
देखिरहेका	1	1	1
देखेकी	1	1	1
देखेछ	1	1	1
देखेमा	1	1	1
देख्दादेख्दै	1	1	1
देख्यौ	1	1	1
देदीप्यमान	1	1	1
देबघाटबाट	1	1	1
देबघाटमा	1	1	1
देबनाथद्वारा	1	1	1
देब्रेमा	1	1	1
देल	1	1	1
देवका	1	1	1
देवकीलाई	1	1	1
देवकोटामाथि	1	1	1
देवकोटाले	1	1	1
देवगृहमा	1	1	1
देवघाटधामको	1	1	1
देवताकै	1	1	1
देवताबाट	1	1	1
देवताहरूका	1	1	1
देवदत्व	1	1	1
देवदहका	1	1	1
देवदारको	1	1	1
देवदास	1	1	1
देवदुतहरू	1	1	1
देवदेवी	1	1	1
देवदेवीको	1	1	1
देवदेवीहरूको	1	1	1
देवनागरीको	1	1	1
देवनागरीलाई	1	1	1
देवप्रकाश	1	1	1
देवले	1	1	1
देवा	1	1	1
देवान	1	1	1
देवी!	1	1	1
देवीकै	1	1	1
देवीचन्द्रले	1	1	1
देवीमा	1	1	1
देवीमाया	1	1	1
देवीस्थानको	1	1	1
देवीहरूको	1	1	1
देशद्रोहका	1	1	1
देशद्रोहको	1	1	1
देशबासिहरूलाई	1	1	1
देशबासीको	1	1	1
देशबासीलाई	1	1	1
देशभक्तिहरू	1	1	1
देशभरको	1	1	1
देशभरमा	1	1	1
देशभरिबाट	1	1	1
देशभित्रका	1	1	1
देशमुखलाई	1	1	1
देशरत्न	1	1	1
देशसँग	1	1	1
देशहरूले	1	1	1
देशान्तरदेखि	1	1	1
देशान्तरसम्म	1	1	1
देसका	1	1	1
देसवार	1	1	1
देह	1	1	1
देहत्याग	1	1	1
देहलीको	1	1	1
देहव्यापार	1	1	1
देहात	1	1	1
देहावसान	1	1	1
दैत्याकारको	1	1	1
दैनन्दिनीको	1	1	1
दैर्घ्य	1	1	1
दैर्घ्यका	1	1	1
दैव	1	1	1
दैवत	1	1	1
दैवलाई	1	1	1
दोआबमा	1	1	1
दोकानहरू	1	1	1
दोक्कल	1	1	1
दोक्लै	1	1	1
दोखाम	1	1	1
दोखामबाट	1	1	1
दोखामा	1	1	1
दोङशुल	1	1	1
दोधौलीमा	1	1	1
दोबाटा	1	1	1
दोबाटो	1	1	1
दोभान	1	1	1
दोभानमा	1	1	1
दोमट	1	1	1
दोरम्बा	1	1	1
दोर्जेको	1	1	1
दोलन	1	1	1
दोलालघाट	1	1	1
दोषको	1	1	1
दोषहरूलाई	1	1	1
दोस्रोद्वारा	1	1	1
दोहन	1	1	1
दोहरिरहने	1	1	1
दोहली	1	1	1
दोहोरिने	1	1	1
दोहोर्याउँदै	1	1	1
दोहोर्याउदैनन्	1	1	1
दौडँदै	1	1	1
दौडको	1	1	1
दौडन	1	1	1
दौडे	1	1	1
दौडेर	1	1	1
दौड्न	1	1	1
दौरबाट	1	1	1
दौरहरूका	1	1	1
दौरासुरुवाल	1	1	1
द्यःलाई	1	1	1
द्युति	1	1	1
द्योतन	1	1	1
द्रङ्गको	1	1	1
द्रवदिक्सूचक	1	1	1
द्रव्यका	1	1	1
द्रव्यकोषको	1	1	1
द्रव्यमानका	1	1	1
द्रोणाचार्यलाई	1	1	1
द्रौपदी	1	1	1
द्रौपदीका	1	1	1
द्लामिनिसँग	1	1	1
द्वन्द्वमा	1	1	1
द्वन्द्वमै	1	1	1
द्वन्द्ववादको	1	1	1
द्वयोष्ठ्य	1	1	1
द्वा	1	1	1
द्वादश	1	1	1
द्वारदेखि	1	1	1
द्वारमा	1	1	1
द्वारावती	1	1	1
द्वारिकामा	1	1	1
द्विगुणन	1	1	1
द्वितिया	1	1	1
द्वितीयका	1	1	1
द्वितीयसँग	1	1	1
द्विदलीय	1	1	1
द्विप	1	1	1
द्विपहरू	1	1	1
द्विपहरूको	1	1	1
द्विवार्षिक	1	1	1
द्विविधा	1	1	1
द्वीपसमूह	1	1	1
द्वीपहरूलाई	1	1	1
ध	1	1	1
धकादाइको	1	1	1
धकेलिएका	1	1	1
धजो	1	1	1
धधे	1	1	1
धनकौल	1	1	1
धनगढी	1	1	1
धनधान्यले	1	1	1
धनप्रिय	1	1	1
धनमानको	1	1	1
धनराशी	1	1	1
धनले	1	1	1
धनसञ्चय	1	1	1
धनात्मकतिर	1	1	1
धनाशि	1	1	1
धनिराम	1	1	1
धनिष्ठा	1	1	1
धनीको	1	1	1
धनुर्धर	1	1	1
धनुषवाण	1	1	1
धनौरा	1	1	1
धन्यावाद	1	1	1
धब्बाको	1	1	1
धमालम्बीहरू	1	1	1
धमोली	1	1	1
धम्क्याउने	1	1	1
धरहराहरूको	1	1	1
धरा	1	1	1
धरातलको	1	1	1
धरापमा	1	1	1
धरावासीले	1	1	1
धरासायी	1	1	1
धरोहरहरूमा	1	1	1
धर्तीमा	1	1	1
धर्मकर्ममा	1	1	1
धर्मगुरुको	1	1	1
धर्मगुरूले	1	1	1
धर्मदासलाई	1	1	1
धर्मनदी	1	1	1
धर्मपथ	1	1	1
धर्मपानी	1	1	1
धर्मपुत्र	1	1	1
धर्मपुत्रीको	1	1	1
धर्मपुरको	1	1	1
धर्मप्रति	1	1	1
धर्मबारे	1	1	1
धर्मभक्त	1	1	1
धर्मभित्र	1	1	1
धर्ममैँ	1	1	1
धर्मविशेषमा	1	1	1
धर्मसुधारको	1	1	1
धर्मस्थल	1	1	1
धर्महरूका	1	1	1
धर्महरूतर्फ	1	1	1
धर्मात्मा	1	1	1
धर्मादेवी	1	1	1
धर्मान्तरित	1	1	1
धर्मालम्बी	1	1	1
धर्मावलम्वी	1	1	1
धर्मावलम्वीले	1	1	1
धर्मी	1	1	1
धर्साविरुद्ध	1	1	1
धर्साहरू	1	1	1
धवलागिरीसम्म	1	1	1
धाइजन	1	1	1
धाकावाङ	1	1	1
धाङमा	1	1	1
धातुलाई	1	1	1
धातुहरूभन्दा	1	1	1
धानका	1	1	1
धानखेतीलाई	1	1	1
धानखेतीले	1	1	1
धानमा	1	1	1
धानेको	1	1	1
धान्नु	1	1	1
धापाखेलको	1	1	1
धामीझाँक्रीहरू	1	1	1
धामीलाई	1	1	1
धारक	1	1	1
धारणामा	1	1	1
धारादेखि	1	1	1
धारापानी	1	1	1
धारावाहिक	1	1	1
धारावाहिकको	1	1	1
धाराहरूलाई	1	1	1
धारीको	1	1	1
धिकपुरको	1	1	1
धिमा	1	1	1
धिमाल	1	1	1
धीरगन	1	1	1
धुनी	1	1	1
धुन्छन्	1	1	1
धुपी	1	1	1
धुमधाम	1	1	1
धुमधामपूर्वक	1	1	1
धुमधामले	1	1	1
धुमधामसँग	1	1	1
धुमधामसित	1	1	1
धुम्च्याङ	1	1	1
धुम्रपान	1	1	1
धुम्रपानसँग	1	1	1
धुरकोत	1	1	1
धुरिएका	1	1	1
धुलाबारी	1	1	1
धुलाले	1	1	1
धुलेश्वरलाई	1	1	1
धुलोपन	1	1	1
धुसेनी	1	1	1
धु्रवचरित्र	1	1	1
धूपबत्ति	1	1	1
धूमकेतु	1	1	1
धूमधामसँग	1	1	1
धूम्रपान	1	1	1
धेरायतको	1	1	1
धेरे	1	1	1
धेरैथरि	1	1	1
धेरैपटक	1	1	1
धेरैबेर	1	1	1
धैरै	1	1	1
धोदेनीको	1	1	1
धोबिनी	1	1	1
धोबी	1	1	1
धोबीघाटमा	1	1	1
धोलक	1	1	1
धौऊ	1	1	1
ध्यानचन्दको	1	1	1
ध्यानाकर्षण	1	1	1
ध्याप्ची	1	1	1
ध्येयले	1	1	1
ध्रुवचन्द्रले	1	1	1
ध्रुवीकरण	1	1	1
ध्रुवीकरणमा	1	1	1
ध्वंसात्मक	1	1	1
ध्वजाहरू	1	1	1
ध्वनिहरूको	1	1	1
नअघाउञ्जेल	1	1	1
नआएमा	1	1	1
नउठाउने	1	1	1
नउदाउन्जेल	1	1	1
नए	1	1	1
नओगटेका	1	1	1
नकमाइने	1	1	1
नकल	1	1	1
नकलबन्दा	1	1	1
नकारिदिएका	1	1	1
नकार्ने	1	1	1
नकिम	1	1	1
नकुलद्वारा	1	1	1
नक्कले	1	1	1
नक्शाको	1	1	1
नक्शामा	1	1	1
नक्षत्रपतिको	1	1	1
नक्षत्रभवन	1	1	1
नक्षत्रसमूह	1	1	1
नक्षत्रहरूको	1	1	1
नक्षत्रहरूमा	1	1	1
नक्साहरूमा	1	1	1
नखाइकन	1	1	1
नखाएर	1	1	1
नखोलिकनै	1	1	1
नख्खी	1	1	1
नगई	1	1	1
नगदेबाली	1	1	1
नगरकोटलाई	1	1	1
नगरपलिका	1	1	1
नगरपालिकाबाट	1	1	1
नगरपालिकालाई	1	1	1
नगरपालिकाहरू	1	1	1
नगरवधु	1	1	1
नगरवासीहरूलाई	1	1	1
नगरव्वयस्था	1	1	1
नगरसँग	1	1	1
नगरहररू	1	1	1
नगराउँदा	1	1	1
नगराउन	1	1	1
नगरून्	1	1	1
नगरेरै	1	1	1
नगर्न	1	1	1
नगर्नको	1	1	1
नगलेको	1	1	1
नगेन्द्रका	1	1	1
नचलाकोट	1	1	1
नचलाकोटबाट	1	1	1
नचलेको	1	1	1
नचाहँदै	1	1	1
नचिन्ने	1	1	1
नछोई	1	1	1
नछोडाएसम्म	1	1	1
नछोड्नुहोस्	1	1	1
नजन्मन	1	1	1
नजन्मिएकाले	1	1	1
नजमा	1	1	1
नजरथ	1	1	1
नजरदेखि	1	1	1
नजरबन्दमा	1	1	1
नजरबन्दीबाट	1	1	1
नजरमै	1	1	1
नजरलाई	1	1	1
नजरले	1	1	1
नजरिएबाट	1	1	1
नजाँदा	1	1	1
नजाँनिदो	1	1	1
नजान	1	1	1
नजानेका	1	1	1
नजान्ने	1	1	1
नजान्नेले	1	1	1
नजारा	1	1	1
नजिकिँदै	1	1	1
नजिकिएको	1	1	1
नजिता	1	1	1
नजीकको	1	1	1
नजीकबाट	1	1	1
नजीकैको	1	1	1
नझर्कनुहोस्	1	1	1
नटवरलालको	1	1	1
नटारम्भेश्वर	1	1	1
नडुब्ने	1	1	1
नढलेसम्म	1	1	1
नत्थी	1	1	1
नत्रभने	1	1	1
नदबाई	1	1	1
नदिनुस्	1	1	1
नदिहरूले	1	1	1
नदिहरूसँग	1	1	1
नदीकटान	1	1	1
नदीनालाहरूसँग	1	1	1
नदीसम्म	1	1	1
नदेखिनु	1	1	1
नदेखे	1	1	1
नदेखेर	1	1	1
नदेख्ने	1	1	1
ननासिने	1	1	1
ननिक्लेसरह	1	1	1
ननुपट्टी	1	1	1
नन्दिता	1	1	1
नन्दीकेशर	1	1	1
नपच्नुभन्दा	1	1	1
नपढ्दा	1	1	1
नपर	1	1	1
नपरिरहेको	1	1	1
नपरेर	1	1	1
नपरेसम्म	1	1	1
नपर्खेको	1	1	1
नपा	1	1	1
नपाइए	1	1	1
नपाईने	1	1	1
नपाउँदा	1	1	1
नपाएका	1	1	1
नपाएकाले	1	1	1
नपाएकोमा	1	1	1
नपाएर	1	1	1
नपाएसम्मै	1	1	1
नपाकेको	1	1	1
नपारिदिएकाले	1	1	1
नपुंशक	1	1	1
नपुगोस्	1	1	1
नपुर्याउने	1	1	1
नफर्किने	1	1	1
नफल्ने	1	1	1
नफिटिउन्जेल	1	1	1
नफुट्नुको	1	1	1
नबदली	1	1	1
नबनाउनुहोला	1	1	1
नबनिसकेका	1	1	1
नबनेसम्म	1	1	1
नबन्नुको	1	1	1
नबाँडिकन	1	1	1
नबि	1	1	1
नबिग्रने	1	1	1
नबिनले	1	1	1
नबुझ्नेलाई	1	1	1
नबोक्ने	1	1	1
नबोलाऊ	1	1	1
नभइञ्जेल	1	1	1
नभइदिएको	1	1	1
नभएकै	1	1	1
नभएपनि	1	1	1
नभन्दै	1	1	1
नभेटेर	1	1	1
नभेम्बर	1	1	1
नभैकन	1	1	1
नम	1	1	1
नमक्कल	1	1	1
नमरुन्	1	1	1
नमस्तेको	1	1	1
नमानी	1	1	1
नमानेकाले	1	1	1
नमान्न	1	1	1
नमार्ने	1	1	1
नमिलेका	1	1	1
नमिलेपछि	1	1	1
नमिल्नाका	1	1	1
नमिसाइएको	1	1	1
नमुनाका	1	1	1
नमुनामा	1	1	1
नमूनाहरू	1	1	1
नमेटाउने	1	1	1
नमो	1	1	1
नमोबुद्धको	1	1	1
नम्बरअनुसार	1	1	1
नयन	1	1	1
नयाँबाटो	1	1	1
नयाँयुग	1	1	1
नयैँ	1	1	1
नरदेवी	1	1	1
नरप्रिङ	1	1	1
नरभक्षी	1	1	1
नरभूपालको	1	1	1
नरर्सिंहटप्पु	1	1	1
नरविर	1	1	1
नरसिंहदेव	1	1	1
नरसिंहले	1	1	1
नराम्ररी	1	1	1
नराम्रोसँग	1	1	1
नरिता	1	1	1
नरिवलको	1	1	1
नरेन्द्रदेव	1	1	1
नरेन्द्रसिंहका	1	1	1
नरेशशङ्कर	1	1	1
नरेशसँग	1	1	1
नरोऊ	1	1	1
नर्तकीको	1	1	1
नर्तकीहरूले	1	1	1
नर्तिन	1	1	1
नर्दर्न	1	1	1
नर्फोक	1	1	1
नर्बु	1	1	1
नर्म	1	1	1
नर्मन	1	1	1
नर्म्यान	1	1	1
नर्वेको	1	1	1
नर्सको	1	1	1
नर्सहरू	1	1	1
नर्सिङ	1	1	1
नर्सिन्घा	1	1	1
नल	1	1	1
नलगाइए	1	1	1
नलागी	1	1	1
नलागेपछि	1	1	1
नलिई	1	1	1
नलिए	1	1	1
नलिएपछि	1	1	1
नलिन	1	1	1
नलिनु	1	1	1
नलेउ	1	1	1
नलेखी	1	1	1
नलेख्नु	1	1	1
नलेख्नुस्	1	1	1
नवगठित	1	1	1
नवग्रहहरूमध्ये	1	1	1
नवदुर्गा	1	1	1
नवदुर्गाको	1	1	1
नवदुर्गामध्ये	1	1	1
नवनव	1	1	1
नवनिर्मित	1	1	1
नवम	1	1	1
नवमी	1	1	1
नवमीका	1	1	1
नवमीसम्म	1	1	1
नवरत्नजडित	1	1	1
नवलपरासीबाट	1	1	1
नववर्षको	1	1	1
नवविधा	1	1	1
नवविवाहित	1	1	1
नवसन्यासी	1	1	1
नवस्थापित	1	1	1
नवाचार	1	1	1
नवाह	1	1	1
नविन	1	1	1
नविनतम	1	1	1
नवीनले	1	1	1
नवोढा	1	1	1
नवौँमा	1	1	1
नश्वर	1	1	1
नस	1	1	1
नसकिदासम्म	1	1	1
नसकिन्जेलसम्म	1	1	1
नसकुन्जेलसम्मका	1	1	1
नसकेता	1	1	1
नसक्नुका	1	1	1
नसताऊ	1	1	1
नसा	1	1	1
नसामा	1	1	1
नसुक्ने	1	1	1
नसुनी	1	1	1
नसेडीहरूले	1	1	1
नस्लका	1	1	1
नस्लसुधार	1	1	1
नहरको	1	1	1
नहरहरू	1	1	1
नहान	1	1	1
नही	1	1	1
नहुँदो	1	1	1
नहुनुहोला	1	1	1
नहुनेहरू	1	1	1
नहेरी	1	1	1
नहेरेको	1	1	1
ना	1	1	1
नाइटको	1	1	1
नाइटरिड्डरका	1	1	1
नाइटिङ्गेलको	1	1	1
नाइटोको	1	1	1
नाइल	1	1	1
नाउँबाट	1	1	1
नाकभित्रबाट	1	1	1
नाकले	1	1	1
नाकावन्दी	1	1	1
नागकन्या	1	1	1
नागदहको	1	1	1
नागदेवता	1	1	1
नागपुर	1	1	1
नागपोखरीमा	1	1	1
नागरिकका	1	1	1
नागरिकतासम्बन्धी	1	1	1
नागरीले	1	1	1
नागार्जुनको	1	1	1
नाघिसक्यो	1	1	1
नाघेको	1	1	1
नाचमध्ये	1	1	1
नाचहरू	1	1	1
नाच्छिरिङ्	1	1	1
नाच्दै	1	1	1
नाच्यो	1	1	1
नाजुक	1	1	1
नाजु़क	1	1	1
नाटकलाई	1	1	1
नाटकीयता	1	1	1
नाट्यकर्मी	1	1	1
नाट्यवेद	1	1	1
नाट्यशास्त्रका	1	1	1
नाडुमा	1	1	1
नाताद्वारा	1	1	1
नाताहरू	1	1	1
नातिनातिनाहरूलाई	1	1	1
नातिनीको	1	1	1
नातीना	1	1	1
नातेदार	1	1	1
नातेदारसँग	1	1	1
नातेदारहरूलाई	1	1	1
नाथमुलाज	1	1	1
नाद	1	1	1
नादनुरूप	1	1	1
नानीको	1	1	1
नानीहरूका	1	1	1
नानीहरूलाई	1	1	1
नानोका	1	1	1
नानोको	1	1	1
नान्यदेवपछि	1	1	1
नाप	1	1	1
नापिएको	1	1	1
नापीशाखा	1	1	1
नाफाखोर	1	1	1
नाफाखोरहरूले	1	1	1
नाफामा	1	1	1
नाफामुलक	1	1	1
नाभि	1	1	1
नामकरणको	1	1	1
नामग्याल	1	1	1
नामच्याग	1	1	1
नामप्रति	1	1	1
नाममात्र	1	1	1
नामसन्	1	1	1
नामहरूका	1	1	1
नामाकरणका	1	1	1
नामाकरणको	1	1	1
नामाकरणबाट	1	1	1
नाम्पोक्षेको	1	1	1
नायडूले	1	1	1
नायमेयर	1	1	1
नायिकाको	1	1	1
नारङी	1	1	1
नारदका	1	1	1
नारदले	1	1	1
नारयणी	1	1	1
नारायणीमा	1	1	1
नारीकै	1	1	1
नार्डोस्टाकिस	1	1	1
नालन्दा	1	1	1
नालामाथि	1	1	1
नालाहरूलाई	1	1	1
नाली	1	1	1
नावहि	1	1	1
नाविकगण	1	1	1
नाविकहरू	1	1	1
नाशक	1	1	1
नासा	1	1	1
नासाको	1	1	1
नासासँगै	1	1	1
नासुके	1	1	1
नासूरमा	1	1	1
नास्तासँग	1	1	1
नास्पातिको	1	1	1
नास्रिन	1	1	1
निऋति	1	1	1
निऋतिको	1	1	1
निकटताको	1	1	1
निकटताले	1	1	1
निकल्छ	1	1	1
निकारागुआका	1	1	1
निकालामा	1	1	1
निकालौँ	1	1	1
निकाल्थे	1	1	1
निकाल्दै	1	1	1
निकाल्नुभएको	1	1	1
निकाल्नुस्	1	1	1
निकुञ्जभित्र	1	1	1
निकुञ्जस्थित	1	1	1
निकृष्ट	1	1	1
निकोलाइ	1	1	1
निक्लने	1	1	1
निक्लिन्छ	1	1	1
निक्लेको	1	1	1
निखार	1	1	1
निखारिएको	1	1	1
निगमीय	1	1	1
निगौली	1	1	1
निघण्टुको	1	1	1
निचली	1	1	1
निचोरी	1	1	1
निचोरेको	1	1	1
निचोरेर	1	1	1
निजले	1	1	1
निजहरूसँगको	1	1	1
निजामति	1	1	1
निजि	1	1	1
निजीकरण	1	1	1
निजीस्तरका	1	1	1
निजीस्तरबाट	1	1	1
निजुबासी	1	1	1
निडफुल	1	1	1
नित्यचण्डेश्वरी	1	1	1
निदाउन	1	1	1
निदानका	1	1	1
निदानको	1	1	1
निधनपश्चात	1	1	1
निधारबाहेक	1	1	1
निधिपति	1	1	1
निधो	1	1	1
निनाम्माको	1	1	1
निन्दाले	1	1	1
निन्द्राको	1	1	1
निपूर्ण	1	1	1
निप्पोनलाई	1	1	1
निबन्धकार	1	1	1
निबन्धकारका	1	1	1
निबन्धमध्येबाट	1	1	1
निबन्धसंग्रह	1	1	1
निबन्धहरूको	1	1	1
निबन्धहरूले	1	1	1
निभाइरहेका	1	1	1
निभाई	1	1	1
निभाउँथे	1	1	1
निभाउँदै	1	1	1
निभाउनुभएको	1	1	1
निभाद्वारा	1	1	1
निभ्दैन	1	1	1
निमग्न	1	1	1
निमार्णाधिन	1	1	1
निमिस	1	1	1
निमेष	1	1	1
निमोनियाबाट	1	1	1
निम्तिने	1	1	1
निम्त्याउन	1	1	1
निम्त्याउने	1	1	1
निम्नतहका	1	1	1
निम्नानुसारका	1	1	1
निम्बस	1	1	1
निम्बसले	1	1	1
निम्बार्काचार्यको	1	1	1
निम्बार्काचार्यले	1	1	1
निम्बुज	1	1	1
नियति	1	1	1
नियन्त्रणअन्तर्गत	1	1	1
नियन्त्रणका	1	1	1
नियमनसमेत	1	1	1
नियमभित्र	1	1	1
नियमहरूले	1	1	1
नियमानुसारको	1	1	1
नियमावलिमा	1	1	1
नियमावलीहरू	1	1	1
नियमितता	1	1	1
नियमितरूपमा	1	1	1
नियात्राका	1	1	1
नियाल्न	1	1	1
नियाल्नुपर्ने	1	1	1
नियुक्तिको	1	1	1
नियुक्तिपछि	1	1	1
नियुक्तिहरू	1	1	1
नियोगहरू	1	1	1
निरंकुशता	1	1	1
निरकुमारी	1	1	1
निरक्षर	1	1	1
निरन्तरतामा	1	1	1
निरन्तरतालाई	1	1	1
निरन्तरित	1	1	1
निरबिरालो	1	1	1
निरमती	1	1	1
निरालाको	1	1	1
निराशाजनक	1	1	1
निरुक्तलाई	1	1	1
निरूपण	1	1	1
निरूपमा	1	1	1
निरेवाभुमोङको	1	1	1
निरेश	1	1	1
निरोधी	1	1	1
निरौलाजस्ता	1	1	1
निर्जनता	1	1	1
निर्णयहरू	1	1	1
निर्णयहरूमा	1	1	1
निर्णायक	1	1	1
निर्दयी	1	1	1
निर्दलिय	1	1	1
निर्देशकका	1	1	1
निर्देशनको	1	1	1
निर्देशनहरू	1	1	1
निर्देशहरूको	1	1	1
निर्धक्कसित	1	1	1
निर्धारकभन्दा	1	1	1
निर्धारकहरूमा	1	1	1
निर्धारणको	1	1	1
निर्धो	1	1	1
निर्भरताका	1	1	1
निर्भाह	1	1	1
निर्ममतापूर्वक	1	1	1
निर्मला	1	1	1
निर्माणस्थलको	1	1	1
निर्माताका	1	1	1
निर्माताले	1	1	1
निर्माताहरू	1	1	1
निर्माताहरूलाई	1	1	1
निर्माल	1	1	1
निर्मुल	1	1	1
निर्यातभन्दा	1	1	1
निर्वचन	1	1	1
निर्वाचकलाई	1	1	1
निर्वाचनक्षेत्र	1	1	1
निर्वाचनक्षेत्रबाट	1	1	1
निर्वाचनबाट	1	1	1
निर्वाचनसम्म	1	1	1
निर्वाचनहरू	1	1	1
निर्वासनले	1	1	1
निर्वाहका	1	1	1
निर्वाहको	1	1	1
निर्वाहित	1	1	1
निर्विरोध	1	1	1
निलपोशी	1	1	1
निला	1	1	1
निलाजी	1	1	1
निलाम्बर	1	1	1
निलेछ	1	1	1
निवारणका	1	1	1
निवारो	1	1	1
निवार्ताकार	1	1	1
निवार्तामा	1	1	1
निवासीको	1	1	1
निवासीहरूले	1	1	1
निवृत	1	1	1
निशन्देह	1	1	1
निशब्द	1	1	1
निशा	1	1	1
निशानको	1	1	1
निशानी	1	1	1
निशामा	1	1	1
निशुम्भको	1	1	1
निश्चल	1	1	1
निषेधित	1	1	1
निष्कर्षहरूमा	1	1	1
निष्ठासाथ	1	1	1
निष्पक्षता	1	1	1
निष्पक्षताको	1	1	1
निष्पाद्यमान	1	1	1
निष्फल	1	1	1
निसंखेभन्ज्याङ	1	1	1
निसन्देह	1	1	1
निसिभुजी	1	1	1
निस्कँदा	1	1	1
निस्कँदैन	1	1	1
निस्कनु	1	1	1
निस्कला	1	1	1
निस्किन	1	1	1
निस्किन्छ	1	1	1
निस्किरहेको	1	1	1
निस्तेज	1	1	1
निस्व	1	1	1
निहत्था	1	1	1
निहुर्याएर	1	1	1
निहोन्	1	1	1
नीजिमध्ये	1	1	1
नीतिअन्तर्गत	1	1	1
नीतिकथा	1	1	1
नीतिले	1	1	1
नीतिशास्त्रको	1	1	1
नीतिहरूका	1	1	1
नीतिहरूसित	1	1	1
नीयो	1	1	1
नीलतभा	1	1	1
नीलबाराही	1	1	1
नीलाम्बर	1	1	1
नुजभेड	1	1	1
नुनकुम	1	1	1
नुवाकोटका	1	1	1
नुवाकोटबाट	1	1	1
नुहाएका	1	1	1
नूटका	1	1	1
नूरजहाँ	1	1	1
नृत्यमा	1	1	1
नृत्यलाई	1	1	1
नृत्यहरूलाई	1	1	1
नेउपानेले	1	1	1
नेकपामाओवादीका	1	1	1
नेकाको	1	1	1
नेकी	1	1	1
नेकृसु	1	1	1
नेक्ड	1	1	1
नेटबर्स्ट	1	1	1
नेटवर्कतिर	1	1	1
नेटवर्किङ	1	1	1
नेटा	1	1	1
नेटाथाना	1	1	1
नेटिभ	1	1	1
नेटिव	1	1	1
नेटोका	1	1	1
नेडर्भोल्ड	1	1	1
नेताकारूप	1	1	1
नेताजी	1	1	1
नेतामा	1	1	1
नेती	1	1	1
नेतृत्वकर्ता	1	1	1
नेतृत्वसँग	1	1	1
नेत्ररोग	1	1	1
नेत्रशोथ	1	1	1
नेत्राकृति	1	1	1
नेपथ्यबाट	1	1	1
नेपलीमा	1	1	1
नेपाब्वायबाट	1	1	1
नेपालगञ्ज	1	1	1
नेपालगढ	1	1	1
नेपालटाइम्स	1	1	1
नेपालभन्दा	1	1	1
नेपालभर	1	1	1
नेपालभरि	1	1	1
नेपाललगायत	1	1	1
नेपालवाणी	1	1	1
नेपालसँगको	1	1	1
नेपालसंग	1	1	1
नेपाला	1	1	1
नेपालीहरुको	1	1	1
नेपाव्वाय	1	1	1
नेब्रास्काको	1	1	1
नेभारो	1	1	1
नेर्पा	1	1	1
नेल्लौर	1	1	1
नेल्सनले	1	1	1
नेवारहरूमा	1	1	1
नेवाहोङ	1	1	1
नेविक्रम	1	1	1
नेविली	1	1	1
नेवी	1	1	1
नेवीलाई	1	1	1
नेस	1	1	1
नेहरुको	1	1	1
नेहरुले	1	1	1
नैगम	1	1	1
नैगमकाण्ड	1	1	1
नैघण्टुक	1	1	1
नैतिककथाको	1	1	1
नैतिकवान	1	1	1
नैतिको	1	1	1
नैपालमै	1	1	1
नैस	1	1	1
नॉरमन	1	1	1
नोएल	1	1	1
नोकरीका	1	1	1
नोकिया	1	1	1
नोभेम्बरको	1	1	1
नोभेम्बरबाट	1	1	1
नोमेड्स	1	1	1
नोर्डिग्रेनले	1	1	1
नोवामा	1	1	1
नोवेम्बेर	1	1	1
नौकाशयरका	1	1	1
नौचालन	1	1	1
नौबेडेका	1	1	1
नौमति	1	1	1
नौयडामा	1	1	1
नौल्याई	1	1	1
नौवटा	1	1	1
नौवटी	1	1	1
नौवटै	1	1	1
नौवहरू	1	1	1
नौसेनालाई	1	1	1
न्याना	1	1	1
न्यानोपनका	1	1	1
न्यान्सी	1	1	1
न्यायधीशका	1	1	1
न्यायमा	1	1	1
न्यायलय	1	1	1
न्यायलयका	1	1	1
न्यायलाई	1	1	1
न्यायशास्त्रसँग	1	1	1
न्यायसम्बन्धी	1	1	1
न्यायाधिश	1	1	1
न्यायाधीशको	1	1	1
न्यायाधीशले	1	1	1
न्यास्रो	1	1	1
न्युअरले	1	1	1
न्युक्यासल	1	1	1
न्युजिल्याण्ड	1	1	1
न्युजिल्यान्डले	1	1	1
न्युटनले	1	1	1
न्युट्रिनो	1	1	1
न्युट्रोनहरूको	1	1	1
न्युडिगेट	1	1	1
न्युयर्कमा	1	1	1
न्युरेनी	1	1	1
न्यूट्रोन	1	1	1
न्यूनताद्वारा	1	1	1
न्यूनाधिकारिणी	1	1	1
न्यूयोर्कलाई	1	1	1
न्योहोङको	1	1	1
न्योहोङसँग	1	1	1
न्यौपानेले	1	1	1
न्हा	1	1	1
पँ	1	1	1
पँधेर्नीहरू	1	1	1
पँर्धेनीबाट	1	1	1
पंक	1	1	1
पंक्तिबद्ध	1	1	1
पंचगंज	1	1	1
पंचगरम	1	1	1
पंचतन्त्र	1	1	1
पंचपदी	1	1	1
पकाई	1	1	1
पकाउनको	1	1	1
पकान	1	1	1
पकिर	1	1	1
पक्डनेको	1	1	1
पक्रने	1	1	1
पक्षपाती	1	1	1
पक्षमात्र	1	1	1
पक्षसमर्थक	1	1	1
पक्षहरु	1	1	1
पक्षिहरू	1	1	1
पक्षिहरूको	1	1	1
पक्षीको	1	1	1
पखालिसकेपछि	1	1	1
पखाली	1	1	1
पखालेको	1	1	1
पगालियो	1	1	1
पग्लेर	1	1	1
पङ्क्तिकार	1	1	1
पङ्क्तिको	1	1	1
पङ्क्तिबद्ध	1	1	1
पङ्क्तिहरू	1	1	1
पचपन्न	1	1	1
पचहत्तरै	1	1	1
पचहर्वा	1	1	1
पचाउनमा	1	1	1
पचाएर	1	1	1
पचासदेखि	1	1	1
पचासी	1	1	1
पचासैाँ	1	1	1
पचौरी	1	1	1
पच्नु	1	1	1
पच्यु	1	1	1
पछाडितर्फ	1	1	1
पछाडिबाट	1	1	1
पछिदेखि	1	1	1
पछिल्तिर	1	1	1
पछ्याउने	1	1	1
पछ्यौरीमा	1	1	1
पछ्वारी	1	1	1
पजारु	1	1	1
पञ्च	1	1	1
पञ्चकुवा	1	1	1
पञ्चकोशी	1	1	1
पञ्चकोशीको	1	1	1
पञ्चतन्त्रका	1	1	1
पञ्चदेवोपासना	1	1	1
पञ्चधातुको	1	1	1
पञ्चभगिनी	1	1	1
पञ्चमले	1	1	1
पञ्चमार्गी	1	1	1
पञ्चरत्नको	1	1	1
पञ्चवर्षीय	1	1	1
पञ्चशीलका	1	1	1
पञ्चाङ्गको	1	1	1
पञ्चायतकाल	1	1	1
पञ्चायतकालदेखि	1	1	1
पञ्चायतहरूमा	1	1	1
पञ्चालयतकालमा	1	1	1
पञ्चासेको	1	1	1
पञ्चासेवासी	1	1	1
पञ्चेबाजाको	1	1	1
पञ्चेबाजाले	1	1	1
पञ्जाबी	1	1	1
पञ्जाबीमा	1	1	1
पटउनले	1	1	1
पटकथाभन्दा	1	1	1
पटकमा	1	1	1
पटका	1	1	1
पटकाहरूको	1	1	1
पटनापछि	1	1	1
पटर	1	1	1
पटले	1	1	1
पटवर्धन	1	1	1
पटासीलाई	1	1	1
पटियालाका	1	1	1
पटियालामा	1	1	1
पटेन्ट	1	1	1
पटेल	1	1	1
पट्टि	1	1	1
पट्टिको	1	1	1
पट्टीमा	1	1	1
पट्याउन	1	1	1
पठाइदिएछन्	1	1	1
पठाइदिने	1	1	1
पठाइनुको	1	1	1
पठाइन्	1	1	1
पठाइन्थे	1	1	1
पठाइसकेको	1	1	1
पठाउँछन्	1	1	1
पठाउँथ्यो	1	1	1
पठाउनका	1	1	1
पठाउनु	1	1	1
पठाउनुपर्ने	1	1	1
पठाएमा	1	1	1
पठाको	1	1	1
पठानकोट	1	1	1
पडकिनुदार	1	1	1
पडसरी	1	1	1
पडोसनमा	1	1	1
पड्काउन	1	1	1
पड्दै	1	1	1
पढ	1	1	1
पढदा	1	1	1
पढाइने	1	1	1
पढाइन्छ	1	1	1
पढाइलाई	1	1	1
पढाइसकेका	1	1	1
पढाउँदा	1	1	1
पढाउनु	1	1	1
पढाउनुभयो	1	1	1
पढाएको	1	1	1
पढाएपछि	1	1	1
पढाएर	1	1	1
पढि	1	1	1
पढिएकै	1	1	1
पढी	1	1	1
पढेकी	1	1	1
पढेमा	1	1	1
पढेलिखेका	1	1	1
पढोपढो	1	1	1
पढ्दछन्	1	1	1
पढ्दैनस्	1	1	1
पढ्नलायक	1	1	1
पढ्नाले	1	1	1
पढ्नेहरूमा	1	1	1
पण्डाहरूद्वारा	1	1	1
पण्डितका	1	1	1
पण्डितजी	1	1	1
पण्डितजीलाई	1	1	1
पण्डितपौवामा	1	1	1
पण्डितलाई	1	1	1
पण्डितहरूलाई	1	1	1
पतंगबाजी	1	1	1
पतझडमा	1	1	1
पतञ्जलिका	1	1	1
पतिपत्नी	1	1	1
पतेरे	1	1	1
पत्तिमीलो	1	1	1
पत्थरहरू	1	1	1
पत्यारिलो	1	1	1
पत्रकको	1	1	1
पत्रकहरूको	1	1	1
पत्रकारिताबारे	1	1	1
पत्रत्रिका	1	1	1
पत्रत्रिकामा	1	1	1
पत्रपत्रिका	1	1	1
पत्रहरूद्वारा	1	1	1
पत्रहरूलाई	1	1	1
पत्रात्मक	1	1	1
पत्रिकाहरू	1	1	1
पत्रिकाहरूलाई	1	1	1
पत्रिकाहरूले	1	1	1
पथरा	1	1	1
पथरी	1	1	1
पथरैया	1	1	1
पथिक	1	1	1
पथिकको	1	1	1
पथिकबाट	1	1	1
पथ्यमा	1	1	1
पदप्राप्तिका	1	1	1
पदमचाल्नो	1	1	1
पदमाश्री	1	1	1
पदयात्रीहरू	1	1	1
पदवाट	1	1	1
पदश्थापना	1	1	1
पदातिहरूबाट	1	1	1
पदार्थमा	1	1	1
पदार्थविज्ञानी	1	1	1
पदार्थहरूमध्येको	1	1	1
पदार्थहरूले	1	1	1
पदार्पण	1	1	1
पदिय	1	1	1
पदीय	1	1	1
पदुमका	1	1	1
पदोन्नति	1	1	1
पद्दतिहरू	1	1	1
पद्धतिबाट	1	1	1
पद्धतिलाई	1	1	1
पद्धतिहरू	1	1	1
पद्मनाभको	1	1	1
पद्मपुराणको	1	1	1
पद्मपुराणमा	1	1	1
पद्मभक्तेश्वर	1	1	1
पद्मभूषण	1	1	1
पद्मविभूषण	1	1	1
पद्मोदय	1	1	1
पद्यको	1	1	1
पद्यमय	1	1	1
पद्यमा	1	1	1
पद्यसङ्ग्रह	1	1	1
पनडुब्बी	1	1	1
पनडुब्बीमा	1	1	1
पनाती	1	1	1
पनामा	1	1	1
पनौतीघाटमा	1	1	1
पनौतीतिर	1	1	1
पन्चबली	1	1	1
पन्चायतद्वारा	1	1	1
पन्चैबाजा	1	1	1
पन्छीहरूको	1	1	1
पन्जा	1	1	1
पन्जाछाप	1	1	1
पन्जाबका	1	1	1
पन्थमा	1	1	1
पन्थी	1	1	1
पन्द्रमा	1	1	1
पन्ध्रदेखि	1	1	1
पन्ध्रवटा	1	1	1
पन्ध्रौं	1	1	1
पपडी	1	1	1
पबित्र	1	1	1
पब्लिकेशन	1	1	1
पब्लिर्सस	1	1	1
पब्लिस	1	1	1
पब्लिसर्स	1	1	1
पब्लिसर्सको	1	1	1
पम्प्स	1	1	1
पम्फा	1	1	1
पय	1	1	1
परग्रहीसँग	1	1	1
परचक्री	1	1	1
परणित	1	1	1
परदेशको	1	1	1
परपोती	1	1	1
परपौत्र	1	1	1
परबल	1	1	1
परब्रह्म	1	1	1
परब्रह्मको	1	1	1
परभणी	1	1	1
परमधीपती	1	1	1
परमर्दी	1	1	1
परमहङ्स	1	1	1
परमाणुको	1	1	1
परमाणुहरूको	1	1	1
परमादेशको	1	1	1
परमादेशलार्इ	1	1	1
परमादेशले	1	1	1
परमान्द	1	1	1
परमार्थका	1	1	1
परम्	1	1	1
परम्परात	1	1	1
परम्परादेखि	1	1	1
परम्पारागत	1	1	1
परयाहरूको	1	1	1
परलोक	1	1	1
परलोकको	1	1	1
परवर्तिहरूका	1	1	1
परवर्ती	1	1	1
परवाट	1	1	1
परविन	1	1	1
परशुरामजीले	1	1	1
परसौनी	1	1	1
परहजुरबुवा	1	1	1
पराउँछन्	1	1	1
पराउँदछन्	1	1	1
पराउँदा	1	1	1
पराउनेलाई	1	1	1
पराकाष्ठमा	1	1	1
पराकाष्ठा	1	1	1
पराग	1	1	1
परागसेचन	1	1	1
पराजयको	1	1	1
पराजुल	1	1	1
पराजुलीलाई	1	1	1
परापूर्वकालबाटै	1	1	1
पराबैगनी	1	1	1
परामर्शहरू	1	1	1
परालद्वारा	1	1	1
परासीकै	1	1	1
परिक्रमाको	1	1	1
परिक्रमावृत्त	1	1	1
परिचयका	1	1	1
परिचर्चाहरू	1	1	1
परिचायक	1	1	1
परिचायत्मक	1	1	1
परिणामपछि	1	1	1
परित्यक्त	1	1	1
परित्यागका	1	1	1
परिधीसम्म	1	1	1
परिपक्वता	1	1	1
परिपालनाबाट	1	1	1
परिबन्दले	1	1	1
परिभाषाको	1	1	1
परिभाषासँग	1	1	1
परिभाषाहरु	1	1	1
परिमाणभन्दा	1	1	1
परिमाणमा	1	1	1
परिमाणहरूको	1	1	1
परिमार्जनपछि	1	1	1
परिमित	1	1	1
परियारहरू	1	1	1
परियोजनाका	1	1	1
परियोजनाहरूका	1	1	1
परियोजनाहरूलाई	1	1	1
परिरक्षाको	1	1	1
परिवर्तनले	1	1	1
परिवर्तनसम्बन्धी	1	1	1
परिवर्तनहरूलाई	1	1	1
परिवर्तनहरूले	1	1	1
परिवर्धनको	1	1	1
परिवारजन	1	1	1
परिवारभित्र	1	1	1
परिवारविरुद्ध	1	1	1
परिवेशबाट	1	1	1
परिशिष्टांक	1	1	1
परिषदद्वारा	1	1	1
परिसरभित्रै	1	1	1
परिस्थति	1	1	1
परिस्थितिअनुसार	1	1	1
परिस्थितिसँग	1	1	1
परिस्थितिहरूका	1	1	1
परिहालेँ	1	1	1
परीक्षणमा	1	1	1
परीक्षाका	1	1	1
परीक्षित	1	1	1
परीक्षितले	1	1	1
परेकालाई	1	1	1
परेकि	1	1	1
परेझैँ	1	1	1
परेडका	1	1	1
परेनन्	1	1	1
परेपछि	1	1	1
परेरै	1	1	1
परेलमा	1	1	1
परेलि	1	1	1
परेवाडाँडा	1	1	1
परेशानी	1	1	1
परोपकारी	1	1	1
परोहा	1	1	1
पर्खालहरूमा	1	1	1
पर्खालहरूसँग	1	1	1
पर्खिन	1	1	1
पर्खिराख	1	1	1
पर्चा	1	1	1
पर्चाको	1	1	1
पर्छदन्	1	1	1
पर्छन	1	1	1
पर्छिने	1	1	1
पर्छे	1	1	1
पर्ट	1	1	1
पर्टीका	1	1	1
पर्ण	1	1	1
पर्णवृन्त	1	1	1
पर्ती	1	1	1
पर्थलाई	1	1	1
पर्दथे	1	1	1
पर्दाभित्र	1	1	1
पर्दैछन्	1	1	1
पर्नुभएन	1	1	1
पर्नुभयो	1	1	1
पर्नुहुन्छ	1	1	1
पर्पज	1	1	1
पर्ब	1	1	1
पर्यटकहरुका	1	1	1
पर्यटनलाई	1	1	1
पर्यवेक्षकहरू	1	1	1
पर्यवेक्षकहरूले	1	1	1
पर्याय	1	1	1
पर्यायमा	1	1	1
पर्यावरणलाई	1	1	1
पर्यावरणी	1	1	1
पर्यावलोकन	1	1	1
पर्वततर्फ	1	1	1
पर्वतमालाको	1	1	1
पर्वतराज	1	1	1
पर्वतहरू	1	1	1
पर्वपछि	1	1	1
पर्वहरूमध्ये	1	1	1
पर्वाह	1	1	1
पर्शुराम	1	1	1
पर्सन	1	1	1
पर्सनल	1	1	1
पर्सपेक्टिभ	1	1	1
पर्साको	1	1	1
पर्सियाको	1	1	1
पर्सेन्टको	1	1	1
पलक	1	1	1
पलकहरू	1	1	1
पलको	1	1	1
पलमा	1	1	1
पलहरुलाई	1	1	1
पलाइन	1	1	1
पलाइहाल्छ	1	1	1
पलाई	1	1	1
पलाउनछन्	1	1	1
पलाएका	1	1	1
पलिबोथ्रा	1	1	1
पलेटी	1	1	1
पल्टनहरूको	1	1	1
पल्टाएर	1	1	1
पल्टिँदा	1	1	1
पल्लभी	1	1	1
पल्लवित	1	1	1
पल्लवो	1	1	1
पल्लास्स	1	1	1
पल्सरलाई	1	1	1
पवनगतिशीलता	1	1	1
पवनमुक्तासन	1	1	1
पवित्रतताको	1	1	1
पशुपंछीका	1	1	1
पशुपतिको	1	1	1
पशुपतिनाथका	1	1	1
पशुपतिनाथसम्बन्धी	1	1	1
पशुपतिनाथसम्म	1	1	1
पशुपालनमा	1	1	1
पशुबध	1	1	1
पशुवस्तुका	1	1	1
पशुहरूकको	1	1	1
पशुहरूका	1	1	1
पशुहरूबाट	1	1	1
पश्चातको	1	1	1
पश्चाताप	1	1	1
पश्चिमक्षेत्रमा	1	1	1
पश्चिमतर्फको	1	1	1
पश्चिममोत्तरमा	1	1	1
पश्चिमाअञ्चलका	1	1	1
पश्चिमाको	1	1	1
पश्चिमाञ्चलका	1	1	1
पश्चिमाहरूको	1	1	1
पश्चिमेली	1	1	1
पस	1	1	1
पसलको	1	1	1
पसलहरू	1	1	1
पसलेले	1	1	1
पसाङ	1	1	1
पसिनाले	1	1	1
पस्कने	1	1	1
पस्किइन्छ	1	1	1
पस्छ	1	1	1
पस्दैन	1	1	1
पस्यौ	1	1	1
पस्यौँ	1	1	1
पहराहरू	1	1	1
पहरी	1	1	1
पहलवीले	1	1	1
पहलुहरूलाई	1	1	1
पहाडतिरका	1	1	1
पहाडलाई	1	1	1
पहाडीया	1	1	1
पहिचानअनुसार	1	1	1
पहिराका	1	1	1
पहिरोले	1	1	1
पहिलाका	1	1	1
पहिलापहिला	1	1	1
पहिलेदेखिकै	1	1	1
पहिलेपहिले	1	1	1
पहिलेभन्दा	1	1	1
पहिल्याउन	1	1	1
पहिल्याउने	1	1	1
पहुँचमा	1	1	1
पहुँचसम्मको	1	1	1
पहुँचसम्ममा	1	1	1
पहेलीहरू	1	1	1
पहेले	1	1	1
पहेलो	1	1	1
पाँए	1	1	1
पाँचऔले	1	1	1
पाँचकन्या	1	1	1
पाँचजना	1	1	1
पाँचथरका	1	1	1
पाँचपछि	1	1	1
पाँचमुखे	1	1	1
पाँचवटी	1	1	1
पाँचसय	1	1	1
पाँचैवटा	1	1	1
पाँचौ	1	1	1
पाँचौंदेखि	1	1	1
पाँडेको	1	1	1
पाइ	1	1	1
पाइनुले	1	1	1
पाइन्छन	1	1	1
पाइन्ट	1	1	1
पाइन्न	1	1	1
पाइन्स	1	1	1
पाइरहने	1	1	1
पाइलटका	1	1	1
पाइलटको	1	1	1
पाइलाको	1	1	1
पाइविकिबोट	1	1	1
पाईन्छ	1	1	1
पाईप	1	1	1
पाउँदिन	1	1	1
पाउँदैनथ्यौँ	1	1	1
पाउनका	1	1	1
पाउनबाट	1	1	1
पाउनलाई	1	1	1
पाउनुका	1	1	1
पाउनुभएन	1	1	1
पाउनुहुन्छ	1	1	1
पाउनेछौ	1	1	1
पाउनेहरू	1	1	1
पाउनै	1	1	1
पाउन्डको	1	1	1
पाउमुन्तिर	1	1	1
पाउल	1	1	1
पाएकोभन्दा	1	1	1
पाएनछ	1	1	1
पाएरै	1	1	1
पाकडको	1	1	1
पाकरीको	1	1	1
पाका	1	1	1
पाकिरहने	1	1	1
पाकिस्तानतर्फबाट	1	1	1
पाकिस्तानबाट	1	1	1
पाकिस्तानभन्दा	1	1	1
पाकिस्तानविरुद्ध	1	1	1
पाकिस्तानसँगको	1	1	1
पाकिस्तानसम्म	1	1	1
पाक्छ	1	1	1
पाक्नु	1	1	1
पाखामा	1	1	1
पाखाहरूको	1	1	1
पाख्रा	1	1	1
पागल	1	1	1
पागलद्वारा	1	1	1
पाङमालाई	1	1	1
पाङलुङ	1	1	1
पाङ्ग्रा	1	1	1
पाङ्ग्रामा	1	1	1
पाङ्ग्राहरू	1	1	1
पाच	1	1	1
पाचवटा	1	1	1
पाञ्चल	1	1	1
पाञ्चायन	1	1	1
पाटनदम्सादी	1	1	1
पाटनमास	1	1	1
पाटनी	1	1	1
पाटपुर्जाहरू	1	1	1
पाटलि	1	1	1
पाटलिग्राम	1	1	1
पाटलिपुत्र	1	1	1
पाटली	1	1	1
पाटलीपुत्र	1	1	1
पाटा	1	1	1
पाटाहरूलाई	1	1	1
पाटिल	1	1	1
पाटीभन्ज्याङ	1	1	1
पाटीभित्रबाट	1	1	1
पाटैपाटा	1	1	1
पाटो	1	1	1
पाटोलाई	1	1	1
पाटोसमेत	1	1	1
पाठकको	1	1	1
पाठकलाइ	1	1	1
पाठकसमेत	1	1	1
पाठकहरुको	1	1	1
पाठकहरू	1	1	1
पाठकहरूलाई	1	1	1
पाठको	1	1	1
पाठनमा	1	1	1
पाठामारीमा	1	1	1
पाठेघरको	1	1	1
पाठ्यक्रमको	1	1	1
पाठ्यक्रममा	1	1	1
पाठ्यक्रमहरू	1	1	1
पाणिनीलाई	1	1	1
पाण्डवलाई	1	1	1
पाण्डवहरूमध्ये	1	1	1
पाण्डुकी	1	1	1
पाण्डुपुत्र	1	1	1
पाण्डुरोग	1	1	1
पाण्डेजीको	1	1	1
पातपतिङ्गर	1	1	1
पातहरूका	1	1	1
पातहरूलाई	1	1	1
पातहरूसँग	1	1	1
पातायुक्त	1	1	1
पातेमेला	1	1	1
पातोहरूको	1	1	1
पात्रसम्मको	1	1	1
पात्रहरूबीच	1	1	1
पात्रहरूमध्ये	1	1	1
पात्रहरूले	1	1	1
पात्रोमा	1	1	1
पाथिभरा	1	1	1
पाद	1	1	1
पादपीठमा	1	1	1
पादरीबाट	1	1	1
पादाँत	1	1	1
पादुकास्थानमा	1	1	1
पानको	1	1	1
पानालाई	1	1	1
पानीगौँथली	1	1	1
पानीजति	1	1	1
पानीजहाजबाट	1	1	1
पानीझैँ	1	1	1
पान्छन्	1	1	1
पान्डु	1	1	1
पान्थरे	1	1	1
पान्नाले	1	1	1
पान्नाहरू	1	1	1
पापले	1	1	1
पापीले	1	1	1
पाप्रो	1	1	1
पामर	1	1	1
पामरसँग	1	1	1
पायोनिएर	1	1	1
पायौँ	1	1	1
पायौं	1	1	1
पारखिहरूलाई	1	1	1
पारखी	1	1	1
पारखीहरू	1	1	1
पारणा	1	1	1
पारदर्शिताले	1	1	1
पारदर्शी	1	1	1
पारवाहन	1	1	1
पारसनाथ	1	1	1
पारसलाई	1	1	1
पारसिकेकी	1	1	1
पारसी	1	1	1
पाराम	1	1	1
पारावैजनी	1	1	1
पारि	1	1	1
पारिजातका	1	1	1
पारिणाम	1	1	1
पारिदिन्छ	1	1	1
पारियो	1	1	1
पारिरहे	1	1	1
पारिरहेका	1	1	1
पारीपट्टि	1	1	1
पारूहाङ	1	1	1
पारूहोङ	1	1	1
पारेकाले	1	1	1
पारेपछि	1	1	1
पारोस्	1	1	1
पार्कलाई	1	1	1
पार्कसम्म	1	1	1
पार्कहरूमा	1	1	1
पार्किङ	1	1	1
पार्किन्सन्स	1	1	1
पार्खकमा	1	1	1
पार्ट	1	1	1
पार्टनरका	1	1	1
पार्टनर्समा	1	1	1
पार्टिलाई	1	1	1
पार्टिसिपेन्ट्स	1	1	1
पार्टीकै	1	1	1
पार्टीदेखि	1	1	1
पार्टीभित्रै	1	1	1
पार्टीमाथि	1	1	1
पार्टीमाथिको	1	1	1
पार्टीलेको	1	1	1
पार्टीहरू	1	1	1
पार्टीहरूद्वारा	1	1	1
पार्थक्य	1	1	1
पार्थियन	1	1	1
पार्नका	1	1	1
पार्नलाई	1	1	1
पार्नु	1	1	1
पार्नेछस्	1	1	1
पार्लस्थित	1	1	1
पार्लियामाट	1	1	1
पालनकर्ता	1	1	1
पालनहार	1	1	1
पालनहारको	1	1	1
पालाहरू	1	1	1
पालिएका	1	1	1
पालिखे	1	1	1
पालिता	1	1	1
पालिबोथरा	1	1	1
पाली	1	1	1
पालै	1	1	1
पालोसँग	1	1	1
पाल्तू	1	1	1
पाल्पाकै	1	1	1
पाल्मेर	1	1	1
पावडर	1	1	1
पावण्डका	1	1	1
पावरपोइन्ट	1	1	1
पाविल	1	1	1
पाषाण	1	1	1
पासवानपति	1	1	1
पास्नी	1	1	1
पाहडी	1	1	1
पाहिलो	1	1	1
पाहुनाघर	1	1	1
पाहुनालाई	1	1	1
पिँजराको	1	1	1
पिँढीको	1	1	1
पिँढीहरूसम्म	1	1	1
पिँधेर	1	1	1
पिंडालीद्वारा	1	1	1
पिंधिन्छ	1	1	1
पिंध्नु	1	1	1
पिउठ	1	1	1
पिउठानाबाट	1	1	1
पिउठान्	1	1	1
पिउनाने	1	1	1
पिउनुपर्छ	1	1	1
पिएफको	1	1	1
पिएरपोन्ट	1	1	1
पिक्चर	1	1	1
पिक्चर्सले	1	1	1
पिक्चर्स्	1	1	1
पिक्निक	1	1	1
पिङ	1	1	1
पिच्छाकार	1	1	1
पिजडा	1	1	1
पिज्जा	1	1	1
पिटे	1	1	1
पिट्टसँग	1	1	1
पिट्यौँ	1	1	1
पिडा	1	1	1
पिडालु	1	1	1
पिडियाट्रिक	1	1	1
पिढीलाई	1	1	1
पिण्डद्वारा	1	1	1
पिण्डहरूका	1	1	1
पिण्डहरूमा	1	1	1
पिताजीको	1	1	1
पितापुत्रमा	1	1	1
पिताबाट	1	1	1
पितामहको	1	1	1
पितासँग	1	1	1
पितृकर्म	1	1	1
पितृकृत्यको	1	1	1
पितृदेवो	1	1	1
पितृभक्तिको	1	1	1
पितृलोकतिर	1	1	1
पितृश्राद्ध	1	1	1
पितृहरू	1	1	1
पित्तथैलीमा	1	1	1
पित्तरोग	1	1	1
पिन	1	1	1
पिनाकल	1	1	1
पिनास	1	1	1
पिनासबाट	1	1	1
पिनासले	1	1	1
पिपलको	1	1	1
पिपलकोटको	1	1	1
पिपलटार	1	1	1
पिपलटारका	1	1	1
पिपलडाँडा	1	1	1
पिपलसँगै	1	1	1
पिपला	1	1	1
पिपुल्स	1	1	1
पिम्पल	1	1	1
पियरेसँग	1	1	1
पियर्सनको	1	1	1
पियानो	1	1	1
पियानोवादक	1	1	1
पियारो	1	1	1
पिरको	1	1	1
पिरोलिरहन्थे	1	1	1
पिरोल्नुका	1	1	1
पिर्छे	1	1	1
पिल्याइन्छ	1	1	1
पिल्सिएको	1	1	1
पिशाब	1	1	1
पिसिएको	1	1	1
पिस्ता	1	1	1
पिस्ती	1	1	1
पिस्तीमा	1	1	1
पीँधबाट	1	1	1
पीउनाले	1	1	1
पीएच	1	1	1
पीएमओको	1	1	1
पीओभी	1	1	1
पीडाको	1	1	1
पीडादायी	1	1	1
पीडाले	1	1	1
पीडाहरू	1	1	1
पीडियेट्रिक्स	1	1	1
पीढीसँग	1	1	1
पीत	1	1	1
पीतोदर	1	1	1
पीपलकोट	1	1	1
पीस	1	1	1
पुँजीजीवि	1	1	1
पुँजीबाट	1	1	1
पुकारियो	1	1	1
पुकार्ने	1	1	1
पुगमालिकाबाट	1	1	1
पुगाउनका	1	1	1
पुगीसकेको	1	1	1
पुगेँछु	1	1	1
पुगेछ	1	1	1
पुगेछु	1	1	1
पुग्छन	1	1	1
पुग्छे	1	1	1
पुग्थे	1	1	1
पुग्थ्यो	1	1	1
पुग्दथे	1	1	1
पुग्दथ्यो	1	1	1
पुग्दै	1	1	1
पुग्दो	1	1	1
पुग्नलाई	1	1	1
पुग्नुपर्थ्यो	1	1	1
पुग्नुभएका	1	1	1
पुग्नेछ	1	1	1
पुजा	1	1	1
पुजाआजा	1	1	1
पुजाको	1	1	1
पुजारिहरूसँग	1	1	1
पुजारीसँग	1	1	1
पुजारीहरूद्वारा	1	1	1
पुजिने	1	1	1
पुजेर	1	1	1
पुञ्ज	1	1	1
पुञ्जको	1	1	1
पुटि	1	1	1
पुटी	1	1	1
पुड्कासमेत	1	1	1
पुणेको	1	1	1
पुण्डेमाता	1	1	1
पुण्यकालमा	1	1	1
पुण्यखोला	1	1	1
पुण्यमाता	1	1	1
पुण्यस्थल	1	1	1
पुण्यार्जन	1	1	1
पुतनाको	1	1	1
पुतिमकाडा	1	1	1
पुत्रकारूपमा	1	1	1
पुत्रदा	1	1	1
पुत्रवधूसँग	1	1	1
पुत्रसुख	1	1	1
पुत्रादिको	1	1	1
पुथा	1	1	1
पुनःअधिकार	1	1	1
पुनःआउनु	1	1	1
पुनःविवाह	1	1	1
पुनःस्वागत	1	1	1
पुनरनवेदन	1	1	1
पुनरागमनको	1	1	1
पुनरागमनमा	1	1	1
पुनरागमनले	1	1	1
पुनरीक्षणका	1	1	1
पुनरुत्थान	1	1	1
पुनरुद्धारपछि	1	1	1
पुनर्गठनको	1	1	1
पुनर्चक्रण	1	1	1
पुनर्जागरण	1	1	1
पुनर्जीवन	1	1	1
पुनर्निर्मित	1	1	1
पुनर्मूल्याङ्कन	1	1	1
पुनर्रचना	1	1	1
पुनर्लेखन	1	1	1
पुनर्संगठन	1	1	1
पुनर्संरचनाको	1	1	1
पुनर्सुसज्जित	1	1	1
पुनर्स्थापनापछि	1	1	1
पुनले	1	1	1
पुना	1	1	1
पुन्दरिकाछ्य	1	1	1
पुन्य	1	1	1
पुप्फिया	1	1	1
पुरक	1	1	1
पुरन्दर	1	1	1
पुरस्कारलगायत	1	1	1
पुरस्कारहरूसहित	1	1	1
पुरस्पार	1	1	1
पुराणअनुसार	1	1	1
पुरातन	1	1	1
पुरानको	1	1	1
पुरानकोट	1	1	1
पुरिन	1	1	1
पुरीद्वारा	1	1	1
पुरीहरू	1	1	1
पुरुषत्वलाई	1	1	1
पुरुषसँग	1	1	1
पुरुषहरूसँग	1	1	1
पुरुषार्थ	1	1	1
पुरूषले	1	1	1
पुरूषहरूको	1	1	1
पुरूषहरूभन्दा	1	1	1
पुरूषहरूलाई	1	1	1
पुरेत	1	1	1
पुरेतहरूको	1	1	1
पुरेन्द्रविक्रम	1	1	1
पुरैना	1	1	1
पुरैनीया	1	1	1
पुरोहितहरूहबाट	1	1	1
पुर्खाको	1	1	1
पुर्चौडी	1	1	1
पुर्याइएको	1	1	1
पुर्याइएन	1	1	1
पुर्याइयो	1	1	1
पुर्याउँछन्	1	1	1
पुर्याउँदैन	1	1	1
पुर्याउछ	1	1	1
पुर्याउनको	1	1	1
पुर्याउनुपर्ने	1	1	1
पुर्याएकामा	1	1	1
पुर्याएकै	1	1	1
पुर्याएछि	1	1	1
पुलका	1	1	1
पुलचोक	1	1	1
पुलद्वारा	1	1	1
पुलिकोवस्कीका	1	1	1
पुलिमराङ्ग	1	1	1
पुलिसको	1	1	1
पुली	1	1	1
पुष्करेश्वर	1	1	1
पुष्पबाण	1	1	1
पुष्पभक्त	1	1	1
पुष्पराज	1	1	1
पुष्पराजलाई	1	1	1
पुष्पवती	1	1	1
पुष्पवलपुर	1	1	1
पुष्पवृष्टि	1	1	1
पुष्य	1	1	1
पुष्यमित्र	1	1	1
पुस्तकालयद्वारा	1	1	1
पुस्तकालयलाई	1	1	1
पुस्तकालयहरूलाई	1	1	1
पुस्तकैपिच्छे	1	1	1
पुस्ताका	1	1	1
पुस्तादेखि	1	1	1
पुस्तान्तरबाट	1	1	1
पुस्तालाई	1	1	1
पु्त्र	1	1	1
पूँजीमा	1	1	1
पूजन	1	1	1
पूजाआजाका	1	1	1
पूजाआजाको	1	1	1
पूजाआदि	1	1	1
पूजाजेठो	1	1	1
पूजानसामग्री	1	1	1
पूजामात्र	1	1	1
पूजारीहरूले	1	1	1
पूजासहित	1	1	1
पूजासामग्री	1	1	1
पूज्न	1	1	1
पून	1	1	1
पूनःस्थानान्तरण	1	1	1
पूमा	1	1	1
पूरकको	1	1	1
पूरापुर	1	1	1
पूर्णकालिन	1	1	1
पूर्णकाश	1	1	1
पूर्णतालाई	1	1	1
पूर्णप्रकाशको	1	1	1
पूर्णरूप	1	1	1
पूर्णलोकतान्त्रिक	1	1	1
पूर्णविराम	1	1	1
पूर्णीमामा	1	1	1
पूर्णेमेला	1	1	1
पूर्वक	1	1	1
पूर्वकथा	1	1	1
पूर्वदक्षिण	1	1	1
पूर्वनिर्धारक	1	1	1
पूर्वपट्टी	1	1	1
पूर्वमै	1	1	1
पूर्वसूचना	1	1	1
पूर्वस्मृति	1	1	1
पूर्वस्वीकृति	1	1	1
पूर्वाग्रहहरू	1	1	1
पूर्वाञ्चलमा	1	1	1
पूर्वाभिमुख	1	1	1
पूर्वार्धतिरसम्म	1	1	1
पूर्वाषाढामा	1	1	1
पूर्वीक्षेत्र	1	1	1
पूर्वीद्वार	1	1	1
पृच्छिब्रू	1	1	1
पृथकतावाद	1	1	1
पृथकतावादी	1	1	1
पृथकीकरणमा	1	1	1
पृथिवीमाथि	1	1	1
पृथ्वीतल	1	1	1
पृथ्वीद्वारा	1	1	1
पृथ्वीबाहिर	1	1	1
पृथ्वीबाहेक	1	1	1
पृथ्वीबीचको	1	1	1
पृथ्वीले	1	1	1
पृष्ठझैँ	1	1	1
पृष्ठभुमि	1	1	1
पृष्ठभूमितर्फ	1	1	1
पृष्ठभूमी	1	1	1
पृष्ठले	1	1	1
पृष्ठहरूका	1	1	1
पे	1	1	1
पेइङ	1	1	1
पेकिङमा	1	1	1
पेक्दु	1	1	1
पेच	1	1	1
पेचेक	1	1	1
पेजमात्रै	1	1	1
पेजमै	1	1	1
पेजलाई	1	1	1
पेटका	1	1	1
पेटकैले	1	1	1
पेटभरि	1	1	1
पेटिका	1	1	1
पेटी	1	1	1
पेट्रिक	1	1	1
पेठे	1	1	1
पेडा	1	1	1
पेत्राका	1	1	1
पेत्राबासीहरू	1	1	1
पेनल्टि	1	1	1
पेनल्टी	1	1	1
पेन्गुइन	1	1	1
पेन्टागनलाई	1	1	1
पेन्टिङ	1	1	1
पेन्टिङमा	1	1	1
पेन्टियम	1	1	1
पेन्टेड	1	1	1
पेन्सलभानिया	1	1	1
पेन्सिलिनको	1	1	1
पेन्सिल्भानियाको	1	1	1
पेप	1	1	1
पेप्परमिन्ट	1	1	1
पेमासँग	1	1	1
पेयहरूमा	1	1	1
पेरिसभित्र	1	1	1
पेरु	1	1	1
पेरुकी	1	1	1
पेर्रि	1	1	1
पेलिओन्टोलोजी	1	1	1
पेलेदास	1	1	1
पेलेबेगर	1	1	1
पेशकश	1	1	1
पेशको	1	1	1
पैटरसन	1	1	1
पैटरसनले	1	1	1
पैटीज	1	1	1
पैठारी	1	1	1
पैपिला	1	1	1
पैयुँ	1	1	1
पैयुँथन्थाप	1	1	1
पैसाका	1	1	1
पैसादेखि	1	1	1
पोंगल	1	1	1
पोकु	1	1	1
पोखर	1	1	1
पोखरणमा	1	1	1
पोखरभिण्डी	1	1	1
पोखरभिन्डा	1	1	1
पोखराथोकको	1	1	1
पोखराबजार	1	1	1
पोखरिया	1	1	1
पोखरीचौरी	1	1	1
पोखरीबाट	1	1	1
पोखरीरहेको	1	1	1
पोखरीसँगै	1	1	1
पोखरीसमेत	1	1	1
पोखरीहरूको	1	1	1
पोखरे	1	1	1
पोखरेलको	1	1	1
पोखरेललाई	1	1	1
पोखरेलहरूको	1	1	1
पोखलडयाङ्गमा	1	1	1
पोखेरेल	1	1	1
पोग	1	1	1
पोगटी	1	1	1
पोजिसन	1	1	1
पोजिसनमा	1	1	1
पोट्लाको	1	1	1
पोडे	1	1	1
पोडोल	1	1	1
पोडोल्स्क	1	1	1
पोडोल्स्कको	1	1	1
पोथीहरू	1	1	1
पोथीहरूकोभन्दा	1	1	1
पोथीहरूलाई	1	1	1
पोपलाई	1	1	1
पोबनं	1	1	1
पोमी	1	1	1
पोरक्नी	1	1	1
पोर्चुगलका	1	1	1
पोर्चुगलको	1	1	1
पोर्चुगालीहरूद्वारा	1	1	1
पोर्चुगिज	1	1	1
पोर्टलहरूमा	1	1	1
पोर्टाकोमरोमा	1	1	1
पोर्न	1	1	1
पोलिटिकल	1	1	1
पोल्याण्ड	1	1	1
पोल्यान्डको	1	1	1
पोल्यान्डमा	1	1	1
पोशाक	1	1	1
पोसाक	1	1	1
पोसिला	1	1	1
पोसिलो	1	1	1
पोस्टको	1	1	1
पोस्टर्न	1	1	1
पौँदी	1	1	1
पौडाइबाट	1	1	1
पौडिपहिरन	1	1	1
पौडीन	1	1	1
पौडेलको	1	1	1
पौडेललाई	1	1	1
पौडेलहरूको	1	1	1
पौडेलहरूले	1	1	1
पौड्न	1	1	1
पौड्यालजी	1	1	1
पौत्र	1	1	1
पौदी	1	1	1
पौरी	1	1	1
प्याङको	1	1	1
प्याजलगायत	1	1	1
प्याजलाई	1	1	1
प्याजले	1	1	1
प्याटेन्ट	1	1	1
प्याथोलोजी	1	1	1
प्यान्डोरा	1	1	1
प्यारामेडिकल	1	1	1
प्यालेडियम	1	1	1
प्यासन्स	1	1	1
प्यासिफिक	1	1	1
प्यासीद्वारा	1	1	1
प्युठानदेखि	1	1	1
प्युठानीहरू	1	1	1
प्युरिटीहरूबाट	1	1	1
प्यूमाको	1	1	1
प्यो	1	1	1
प्योङ्याङ	1	1	1
प्रकाण्ड	1	1	1
प्रकारकहरूका	1	1	1
प्रकारहरूबाट	1	1	1
प्रकाशकहरूको	1	1	1
प्रकाशनका	1	1	1
प्रकाशनबिना	1	1	1
प्रकाशपुरमा	1	1	1
प्रकाशम	1	1	1
प्रकाशलाई	1	1	1
प्रकृतिपूजामा	1	1	1
प्रकृतिप्रेमी	1	1	1
प्रकृतिप्रेमीहरू	1	1	1
प्रकृतिबाट	1	1	1
प्रकृतिले	1	1	1
प्रकृतिवादी	1	1	1
प्रकृतिहरू	1	1	1
प्रकृतीलाई	1	1	1
प्रकृयालाई	1	1	1
प्रक्रियागत	1	1	1
प्रक्रियाभित्र	1	1	1
प्रक्षालन	1	1	1
प्रक्षेपणका	1	1	1
प्रक्षेपित	1	1	1
प्रगतिउन्मूख	1	1	1
प्रगतिमा	1	1	1
प्रङप्रिङ	1	1	1
प्रचण्डलाई	1	1	1
प्रचण्डसँग	1	1	1
प्रचन्डताका	1	1	1
प्रचलनले	1	1	1
प्रचारप्रसारको	1	1	1
प्रचारप्रसारमा	1	1	1
प्रचीनकालमा	1	1	1
प्रचूर	1	1	1
प्रज	1	1	1
प्रजननका	1	1	1
प्रजननको	1	1	1
प्रजनन्	1	1	1
प्रजातन्त्रप्रतिको	1	1	1
प्रजातन्त्रवादीका	1	1	1
प्रजातन्त्रसम्म	1	1	1
प्रजातन्त्रिक	1	1	1
प्रजातान्त्रिकबाट	1	1	1
प्रजातिहरूमा	1	1	1
प्रजातीअनुसार	1	1	1
प्रजातीहरूका	1	1	1
प्रजापति	1	1	1
प्रजापतिका	1	1	1
प्रजालाई	1	1	1
प्रज्ज्वलनका	1	1	1
प्रज्ज्वलित	1	1	1
प्रज्ञाप्रतिष्ठानका	1	1	1
प्रज्ञाप्रतिष्ठानको	1	1	1
प्रज्वल	1	1	1
प्रज्वलनशील	1	1	1
प्रणय	1	1	1
प्रणयीले	1	1	1
प्रणालिभित्र	1	1	1
प्रणालिमा	1	1	1
प्रणालीदेखि	1	1	1
प्रणालीहरूमा	1	1	1
प्रणेता	1	1	1
प्रतिआकृति	1	1	1
प्रतिकका	1	1	1
प्रतिकको	1	1	1
प्रतिकर	1	1	1
प्रतिकृया	1	1	1
प्रतिकृयात्मक	1	1	1
प्रतिक्रया	1	1	1
प्रतिक्रियाहरूमा	1	1	1
प्रतिघण्टा	1	1	1
प्रतिज्ञामा	1	1	1
प्रतिद्वन्द्वीमाथि	1	1	1
प्रतिनीधिक	1	1	1
प्रतिनीधिको	1	1	1
प्रतिनीधिले	1	1	1
प्रतिनीधिहरूका	1	1	1
प्रतिनीधिहरूको	1	1	1
प्रतिनीधिहरूलाई	1	1	1
प्रतिनीधीहरूले	1	1	1
प्रतिपदा	1	1	1
प्रतिपदादेखि	1	1	1
प्रतिप्रश्न	1	1	1
प्रतिबन्धहरु	1	1	1
प्रतिबिम्ब	1	1	1
प्रतिबिम्बमा	1	1	1
प्रतिभाबाट	1	1	1
प्रतिभालाई	1	1	1
प्रतिभासम्पन्न	1	1	1
प्रतिभाहरूमा	1	1	1
प्रतियोगिताबाट	1	1	1
प्रतियोगीहरूको	1	1	1
प्रतियोगीहरूलाई	1	1	1
प्रतिरोधक	1	1	1
प्रतिरोधात्मक	1	1	1
प्रतिरोपण	1	1	1
प्रतिलिपिहरू	1	1	1
प्रतिलिपिहरूको	1	1	1
प्रतिलोमन	1	1	1
प्रतिवन्ध	1	1	1
प्रतिवर्ग	1	1	1
प्रतिविम्बित	1	1	1
प्रतिवेदनहरुको	1	1	1
प्रतिव्यक्ति	1	1	1
प्रतिशतमा	1	1	1
प्रतिशोध	1	1	1
प्रतिशोधका	1	1	1
प्रतिष्ठानमा	1	1	1
प्रतिष्ठानहरू	1	1	1
प्रतिष्ठानहरूबाट	1	1	1
प्रतिष्ठामा	1	1	1
प्रतिष्ठालाई	1	1	1
प्रतिष्ठितमा	1	1	1
प्रतिष्ठितम्	1	1	1
प्रतिस्पर्धाबाट	1	1	1
प्रतिस्पर्धालाई	1	1	1
प्रतिस्पर्धीले	1	1	1
प्रतिहजार	1	1	1
प्रतिहरू	1	1	1
प्रतीकात्मक	1	1	1
प्रतीक्षामा	1	1	1
प्रत्याक्रमण	1	1	1
प्रत्याख्यान	1	1	1
प्रत्याभूति	1	1	1
प्रत्यायोजित	1	1	1
प्रत्यारोपणको	1	1	1
प्रत्यारोपित	1	1	1
प्रत्यावर्ती	1	1	1
प्रथमले	1	1	1
प्रथाका	1	1	1
प्रथाकै	1	1	1
प्रदक्षिणा	1	1	1
प्रदत	1	1	1
प्रदर्शनलाई	1	1	1
प्रदर्शनहरूमा	1	1	1
प्रदर्शनीमा	1	1	1
प्रदर्शनीस्वरूप	1	1	1
प्रदापण	1	1	1
प्रदायकको	1	1	1
प्रदिपका	1	1	1
प्रदिपले	1	1	1
प्रदुर्भाव	1	1	1
प्रदेशबाट	1	1	1
प्रदेशभित्र	1	1	1
प्रदेशहरूको	1	1	1
प्रदेशहरूले	1	1	1
प्रद्युम्नलाई	1	1	1
प्रधानन्यायाधीश	1	1	1
प्रधानमन्त्रित्व	1	1	1
प्रधानमन्त्रीत्व	1	1	1
प्रधानमन्त्रीले	1	1	1
प्रधानमन्त्रीसमेत	1	1	1
प्रधानसँग	1	1	1
प्रधानहरू	1	1	1
प्रध्युमा	1	1	1
प्रनिको	1	1	1
प्रनिथ	1	1	1
प्रने	1	1	1
प्रपन्नाचार्यले	1	1	1
प्रबन्धकले	1	1	1
प्रबन्धकहरू	1	1	1
प्रबन्धकहरूको	1	1	1
प्रबन्धकहरूलाई	1	1	1
प्रबन्धनको	1	1	1
प्रबलतम	1	1	1
प्रबुद्ध	1	1	1
प्रभाको	1	1	1
प्रभागहरूको	1	1	1
प्रभात	1	1	1
प्रभाती	1	1	1
प्रभावजन्य	1	1	1
प्रभावसाली	1	1	1
प्रभावहरूको	1	1	1
प्रभावहरूतिर	1	1	1
प्रभावितहरूले	1	1	1
प्रभावोहरूको	1	1	1
प्रभास	1	1	1
प्रभासत्व	1	1	1
प्रभुभक्तलाई	1	1	1
प्रभेद	1	1	1
प्रमण्डलीय	1	1	1
प्रमाणका	1	1	1
प्रमाणपत्रको	1	1	1
प्रमाणपत्रसम्मको	1	1	1
प्रमाणहरू	1	1	1
प्रमाणिकतालाई	1	1	1
प्रमाणीकरणका	1	1	1
प्रमात्रा	1	1	1
प्रमिस	1	1	1
प्रमु	1	1	1
प्रमुक	1	1	1
प्रमुखरूपमा	1	1	1
प्रमुखलाई	1	1	1
प्रमुखहरू	1	1	1
प्रमुखहरूको	1	1	1
प्रयत्नले	1	1	1
प्रयत्नहरू	1	1	1
प्रयागपुर	1	1	1
प्रयागबाट	1	1	1
प्रयागमा	1	1	1
प्रयासजी	1	1	1
प्रयासहरूलाई	1	1	1
प्रयोक्तालाई	1	1	1
प्रयोगकर्ताअनुसार	1	1	1
प्रयोगकर्तामाथि	1	1	1
प्रयोगकर्ताहरुको	1	1	1
प्रयोगकर्ताहरुलाई	1	1	1
प्रयोगमार्फत	1	1	1
प्रयोगसँगै	1	1	1
प्रयोगस्थल	1	1	1
प्रयोगस्थलको	1	1	1
प्रयोगस्थलमा	1	1	1
प्रयोग्	1	1	1
प्रयोजनका	1	1	1
प्रयोजनचाहिँ	1	1	1
प्रयोजनवश	1	1	1
प्रर्वतक	1	1	1
प्रलयसम्मको	1	1	1
प्रलेस	1	1	1
प्रलेसका	1	1	1
प्रवचनहरूका	1	1	1
प्रवधान	1	1	1
प्रवन्धन	1	1	1
प्रवर्तनका	1	1	1
प्रवासन	1	1	1
प्रवासबाट	1	1	1
प्रवासिए	1	1	1
प्रवासीहरूले	1	1	1
प्रविणता	1	1	1
प्रविधिलाई	1	1	1
प्रविधिसँग	1	1	1
प्रविधिहरूमा	1	1	1
प्रविधिहरूमाथि	1	1	1
प्रविधी	1	1	1
प्रवुद्ध	1	1	1
प्रवृतिमा	1	1	1
प्रवृत्तिलाई	1	1	1
प्रवेशमा	1	1	1
प्रशंसकहरूको	1	1	1
प्रशंसकहरूले	1	1	1
प्रशंसायोग्य	1	1	1
प्रशङ्सनिय	1	1	1
प्रशन्न	1	1	1
प्रशस्तिहरूको	1	1	1
प्रशान्तको	1	1	1
प्रशासकीयरूपमा	1	1	1
प्रशासित	1	1	1
प्रशिक्षकको	1	1	1
प्रशिक्षकमा	1	1	1
प्रश्नचिह्न	1	1	1
प्रश्नहरू	1	1	1
प्रश्नहरूको	1	1	1
प्रश्रय	1	1	1
प्रसंगहरूलाई	1	1	1
प्रसङ्गबाट	1	1	1
प्रसङ्गोचित	1	1	1
प्रसड्ढ	1	1	1
प्रसाई	1	1	1
प्रसाईका	1	1	1
प्रसादको	1	1	1
प्रसादजी	1	1	1
प्रसादद्वारा	1	1	1
प्रसादलाई	1	1	1
प्रसादशिंह	1	1	1
प्रसाधक	1	1	1
प्रसाधन	1	1	1
प्रसिद्द	1	1	1
प्रसिद्धिको	1	1	1
प्रसुती	1	1	1
प्रसुप्त	1	1	1
प्रसूता	1	1	1
प्रस्ट	1	1	1
प्रस्तरको	1	1	1
प्रस्तावलाई	1	1	1
प्रस्तावहरूमा	1	1	1
प्रस्तुतिगत	1	1	1
प्रस्तुतिसँगै	1	1	1
प्रस्तुतिहरू	1	1	1
प्रस्तुती	1	1	1
प्रस्तुतीमा	1	1	1
प्रस्फुटन	1	1	1
प्रहरीकहाँ	1	1	1
प्रहरीद्वारा	1	1	1
प्रहरीलाई	1	1	1
प्रहरीसँगको	1	1	1
प्रहारको	1	1	1
प्रह्योर	1	1	1
प्राइवेट	1	1	1
प्राकट्य	1	1	1
प्राकृतमा	1	1	1
प्राक्टिकन	1	1	1
प्राग	1	1	1
प्रागऐतिहासिक	1	1	1
प्राग्ऐतिहासिक	1	1	1
प्राचन	1	1	1
प्राचार्य	1	1	1
प्राचीनकालबाट	1	1	1
प्राचीर	1	1	1
प्राज्ञ	1	1	1
प्राज्ञसभा	1	1	1
प्राणघातक	1	1	1
प्राणनाथ	1	1	1
प्राथमिकताको	1	1	1
प्रादेशिक	1	1	1
प्राध्यापकको	1	1	1
प्रान्तबाट	1	1	1
प्रान्तीयमा	1	1	1
प्राप्तीको	1	1	1
प्रायले	1	1	1
प्रायश्चीतका	1	1	1
प्रारम्भका	1	1	1
प्रारम्भदेखि	1	1	1
प्रारम्भिककालमा	1	1	1
प्रारूपका	1	1	1
प्रावधानबाट	1	1	1
प्रावधानहरूको	1	1	1
प्राविधिकको	1	1	1
प्राविधिज्ञ	1	1	1
प्राशासित	1	1	1
प्रिङ	1	1	1
प्रिजन्स	1	1	1
प्रिजेन्टेसनको	1	1	1
प्रिन्टको	1	1	1
प्रिन्टर	1	1	1
प्रिन्सिपललाई	1	1	1
प्रियतमा	1	1	1
प्रियदर्शिनी	1	1	1
प्रियदर्शी	1	1	1
प्रियराज	1	1	1
प्रिवी	1	1	1
प्रीतिश	1	1	1
प्रेजुडिस	1	1	1
प्रेतात्मालाई	1	1	1
प्रेतात्माहरूमा	1	1	1
प्रेतावस्था	1	1	1
प्रेमकुमारी	1	1	1
प्रेमदत्त	1	1	1
प्रेमदया	1	1	1
प्रेमदेखि	1	1	1
प्रेमनारायण	1	1	1
प्रेमपछि	1	1	1
प्रेमपात्रहरूका	1	1	1
प्रेमबहादुर	1	1	1
प्रेमराज	1	1	1
प्रेमविहे	1	1	1
प्रेमीको	1	1	1
प्रेमेजुङमा	1	1	1
प्रेमेजुङ्कै	1	1	1
प्रेरणाका	1	1	1
प्रेरणादाता	1	1	1
प्रेषण	1	1	1
प्रेषित	1	1	1
प्रेसका	1	1	1
प्रेसमाथि	1	1	1
प्रेस्टन	1	1	1
प्रेस्लीले	1	1	1
प्रोग्रामिङ्ग	1	1	1
प्रोजेक्टले	1	1	1
प्रोटेक्टर	1	1	1
प्रोटेस्टेन्ट	1	1	1
प्रोटोकलहरू	1	1	1
प्रोटोन	1	1	1
प्रोटोनका	1	1	1
प्रोडक्सन	1	1	1
प्रोडक्सन्स्	1	1	1
प्रोनाउन्सेसन	1	1	1
प्रोफेस्नल	1	1	1
प्रोसेसिङ	1	1	1
प्रोस्पेक्ट	1	1	1
प्लङ्केटले	1	1	1
प्लसको	1	1	1
प्लाटुनको	1	1	1
प्लानेटोरियम	1	1	1
प्लास्टिकको	1	1	1
प्लेखानोभ	1	1	1
प्लेगका	1	1	1
प्लेटफर्म	1	1	1
प्लेटहरू	1	1	1
प्लेटोको	1	1	1
प्लेटोले	1	1	1
प्लेनब्याक्ड	1	1	1
प्लेसमा	1	1	1
प्लेसहोल्डरको	1	1	1
प्लोलेस्टानको	1	1	1
प्वाँखजस्ता	1	1	1
प्वालहरूको	1	1	1
फंग	1	1	1
फइभ	1	1	1
फकाइफकाइ	1	1	1
फक्रँदो	1	1	1
फक्राउन	1	1	1
फक्स	1	1	1
फक्सको	1	1	1
फङ्गस	1	1	1
फणीन्द्र	1	1	1
फणीन्द्रराज	1	1	1
फतेहगढ	1	1	1
फतेहपुर	1	1	1
फन्टको	1	1	1
फन्टजस्तै	1	1	1
फन्टबाट	1	1	1
फन्फन्ती	1	1	1
फरकलाई	1	1	1
फरवरीमा	1	1	1
फरवरीसम्म	1	1	1
फराकिलोपर्दामा	1	1	1
फरि	1	1	1
फरेव	1	1	1
फरोख्त	1	1	1
फर्कनासाथ	1	1	1
फर्कने	1	1	1
फर्कन्थे	1	1	1
फर्काएका	1	1	1
फर्किएकी	1	1	1
फर्किसकेकी	1	1	1
फर्की	1	1	1
फर्केँदै	1	1	1
फर्क्यो	1	1	1
फर्टिलाइजर्स	1	1	1
फर्टिलिटीको	1	1	1
फर्नान्डीज	1	1	1
फर्निचर	1	1	1
फर्निचरलाई	1	1	1
फर्पिङ	1	1	1
फर्मका	1	1	1
फर्मेट	1	1	1
फलतः	1	1	1
फलफूल	1	1	1
फलभोगको	1	1	1
फललाग्ने	1	1	1
फलले	1	1	1
फलवान्	1	1	1
फलहरूबाट	1	1	1
फलाँट	1	1	1
फलादेशको	1	1	1
फलाहार	1	1	1
फलोच्छा	1	1	1
फलोन्मुख	1	1	1
फल्भस	1	1	1
फल्लापानी	1	1	1
फल्सको	1	1	1
फसाए	1	1	1
फसिरहेका	1	1	1
फसेको	1	1	1
फस्फोरस	1	1	1
फस्फोरसको	1	1	1
फहरू	1	1	1
फाँटलाई	1	1	1
फाँटहरूको	1	1	1
फाँटहरूमा	1	1	1
फाँडो	1	1	1
फाँसीमा	1	1	1
फाइदाको	1	1	1
फाइनान्समा	1	1	1
फाइबरको	1	1	1
फाइबरले	1	1	1
फाइभ	1	1	1
फाइललाइ	1	1	1
फाइलहरुलाई	1	1	1
फाइलहरू	1	1	1
फाइलहरूमा	1	1	1
फाइव	1	1	1
फाइव्स	1	1	1
फाउटेन	1	1	1
फाउन्डेसनको	1	1	1
फाक्टाङ	1	1	1
फागुनसम्म	1	1	1
फातिमीद	1	1	1
फादर	1	1	1
फानुस	1	1	1
फाप	1	1	1
फापरवारी	1	1	1
फाब्रिसियानोको	1	1	1
फारखती	1	1	1
फारस	1	1	1
फारसीमा	1	1	1
फार्म	1	1	1
फार्ममा	1	1	1
फार्मर्स	1	1	1
फालिरहेको	1	1	1
फाली	1	1	1
फालेँ	1	1	1
फालेनन्	1	1	1
फालेमा	1	1	1
फाल्गुनी	1	1	1
फाल्नु	1	1	1
फाल्नुभएन	1	1	1
फाल्नेमा	1	1	1
फासिस्ट	1	1	1
फिँजिदै	1	1	1
फिएर	1	1	1
फिकहको	1	1	1
फिका	1	1	1
फिक्कलमा	1	1	1
फिजी	1	1	1
फिट्ने	1	1	1
फिडले	1	1	1
फिडेल	1	1	1
फित्र	1	1	1
फिदिम	1	1	1
फिनासा	1	1	1
फिन्चको	1	1	1
फिबी	1	1	1
फिमाह	1	1	1
फियोका	1	1	1
फिरन्ता	1	1	1
फिरन्ते	1	1	1
फिरफिरे	1	1	1
फिर्तीको	1	1	1
फिर्तीपछि	1	1	1
फिलिपिन्समा	1	1	1
फिलिप्स	1	1	1
फिल्आमाकन	1	1	1
फिल्ड	1	1	1
फिल्महरूका	1	1	1
फिल्माया	1	1	1
फिसर	1	1	1
फीट	1	1	1
फुकाइ	1	1	1
फुकाउन	1	1	1
फुकाएर	1	1	1
फुकाङ्ग	1	1	1
फुकाल्दै	1	1	1
फुकुदा	1	1	1
फुङ्ग	1	1	1
फुटबलमा	1	1	1
फुटबलले	1	1	1
फुटेमा	1	1	1
फुत्कन	1	1	1
फुत्के	1	1	1
फुनेन	1	1	1
फुन्छोलिङ	1	1	1
फुन्टीबाङमा	1	1	1
फुलनीदेवी	1	1	1
फुलपिङ	1	1	1
फुललाई	1	1	1
फुलवारी	1	1	1
फुलसँगै	1	1	1
फुलहरू	1	1	1
फुलहरूको	1	1	1
फुलहाउस	1	1	1
फुलीकै	1	1	1
फुलु	1	1	1
फुलेकलाई	1	1	1
फुलेकोले	1	1	1
फुल्काद्वारा	1	1	1
फुल्काही	1	1	1
फुल्दछन्	1	1	1
फुल्न	1	1	1
फुल्नु	1	1	1
फुवागुडी	1	1	1
फुस्रे	1	1	1
फुस्रेखोला	1	1	1
फूपूको	1	1	1
फूर्तिफार्ती	1	1	1
फूर्तिलो	1	1	1
फूलका	1	1	1
फूलगुच्छ	1	1	1
फूलचोकीमा	1	1	1
फूलबारीको	1	1	1
फूलमाला	1	1	1
फूललाई	1	1	1
फूलहरू	1	1	1
फूलो	1	1	1
फेइनी	1	1	1
फेट	1	1	1
फेडेक्स	1	1	1
फेडेरल	1	1	1
फेद	1	1	1
फेदपट्टिको	1	1	1
फेदापे	1	1	1
फेदीबाट	1	1	1
फेनोटाइपको	1	1	1
फेन्टासी	1	1	1
फेन्सिङलाई	1	1	1
फेबु्रअरी	1	1	1
फेब्रुअरि	1	1	1
फेब्रुवरीमा	1	1	1
फेमिली	1	1	1
फेरमा	1	1	1
फेरिदिनुभयो	1	1	1
फेरिन्छ	1	1	1
फेरियो	1	1	1
फेरिसद्वारा	1	1	1
फेरिसले	1	1	1
फेरोको	1	1	1
फेर्छम	1	1	1
फेर्दाको	1	1	1
फेर्दैछ	1	1	1
फेर्नु	1	1	1
फेलोपिन	1	1	1
फेवातालको	1	1	1
फेवातालले	1	1	1
फेस	1	1	1
फेसनको	1	1	1
फेस्टिभलमा	1	1	1
फैजाबादमा	1	1	1
फैनको	1	1	1
फैलन्छ	1	1	1
फैलाई	1	1	1
फैलाउँछ	1	1	1
फैलिको	1	1	1
फैलिनुले	1	1	1
फैल्याउन	1	1	1
फैसलामा	1	1	1
फैसलालाई	1	1	1
फोइलको	1	1	1
फोकल	1	1	1
फोकस	1	1	1
फोक्सोमा	1	1	1
फोडेफुंसी	1	1	1
फोनले	1	1	1
फोन्दोन्ग	1	1	1
फोरमको	1	1	1
फोरमबाट	1	1	1
फोरममाथि	1	1	1
फोर्ज	1	1	1
फोर्सले	1	1	1
फोर्सेसलाई	1	1	1
फोलस्याँदर	1	1	1
फोलिक	1	1	1
फोली	1	1	1
फौव्वारा	1	1	1
फ्याकिदिनु	1	1	1
फ्याक्स	1	1	1
फ्यानहरूलाई	1	1	1
फ्युल	1	1	1
फ्यू	1	1	1
फ्रन्ट	1	1	1
फ्रहरूच	1	1	1
फ्रान्कोलिन	1	1	1
फ्रान्सले	1	1	1
फ्रान्सिसको	1	1	1
फ्रान्स्वा	1	1	1
फ्रिक्वेन्सि	1	1	1
फ्रिक्वेन्सिसम्मका	1	1	1
फ्रेङ्क	1	1	1
फ्रेड	1	1	1
फ्रेडरिख	1	1	1
फ्रेडो	1	1	1
फ्रेन्काइज	1	1	1
फ्रैंकलिन	1	1	1
फ्र्याङ्कलिन	1	1	1
फ्लपि	1	1	1
फ्लाइब्रिज	1	1	1
फ्लाइवे	1	1	1
फ्लिन्डर्स	1	1	1
फ्लिप	1	1	1
फ्लीटका	1	1	1
फ्लोरको	1	1	1
फ्लोरले	1	1	1
फ्लोरिडामा	1	1	1
फ्लोरिशमा	1	1	1
फ्लोरे	1	1	1
फ्लोरेन्स	1	1	1
फ्ल्याग	1	1	1
फ्ल्याटमा	1	1	1
बँचियो	1	1	1
बएको	1	1	1
बकमानज	1	1	1
बकल्यान्ड	1	1	1
बकाइनो	1	1	1
बक्खु	1	1	1
बक्रहरूका	1	1	1
बक्सअफिसको	1	1	1
बक्सेज	1	1	1
बक्सेला	1	1	1
बखतमा	1	1	1
बख्तियार	1	1	1
बख्शीको	1	1	1
बगजिल्लामा	1	1	1
बगदादमा	1	1	1
बगरदेखि	1	1	1
बगाउँदैछ	1	1	1
बगाउने	1	1	1
बगिरहे	1	1	1
बगेकी	1	1	1
बगैँचाबाट	1	1	1
बगैंचादेखि	1	1	1
बग्थ्यो	1	1	1
बग्दछ	1	1	1
बग्दथ्यो	1	1	1
बघिनी	1	1	1
बघिनीलाई	1	1	1
बघेला	1	1	1
बङकरहरूमा	1	1	1
बङ्गलादेशबाट	1	1	1
बङ्गलुरु	1	1	1
बङ्गालबाट	1	1	1
बङ्गालसम्म	1	1	1
बचत	1	1	1
बचाइन्छ	1	1	1
बचाउँछ	1	1	1
बचाउँदछन्	1	1	1
बचाउनुस्	1	1	1
बचाऊ	1	1	1
बचाएको	1	1	1
बचाएर	1	1	1
बचिरहने	1	1	1
बची	1	1	1
बच्चाहरु	1	1	1
बच्नलाई	1	1	1
बच्नुको	1	1	1
बच्नुपर्ने	1	1	1
बच्यो	1	1	1
बजगाईं	1	1	1
बजाउदै	1	1	1
बजाउनको	1	1	1
बजाउनेतिर	1	1	1
बजाजले	1	1	1
बजारले	1	1	1
बजारहरूमा	1	1	1
बजारिँदै	1	1	1
बजेका	1	1	1
बजेतिर	1	1	1
बज्रको	1	1	1
बज्रचार्य	1	1	1
बज्रबाराहीको	1	1	1
बज्रयान	1	1	1
बज्रयानी	1	1	1
बज्रलाई	1	1	1
बज्रसमान	1	1	1
बझाङ्ग	1	1	1
बटनहरूलाई	1	1	1
बटार्दै	1	1	1
बटालियनहरूले	1	1	1
बटुलेर	1	1	1
बटुलोमा	1	1	1
बटुवा	1	1	1
बट्टाहरूलाई	1	1	1
बडकीफुलवरिया	1	1	1
बडखल	1	1	1
बडहरामाल	1	1	1
बडादशैँमा	1	1	1
बडाहाकिमको	1	1	1
बडाहाकिमले	1	1	1
बढती	1	1	1
बढाइएयो	1	1	1
बढाइदिएको	1	1	1
बढाउँदछन्	1	1	1
बढाउनु	1	1	1
बढिएला	1	1	1
बढिबढि	1	1	1
बढिरहँदा	1	1	1
बढीका	1	1	1
बढीरही	1	1	1
बढुवाद्वारा	1	1	1
बढौँ	1	1	1
बढ्छन	1	1	1
बढ्थे	1	1	1
बढ्थ्यो	1	1	1
बढ्दाबढ्दै	1	1	1
बढ्नुभएकोले	1	1	1
बढ्नेछौँ	1	1	1
बतल्याइन्छ	1	1	1
बताँउनुहुन्छ	1	1	1
बताइदिनु	1	1	1
बताइदिनुहुन्थ्यो	1	1	1
बताइदिने	1	1	1
बताउनु	1	1	1
बताउनुहोस	1	1	1
बताउनुहोस्	1	1	1
बत्तीस	1	1	1
बथानमध्येको	1	1	1
बदकिस्मत	1	1	1
बदगांठ	1	1	1
बदरीनाथ	1	1	1
बदलाको	1	1	1
बदलावको	1	1	1
बदलिँदो	1	1	1
बदलिदिए	1	1	1
बदलिदिएका	1	1	1
बदलिदिन्छन्	1	1	1
बदलिनेछ	1	1	1
बदलियो	1	1	1
बदल्नेछ	1	1	1
बद्रिकाश्रमसम्मको	1	1	1
बधिनीलाई	1	1	1
बनकरिया	1	1	1
बनगाउँ	1	1	1
बनाइदिएका	1	1	1
बनाइदिएकोले	1	1	1
बनाइदै	1	1	1
बनाइनेछ	1	1	1
बनाइराख्थे	1	1	1
बनाईने	1	1	1
बनाईसकेको	1	1	1
बनाउदै	1	1	1
बनाउनभन्दा	1	1	1
बनाउनुका	1	1	1
बनाउनुपर्ने	1	1	1
बनाउनुभएको	1	1	1
बनाउनुहुनेछ	1	1	1
बनाउनेसम्म	1	1	1
बनाउन्	1	1	1
बनाएकै	1	1	1
बनाएकोलाई	1	1	1
बनाएरै	1	1	1
बनाम	1	1	1
बनायौ	1	1	1
बनारसको	1	1	1
बनिने	1	1	1
बनियाँको	1	1	1
बनियाँलाई	1	1	1
बनिरहेको	1	1	1
बनेकाहरूको	1	1	1
बनेकोले	1	1	1
बन्चरो	1	1	1
बन्छन्	1	1	1
बन्जर	1	1	1
बन्टी	1	1	1
बन्दापछि	1	1	1
बन्दीपुर	1	1	1
बन्दुकहरू	1	1	1
बन्देज	1	1	1
बन्देजको	1	1	1
बन्धकमा	1	1	1
बन्धनकारी	1	1	1
बन्धनको	1	1	1
बन्धात्मक	1	1	1
बन्धुहरूको	1	1	1
बन्नबाट	1	1	1
बन्नुभएका	1	1	1
बफ्याएर	1	1	1
बबइ	1	1	1
बबुचा	1	1	1
बबै	1	1	1
बमबारीपछि	1	1	1
बमभन्दा	1	1	1
बमवर्षकहरू	1	1	1
बमोजिमको	1	1	1
बम्बईमा	1	1	1
बयड	1	1	1
बयर	1	1	1
बयल	1	1	1
बयानले	1	1	1
बरदानका	1	1	1
बरनाला	1	1	1
बरफको	1	1	1
बरफबाट	1	1	1
बरफल्याङमा	1	1	1
बराँठको	1	1	1
बराइली	1	1	1
बराठे	1	1	1
बराबरै	1	1	1
बरामदा	1	1	1
बराहको	1	1	1
बराहमिहिरको	1	1	1
बराहलाई	1	1	1
बरूण	1	1	1
बरैल	1	1	1
बरौलासम्म	1	1	1
बर्ग	1	1	1
बर्गनको	1	1	1
बर्गम्यान	1	1	1
बर्गरजालका	1	1	1
बर्गोग्लियोको	1	1	1
बर्ड	1	1	1
बर्डफ्लु	1	1	1
बर्थडे	1	1	1
बर्दियाको	1	1	1
बर्दियामा	1	1	1
बर्दीबास	1	1	1
बर्देवासँग	1	1	1
बर्धमान	1	1	1
बर्नेब्युमा	1	1	1
बर्बर	1	1	1
बर्बरता	1	1	1
बर्मन	1	1	1
बर्माको	1	1	1
बर्मातिर	1	1	1
बर्मासित	1	1	1
बर्रो	1	1	1
बर्लिनबाट	1	1	1
बर्लिन्नी	1	1	1
बर्साउन	1	1	1
बलतोडमा	1	1	1
बलदेव	1	1	1
बलबाट	1	1	1
बलभञ्जन	1	1	1
बलभद्रलाई	1	1	1
बलर	1	1	1
बलरामपुरमा	1	1	1
बललाई	1	1	1
बलवानका	1	1	1
बलवानको	1	1	1
बलात्कारपछि	1	1	1
बलिउडमा	1	1	1
बलिदेवताको	1	1	1
बलिपछि	1	1	1
बलियोसित	1	1	1
बलिलाई	1	1	1
बलिले	1	1	1
बलीमा	1	1	1
बलुआपत्थरदेखि	1	1	1
बलेवास्थित	1	1	1
बलेसीका	1	1	1
बल्खुका	1	1	1
बल्झिएर	1	1	1
बल्दछ	1	1	1
बल्ला	1	1	1
बसन्तपुरबाट	1	1	1
बसन्तीमा	1	1	1
बसले	1	1	1
बसहरू	1	1	1
बसाइँसराईको	1	1	1
बसाइपछि	1	1	1
बसाइसराइ	1	1	1
बसाना	1	1	1
बसालेका	1	1	1
बसालेर	1	1	1
बसाहाको	1	1	1
बसि	1	1	1
बसिरहे	1	1	1
बसिरहेका	1	1	1
बसिरहेकी	1	1	1
बसिरह्यो	1	1	1
बसिराखेको	1	1	1
बसु	1	1	1
बसेकाहरूको	1	1	1
बसेकोमा	1	1	1
बसेछन्	1	1	1
बसेरा	1	1	1
बसोवासको	1	1	1
बसोस्	1	1	1
बस्छौं	1	1	1
बस्तिपुरमा	1	1	1
बस्तीदेखि	1	1	1
बस्दछ	1	1	1
बस्दछन	1	1	1
बस्दिन	1	1	1
बस्नको	1	1	1
बस्नुपर्छ	1	1	1
बस्नुपर्दछ	1	1	1
बस्नुपर्यो	1	1	1
बस्नेहरू	1	1	1
बस्न्यात	1	1	1
बहत्तर	1	1	1
बहना	1	1	1
बहन्छ	1	1	1
बहरको	1	1	1
बहरबद्ध	1	1	1
बहराइन	1	1	1
बहरूड	1	1	1
बहर्गा	1	1	1
बहादुरद्वारा	1	1	1
बहादुरले	1	1	1
बहालवाला	1	1	1
बहावको	1	1	1
बहिनीलाई	1	1	1
बहिष्कारको	1	1	1
बहीखातहरूमा	1	1	1
बहुआयमिक	1	1	1
बहुगुणालाई	1	1	1
बहुचर्चीत	1	1	1
बहुदेववाद	1	1	1
बहुदैविक	1	1	1
बहुन	1	1	1
बहुप्रशिद्ध	1	1	1
बहुभुजको	1	1	1
बहुमतद्वारा	1	1	1
बहुमतलाई	1	1	1
बहुमतसँग	1	1	1
बहुरूपिया	1	1	1
बहुरूपी	1	1	1
बहुलाह	1	1	1
बहुसंख्यक	1	1	1
बहुसंख्यकहरूका	1	1	1
बाँच	1	1	1
बाँचिरहेको	1	1	1
बाँचिरहेछ	1	1	1
बाँचिहालेमा	1	1	1
बाँच्नेछन्	1	1	1
बाँझी	1	1	1
बाँडफाँड	1	1	1
बाँडिए	1	1	1
बाँडिदिए	1	1	1
बाँडिन्छ	1	1	1
बाँडीएको	1	1	1
बाँड्दछ	1	1	1
बाँदरहरूको	1	1	1
बाँधमा	1	1	1
बाँधि	1	1	1
बाँधिने	1	1	1
बाँध्दछन्	1	1	1
बाँध्नै	1	1	1
बाँफीकोट	1	1	1
बाँफीकोटमा	1	1	1
बाँसबाट	1	1	1
बाँसमा	1	1	1
बाँसुरीमा	1	1	1
बाआमा	1	1	1
बाइपास	1	1	1
बाइसे	1	1	1
बाईपोलर	1	1	1
बाईसमा	1	1	1
बाईसे	1	1	1
बाउँडिएको	1	1	1
बाउन्स	1	1	1
बाउमाइतीको	1	1	1
बाउल	1	1	1
बाउलाई	1	1	1
बाको	1	1	1
बाक्ला	1	1	1
बाक्लै	1	1	1
बाग	1	1	1
बागबजारमा	1	1	1
बागबान	1	1	1
बागलुङबाट	1	1	1
बागान	1	1	1
बागानहरूमा	1	1	1
बागी	1	1	1
बाग्लुङ्गको	1	1	1
बाघमा	1	1	1
बाङ्गो	1	1	1
बाचा	1	1	1
बाचाहरू	1	1	1
बाच्न	1	1	1
बाछासहित	1	1	1
बाछाहरूको	1	1	1
बाछिटा	1	1	1
बाछो	1	1	1
बाछोलाई	1	1	1
बाछोसमेतको	1	1	1
बाजरामा	1	1	1
बाजामा	1	1	1
बाजासँग	1	1	1
बाजी	1	1	1
बाजुराको	1	1	1
बाटनै	1	1	1
बाटा	1	1	1
बाटामुनि	1	1	1
बाटाहरूमा	1	1	1
बाटुलो	1	1	1
बाटै	1	1	1
बाटोघाटो	1	1	1
बाटोहरू	1	1	1
बाठोको	1	1	1
बाढीको	1	1	1
बाणहरूले	1	1	1
बादक	1	1	1
बाधक	1	1	1
बाधाविरोधहरूको	1	1	1
बाधेको	1	1	1
बानेश्वरकी	1	1	1
बापू	1	1	1
बाबरी	1	1	1
बाबाका	1	1	1
बाबुआमा	1	1	1
बाबुआमाले	1	1	1
बाबुल	1	1	1
बाबुसँगसँगै	1	1	1
बाबुसाहेब	1	1	1
बाबू	1	1	1
बाबूको	1	1	1
बायाँपट्टी	1	1	1
बायोग्राफरले	1	1	1
बायोप्सीबाट	1	1	1
बायोमासको	1	1	1
बायोलोजी	1	1	1
बारबाट	1	1	1
बारबार	1	1	1
बारमा	1	1	1
बारहसिंहाको	1	1	1
बाराकी	1	1	1
बाराबंकी	1	1	1
बाराबङ्की	1	1	1
बाराहीको	1	1	1
बारूदमा	1	1	1
बारूदी	1	1	1
बार्टलेको	1	1	1
बार्ता	1	1	1
बार्दलीका	1	1	1
बार्ने	1	1	1
बार्बेट	1	1	1
बार्सिलोनाका	1	1	1
बार्सेलोना	1	1	1
बालककाल	1	1	1
बालकलाई	1	1	1
बालकलाकार	1	1	1
बालकसँग	1	1	1
बालकहरूको	1	1	1
बालचन्द्र	1	1	1
बालचरहरू	1	1	1
बालबच्चालाई	1	1	1
बालबाटिका	1	1	1
बालबालिकासँग	1	1	1
बालमनोविज्ञानमा	1	1	1
बालमन्दिर	1	1	1
बालरोग	1	1	1
बालसखा	1	1	1
बाला	1	1	1
बालागुरूले	1	1	1
बालाचतुर्दशीमा	1	1	1
बालालाई	1	1	1
बालिकालाई	1	1	1
बालिकाहरूले	1	1	1
बालिने	1	1	1
बालिहरू	1	1	1
बालीसँग	1	1	1
बालुवापाटी	1	1	1
बालोमा	1	1	1
बाल्न	1	1	1
बाल्य	1	1	1
बाल्यकालताका	1	1	1
बाल्यकालदेखिकै	1	1	1
बाल्यावस्थामा	1	1	1
बाल्यौ	1	1	1
बावजूद	1	1	1
बासनादार	1	1	1
बासस्थानको	1	1	1
बासिन्दाको	1	1	1
बासिन्दालाई	1	1	1
बासिन्दाहरूलाई	1	1	1
बासिन्दाहरूले	1	1	1
बासीहरू	1	1	1
बासेको	1	1	1
बास्केटबल	1	1	1
बास्कोटाले	1	1	1
बास्तोलाबाट	1	1	1
बाहनमा	1	1	1
बाहनहरू	1	1	1
बाहनहरूको	1	1	1
बाहिरए	1	1	1
बाहिरबाटै	1	1	1
बाहिरिँदा	1	1	1
बाहिरिएर	1	1	1
बाहिरिएवापत	1	1	1
बाहिरिने	1	1	1
बाहिरिभागमा	1	1	1
बाहुहरू	1	1	1
बाहुहरूबाट	1	1	1
बाहृय	1	1	1
बाह्रजना	1	1	1
बाह्रमा	1	1	1
बाह्रविसे	1	1	1
बाह्राः	1	1	1
बाह्रौँमा	1	1	1
बिइ	1	1	1
बिउको	1	1	1
बिए	1	1	1
बिएलजि	1	1	1
बिक्ने	1	1	1
बिक्रम	1	1	1
बिक्रीबाट	1	1	1
बिगबिगी	1	1	1
बिगहा	1	1	1
बिगारेकाले	1	1	1
बिगारेको	1	1	1
बिग्रिएको	1	1	1
बिग्रिएमा	1	1	1
बिग्रिन	1	1	1
बिछाउनाले	1	1	1
बिछ्यौना	1	1	1
बिजगणित	1	1	1
बिजगणितबाट	1	1	1
बिजगणितीय	1	1	1
बिजया	1	1	1
बिजलीको	1	1	1
बिजुलीजस्ता	1	1	1
बिटा	1	1	1
बिडी	1	1	1
बिताइरहेकी	1	1	1
बिताउँछन्	1	1	1
बिताउँदा	1	1	1
बिताउनुभएका	1	1	1
बिताएको	1	1	1
बितिसके	1	1	1
बितेकी	1	1	1
बित्ता	1	1	1
बित्तिकैका	1	1	1
बित्तीय	1	1	1
बिद्याप्रसाद	1	1	1
बिद्रोह	1	1	1
बिद्रोहकै	1	1	1
बिनम्र	1	1	1
बिनाको	1	1	1
बिनाबाजागाजा	1	1	1
बिनासाबुन	1	1	1
बिन्तीपत्र	1	1	1
बिन्दुकारूपमा	1	1	1
बिन्दुबाट	1	1	1
बिन्दुविशेष	1	1	1
बिपि	1	1	1
बिभक्त	1	1	1
बिम्ब	1	1	1
बिम्बहरूमा	1	1	1
बिम्सभिल्ली	1	1	1
बियाँलाई	1	1	1
बिरयानी	1	1	1
बिरहमा	1	1	1
बिरानो	1	1	1
बिरामीमा	1	1	1
बिरुवामा	1	1	1
बिरुवाहरूको	1	1	1
बिर्तामोड	1	1	1
बिर्संदा	1	1	1
बिर्सिइएका	1	1	1
बिर्सिए	1	1	1
बिर्सिएका	1	1	1
बिर्सिएको	1	1	1
बिर्सिदिनु	1	1	1
बिर्सिसकेका	1	1	1
बिर्सी	1	1	1
बिलमा	1	1	1
बिलम्ब	1	1	1
बिलासपुर	1	1	1
बिल्डिङ	1	1	1
बिषालु	1	1	1
बिष्टलाई	1	1	1
बिसर्जन	1	1	1
बिसाउँछन्	1	1	1
बिसाउँदा	1	1	1
बिसाएकै	1	1	1
बिसौँ	1	1	1
बिस्कुट	1	1	1
बिस्तृत	1	1	1
बिहानबाट	1	1	1
बिहानाको	1	1	1
बिहारकुण्ड	1	1	1
बिहारप्रान्त	1	1	1
बिहारबाट	1	1	1
बिहारलाई	1	1	1
बिहीन	1	1	1
बिहेबारी	1	1	1
बीऊका	1	1	1
बीएमा	1	1	1
बीचबीचमा	1	1	1
बीचमै	1	1	1
बीचहरू	1	1	1
बीचारमा	1	1	1
बीजको	1	1	1
बीजाणु	1	1	1
बीजाणुजनकबाट	1	1	1
बीजाणुहरूको	1	1	1
बीजारोपण	1	1	1
बीजेपीको	1	1	1
बीनाको	1	1	1
बीबरले	1	1	1
बीमाको	1	1	1
बीसजनाको	1	1	1
बुँदागत	1	1	1
बुँदाहरू	1	1	1
बुएना	1	1	1
बुकरका	1	1	1
बुकिंग	1	1	1
बुको	1	1	1
बुङ्गाकी	1	1	1
बुङ्मतीको	1	1	1
बुच	1	1	1
बुझाउँछन्	1	1	1
बुझाउँथ्यो	1	1	1
बुझाउँदा	1	1	1
बुझाउनेछु	1	1	1
बुझायो	1	1	1
बुझिँन	1	1	1
बुझिएन	1	1	1
बुझिनेछ	1	1	1
बुझेँ	1	1	1
बुझ्दै	1	1	1
बुझ्नसक्थे	1	1	1
बुझ्नुभएन	1	1	1
बुटवलमा	1	1	1
बुटासिंहले	1	1	1
बुटी	1	1	1
बुट्टासहित	1	1	1
बुट्यानहरूको	1	1	1
बुड्सको	1	1	1
बुड्सले	1	1	1
बुढाजी	1	1	1
बुढाथोकीद्वारा	1	1	1
बुढापाकाहरूका	1	1	1
बुद्धचरित	1	1	1
बुद्धमार्गी	1	1	1
बुद्धरश्मि	1	1	1
बुद्धरश्मिबाट	1	1	1
बुद्धले	1	1	1
बुद्धिजीवी	1	1	1
बुद्धितत्त्वको	1	1	1
बुद्धिदायक	1	1	1
बुद्धिपक्ष	1	1	1
बुद्धिमान	1	1	1
बुद्धिस्टसमेतको	1	1	1
बुधकुमारीसँग	1	1	1
बुधको	1	1	1
बुधतुला	1	1	1
बुधबारे	1	1	1
बुधराम	1	1	1
बुधशम्सेर	1	1	1
बुनाइ	1	1	1
बुनाइसम्बन्धी	1	1	1
बुनेर	1	1	1
बुबाआमा	1	1	1
बुम	1	1	1
बुलाकीमा	1	1	1
बुलेटिनको	1	1	1
बुल्जेलाई	1	1	1
बुवाकी	1	1	1
बुश	1	1	1
बुशलाई	1	1	1
बूढो	1	1	1
बूढौलीकालमा	1	1	1
बृगेड	1	1	1
बृतासुरलाई	1	1	1
बृद्धबृद्धाहरू	1	1	1
बृश्चिक	1	1	1
बृष	1	1	1
बृषभानु	1	1	1
बेइजती	1	1	1
बेइजिङमा	1	1	1
बेकामी	1	1	1
बेगम	1	1	1
बेगमको	1	1	1
बेगमले	1	1	1
बेगर	1	1	1
बेगारी	1	1	1
बेग्लैरूपले	1	1	1
बेचबिखनका	1	1	1
बेचि	1	1	1
बेचिएर	1	1	1
बेचियो	1	1	1
बेचिरहेको	1	1	1
बेचिराख्ने	1	1	1
बेचैनीदेखि	1	1	1
बेच्थिन्	1	1	1
बेजेराले	1	1	1
बेटी	1	1	1
बेतनको	1	1	1
बेतार	1	1	1
बेतियादेखि	1	1	1
बेत्रावति	1	1	1
बेत्रावती	1	1	1
बेत्रावतीमा	1	1	1
बेथिति	1	1	1
बेदखली	1	1	1
बेनीघाट	1	1	1
बेब्स	1	1	1
बेमेलबाट	1	1	1
बेयर	1	1	1
बेरोजगारीको	1	1	1
बेर्दछन्	1	1	1
बेलकातरीबाट	1	1	1
बेलकुमारीका	1	1	1
बेलपत्र	1	1	1
बेलागाउँ	1	1	1
बेलायतले	1	1	1
बेलायतवासी	1	1	1
बेलायतसँगको	1	1	1
बेलायतसहितका	1	1	1
बेलायतीहरूको	1	1	1
बेलुकाको	1	1	1
बेल्जियमका	1	1	1
बेल्जीयम	1	1	1
बेल्फोर	1	1	1
बेल्लास	1	1	1
बेवास्ताका	1	1	1
बेसबलका	1	1	1
बेसमेन्ट	1	1	1
बेसरी	1	1	1
बेसल	1	1	1
बेसारभन्ज्याङ	1	1	1
बेसिक	1	1	1
बेसिनमा	1	1	1
बेसीका	1	1	1
बेसीसँगै	1	1	1
बेसीस्थित	1	1	1
बेस्सरी	1	1	1
बेहुली	1	1	1
बेहोर्नु	1	1	1
बैँसैमा	1	1	1
बैंकक	1	1	1
बैंककमा	1	1	1
बैंकका	1	1	1
बैंक्सले	1	1	1
बैक	1	1	1
बैङक	1	1	1
बैङ्कहरूको	1	1	1
बैङ्किङ	1	1	1
बैटेन	1	1	1
बैठकका	1	1	1
बैतलहमको	1	1	1
बैद्यनाथको	1	1	1
बैनेलन्ग	1	1	1
बैभव	1	1	1
बैरङ्गारूका	1	1	1
बैशाखतिर	1	1	1
बोअलिङ	1	1	1
बोकाएर	1	1	1
बोकाको	1	1	1
बोकिने	1	1	1
बोकी	1	1	1
बोगटीको	1	1	1
बोझो	1	1	1
बोटजत्रै	1	1	1
बोटजस्तैको	1	1	1
बोटबिरुवा	1	1	1
बोटलाई	1	1	1
बोटहरूमा	1	1	1
बोटानीमा	1	1	1
बोटे	1	1	1
बोट्राटिस	1	1	1
बोट्समा	1	1	1
बोडिङ	1	1	1
बोडीको	1	1	1
बोडेका	1	1	1
बोतलभित्र	1	1	1
बोतलमा	1	1	1
बोता	1	1	1
बोधिसत्वको	1	1	1
बोनापार्ट	1	1	1
बोनापार्टको	1	1	1
बोभाइन	1	1	1
बोरका	1	1	1
बोर्जेसमा	1	1	1
बोर्नियो	1	1	1
बोलझै	1	1	1
बोलवाला	1	1	1
बोलाईमा	1	1	1
बोलाउँछौ	1	1	1
बोलाएनन्	1	1	1
बोलाएपछि	1	1	1
बोलायो	1	1	1
बोलिचालीको	1	1	1
बोलिन	1	1	1
बोलीने	1	1	1
बोलीहरूका	1	1	1
बोले	1	1	1
बोलेपछि	1	1	1
बोलेभियाली	1	1	1
बोल्छ	1	1	1
बोल्टनको	1	1	1
बोल्डरबाट	1	1	1
बोल्दामा	1	1	1
बोल्नबाट	1	1	1
बोल्नमा	1	1	1
बोल्यो	1	1	1
बोसकी	1	1	1
बोसले	1	1	1
बोस्टनमा	1	1	1
बोहराका	1	1	1
बौद्धका	1	1	1
बौद्धगुम्बा	1	1	1
बौद्धमा	1	1	1
बौद्धहरूले	1	1	1
ब्यहोर्नु	1	1	1
ब्याकरण	1	1	1
ब्याक्टेरिया	1	1	1
ब्याक्टेरियाजीव	1	1	1
ब्याग	1	1	1
ब्याङ्क	1	1	1
ब्याङ्क्स	1	1	1
ब्याङ्गलोरमा	1	1	1
ब्याचहरू	1	1	1
ब्यान्ड	1	1	1
ब्यापक	1	1	1
ब्यापारमा	1	1	1
ब्यापारिक	1	1	1
ब्यापारी	1	1	1
ब्यापारीक	1	1	1
ब्यारल	1	1	1
ब्यारेलहरू	1	1	1
ब्यासी	1	1	1
ब्युँझिदैन	1	1	1
ब्युइकको	1	1	1
ब्युनस	1	1	1
ब्यूरेगार्ड	1	1	1
ब्यूविकमा	1	1	1
ब्रजबासीहरू	1	1	1
ब्रतालुहरूले	1	1	1
ब्रदर्सले	1	1	1
ब्रम्हपुरी	1	1	1
ब्रम्हाको	1	1	1
ब्रम्हाण्ड	1	1	1
ब्रम्हाथानको	1	1	1
ब्रम्हाले	1	1	1
ब्रह्मका	1	1	1
ब्रह्मको	1	1	1
ब्रह्मण्ड	1	1	1
ब्रह्मलाई	1	1	1
ब्रह्माजी	1	1	1
ब्रह्माजीले	1	1	1
ब्रह्माण	1	1	1
ब्रह्माण्डभरी	1	1	1
ब्रह्मास्त्र	1	1	1
ब्राइटर	1	1	1
ब्राउनले	1	1	1
ब्राजाकीद्वारा	1	1	1
ब्राजीलियन	1	1	1
ब्राड	1	1	1
ब्रान्डलाई	1	1	1
ब्राम्हण	1	1	1
ब्रायन	1	1	1
ब्रायन्टलाई	1	1	1
ब्राह्मणदेव	1	1	1
ब्राह्मणले	1	1	1
ब्राह्मणहरूको	1	1	1
ब्रिटिसहरूको	1	1	1
ब्रिटेनका	1	1	1
ब्रिस्बेन	1	1	1
ब्रुनो	1	1	1
ब्रुसबाट	1	1	1
ब्रुसेल्सबाट	1	1	1
ब्रेनेनबर्गमा	1	1	1
ब्रेस्टेड	1	1	1
ब्रोकन	1	1	1
ब्रोङकाइटिसमा	1	1	1
ब्रोनियोमा	1	1	1
ब्लकबस्टर	1	1	1
ब्लगमा	1	1	1
ब्लगर	1	1	1
ब्लगिङ्	1	1	1
ब्लन्ट	1	1	1
ब्लन्ड	1	1	1
ब्लु	1	1	1
ब्लू	1	1	1
ब्लेनिलाले	1	1	1
ब्लेयरले	1	1	1
ब्लेस्ड	1	1	1
ब्ल्याकटेल्ड	1	1	1
ब्ल्याकथ्रोटेड	1	1	1
ब्वाँसो	1	1	1
ब्वाँसोका	1	1	1
ब्वाइगर्ल	1	1	1
ब्वोनापार्ते	1	1	1
भइआएको	1	1	1
भइगो	1	1	1
भइछिन्	1	1	1
भइदिएकोले	1	1	1
भइन	1	1	1
भइरस	1	1	1
भइरहेकेको	1	1	1
भइरहेछ	1	1	1
भइसके	1	1	1
भइसक्नुभएका	1	1	1
भइसक्यो	1	1	1
भइहन्छ	1	1	1
भइहाले	1	1	1
भईदिएको	1	1	1
भईहाल्यो	1	1	1
भएकाहरूका	1	1	1
भएकैले	1	1	1
भएकोको	1	1	1
भएन्	1	1	1
भएपछिका	1	1	1
भएपछिको	1	1	1
भएपश्चात्	1	1	1
भएबमोजिम	1	1	1
भएरहेका	1	1	1
भएवापत	1	1	1
भएसम्मको	1	1	1
भकुण्डेबेसी	1	1	1
भकुण्डेवेसी	1	1	1
भक्तजनले	1	1	1
भक्तजनहरूद्वारा	1	1	1
भक्तपुरपछि	1	1	1
भक्तपुरपछिको	1	1	1
भक्तलाल	1	1	1
भक्तितर्फ	1	1	1
भक्तिदूत	1	1	1
भक्तिप्रसाद	1	1	1
भक्तिमा	1	1	1
भक्षणार्थ	1	1	1
भग	1	1	1
भगवतीप्रति	1	1	1
भगवतीबहाल	1	1	1
भगवतीलाई	1	1	1
भगवानका	1	1	1
भगवानले	1	1	1
भगवानसँग	1	1	1
भगाइन्	1	1	1
भगाउने	1	1	1
भगुवा	1	1	1
भङखोला	1	1	1
भजनका	1	1	1
भजनपुरा	1	1	1
भञ्ज्याङको	1	1	1
भञ्याङ	1	1	1
भटकेको	1	1	1
भट्टराईबाट	1	1	1
भट्टलाई	1	1	1
भट्मासलाई	1	1	1
भण्डारका	1	1	1
भतभती	1	1	1
भताभुङ्ग	1	1	1
भतिजाहरू	1	1	1
भतेर	1	1	1
भतौडा	1	1	1
भत्काई	1	1	1
भत्काएको	1	1	1
भत्किएपछि	1	1	1
भत्यार	1	1	1
भद्दा	1	1	1
भद्र	1	1	1
भद्रपुरदेखि	1	1	1
भद्रपुरमा	1	1	1
भनाइएको	1	1	1
भनाइयो	1	1	1
भनाइलाई	1	1	1
भनाए	1	1	1
भनाएका	1	1	1
भनि	1	1	1
भनिँदैन	1	1	1
भनिएकै	1	1	1
भनिएकोबाट	1	1	1
भनिदिनु	1	1	1
भनेझैँ	1	1	1
भनेनन्	1	1	1
भनेरै	1	1	1
भनौँ	1	1	1
भन्	1	1	1
भन्छाघरका	1	1	1
भन्छे	1	1	1
भन्ठानी	1	1	1
भन्डारकर	1	1	1
भन्थिस्	1	1	1
भन्दछ	1	1	1
भन्नपर्ला	1	1	1
भन्नुको	1	1	1
भन्नुपरेछ	1	1	1
भन्नुभा	1	1	1
भन्नुहुन्थ्यो	1	1	1
भन्नेछु	1	1	1
भन्नेले	1	1	1
भन्नै	1	1	1
भन्सारमा	1	1	1
भमरालाई	1	1	1
भयकै	1	1	1
भयोका	1	1	1
भरतकै	1	1	1
भरतपुरका	1	1	1
भरतपुरलाई	1	1	1
भरतमुनिको	1	1	1
भरतमुनिद्वारा	1	1	1
भरपर्दा	1	1	1
भरमार	1	1	1
भराईटिज	1	1	1
भरिणीको	1	1	1
भरिने	1	1	1
भरिपूर्णका	1	1	1
भरिबाट	1	1	1
भरिभरि	1	1	1
भरियाहरूले	1	1	1
भरिला	1	1	1
भरेँ	1	1	1
भर्याङद्वारा	1	1	1
भर्सटाइल	1	1	1
भर्सन	1	1	1
भर्स्टर	1	1	1
भलाइमा	1	1	1
भलाक्चा	1	1	1
भलुवाहीमा	1	1	1
भवनहरु	1	1	1
भवनहरूका	1	1	1
भवनाको	1	1	1
भविष्यफल	1	1	1
भविष्यवाणीको	1	1	1
भवेश्वरको	1	1	1
भष्मासुरलाई	1	1	1
भष्मासुरले	1	1	1
भस्त्रिका	1	1	1
भाँचिने	1	1	1
भाँचेको	1	1	1
भाँचेर	1	1	1
भाँचो	1	1	1
भाँच्न	1	1	1
भाँडाकुँडा	1	1	1
भाँडाकुडाजस्ता	1	1	1
भाइटीकामा	1	1	1
भाइप्रति	1	1	1
भाइभन्दा	1	1	1
भाइभाइ	1	1	1
भाइरसको	1	1	1
भाइले	1	1	1
भाइहरू	1	1	1
भाइहरूबाट	1	1	1
भाइहरूलाई	1	1	1
भाई	1	1	1
भाउलाई	1	1	1
भाकपा	1	1	1
भाको	1	1	1
भागतर्फको	1	1	1
भागतिर	1	1	1
भागद्वारा	1	1	1
भागभन्दा	1	1	1
भागलपुर	1	1	1
भागले	1	1	1
भागवण्डा	1	1	1
भागवतले	1	1	1
भागवत्	1	1	1
भागसम्म	1	1	1
भागहरुमा	1	1	1
भागहरूदेखि	1	1	1
भागहरूसँग	1	1	1
भागेकाहरू	1	1	1
भागेपछि	1	1	1
भाग्यो	1	1	1
भाटभटेनी	1	1	1
भाड	1	1	1
भाडो	1	1	1
भातखानु	1	1	1
भातृसम्बन्ध	1	1	1
भातै	1	1	1
भादुडी	1	1	1
भाद्रपद	1	1	1
भाद्रपूणिर्मामा	1	1	1
भानिजलाई	1	1	1
भानु	1	1	1
भानुनगर	1	1	1
भानुभक्तको	1	1	1
भानुले	1	1	1
भान्जा	1	1	1
भान्जीसँग	1	1	1
भामा	1	1	1
भायलिन	1	1	1
भारण	1	1	1
भारतकै	1	1	1
भारततर्फ	1	1	1
भारतपरस्त	1	1	1
भारतप्रति	1	1	1
भारतबीचको	1	1	1
भारतभन्दा	1	1	1
भारतमित्र	1	1	1
भारतमै	1	1	1
भारतसँग	1	1	1
भारतस्थित	1	1	1
भारतीयबाट	1	1	1
भारतीयहरूको	1	1	1
भारतीयहरूले	1	1	1
भारतीयहरूसमेत	1	1	1
भारतोदय	1	1	1
भारदारको	1	1	1
भारवाहन	1	1	1
भारा	1	1	1
भारोले	1	1	1
भालेको	1	1	1
भावका	1	1	1
भावधाराका	1	1	1
भावनाअनुसार	1	1	1
भावनामा	1	1	1
भावपूर्वक	1	1	1
भावप्रकाशन	1	1	1
भावहरू	1	1	1
भावाना	1	1	1
भावानुभूतिका	1	1	1
भावाभिव्यञ्जन	1	1	1
भावि	1	1	1
भावुकताको	1	1	1
भाषणकलाका	1	1	1
भाषणको	1	1	1
भाषणशास्त्र	1	1	1
भाषाई	1	1	1
भाषाकी	1	1	1
भाषान्तरण	1	1	1
भाषाबोलीहरू	1	1	1
भाषाभाषीको	1	1	1
भाषाविद्	1	1	1
भाषावैज्ञानिक	1	1	1
भाषाशिक्षण	1	1	1
भाषाशैलीमा	1	1	1
भाषासँग	1	1	1
भाषासाहित्यमा	1	1	1
भाषासेवी	1	1	1
भाषाहरु	1	1	1
भाषाहरूले	1	1	1
भाषिकाको	1	1	1
भाषीले	1	1	1
भाषीहरू	1	1	1
भाष्कर	1	1	1
भिउँट	1	1	1
भिएचएफ	1	1	1
भिएस	1	1	1
भिक्टोरिया	1	1	1
भिङ्गृ	1	1	1
भिजुयल	1	1	1
भिजेको	1	1	1
भिज्दै	1	1	1
भिडन्तमा	1	1	1
भिडन्तहरू	1	1	1
भिडियोहरू	1	1	1
भित्ताहरूमा	1	1	1
भित्ति	1	1	1
भित्तिचित्रले	1	1	1
भित्ते	1	1	1
भित्तेघडी	1	1	1
भित्तेपात्रो	1	1	1
भित्रतिर	1	1	1
भित्रबाट	1	1	1
भित्रमात्र	1	1	1
भित्राउने	1	1	1
भित्रिएको	1	1	1
भित्रिएपछि	1	1	1
भित्रिकोट	1	1	1
भित्रीय	1	1	1
भित्र्याएको	1	1	1
भिनाजुको	1	1	1
भिन्दै	1	1	1
भिन्नताको	1	1	1
भिम	1	1	1
भिमनगरमा	1	1	1
भिमसेन	1	1	1
भिमसेनका	1	1	1
भिमार्जुन	1	1	1
भिरगाउँ	1	1	1
भिरमुनी	1	1	1
भिरालोपन	1	1	1
भिर्नेले	1	1	1
भिलेन	1	1	1
भीडमा	1	1	1
भीमचरण	1	1	1
भीमध्वज	1	1	1
भीमराव	1	1	1
भीमशमशेरका	1	1	1
भुँडी	1	1	1
भुइँचुक	1	1	1
भुइँतले	1	1	1
भुइँमाथि	1	1	1
भुगुपति	1	1	1
भुजा	1	1	1
भुटिन्छ	1	1	1
भुटिया	1	1	1
भुटियासँग	1	1	1
भुतले	1	1	1
भुन्ग	1	1	1
भुमी	1	1	1
भुरा	1	1	1
भुलेकी	1	1	1
भुलेथ्यौं	1	1	1
भुल्के	1	1	1
भुल्ने	1	1	1
भुवनसिंहलाई	1	1	1
भुवनेश्वरीदेवीले	1	1	1
भुवाना	1	1	1
भुषण	1	1	1
भुषालले	1	1	1
भुसुवा	1	1	1
भूउपग्रहहरू	1	1	1
भूकम्पकी	1	1	1
भूकम्पपछिको	1	1	1
भूकम्पभन्दा	1	1	1
भूकिका	1	1	1
भूगतिशीलताका	1	1	1
भूगर्भ	1	1	1
भूगर्भमुनिको	1	1	1
भूगर्भशास्त्रीहरूले	1	1	1
भूगर्व	1	1	1
भूगर्वशास्त्रको	1	1	1
भूगोल	1	1	1
भूगोलले	1	1	1
भूगोलविद्	1	1	1
भूचुम्बकीय	1	1	1
भूजायुक्त	1	1	1
भूटान	1	1	1
भूटानको	1	1	1
भूटानले	1	1	1
भूटानी	1	1	1
भूतहरूको	1	1	1
भूधरातलले	1	1	1
भूपू	1	1	1
भूबनावटको	1	1	1
भूभागबाट	1	1	1
भूभागसँग	1	1	1
भूभागसमेत	1	1	1
भूभागसम्म	1	1	1
भूभौतिकीमा	1	1	1
भूमध्य	1	1	1
भूमल	1	1	1
भूमिकाद्वारा	1	1	1
भूमिडाँडा	1	1	1
भूमिपुत्रको	1	1	1
भूमिमाथि	1	1	1
भूमिरज	1	1	1
भूमिहार	1	1	1
भूमीमा	1	1	1
भूमीलाई	1	1	1
भूमीले	1	1	1
भूललाई	1	1	1
भूलले	1	1	1
भूलवश	1	1	1
भूविज्ञानमा	1	1	1
भूषण	1	1	1
भूषणसहित	1	1	1
भूषाल	1	1	1
भूस	1	1	1
भूसतह	1	1	1
भूसतहदेखि	1	1	1
भूसतहमा	1	1	1
भूस्वामीहरूलाई	1	1	1
भूहरू	1	1	1
भृगुनन्दन	1	1	1
भृगुवंशीय	1	1	1
भेटने	1	1	1
भेटबाट	1	1	1
भेटिरहेको	1	1	1
भेटेर	1	1	1
भेटेसम्म	1	1	1
भेटौँ	1	1	1
भेट्छे	1	1	1
भेट्टाइएमा	1	1	1
भेट्टाउँछ	1	1	1
भेट्टाउनु	1	1	1
भेट्टाएको	1	1	1
भेट्दैनन्	1	1	1
भेट्नका	1	1	1
भेट्नैपिच्छे	1	1	1
भेडीगोठ	1	1	1
भेदभावरहित	1	1	1
भेनस	1	1	1
भेनेको	1	1	1
भेन्टर	1	1	1
भेन्टिलेटर	1	1	1
भेन्डलाइजिङ	1	1	1
भेरीको	1	1	1
भेषधारी	1	1	1
भेषभुषा	1	1	1
भेषभुषाको	1	1	1
भेषभूषामा	1	1	1
भैंसेपाटी	1	1	1
भैमातु	1	1	1
भैरम	1	1	1
भैरवनाथ	1	1	1
भैरवले	1	1	1
भैरहे	1	1	1
भैरी	1	1	1
भैसकेकोले	1	1	1
भैसको	1	1	1
भोएसे	1	1	1
भोकमरी	1	1	1
भोक्ता	1	1	1
भोगकर्तासँग	1	1	1
भोगाइहरू	1	1	1
भोगेँ	1	1	1
भोगेपछि	1	1	1
भोग्नुपरेको	1	1	1
भोग्नुपर्दछ	1	1	1
भोग्नुपर्ने	1	1	1
भोग्नेसँग	1	1	1
भोजकुमारि	1	1	1
भोजनालय	1	1	1
भोजपत्र	1	1	1
भोजपुरका	1	1	1
भोजपुरेद्वारा	1	1	1
भोजले	1	1	1
भोटसिपा	1	1	1
भोटहरूको	1	1	1
भोटाको	1	1	1
भोटिङ्ग	1	1	1
भोलिको	1	1	1
भोलिपल्टबाट	1	1	1
भोलेनाथ	1	1	1
भोलेन्तिनोभिच	1	1	1
भौगिलिक	1	1	1
भ्एको	1	1	1
भ्याएसम्म	1	1	1
भ्यागुतो	1	1	1
भ्यान्टा	1	1	1
भ्यान्डलिजमलाई	1	1	1
भ्याली	1	1	1
भ्यालेन्सिया	1	1	1
भ्यालेरी	1	1	1
भ्यास्लिन	1	1	1
भ्रमरदूत	1	1	1
भ्रमरसन्देश	1	1	1
भ्रष्टाचारमा	1	1	1
भ्रष्टाचारलाई	1	1	1
भ्रष्टै	1	1	1
भ्रातृसङ्गठन	1	1	1
भ्रान्त	1	1	1
भ्रान्ति	1	1	1
भ्रामक	1	1	1
भ्रूणलाई	1	1	1
भ्रौणिक	1	1	1
भ्रौणिकी	1	1	1
मँगाए	1	1	1
मँहगो	1	1	1
मंगली	1	1	1
मककु	1	1	1
मकनै	1	1	1
मकबरहरूदेखि	1	1	1
मकवानपुरका	1	1	1
मक्कर	1	1	1
मक्काका	1	1	1
मक्काको	1	1	1
मक्कोनेलद्वारा	1	1	1
मक्खन	1	1	1
मक्खीबुट्टे	1	1	1
मक्वायर	1	1	1
मखनको	1	1	1
मगजमा	1	1	1
मगधसँग	1	1	1
मगन्ते	1	1	1
मगरहरूमा	1	1	1
मगरहरूले	1	1	1
मगहर	1	1	1
मगाएको	1	1	1
मग्मा	1	1	1
मङ्गलग्रह	1	1	1
मङ्गलग्रहका	1	1	1
मङ्गलधनु	1	1	1
मङ्गलधुन	1	1	1
मङ्गलबजारमा	1	1	1
मङ्गललाई	1	1	1
मङ्गोलको	1	1	1
मङ्गोलियामा	1	1	1
मङ्गोलियाली	1	1	1
मचान	1	1	1
मचाहिँ	1	1	1
मच्चाएको	1	1	1
मच्छरको	1	1	1
मछिन्द्र	1	1	1
मछेउ	1	1	1
मजगाउँ	1	1	1
मजगैंयालगायतका	1	1	1
मजदुरको	1	1	1
मजदुरलाई	1	1	1
मजदूरभन्दा	1	1	1
मजदूरहरू	1	1	1
मजबूत	1	1	1
मजाकपछि	1	1	1
मजुमदार	1	1	1
मज्जाले	1	1	1
मञ्चलाई	1	1	1
मञ्जुश्री	1	1	1
मटरमा	1	1	1
मटिऔन	1	1	1
मटिखान	1	1	1
मठमन्दिर	1	1	1
मठमन्दिरहरूमा	1	1	1
मठलाई	1	1	1
मठवासीहरूद्वारा	1	1	1
मठसँग	1	1	1
मठसम्म	1	1	1
मठहरूका	1	1	1
मडस्किपर	1	1	1
मणिकमल	1	1	1
मणितुण्डक	1	1	1
मणिपाल	1	1	1
मण्डलहरू	1	1	1
मण्डला	1	1	1
मण्डलीका	1	1	1
मण्डेलामा	1	1	1
मण्डेलासँगै	1	1	1
मतअनुसार	1	1	1
मतदाताहरूलाई	1	1	1
मतदाताहरूसम्म	1	1	1
मतदानका	1	1	1
मतदानलाई	1	1	1
मतपत्रका	1	1	1
मतले	1	1	1
मतसँग	1	1	1
मतहरू	1	1	1
मतहरूमा	1	1	1
मताधिकारदेखि	1	1	1
मतानुसार	1	1	1
मतावलम्बीहरूको	1	1	1
मतैक्यता	1	1	1
मत्सुकाता	1	1	1
मत्सुया	1	1	1
मत्स्य	1	1	1
मथवल	1	1	1
मथुराको	1	1	1
मथ्न	1	1	1
मदनशमशेर	1	1	1
मदनशमशेरको	1	1	1
मदनशम्सेर	1	1	1
मदमदिराको	1	1	1
मदरको	1	1	1
मदानीलाई	1	1	1
मदीना	1	1	1
मदीनाका	1	1	1
मद्यपान	1	1	1
मधु	1	1	1
मधुकैटभ	1	1	1
मधुमेहका	1	1	1
मधुवनको	1	1	1
मधुसुदन	1	1	1
मधेशवादी	1	1	1
मधेशी	1	1	1
मधेसको	1	1	1
मधेसीपहाडी	1	1	1
मधेसीहरू	1	1	1
मध्यका	1	1	1
मध्यकाल	1	1	1
मध्यदक्षिणको	1	1	1
मध्यपङ्क्तिका	1	1	1
मध्यपश्चिममा	1	1	1
मध्यपहाडी	1	1	1
मध्यपूर्व	1	1	1
मध्यपूर्वदेखि	1	1	1
मध्यपूर्वी	1	1	1
मध्यभाग	1	1	1
मध्यममार्गको	1	1	1
मध्यमलाई	1	1	1
मध्यवर्तीसँग	1	1	1
मध्यवाधि	1	1	1
मध्यस्थको	1	1	1
मध्यान्तरपछिको	1	1	1
मनकामना	1	1	1
मनगढन्त	1	1	1
मनपराईएका	1	1	1
मनपरेको	1	1	1
मनमाया	1	1	1
मनमुटावले	1	1	1
मनलाग्यो	1	1	1
मनशमशेरसहित	1	1	1
मनसा	1	1	1
मनसूनसहित	1	1	1
मनांस्लु	1	1	1
मनाइनुका	1	1	1
मनाईने	1	1	1
मनाउँदछन	1	1	1
मनाउँदा	1	1	1
मनाएको	1	1	1
मनाएपछि	1	1	1
मनागुआ	1	1	1
मनाङस्थित	1	1	1
मनामा	1	1	1
मनिला	1	1	1
मनीषीहरूले	1	1	1
मनुलाई	1	1	1
मनुवा	1	1	1
मनुषयलाई	1	1	1
मनुष्यलोकमा	1	1	1
मनुष्यसम्म	1	1	1
मनुष्योंमा	1	1	1
मनुस्मृतिमा	1	1	1
मनेरको	1	1	1
मनै	1	1	1
मनोदूत	1	1	1
मनोनयनमा	1	1	1
मनोनितहरू	1	1	1
मनोरञ्जनका	1	1	1
मनोरथ	1	1	1
मनोरथहरू	1	1	1
मनोविज्ञान	1	1	1
मनोवृत्तिहरूका	1	1	1
मनोहरितामा	1	1	1
मन्चनयोग्य	1	1	1
मन्जुपतन	1	1	1
मन्त्रतन्त्र	1	1	1
मन्त्रदान	1	1	1
मन्त्रमा	1	1	1
मन्त्रलाई	1	1	1
मन्त्रहरूबाट	1	1	1
मन्त्रहरूमा	1	1	1
मन्त्रालयजस्ता	1	1	1
मन्त्रालयसँग	1	1	1
मन्त्रालयसंगै	1	1	1
मन्त्रालयहरूको	1	1	1
मन्त्रालयहरूसँग	1	1	1
मन्त्रिपरिषद	1	1	1
मन्त्रिपरिषदमा	1	1	1
मन्त्रिपरिषदले	1	1	1
मन्त्रिपरिषद्सँग	1	1	1
मन्त्रिमण्डल	1	1	1
मन्त्रिमण्डलका	1	1	1
मन्त्रीहरूका	1	1	1
मन्दाकिनीहरूका	1	1	1
मन्दारका	1	1	1
मन्दारातलकी	1	1	1
मन्दिरनिर्माणमा	1	1	1
मन्दी	1	1	1
मन्दीको	1	1	1
मन्दीबाट	1	1	1
मन्दीर	1	1	1
मन्नाडे	1	1	1
मन्स	1	1	1
मब	1	1	1
ममलूक	1	1	1
ममी	1	1	1
ममुम्बईमा	1	1	1
मम्मट	1	1	1
मम्मेरी	1	1	1
मयमनसिंह	1	1	1
मरणसरह	1	1	1
मरमसला	1	1	1
मरिचमान	1	1	1
मरिन	1	1	1
मरिनखोला	1	1	1
मरियमको	1	1	1
मरिसके	1	1	1
मरेकी	1	1	1
मरेमा	1	1	1
मरेर	1	1	1
मरेस्	1	1	1
मर्कुसमा	1	1	1
मर्छु	1	1	1
मर्डकको	1	1	1
मर्डर	1	1	1
मर्द	1	1	1
मर्दछ	1	1	1
मर्दानमा	1	1	1
मर्दी	1	1	1
मर्दैन	1	1	1
मर्नेछन्	1	1	1
मर्फीले	1	1	1
मर्मत	1	1	1
मर्यादाका	1	1	1
मर्यादाको	1	1	1
मर्यादाक्रम	1	1	1
मर्यो	1	1	1
मर्स्याङ्गदी	1	1	1
मलका	1	1	1
मलको	1	1	1
मलमा	1	1	1
मलमास	1	1	1
मलय	1	1	1
मलयालमको	1	1	1
मलयालममा	1	1	1
मललाई	1	1	1
मलसँग	1	1	1
मलसाँप्रो	1	1	1
मलहम	1	1	1
मलाइकाको	1	1	1
मलामीहरूलाई	1	1	1
मलायन	1	1	1
मलावी	1	1	1
मलिलो	1	1	1
मलुमजुवा	1	1	1
मल्ता	1	1	1
मल्यदेखि	1	1	1
मल्यपदार्थहरूमा	1	1	1
मल्लका	1	1	1
मल्लरानी	1	1	1
मल्लहरूको	1	1	1
मल्लु	1	1	1
मल्लुलाई	1	1	1
मल्होत्राका	1	1	1
मवीवीई	1	1	1
मशाला	1	1	1
मसलाहरूलाई	1	1	1
मसान्तसम्म	1	1	1
मसालको	1	1	1
मसालबाट	1	1	1
मसित	1	1	1
मसीहको	1	1	1
मसूडे	1	1	1
मसोली	1	1	1
मस्की	1	1	1
मस्जित	1	1	1
मस्जिदको	1	1	1
मस्जिदले	1	1	1
मस्तक	1	1	1
मस्ताना	1	1	1
मस्तिष्कको	1	1	1
मस्यौदामा	1	1	1
मस्यौदालाई	1	1	1
मस्लाङमा	1	1	1
मह	1	1	1
महकलगुरी	1	1	1
महको	1	1	1
महगो	1	1	1
महङ्गा	1	1	1
महतगाउँ	1	1	1
महतो	1	1	1
महत्त्वकाङ्क्षी	1	1	1
महत्त्वहीन	1	1	1
महत्त्वाकाङ्क्षी	1	1	1
महत्वको	1	1	1
महत्वाकांक्षाहरू	1	1	1
महत्वाकाङ्क्षी	1	1	1
महत्वूपर्ण	1	1	1
महफिलहरू	1	1	1
महबारी	1	1	1
महमति	1	1	1
महमुद	1	1	1
महरौलीमा	1	1	1
महर्षिहरू	1	1	1
महर्षिहरूका	1	1	1
महाकालबेसी	1	1	1
महाकालीसम्मको	1	1	1
महाकाव्यको	1	1	1
महाकाव्यमा	1	1	1
महाकुम्भ	1	1	1
महागौरी	1	1	1
महाचील	1	1	1
महाजनपद	1	1	1
महात्म्यमा	1	1	1
महादीपका	1	1	1
महादेवस्थानको	1	1	1
महादेशमा	1	1	1
महाद्वीपका	1	1	1
महाद्वीपमा	1	1	1
महाद्वीपसँग	1	1	1
महाधिबेसनको	1	1	1
महाधिवेशनले	1	1	1
महानगरपालिकाको	1	1	1
महानगरपालिकामा	1	1	1
महानतम	1	1	1
महानतम्	1	1	1
महानदी	1	1	1
महानन्द	1	1	1
महानायक	1	1	1
महानिर्देशकसमक्ष	1	1	1
महापुरुषको	1	1	1
महापुरूषको	1	1	1
महाप्रबन्धक	1	1	1
महाभारतपछि	1	1	1
महाभूकम्पले	1	1	1
महामन्त्रीद्वयमा	1	1	1
महामारीबाट	1	1	1
महामृत्युञ्जय	1	1	1
महायात्रा	1	1	1
महायानीहरूले	1	1	1
महायुद्धलाई	1	1	1
महाराजका	1	1	1
महाराजाधिराजमा	1	1	1
महारानीका	1	1	1
महारानीको	1	1	1
महाराष्ट्रमा	1	1	1
महाराष्ट्रियन	1	1	1
महालङ्गुर	1	1	1
महालिङ्गका	1	1	1
महावाष्प	1	1	1
महाविद्या	1	1	1
महाविद्यालय	1	1	1
महाविद्यालयमा	1	1	1
महावीरशमशेर	1	1	1
महाशयजी	1	1	1
महासचिवबाट	1	1	1
महासचिवलाई	1	1	1
महासत्व	1	1	1
महासन्धिबाट	1	1	1
महासन्धिले	1	1	1
महासमिति	1	1	1
महासम्मान	1	1	1
महासरस्वती	1	1	1
महासागरद्वारा	1	1	1
महास्थानं	1	1	1
महास्नानमा	1	1	1
महिनाका	1	1	1
महिनाभित्रै	1	1	1
महिनालाई	1	1	1
महिनावारीको	1	1	1
महिनावारीभन्दा	1	1	1
महिनासम्मका	1	1	1
महिनाहरूमध्ये	1	1	1
महिनौँदेखि	1	1	1
महिन्द्रसिंहले	1	1	1
महिमालाई	1	1	1
महिर्शि	1	1	1
महिलाकी	1	1	1
महिलाहरूमध्येबाट	1	1	1
महिषपालहरूलाई	1	1	1
महिषासुर	1	1	1
महीना	1	1	1
महीनापछि	1	1	1
महुवन	1	1	1
महेन्द्रपुलमा	1	1	1
महेन्द्ररत्न	1	1	1
महेशानन्द	1	1	1
महोत्सब	1	1	1
मह्ल	1	1	1
माँग	1	1	1
माँगको	1	1	1
माँगहरूलाई	1	1	1
माँझ	1	1	1
मांशपेसी	1	1	1
मांसपेशीहरू	1	1	1
माइक्रोफोम	1	1	1
माइक्रोबैक्टेरिया	1	1	1
माइग्रेन	1	1	1
माइतीघर	1	1	1
माइनर	1	1	1
माइनिङ	1	1	1
माइमस	1	1	1
माईकहाँ	1	1	1
माईक्रोन्युट्रियन्ट्स	1	1	1
माईलाई	1	1	1
माउन्टेनका	1	1	1
माउन्टेन्स	1	1	1
माउरालाई	1	1	1
माओको	1	1	1
माओले	1	1	1
माओवादीबाट	1	1	1
माकुरा	1	1	1
माकुराको	1	1	1
मागावाको	1	1	1
मागेमा	1	1	1
माग्थे	1	1	1
माग्नमा	1	1	1
माग्नुमा	1	1	1
माघमा	1	1	1
माघेसङ्क्रान्तीको	1	1	1
माङलाङ	1	1	1
माङ्गलिक	1	1	1
माछमरूवा	1	1	1
माछादेखि	1	1	1
माछापुच्छ्रेलगायतको	1	1	1
माछापुछ्रेको	1	1	1
माछापु्च्छ्रे	1	1	1
माछाबाट	1	1	1
माछाबारे	1	1	1
माछामासु	1	1	1
माझिकन	1	1	1
माझीहरूमाथि	1	1	1
माटीकोरे	1	1	1
माटेढुकुर	1	1	1
माडवारी	1	1	1
माण्डवी	1	1	1
माण्डवीमा	1	1	1
मातङ्गी	1	1	1
मातमा	1	1	1
मातापितालाई	1	1	1
मातृकुल	1	1	1
मातृदेवो	1	1	1
मातृभाषाहरूको	1	1	1
मातृभाषीहरूले	1	1	1
मातृभूमिका	1	1	1
मातृभूमिको	1	1	1
मातृभूमिप्रति	1	1	1
मात्रका	1	1	1
मात्राहरु	1	1	1
मात्राहरू	1	1	1
मात्राहरूलाई	1	1	1
माथिमाथि	1	1	1
माथ्यु	1	1	1
मादिकिजेला	1	1	1
माद्रीका	1	1	1
माध	1	1	1
माधवनारायण	1	1	1
माधापुर	1	1	1
माधुर्य	1	1	1
माध्यमका	1	1	1
माध्यमदेखि	1	1	1
माध्यमहरू‎ले	1	1	1
मानचित्रण	1	1	1
मानचित्रहरू	1	1	1
मानचित्रित	1	1	1
मानदेव	1	1	1
मानपुर	1	1	1
मानवजातिहरूका	1	1	1
मानवजीवनको	1	1	1
मानवतावादीहरू	1	1	1
मानवताविरोधी	1	1	1
मानवप्राणी	1	1	1
मानवभन्दा	1	1	1
मानवमा	1	1	1
मानवशिशुको	1	1	1
मानवसभ्यताकै	1	1	1
मानवीकि	1	1	1
मानसुनको	1	1	1
मानिँदैनन्	1	1	1
मानिए	1	1	1
मानिदैँ	1	1	1
मानिन्छौँ	1	1	1
मानियोस्	1	1	1
मानिसबाट	1	1	1
मानिससँगको	1	1	1
मानिसहरुमा	1	1	1
मानिसहरुलाई	1	1	1
मानिसहरूद्वारा	1	1	1
मानेकसाले	1	1	1
मानेमा	1	1	1
मानो	1	1	1
मान्छेकै	1	1	1
मान्छेरूपी	1	1	1
मान्छौँ	1	1	1
मान्दछिन्	1	1	1
मान्दार	1	1	1
मान्दैनथे	1	1	1
मान्नुपर्दछ	1	1	1
मान्नेहरूका	1	1	1
मान्मबाट	1	1	1
मान्यजनलाई	1	1	1
मान्यतावाद	1	1	1
मान्यताहरूबाट	1	1	1
मापदण्डहरूलाई	1	1	1
मापेहोङ	1	1	1
मापेहोङका	1	1	1
माफर्त	1	1	1
माफिक	1	1	1
माफीमा	1	1	1
माब्वे	1	1	1
माभारतमा	1	1	1
मामलाको	1	1	1
मामलाहरूको	1	1	1
मामलेमा	1	1	1
मामाले	1	1	1
मामाहरू	1	1	1
मायरले	1	1	1
मायलसम्म	1	1	1
मायामा	1	1	1
मायिनीहरूमा	1	1	1
मारपिटमा	1	1	1
मारयान्ग	1	1	1
मारिएकाहरू	1	1	1
मारिएकी	1	1	1
मारिनुभएको	1	1	1
मारिने	1	1	1
मारियाना	1	1	1
मारियोले	1	1	1
मारेका	1	1	1
मारेछन्	1	1	1
मार्कससँग	1	1	1
मार्कोनी	1	1	1
मार्क्स	1	1	1
मार्क्सवादको	1	1	1
मार्क्सवादीप्रति	1	1	1
मार्गदर्शक	1	1	1
मार्गदर्शकहरू	1	1	1
मार्गन	1	1	1
मार्गबाट	1	1	1
मार्गरी	1	1	1
मार्गवाट	1	1	1
मार्गहरूबाट	1	1	1
मार्गीको	1	1	1
मार्छन्	1	1	1
मार्टिन	1	1	1
मार्नको	1	1	1
मार्मिङ	1	1	1
मार्यो	1	1	1
मार्शलले	1	1	1
मार्सचालले	1	1	1
मार्सलजुलुम	1	1	1
मार्सेमा	1	1	1
मालबजार	1	1	1
मालवाका	1	1	1
मालाका	1	1	1
मालामा	1	1	1
मालिकको	1	1	1
मालिकपन	1	1	1
मालिकले	1	1	1
मालिकहरूको	1	1	1
मालिकहरूद्वारा	1	1	1
मालेको	1	1	1
मालेपाटन	1	1	1
मालेले	1	1	1
मालेहुँदै	1	1	1
माल्टा	1	1	1
माल्दिभ्सलाई	1	1	1
माल्यवान	1	1	1
मावलामा	1	1	1
माविसम्म	1	1	1
मावेन्जी	1	1	1
मावोवादी	1	1	1
माशा	1	1	1
मासिक२०२५	1	1	1
मासिफ	1	1	1
मासिसकेको	1	1	1
मासुभन्दा	1	1	1
मासुमाछा	1	1	1
मास्केद्वारा	1	1	1
मास्टरले	1	1	1
मास्टर्समा	1	1	1
माहाभारतको	1	1	1
माहिली	1	1	1
माहिष्मती	1	1	1
मिखाइलभस्की	1	1	1
मिङमा	1	1	1
मिङ्ग	1	1	1
मिच्चाइ	1	1	1
मिटरमा	1	1	1
मिठा	1	1	1
मिठाईहरुमा	1	1	1
मिड	1	1	1
मिडफील्डर	1	1	1
मिडफील्डरले	1	1	1
मिडल्यान्ड	1	1	1
मिडियाद्वारा	1	1	1
मिडियालाई	1	1	1
मितिसम्म	1	1	1
मित्रताको	1	1	1
मित्रभेद	1	1	1
मित्रशक्तिबाट	1	1	1
मित्रसम्प्राप्ति	1	1	1
मित्रहरूले	1	1	1
मित्सुकोशी	1	1	1
मिथकबारे	1	1	1
मिथकीय	1	1	1
मिथिलाको	1	1	1
मिथिलाञ्चलमा	1	1	1
मिदनापुर	1	1	1
मिनातोमा	1	1	1
मिनेटका	1	1	1
मिनेटपछि	1	1	1
मिबु	1	1	1
मिभिपारोस	1	1	1
मियागपा	1	1	1
मियाबाट	1	1	1
मिरकोट	1	1	1
मिरर	1	1	1
मिरलुङ्गकोट	1	1	1
मिरिक	1	1	1
मिर्चैया	1	1	1
मिर्जापुर	1	1	1
मिलनपछि	1	1	1
मिलर	1	1	1
मिलवकी	1	1	1
मिलाइन्छ	1	1	1
मिलाइयको	1	1	1
मिलाउनुहोला	1	1	1
मिलाउनेछु	1	1	1
मिलाऊँ	1	1	1
मिलान	1	1	1
मिलाप	1	1	1
मिलिग्राम	1	1	1
मिलिजुली	1	1	1
मिलियनदेखि	1	1	1
मिलेजस्तो	1	1	1
मिलेसिया	1	1	1
मिलोङ्गा	1	1	1
मिलोस्	1	1	1
मिल्टनद्वारा	1	1	1
मिल्दा	1	1	1
मिल्नु	1	1	1
मिल्नुपर्ने	1	1	1
मिल्नुभन्दा	1	1	1
मिल्स	1	1	1
मिश्रकी	1	1	1
मिश्रणलाई	1	1	1
मिश्रणले	1	1	1
मिश्रमा	1	1	1
मिश्रसँग	1	1	1
मिश्री	1	1	1
मिश्रीमा	1	1	1
मिसाइलहरूलाई	1	1	1
मिसाइल्स	1	1	1
मिसाउन	1	1	1
मिसाउनु	1	1	1
मिसाउने	1	1	1
मिसावट	1	1	1
मिसिदै	1	1	1
मिसिनहरू	1	1	1
मिस्ड	1	1	1
मिस्त्री	1	1	1
मिस्रको	1	1	1
मिहिन	1	1	1
मिहिनेत	1	1	1
मिहिनेतकै	1	1	1
मीजी	1	1	1
मीठो	1	1	1
मीडियाविकिका	1	1	1
मीडियासँग	1	1	1
मीराले	1	1	1
मील	1	1	1
मीलान	1	1	1
मुअम्मर	1	1	1
मुकदमेमा	1	1	1
मुकामबाट	1	1	1
मुकासा	1	1	1
मुकासाले	1	1	1
मुक्केबाजीको	1	1	1
मुक्तराम	1	1	1
मुक्तिमार्गका	1	1	1
मुक्तिमोर्चामा	1	1	1
मुक्तियोद्धा	1	1	1
मुक्तिसेनामा	1	1	1
मुक्तिहुने	1	1	1
मुखभरिको	1	1	1
मुखरित	1	1	1
मुखर्जीको	1	1	1
मुखसित	1	1	1
मुखहरू	1	1	1
मुखियाको	1	1	1
मुख्तियार	1	1	1
मुख्तियारी	1	1	1
मुख्यधार	1	1	1
मुख्यमन्त्रीका	1	1	1
मुख्यालयले	1	1	1
मुगलई	1	1	1
मुगलकालीन	1	1	1
मुगलहरुका	1	1	1
मुगलहरू	1	1	1
मुगलहरूको	1	1	1
मुग़ल	1	1	1
मुगाबे	1	1	1
मुग्दुमअनुसार	1	1	1
मुङ्गेर	1	1	1
मुछिएको	1	1	1
मुछ्नु	1	1	1
मुजफ्फरपुरदेखि	1	1	1
मुजाहिद्दिनले	1	1	1
मुजुराहरू	1	1	1
मुझे	1	1	1
मुटुबाट	1	1	1
मुटुसम्म	1	1	1
मुठभेडबाट	1	1	1
मुडा	1	1	1
मुण्डा	1	1	1
मुद्दाका	1	1	1
मुद्दासँग	1	1	1
मुद्दाहरूमाथि	1	1	1
मुद्रणको	1	1	1
मुद्राकोषले	1	1	1
मुद्रिकाद्वारा	1	1	1
मुनको	1	1	1
मुनक्का	1	1	1
मुनरो	1	1	1
मुनाहरू	1	1	1
मुनित्रयको	1	1	1
मुनिबाट	1	1	1
मुनिलाई	1	1	1
मुनिस	1	1	1
मुनी	1	1	1
मुन्टाको	1	1	1
मुन्टो	1	1	1
मुबारकभित्र	1	1	1
मुभिमा	1	1	1
मुमताजको	1	1	1
मुमुक्षुहरूले	1	1	1
मुमेन्ट	1	1	1
मुम्बईका	1	1	1
मुरझाएर	1	1	1
मुरडो	1	1	1
मुरलाई	1	1	1
मुरलीको	1	1	1
मुरारीप्रसाद	1	1	1
मुरीको	1	1	1
मुरे	1	1	1
मुर्कुट्टा	1	1	1
मुर्छा	1	1	1
मुर्छित	1	1	1
मुर्ति	1	1	1
मुर्तिको	1	1	1
मुलका	1	1	1
मुलकी	1	1	1
मुलगाउँ	1	1	1
मुलत	1	1	1
मुला	1	1	1
मुलाको	1	1	1
मुलुकका	1	1	1
मुल्तबी	1	1	1
मुल्तबीको	1	1	1
मुल्तानका	1	1	1
मुल्यमा	1	1	1
मुल्याङकन	1	1	1
मुसलमनहरूको	1	1	1
मुसलमानका	1	1	1
मुसहर	1	1	1
मुसालाई	1	1	1
मुसीकोट	1	1	1
मुसुरो	1	1	1
मुसोकेले	1	1	1
मुस्काइरहन्छे	1	1	1
मुस्कुराउन	1	1	1
मुस्ताङको	1	1	1
मुस्ताङ्	1	1	1
मुस्लिमपना	1	1	1
मुस्लिमबहुल	1	1	1
मुहम्मदको	1	1	1
मुहम्मदलाई	1	1	1
मुहानबाट	1	1	1
मूख्यतया	1	1	1
मूत्रमार्गको	1	1	1
मूर्खतापूर्वक	1	1	1
मूर्खहरूको	1	1	1
मूर्छित	1	1	1
मूर्तिकलाको	1	1	1
मूर्तिकलाहरूको	1	1	1
मूर्तिकारका	1	1	1
मूर्तिसहितको	1	1	1
मूर्तिहरूदेखि	1	1	1
मूलआधार	1	1	1
मूलक	1	1	1
मूलखोला	1	1	1
मूलघर	1	1	1
मूलघरबाटै	1	1	1
मूलढोका	1	1	1
मूलढोकाको	1	1	1
मूलत	1	1	1
मूलथर	1	1	1
मूलद्वार	1	1	1
मूलद्वारको	1	1	1
मूलबाटो	1	1	1
मूलसिद्धान्त	1	1	1
मूलस्रोत	1	1	1
मूलस्वरूप	1	1	1
मूलुकहरूमा	1	1	1
मूल्यका	1	1	1
मूसा	1	1	1
मृगचर्म	1	1	1
मृगनयनी	1	1	1
मृगस्थलीको	1	1	1
मृगौला	1	1	1
मृगौलाले	1	1	1
मृतक	1	1	1
मृतकहरूले	1	1	1
मृत्त	1	1	1
मृत्यपछि	1	1	1
मृत्यवरण	1	1	1
मृत्युतुल्य	1	1	1
मृत्युदण्डको	1	1	1
मृत्युदाताले	1	1	1
मृत्युसम्मका	1	1	1
मृत्यृदण्ड	1	1	1
मृदङ्गका	1	1	1
मृदुभाषी	1	1	1
मेइजी	1	1	1
मेकिसनले	1	1	1
मेक्केन्जीको	1	1	1
मेक्केन्जीलाई	1	1	1
मेक्ब्रायन	1	1	1
मेक्महोन	1	1	1
मेक्सिकोलाई	1	1	1
मेगजिनमा	1	1	1
मेगालेनिया	1	1	1
मेगास्थनीज	1	1	1
मेगेजिन	1	1	1
मेग्राहीको	1	1	1
मेघका	1	1	1
मेघदूत	1	1	1
मेघाहर्जमा	1	1	1
मेच	1	1	1
मेचीका	1	1	1
मेचे	1	1	1
मेजरमा	1	1	1
मेजिष्ट्रेटबाट	1	1	1
मेट	1	1	1
मेटरवाटोले	1	1	1
मेटाइदिनुभयो	1	1	1
मेटायो	1	1	1
मेटावाई	1	1	1
मेटि	1	1	1
मेटिएका	1	1	1
मेटिएकोमा	1	1	1
मेटिने	1	1	1
मेटिनेछ	1	1	1
मेटेँ	1	1	1
मेट्नु	1	1	1
मेट्राका	1	1	1
मेट्रोरेल	1	1	1
मेट्रोरेलको	1	1	1
मेडिकेयर	1	1	1
मेतोग	1	1	1
मेथीको	1	1	1
मेदहरूले	1	1	1
मेदिनीनगरमा	1	1	1
मेनका	1	1	1
मेनकाले	1	1	1
मेनार्डिसले	1	1	1
मेनेन्जाइटिस	1	1	1
मेन्जिसका	1	1	1
मेन्जिसपछि	1	1	1
मेन्जिसले	1	1	1
मेन्जीस	1	1	1
मेन्सेविकहरूसँग	1	1	1
मेमन	1	1	1
मेमनलाई	1	1	1
मेयर	1	1	1
मेयल	1	1	1
मेरीका	1	1	1
मेलको	1	1	1
मेलबाट	1	1	1
मेलमिलापका	1	1	1
मेलाभर्न	1	1	1
मेलिया	1	1	1
मेलुङ	1	1	1
मेलोरकाको	1	1	1
मेल्करको	1	1	1
मेवा	1	1	1
मेवाहाङ्	1	1	1
मेससँग	1	1	1
मेसिनद्वारा	1	1	1
मेसिनमा	1	1	1
मेसिनहरूको	1	1	1
मेसिनहरूलाई	1	1	1
मेसोडोनिया	1	1	1
मेस्किकोको	1	1	1
मेस्सीको	1	1	1
मेहर	1	1	1
मेहराबको	1	1	1
मेहरियोले	1	1	1
मेहसिमा	1	1	1
मेहेलतोली	1	1	1
मेहेलेनाथको	1	1	1
मैँले	1	1	1
मैक	1	1	1
मैकेन्जीले	1	1	1
मैक्केन्जी	1	1	1
मैक्वेरीका	1	1	1
मैग्ना	1	1	1
मैजुदेवल	1	1	1
मैटिल्डा	1	1	1
मैथुनको	1	1	1
मैथुनरत	1	1	1
मैथुनिक	1	1	1
मैदानतर्फ	1	1	1
मैदानमै	1	1	1
मैदाने	1	1	1
मैदालाई	1	1	1
मैनको	1	1	1
मैनझैँ	1	1	1
मैनबत्ति	1	1	1
मैनालीसँग	1	1	1
मैनाले	1	1	1
मैने	1	1	1
मैबो	1	1	1
मैरी	1	1	1
मैल	1	1	1
मैसिन्टायर	1	1	1
मोक्तानका	1	1	1
मोक्तानसँग	1	1	1
मोक्षदायिनी	1	1	1
मोक्षमाथि	1	1	1
मोटरमा	1	1	1
मोटरसाइर्कल	1	1	1
मोटर्सले	1	1	1
मोटा	1	1	1
मोटाई	1	1	1
मोटोपनबाट	1	1	1
मोटोपनाको	1	1	1
मोटोपनाले	1	1	1
मोडिदिए	1	1	1
मोडेलको	1	1	1
मोडेलहरू	1	1	1
मोतिहरू	1	1	1
मोनलम	1	1	1
मोनासका	1	1	1
मोनोमोतापा	1	1	1
मोन्टाग	1	1	1
मोन्ट्रियलको	1	1	1
मोन्तेभिदेओ	1	1	1
मोबाइलबाट	1	1	1
मोबाइलले	1	1	1
मोबाइले	1	1	1
मोबाईल	1	1	1
मोरान्ट	1	1	1
मोरावाङ	1	1	1
मोरिसनको	1	1	1
मोरिसनले	1	1	1
मोर्गथ	1	1	1
मोर्चाबाटै	1	1	1
मोलाइ	1	1	1
मोलुकासका	1	1	1
मोवाइलमा	1	1	1
मोस्कस	1	1	1
मोस्किडेई	1	1	1
मोहनकाली	1	1	1
मोहनजोदडो	1	1	1
मोहनविक्रमबाट	1	1	1
मोहमा	1	1	1
मोहाम्मद	1	1	1
मोहिन्दर	1	1	1
मोहोडा	1	1	1
मोहोडाबाट	1	1	1
मौजामा	1	1	1
मौजाहरू	1	1	1
मौजुदा	1	1	1
मौज्जायनी	1	1	1
मौन	1	1	1
मौनका	1	1	1
मौनतामा	1	1	1
मौरिस	1	1	1
मौरो	1	1	1
मौर्यको	1	1	1
मौलसिरी	1	1	1
मौलसिरीको	1	1	1
मौला	1	1	1
मौलाकालिका	1	1	1
मौसमलाई	1	1	1
म्बिकीलाई	1	1	1
म्यगद्वारा	1	1	1
म्याकबेथ	1	1	1
म्याकाडमिया	1	1	1
म्याकिन्टसमा	1	1	1
म्याकेलसँग	1	1	1
म्याक्सिम	1	1	1
म्यागनोलिया	1	1	1
म्यागेजिनमा	1	1	1
म्यागेजिनले	1	1	1
म्याग्नेसियम	1	1	1
म्याङलुङ	1	1	1
म्याङ्मार	1	1	1
म्याचको	1	1	1
म्याथ्मेटिक्स	1	1	1
म्यानुएल	1	1	1
म्यान्स	1	1	1
म्याप्स	1	1	1
म्याराथुन	1	1	1
म्युजा	1	1	1
म्युजिकल	1	1	1
म्युजिकल्सको	1	1	1
म्युजिकेयर्स	1	1	1
म्युनिखमा	1	1	1
म्युनिखलाई	1	1	1
म्युलरले	1	1	1
म्यूजिक	1	1	1
म्यूटेशनको	1	1	1
म्वेजो	1	1	1
म्हेन्दोको	1	1	1
यंगम्यानको	1	1	1
यकिनसाथ	1	1	1
यक्ष	1	1	1
यजुर्वेदमा	1	1	1
यज्ञका	1	1	1
यज्ञनारायण	1	1	1
यज्ञप्रसाद	1	1	1
यज्ञयुवादेवीका	1	1	1
यज्ञेश्वर	1	1	1
यत	1	1	1
यतायतमा	1	1	1
यतिबेला	1	1	1
यत्रतत्र	1	1	1
यथाः	1	1	1
यथार्थपरक	1	1	1
यथार्थवाद	1	1	1
यथार्थवादी	1	1	1
यथाविधि	1	1	1
यथाशक्य	1	1	1
यथास्थान	1	1	1
यथास्थानमा	1	1	1
यद्यपी	1	1	1
यद्यापि	1	1	1
यन्त्रहरूको	1	1	1
यमक	1	1	1
यमन	1	1	1
यमनको	1	1	1
यम्फु	1	1	1
यरबा	1	1	1
यरुशलम	1	1	1
यर्कको	1	1	1
यर्कसम्म	1	1	1
यलम्बरकै	1	1	1
यलम्बरको	1	1	1
यशोदालगाएत	1	1	1
यशोदाले	1	1	1
यसअन्तर्गतका	1	1	1
यसअवसरमा	1	1	1
यसकारणले	1	1	1
यसकै	1	1	1
यसजातिले	1	1	1
यसपटकको	1	1	1
यसपश्चात	1	1	1
यसबीच	1	1	1
यसबीचमा	1	1	1
यसभित्र	1	1	1
यससहित	1	1	1
यसहरूस	1	1	1
यसैका	1	1	1
यसैक्रममा	1	1	1
यसैबीच	1	1	1
यसैसे	1	1	1
यस्तैमा	1	1	1
यहाँदेखि	1	1	1
यहाँनिर	1	1	1
यहाँमा	1	1	1
यहाँहरू	1	1	1
यहाँहरूको	1	1	1
यहाँहरूलाई	1	1	1
यहाका	1	1	1
यहिँ	1	1	1
यहीं	1	1	1
यहुदीहरूलाई	1	1	1
याकुल्ट	1	1	1
याक्खा	1	1	1
याक्खाहरू	1	1	1
याख्खाहरू	1	1	1
याख्खाहरूले	1	1	1
यागनको	1	1	1
याङ्ग	1	1	1
याचिकाहरू	1	1	1
यात	1	1	1
यातनाकै	1	1	1
यातनाविरुद्धको	1	1	1
यात्रावृत्तान्तका	1	1	1
यात्रावृत्तान्तमा	1	1	1
यात्रासंस्मरण	1	1	1
यात्रियहरूलाई	1	1	1
यात्रीहरूको	1	1	1
यादवका	1	1	1
यादवहरूसँग	1	1	1
यानहरूका	1	1	1
यापन	1	1	1
याप्रिङ	1	1	1
याबेङ	1	1	1
यामजोतेर	1	1	1
यामयो	1	1	1
यामहा	1	1	1
यार्क	1	1	1
यार्लिङ	1	1	1
यार्सा्गुम्बा	1	1	1
यासुनारी	1	1	1
यास्कलाई	1	1	1
यास्कले	1	1	1
याहुमा	1	1	1
यिन	1	1	1
यिनिहरूको	1	1	1
यिनिहरूमध्ये	1	1	1
यिनिहरूले	1	1	1
यिनीको	1	1	1
यिनीमाथि	1	1	1
यिनीलाई	1	1	1
यिनीहरूबाट	1	1	1
यीसु	1	1	1
युअर	1	1	1
युआरएलको	1	1	1
युआरएलमा	1	1	1
युएएए	1	1	1
युएचएफ	1	1	1
युएनएफपीएले	1	1	1
युएनडिपिको	1	1	1
युएसबि	1	1	1
युकेका	1	1	1
युकेशजीले	1	1	1
युकेशबाट	1	1	1
युक्तिलाई	1	1	1
युगपुरूष	1	1	1
युगबाट	1	1	1
युगबोधको	1	1	1
युगल	1	1	1
युगलाई	1	1	1
युगसरू	1	1	1
युगान्डाको	1	1	1
युगान्डालाई	1	1	1
युगीन	1	1	1
युगोस्लाभिया	1	1	1
युग्म	1	1	1
युग्मजमा	1	1	1
युजि	1	1	1
युटिएलले	1	1	1
युट्युब	1	1	1
युट्युबको	1	1	1
युट्युबमा	1	1	1
युद्धकला	1	1	1
युद्धकैरूपमा	1	1	1
युद्धदेखि	1	1	1
युद्धपदहरू	1	1	1
युद्धपूर्व	1	1	1
युद्धसम्म	1	1	1
युद्धहरूलाई	1	1	1
युधिष्ठिर!	1	1	1
युधिष्ठिरले	1	1	1
युनानतिर	1	1	1
युनियनहरूलाई	1	1	1
युनिवर्सिटीबाट	1	1	1
युनिसेफको	1	1	1
युनिसेफद्वारा	1	1	1
युबाट	1	1	1
युरासिएन	1	1	1
युरासियन	1	1	1
युरिक	1	1	1
युरिका	1	1	1
युरेनियमका	1	1	1
युरेनियमको	1	1	1
युरेसियन	1	1	1
युरोपतिर	1	1	1
युरोपबाट	1	1	1
युरोपभरि	1	1	1
युरोपिय	1	1	1
युरोपियनहरुको	1	1	1
युवकको	1	1	1
युवकले	1	1	1
युवतीतिर	1	1	1
युवतीहरूमा	1	1	1
युवाको	1	1	1
युवामञ्च	1	1	1
युवावस्थाका	1	1	1
युवावस्थामा	1	1	1
युवावस्थामै	1	1	1
युवाहरूबाट	1	1	1
युवाहरूमार्फत्	1	1	1
युवाहरूले	1	1	1
युहन्ना	1	1	1
यु२३५	1	1	1
यु२३५को	1	1	1
यू	1	1	1
यूई	1	1	1
यूईएफए	1	1	1
यूएनमा	1	1	1
यूएसजेए	1	1	1
यूकेशजी	1	1	1
यूनानमा	1	1	1
यूनानीहरुले	1	1	1
यूरेकाको	1	1	1
यूरोपकोलागि	1	1	1
यूरोपलाई	1	1	1
यूरोपेली	1	1	1
यूहन्ना	1	1	1
ये	1	1	1
येल	1	1	1
येल्लो	1	1	1
येशे	1	1	1
योकोहामा	1	1	1
योक्नेहाङका	1	1	1
योगक्षेमका	1	1	1
योगदर्शनले	1	1	1
योगदानकर्ताहरूको	1	1	1
योगदानी	1	1	1
योगप्रतिपादित	1	1	1
योगबलका	1	1	1
योगलाई	1	1	1
योगशास्त्रमा	1	1	1
योगसूत्र	1	1	1
योगहरु	1	1	1
योगेश	1	1	1
योगेश्वोर	1	1	1
योग्यताको	1	1	1
योजन	1	1	1
योजनाअनुसार	1	1	1
योजनाकार	1	1	1
योजनाबाट	1	1	1
योजनामुताबिक	1	1	1
योञ्जनको	1	1	1
योञ्जनले	1	1	1
योनिबाहेक	1	1	1
योनिलाई	1	1	1
योनीमार्गको	1	1	1
यौटा	1	1	1
यौनआशक्तिको	1	1	1
यौनकुण्ठाको	1	1	1
यौनको	1	1	1
यौनगत	1	1	1
यौनधन्दालाई	1	1	1
यौनसुख	1	1	1
यौनाङ्ग	1	1	1
रंदोरी	1	1	1
रकमअनुसार	1	1	1
रको	1	1	1
रक्तअल्पत्ता	1	1	1
रक्तश्राब	1	1	1
रक्षकतर्फ	1	1	1
रक्षकहरू	1	1	1
रक्षात्मक	1	1	1
रक्षामन्त्रीका	1	1	1
रक्षायोजनाको	1	1	1
रक्षालाइब्रेरी	1	1	1
रक्सीमा	1	1	1
रक्सीलाई	1	1	1
रक्सीसमेत	1	1	1
रक्सौल	1	1	1
रखवारीको	1	1	1
रगतमासी	1	1	1
रग्बी	1	1	1
रङ्को	1	1	1
रङ्गनाथ	1	1	1
रङ्गनाथका	1	1	1
रङ्गभेदकै	1	1	1
रङ्गभेदलाई	1	1	1
रङ्गमञ्चका	1	1	1
रङ्गिएका	1	1	1
रङ्गिचङ्गि	1	1	1
रङ्गी	1	1	1
रचनाकारहरू	1	1	1
रचनाविधानले	1	1	1
रचनाहरु	1	1	1
रचनाहरूको	1	1	1
रचने	1	1	1
रचियो	1	1	1
रची	1	1	1
रचेको	1	1	1
रचेर	1	1	1
रच्यो	1	1	1
रजनीशले	1	1	1
रजर	1	1	1
रजश्वला	1	1	1
रजस्थलमा	1	1	1
रजाबपुरदेखि	1	1	1
रजोकरीसम्म	1	1	1
रजोगुणी	1	1	1
रजौटा	1	1	1
रजौटामा	1	1	1
रटाइमा	1	1	1
रटेको	1	1	1
रड	1	1	1
रडजर्स	1	1	1
रणध्वज	1	1	1
रणनीतिमा	1	1	1
रणभद्र	1	1	1
रणमार्गमा	1	1	1
रणोद्दिपसिंहका	1	1	1
रतिजरोग	1	1	1
रतें	1	1	1
रत्नकुमार	1	1	1
रत्नको	1	1	1
रत्नपछि	1	1	1
रत्नपार्क	1	1	1
रत्नसागर	1	1	1
रत्नहरूको	1	1	1
रथको	1	1	1
रथयात्रामा	1	1	1
रथहरूको	1	1	1
रथी	1	1	1
रनबास	1	1	1
रनरअप	1	1	1
रनवे	1	1	1
रन्थनाएकाले	1	1	1
रन्भाती	1	1	1
रन्मामैकोट	1	1	1
रफीले	1	1	1
रफ्तार	1	1	1
रफ्तारबाट	1	1	1
रबर्ट्सनका	1	1	1
रबिन्द्र	1	1	1
रब्सन	1	1	1
रब्सनको	1	1	1
रम	1	1	1
रमका	1	1	1
रमजानको	1	1	1
रमणीयस्थल	1	1	1
रमन	1	1	1
रमाइरहेका	1	1	1
रमाउनुको	1	1	1
रमित	1	1	1
रमेशको	1	1	1
रम्तेल	1	1	1
रम्तेलले	1	1	1
रम्भापुर	1	1	1
रयाङ्किङमा	1	1	1
रलेन्डो	1	1	1
रवान	1	1	1
रविन	1	1	1
रविवार	1	1	1
रविशंकर	1	1	1
रश्मि	1	1	1
रसदपानी	1	1	1
रसायनलाई	1	1	1
रसायनले	1	1	1
रसायनविद्या	1	1	1
रसायनशास्त्र	1	1	1
रसायनशास्त्रमा	1	1	1
रसायनहरूले	1	1	1
रसियाको	1	1	1
रसियाली	1	1	1
रसुवाको	1	1	1
रसेल	1	1	1
रहँदाको	1	1	1
रहँदैन्	1	1	1
रहछन	1	1	1
रहनगयो	1	1	1
रहनमा	1	1	1
रहनसक्ने	1	1	1
रहनाले	1	1	1
रहनुपर्ने	1	1	1
रहनेछु	1	1	1
रहनेछैन्	1	1	1
रहनेलाई	1	1	1
रहन्छन	1	1	1
रहबास	1	1	1
रहयो	1	1	1
रहामीन	1	1	1
रहिआउनुभएको	1	1	1
रहिन	1	1	1
रहिरहँदा	1	1	1
रहिरहनका	1	1	1
रहिरहे	1	1	1
रहिरहोस्	1	1	1
रहिसकेका	1	1	1
रहिसक्नुभएको	1	1	1
रहीआएको	1	1	1
रहृयो	1	1	1
रहेक	1	1	1
रहेकोछ	1	1	1
रहेछिन्	1	1	1
रहेझैँ	1	1	1
रहेता	1	1	1
रह्न्थे	1	1	1
राँगा	1	1	1
राँगो	1	1	1
राइट	1	1	1
राइटको	1	1	1
राइदक	1	1	1
राइबोफ्लेविन	1	1	1
राईट	1	1	1
राईपुरकोट	1	1	1
राउत	1	1	1
राउतजी	1	1	1
राउतबेसी	1	1	1
राउन्डबाट	1	1	1
राकेशद्वारा	1	1	1
राक्षसहरू	1	1	1
राखएको	1	1	1
राखने	1	1	1
राखिएकै	1	1	1
राखिदिँदा	1	1	1
राखिदिनुहोला	1	1	1
राखिदियो	1	1	1
राखिन्	1	1	1
राखिरहेको	1	1	1
राखिसके	1	1	1
राखिसकेँ	1	1	1
राखिेएको	1	1	1
राखेकोमा	1	1	1
राखेकोले	1	1	1
राखेबाट	1	1	1
राख्छौं	1	1	1
राख्थे	1	1	1
राख्दछन	1	1	1
राख्नको	1	1	1
राख्नाले	1	1	1
राख्नुका	1	1	1
राख्नुभएकोमा	1	1	1
राख्नुभयो	1	1	1
राख्नुहुनेछ	1	1	1
राख्नेमा	1	1	1
रागको	1	1	1
रागिला	1	1	1
राघव	1	1	1
राङ्सी	1	1	1
राजकर्णिकार	1	1	1
राजकर्णिकारसँग	1	1	1
राजका	1	1	1
राजकाजका	1	1	1
राजकुमारहरूका	1	1	1
राजकुमारीलाई	1	1	1
राजगढ	1	1	1
राजतन्त्रमध्ये	1	1	1
राजतन्त्रसँग	1	1	1
राजतन्त्रात्मक	1	1	1
राजदरबार	1	1	1
राजदरबारमा	1	1	1
राजदरबारसम्म	1	1	1
राजदूतसँग	1	1	1
राजद्रोहका	1	1	1
राजधानि	1	1	1
राजधानीका	1	1	1
राजनीतिमार्फत	1	1	1
राजनीतिसँग	1	1	1
राजनेताहरूका	1	1	1
राजपरिवारभित्रको	1	1	1
राजपरिषद्	1	1	1
राजपानी	1	1	1
राजपुतकी	1	1	1
राजपुतलाई	1	1	1
राजपुरा	1	1	1
राजपूतहरूलाई	1	1	1
राजपूतानामा	1	1	1
राजबंशी	1	1	1
राजभण्डारीको	1	1	1
राजभोग	1	1	1
राजभोगको	1	1	1
राजमार्गका	1	1	1
राजमार्गबाट	1	1	1
राजमार्गसँग	1	1	1
राजमार्गसँगै	1	1	1
राजयक्ष्मा	1	1	1
राजयोगको	1	1	1
राजर्मागले	1	1	1
राजलाई	1	1	1
राजवंश	1	1	1
राजवंशले	1	1	1
राजवंशहरूको	1	1	1
राजसंस्थाभन्दा	1	1	1
राजसिंहासन	1	1	1
राजहरूको	1	1	1
राजहितकारी	1	1	1
राजाद्वारा	1	1	1
राजापुर	1	1	1
राजाबाट	1	1	1
राजाबीच	1	1	1
राजारामसँग	1	1	1
राजिनामाको	1	1	1
राजेद्र	1	1	1
राजेद्रसिंहले	1	1	1
राजेन्द्रप्रसादले	1	1	1
राजोपाध्याय	1	1	1
राज्यद्वारा	1	1	1
राज्यमन्त्रीको	1	1	1
राज्यशासन	1	1	1
राज्यसुख	1	1	1
राज्यहरूदेखि	1	1	1
राज्यहरूभन्दा	1	1	1
राज्याभिषेकको	1	1	1
राज्यावधिमा	1	1	1
राज्याश्रय	1	1	1
राज्यासन	1	1	1
राणाकालदेखि	1	1	1
राणाकालिन	1	1	1
राणाशासनले	1	1	1
राणाशाहीको	1	1	1
रातटारी	1	1	1
रातदिन	1	1	1
रातारात	1	1	1
रातिदेखि	1	1	1
रातिमा	1	1	1
रातीको	1	1	1
रातोटाउके	1	1	1
रातोनपालन	1	1	1
रात्रिस्कुलमा	1	1	1
रात्री	1	1	1
रात्रीका	1	1	1
रादेक	1	1	1
राधिकाकी	1	1	1
राधेश्याम	1	1	1
राधेश्यामको	1	1	1
रानाको	1	1	1
रानीहरूको	1	1	1
रापस	1	1	1
राफ्टिङ	1	1	1
राफ्टिङको	1	1	1
रामका	1	1	1
रामचन्द्रद्वारा	1	1	1
रामचन्द्रलाई	1	1	1
रामचरितमलाई	1	1	1
रामचरितम्	1	1	1
रामजङ्गबहादुर	1	1	1
रामजानकी	1	1	1
रामदत्तलाल	1	1	1
रामदल	1	1	1
रामनवमी	1	1	1
रामनाथ	1	1	1
रामनाथनद्वारा	1	1	1
रामनाम	1	1	1
रामप्रसादजी	1	1	1
रामप्रसादजीको	1	1	1
रामबजारमा	1	1	1
राममायासँग	1	1	1
रामयन्त्रको	1	1	1
रामराज्यको	1	1	1
रामरातो	1	1	1
रामलाल	1	1	1
रामलिहोङलाई	1	1	1
रामलिहोङले	1	1	1
रामलीला	1	1	1
रामवाण	1	1	1
रामश्री	1	1	1
रामसँगको	1	1	1
रामहरू	1	1	1
रामानन्द	1	1	1
रामानन्दको	1	1	1
रामावतारमा	1	1	1
रामुदामु	1	1	1
रामेछापबाट	1	1	1
राम्चे	1	1	1
राम्जा	1	1	1
राम्राराम्रा	1	1	1
रायठौर	1	1	1
रायन	1	1	1
रायमाझि	1	1	1
रायमाझीका	1	1	1
रायमाझीको	1	1	1
रारीखाल	1	1	1
रार्ईलाई	1	1	1
रालेगाउँ	1	1	1
रावण	1	1	1
रावणजस्तो	1	1	1
रावतजी	1	1	1
राशिका	1	1	1
राशिकुण्डलीमा	1	1	1
राशिचक्रका	1	1	1
राशिफल	1	1	1
राशिहरू	1	1	1
राशीको	1	1	1
राशीभित्र	1	1	1
राशीहरू	1	1	1
राष्टिय	1	1	1
राष्ट्रदेवता	1	1	1
राष्ट्रपतिकारूपमा	1	1	1
राष्ट्रपतित्व	1	1	1
राष्ट्रपिता	1	1	1
राष्ट्रबैंक	1	1	1
राष्ट्रभाषाको	1	1	1
राष्ट्रभित्र	1	1	1
राष्ट्रमण्डलका	1	1	1
राष्ट्रवादलाई	1	1	1
राष्ट्रव्यापी	1	1	1
राष्ट्रसङ्घका	1	1	1
राष्ट्रसहितको	1	1	1
राष्ट्रहरू	1	1	1
राष्ट्रिकराज्यमा	1	1	1
राष्ट्रियस्तरको	1	1	1
रासक	1	1	1
रासलीलाको	1	1	1
रास्त्रोमा	1	1	1
राहुका	1	1	1
रिँगटा	1	1	1
रिअल	1	1	1
रिएक्शन	1	1	1
रिकन	1	1	1
रिकासँग	1	1	1
रिक्तताको	1	1	1
रिक्वेस्टलाई	1	1	1
रिक्साको	1	1	1
रिक्सामा	1	1	1
रिचजन	1	1	1
रिचर्ड	1	1	1
रिचार्ड	1	1	1
रिजको	1	1	1
रिजर्व	1	1	1
रिजल्ट	1	1	1
रिजालको	1	1	1
रिजोपस	1	1	1
रिटथोकमा	1	1	1
रिडाईरेक्ट	1	1	1
रिडिरेक्ट	1	1	1
रितार	1	1	1
रितुङ्ग	1	1	1
रितेश	1	1	1
रित्तो	1	1	1
रिपब्लिक	1	1	1
रिपब्लिकमा	1	1	1
रिपब्लिस	1	1	1
रिपोर्टका	1	1	1
रिपोर्टको	1	1	1
रिपोर्टहरूका	1	1	1
रिप्रेजेन्टेटिभ	1	1	1
रिभर	1	1	1
रिभर्स	1	1	1
रिभोना	1	1	1
रिभोनियास्थित	1	1	1
रिमाङ	1	1	1
रिमाललाई	1	1	1
रिमालसँग	1	1	1
रिमिक्स	1	1	1
रिम्पोछे	1	1	1
रिया	1	1	1
रियाद	1	1	1
रियासत	1	1	1
रियासतको	1	1	1
रिर्जभ	1	1	1
रिलेटिभ	1	1	1
रिवरको	1	1	1
रिव्दीकोट	1	1	1
रिसाउँछन्	1	1	1
रिसाउँदै	1	1	1
रिसाएको	1	1	1
रिसेप्टरले	1	1	1
रिस्कु	1	1	1
रिस्ता	1	1	1
रिहाइ	1	1	1
रिहाइका	1	1	1
रिहाइको	1	1	1
रिहाईको	1	1	1
रीजको	1	1	1
रीतिले	1	1	1
रीमैनको	1	1	1
रीवाँ	1	1	1
रीवाको	1	1	1
रुँदारुँदै	1	1	1
रुकुमबाट	1	1	1
रुक्मिनी	1	1	1
रुखका	1	1	1
रुखको	1	1	1
रुखबिरुवाहरू	1	1	1
रुखले	1	1	1
रुखहरूको	1	1	1
रुग्णावस्थामा	1	1	1
रुचाईएनन्	1	1	1
रुच्दै	1	1	1
रुट	1	1	1
रुडोल्फले	1	1	1
रुद्राक्षको	1	1	1
रुनलाई	1	1	1
रुबन्धका	1	1	1
रुबी	1	1	1
रुमा	1	1	1
रुमालको	1	1	1
रुम्तेक	1	1	1
रुवानोभिच	1	1	1
रुसानोभ	1	1	1
रु६३	1	1	1
रूखहरूले	1	1	1
रूचाइएको	1	1	1
रूची	1	1	1
रूजवेल्टले	1	1	1
रूडको	1	1	1
रूद्रायणीदेवीलाई	1	1	1
रूद्रायणीदेवीले	1	1	1
रूद्रायणीमा	1	1	1
रूपदेखि	1	1	1
रूपधारण	1	1	1
रूपनगर	1	1	1
रूपनारायण	1	1	1
रूपवान	1	1	1
रूपसित	1	1	1
रूपहरुमा	1	1	1
रूपहरूका	1	1	1
रूपाताल	1	1	1
रूपाथुम्कीबाट	1	1	1
रूपैँया	1	1	1
रूमी	1	1	1
रूम्जाटारमा	1	1	1
रूला	1	1	1
रूसोको	1	1	1
रेकर्डअनुसार	1	1	1
रेकर्डका	1	1	1
रेकर्डको	1	1	1
रेखदेखको	1	1	1
रेखागणितमा	1	1	1
रेखामुनि	1	1	1
रेखासँग	1	1	1
रेखाहरूको	1	1	1
रेखाहरूमा	1	1	1
रेगिनाको	1	1	1
रेग्मिको	1	1	1
रेग्मीद्वारा	1	1	1
रेजा	1	1	1
रेञ्ज	1	1	1
रेट	1	1	1
रेटिनोब्लास्टोमाको	1	1	1
रेडक्रस	1	1	1
रेडियोको	1	1	1
रेडियोहरू	1	1	1
रेणुकालाई	1	1	1
रेणुकासँग	1	1	1
रेनल्ड्स	1	1	1
रेनल्ड्सको	1	1	1
रेनेठ	1	1	1
रेन्जमा	1	1	1
रेपुब्लिका	1	1	1
रेफरेन्स	1	1	1
रेफ्रीलाई	1	1	1
रेफ्रीहरू	1	1	1
रेभेलको	1	1	1
रेमा	1	1	1
रेलमार्गद्वारा	1	1	1
रेलवेको	1	1	1
रेल्वेको	1	1	1
रेवतीलाई	1	1	1
रेसुन्गाको	1	1	1
रेस्पोन्सको	1	1	1
रेहको	1	1	1
रैती	1	1	1
रैबिट	1	1	1
रोकाको	1	1	1
रोकिई	1	1	1
रोकिएपछि	1	1	1
रोकिएमा	1	1	1
रोकिन्छ	1	1	1
रोकेका	1	1	1
रोक्दै	1	1	1
रोक्नुहोस्	1	1	1
रोगजनकको	1	1	1
रोगमुक्ति	1	1	1
रोगव्याधी	1	1	1
रोगहरीदेखि	1	1	1
रोगहरूमध्ये	1	1	1
रोगिहरूको	1	1	1
रोगीमा	1	1	1
रोगीलार्ई	1	1	1
रोगीहरूदेखि	1	1	1
रोगीहरूमा	1	1	1
रोङजी	1	1	1
रोजको	1	1	1
रोजगारलाई	1	1	1
रोजगारीमा	1	1	1
रोजले	1	1	1
रोजिएका	1	1	1
रोजे	1	1	1
रोजेका	1	1	1
रोजेर	1	1	1
रोज्नुपर्ने	1	1	1
रोट	1	1	1
रोडेसिया	1	1	1
रोपवेका	1	1	1
रोपेर	1	1	1
रोबिन	1	1	1
रोबोट	1	1	1
रोबोटद्वारा	1	1	1
रोबोटहरूलाई	1	1	1
रोमनकै	1	1	1
रोमनबाट	1	1	1
रोमान्चित	1	1	1
रोमान्टिकबाट	1	1	1
रोमी	1	1	1
रोयौ	1	1	1
रोलको	1	1	1
रोल्पाली	1	1	1
रोवर	1	1	1
रोशन	1	1	1
रोशनीलाई	1	1	1
रोशीखोला	1	1	1
रोशीखोलाको	1	1	1
रोशीलाई	1	1	1
रोशीले	1	1	1
रोषमती	1	1	1
रोसीको	1	1	1
रोहबरमा	1	1	1
रोहमतीको	1	1	1
रौंका	1	1	1
रौतहतको	1	1	1
रौताको	1	1	1
रौनियारद्वारा	1	1	1
र्थिपु	1	1	1
र्याखर्याख	1	1	1
र्याङ्कहरूलाई	1	1	1
र्याङ्किङमा	1	1	1
र्याङ्गजङ्ग	1	1	1
र्याफ्टिङ	1	1	1
र्यालीहरूले	1	1	1
र्वायल्टी	1	1	1
र्वायाल	1	1	1
र्सवमान्य	1	1	1
लंसालद्वारा	1	1	1
लकडीदेखि	1	1	1
लकबाट	1	1	1
लक्कि	1	1	1
लक्षणहरूको	1	1	1
लक्षमद्वारा	1	1	1
लक्ष्मणसेनका	1	1	1
लक्ष्मीको	1	1	1
लक्ष्मीलाई	1	1	1
लखनउमा	1	1	1
लखनऊमा	1	1	1
लखनऊसँग	1	1	1
लखेटिमाग्छन्	1	1	1
लगन	1	1	1
लगनमा	1	1	1
लगनशीलताका	1	1	1
लगाइदिएर	1	1	1
लगाइन	1	1	1
लगाइहाल्नु	1	1	1
लगाइहाल्नुभन्दा	1	1	1
लगाउ	1	1	1
लगाउँथे	1	1	1
लगाउदा	1	1	1
लगाउनुपर्छ	1	1	1
लगाउनुहुँदैन	1	1	1
लगाउनेलाई	1	1	1
लगाएत	1	1	1
लगाएरै	1	1	1
लगान	1	1	1
लगानीकर्ता	1	1	1
लगानीकर्ताको	1	1	1
लगाम	1	1	1
लगिदेऊ	1	1	1
लगिन्	1	1	1
लगेको	1	1	1
लगौँटी	1	1	1
लग्छिन्	1	1	1
लग्नअनुकूल	1	1	1
लग्नको	1	1	1
लग्नदेखि	1	1	1
लघुनाम	1	1	1
लघुवित्त	1	1	1
लङ	1	1	1
लचेनललाई	1	1	1
लच्छिनको	1	1	1
लछि	1	1	1
लज्जालाई	1	1	1
लज्जाले	1	1	1
लज्जावश	1	1	1
लज्जास्पद	1	1	1
लटपटिन्थिन्	1	1	1
लटरीका	1	1	1
लट्किनुपर्छ	1	1	1
लट्टुको	1	1	1
लठ्ठामा	1	1	1
लडनलाई	1	1	1
लडाई	1	1	1
लडाईँबाट	1	1	1
लडाईँयो	1	1	1
लडाईँहरूमा	1	1	1
लडाउँछ	1	1	1
लडीरहेका	1	1	1
लडेकी	1	1	1
लडोस्	1	1	1
लडौँ	1	1	1
लड्डु	1	1	1
लड्नमा	1	1	1
लड्नुपरेको	1	1	1
लड्नेहरूलाई	1	1	1
लड्योमा	1	1	1
लड्यौँ	1	1	1
लढ्ने	1	1	1
लण्डनको	1	1	1
लतापताका	1	1	1
लत्ता	1	1	1
लन्काउमी	1	1	1
लन्डनका	1	1	1
लन्डनद्वारा	1	1	1
लन्डनले	1	1	1
लपेटेर	1	1	1
लबाट	1	1	1
लमजुङ्ग	1	1	1
लमहीमा	1	1	1
लम्कन	1	1	1
लम्बाइपट्टिको	1	1	1
लम्बाइहरूको	1	1	1
लम्बेतान	1	1	1
लयलाई	1	1	1
लरखरिएको	1	1	1
लरेन	1	1	1
लरेन्जो	1	1	1
ललरी	1	1	1
ललितत्रिपुरासुन्दरीले	1	1	1
ललितबृन्द	1	1	1
ललितबृन्द्रलाई	1	1	1
ललिताका	1	1	1
ललितालाई	1	1	1
ललीपोप	1	1	1
लवणहरूको	1	1	1
लवाइखवाइ	1	1	1
लवेदा	1	1	1
लसनलाई	1	1	1
लसपस	1	1	1
लसीकार्बुद	1	1	1
लसीकार्बुदको	1	1	1
लसीकार्बुदले	1	1	1
लसुन	1	1	1
लस्सी	1	1	1
लहरहरू	1	1	1
लहरादेखि	1	1	1
लहरामा	1	1	1
लहरे	1	1	1
लहरै	1	1	1
लहलहैमा	1	1	1
लाँख	1	1	1
लाँदैछन्	1	1	1
लाइक	1	1	1
लाइकको	1	1	1
लाइनमार्फत	1	1	1
लाइनेटेड	1	1	1
लाइफले	1	1	1
लाईक	1	1	1
लाउनु	1	1	1
लाएर	1	1	1
लाखबाट	1	1	1
लाखमान	1	1	1
लाखो	1	1	1
लाखौ	1	1	1
लाखौँदेखि	1	1	1
लागाइयो	1	1	1
लागाएका	1	1	1
लागिको	1	1	1
लागिन्	1	1	1
लागिपर्नुभएकोमा	1	1	1
लागियो	1	1	1
लागिरहेको	1	1	1
लागीपर्नु	1	1	1
लागेकाले	1	1	1
लागेकी	1	1	1
लागेपनि	1	1	1
लागौँ	1	1	1
लाग्दैनथ्यो	1	1	1
लाग्दोछ	1	1	1
लाग्नाले	1	1	1
लाग्नेसँग	1	1	1
लाग्नेहरू	1	1	1
लाङ्टाङ	1	1	1
लाङ्टाङदेखि	1	1	1
लाङ्टाङसम्म	1	1	1
लाचेनल	1	1	1
लाजोङले	1	1	1
लाटिकोइली	1	1	1
लाटोकोसेरो	1	1	1
लाद्न	1	1	1
लाद्ने	1	1	1
लानाले	1	1	1
लानुभएको	1	1	1
लान्छौँ	1	1	1
लाभकारी	1	1	1
लाभाडो	1	1	1
लाभान्बित	1	1	1
लाभिछाने	1	1	1
लामखुट्टेहरूको	1	1	1
लामखेत	1	1	1
लामटाङ्ग	1	1	1
लामबद्ध	1	1	1
लामाखेतको	1	1	1
लामाचाहिँ	1	1	1
लामाचौरमा	1	1	1
लामालाई	1	1	1
लामिछानेको	1	1	1
लामीडाँडामा	1	1	1
लामुखट्टे	1	1	1
लाम्चा	1	1	1
लायकका	1	1	1
लायन्सकी	1	1	1
लायोनल	1	1	1
लायोन्सका	1	1	1
लायोन्सको	1	1	1
लार्जबिल्ड	1	1	1
लालकिल्ला	1	1	1
लालगेडी	1	1	1
लालचेताले	1	1	1
लालनपोषणको	1	1	1
लालफित्ताशाहीमा	1	1	1
लालबलुआ	1	1	1
लालसँग	1	1	1
लालसागरको	1	1	1
लालहरियो	1	1	1
लालीगुँरास	1	1	1
लावण्य	1	1	1
लावादेखि	1	1	1
लाश	1	1	1
लासको	1	1	1
लाससँगै	1	1	1
लासा	1	1	1
लासाबाट	1	1	1
लासालवादीहरूको	1	1	1
लाहानबाट	1	1	1
लाहुरेकै	1	1	1
लाहौरमा	1	1	1
लिँक	1	1	1
लिँदालिँदै	1	1	1
लिइ	1	1	1
लिइसकेकी	1	1	1
लिईएको	1	1	1
लिईदिएका	1	1	1
लिईसकेका	1	1	1
लिएँ	1	1	1
लिएनन्	1	1	1
लिएबराबरको	1	1	1
लिङ	1	1	1
लिङ्कको	1	1	1
लिङ्कनको	1	1	1
लिङ्कहरू	1	1	1
लिङ्कहरूमा	1	1	1
लिङ्गको	1	1	1
लिङ्गभेद	1	1	1
लिङ्गलाई	1	1	1
लिङ्गसहलग्न	1	1	1
लिङ्गहरूमध्ये	1	1	1
लिङ्गिय	1	1	1
लिचीजस्ता	1	1	1
लिच्छबीवंशी	1	1	1
लिच्छबीहरूले	1	1	1
लिच्छविकालको	1	1	1
लिच्छविकालबाट	1	1	1
लिच्छविकालभन्दा	1	1	1
लिच्छविकालिन	1	1	1
लिच्छविहरूसँग	1	1	1
लिच्छवीकालिन	1	1	1
लिटरजति	1	1	1
लिटल	1	1	1
लिथियमका	1	1	1
लिथोमेसिन	1	1	1
लिदा	1	1	1
लिनलाई	1	1	1
लिन्डन	1	1	1
लिन्डसे	1	1	1
लिन्डा	1	1	1
लिन्थे	1	1	1
लिपिचिह्न	1	1	1
लिपिड	1	1	1
लिपिपछि	1	1	1
लिपिबद्ध	1	1	1
लिपिबद्धसम्म	1	1	1
लिपिवद्ध	1	1	1
लिपिहरू	1	1	1
लिपिहरूको	1	1	1
लिप्त	1	1	1
लिप्नु	1	1	1
लिप्यन्तरणमा	1	1	1
लिप्यान्तरण	1	1	1
लिप्यान्तरणमा	1	1	1
लिफ	1	1	1
लिफाफा	1	1	1
लिबसेका	1	1	1
लिबियाका	1	1	1
लिबी	1	1	1
लिब्यनहरु	1	1	1
लिभर	1	1	1
लिमिटेडमा	1	1	1
लिम्बुहरूको	1	1	1
लिम्बूवान	1	1	1
लिम्बूहरूमा	1	1	1
लियर	1	1	1
लियोनार्दो	1	1	1
लियोनार्दोले	1	1	1
लिलामणि	1	1	1
लिलिएसिया	1	1	1
लिलिजलिफ	1	1	1
लिवरल	1	1	1
लिसकेको	1	1	1
लिस्टमा	1	1	1
लिस्ती	1	1	1
लिस्तीथुम	1	1	1
लिस्ने	1	1	1
लीगामा	1	1	1
लीलाई	1	1	1
लीलाध्वज	1	1	1
लीले	1	1	1
लीवान	1	1	1
लुइँटेलद्वारा	1	1	1
लुइगी	1	1	1
लुकाउँदै	1	1	1
लुकाउन	1	1	1
लुकाएर	1	1	1
लुकुममा	1	1	1
लुक्दै	1	1	1
लुक्न	1	1	1
लुगाबाट	1	1	1
लुगाहरू	1	1	1
लुङ	1	1	1
लुङखोला	1	1	1
लुङ्गुरलगायत	1	1	1
लुछाचुँडीमा	1	1	1
लुटिएको	1	1	1
लुट्यो	1	1	1
लुथरन	1	1	1
लुथुली	1	1	1
लुनर	1	1	1
लुनिभा	1	1	1
लुम्लेको	1	1	1
लुम्लेबाट	1	1	1
लुसिड	1	1	1
लूटका	1	1	1
लेकको	1	1	1
लेखएको	1	1	1
लेखकबीचको	1	1	1
लेखनलाई	1	1	1
लेखले	1	1	1
लेखाइमा	1	1	1
लेखाजोखा	1	1	1
लेखाधिकारित	1	1	1
लेखापालहरूलाई	1	1	1
लेखामा	1	1	1
लेखिँदैनन्	1	1	1
लेखिकाले	1	1	1
लेखिदिएँ	1	1	1
लेखिदिने	1	1	1
लेखिदिन्छ	1	1	1
लेखिन्	1	1	1
लेखिन्थ्यो	1	1	1
लेखिरहेका	1	1	1
लेखिरहेको	1	1	1
लेखिसकेका	1	1	1
लेखिसकेको	1	1	1
लेखेनन्	1	1	1
लेखौटको	1	1	1
लेख्थे	1	1	1
लेख्दछन्	1	1	1
लेख्दछु	1	1	1
लेख्नलाई	1	1	1
लेख्नुअघि	1	1	1
लेख्नुपर्थ्यो	1	1	1
लेख्नुपर्दछ	1	1	1
लेख्नुपर्दा	1	1	1
लेख्नुभएका	1	1	1
लेख्नुभएदेखि	1	1	1
लेख्नुभयो	1	1	1
लेख्नुहुन्छ	1	1	1
लेख्य	1	1	1
लेङ्ग	1	1	1
लेङ्गका	1	1	1
लेट	1	1	1
लेटरम्यानको	1	1	1
लेटाङमा	1	1	1
लेडि	1	1	1
लेडी	1	1	1
लेप्चाद्वारा	1	1	1
लेफि्टनेन्ट	1	1	1
लेफ्टिनहरूट	1	1	1
लेबनान	1	1	1
लेबनानमा	1	1	1
लेबरको	1	1	1
लेबालोको	1	1	1
लेब्निज	1	1	1
लेभलमा	1	1	1
लेभलिङ	1	1	1
लेमनद्वारा	1	1	1
लेमिनेटेड	1	1	1
लेवाडी	1	1	1
लेस	1	1	1
लेसर्टिलियामा	1	1	1
लेसोथो	1	1	1
लेस्सेर	1	1	1
लेह	1	1	1
लेहदेखि	1	1	1
लैक्लान	1	1	1
लैजा	1	1	1
लैबरीमा	1	1	1
लैलैमा	1	1	1
लो	1	1	1
लोककथाहरूको	1	1	1
लोककलाका	1	1	1
लोकका	1	1	1
लोकको	1	1	1
लोकगाथालाई	1	1	1
लोकगीतहरू	1	1	1
लोकतन्त्रका	1	1	1
लोकतन्त्रमा	1	1	1
लोकतन्त्रवादी	1	1	1
लोकतन्त्रिक	1	1	1
लोकनाटकमा	1	1	1
लोकन्थली	1	1	1
लोकप्रियतम	1	1	1
लोकप्रियताको	1	1	1
लोकबाजा	1	1	1
लोकबाजाहरू	1	1	1
लोकभक्त	1	1	1
लोकमार्ग	1	1	1
लोकलय	1	1	1
लोकलाई	1	1	1
लोकसभाप्रति	1	1	1
लोकोक्ती	1	1	1
लोखर्केमा	1	1	1
लोगो	1	1	1
लोग्नेमानिस	1	1	1
लोदेंग	1	1	1
लोधी	1	1	1
लोधीले	1	1	1
लोफोफोरस	1	1	1
लोभाटो	1	1	1
लोभीपापी	1	1	1
लोभ्याउन	1	1	1
लोयोर्ड	1	1	1
लोयोला	1	1	1
लोसनको	1	1	1
लोहडी	1	1	1
लोहाङ्गसेनको	1	1	1
लोहार	1	1	1
लोहियावादीको	1	1	1
लौहयुग	1	1	1
ल्याइएँ	1	1	1
ल्याइएका	1	1	1
ल्याइदिनुस्	1	1	1
ल्याइन्	1	1	1
ल्याइपुग्यो	1	1	1
ल्याउँछन्	1	1	1
ल्याउँछु	1	1	1
ल्याउथेँ	1	1	1
ल्याउनको	1	1	1
ल्याउनुभएको	1	1	1
ल्याउनेछ	1	1	1
ल्याक्टिक	1	1	1
ल्याङडन	1	1	1
ल्याङ्ग्वेज	1	1	1
ल्याण्ड	1	1	1
ल्यान्ड	1	1	1
ल्यान्डका	1	1	1
ल्यान्डको	1	1	1
ल्हासा	1	1	1
ल्हासासँग	1	1	1
वंगालको	1	1	1
वंघःमा	1	1	1
वंशकी	1	1	1
वंशसहित	1	1	1
वंशाणु	1	1	1
वंशाणुको	1	1	1
वंशानुचरित	1	1	1
वंशावललीहरूमा	1	1	1
वंशावलीद्वारा	1	1	1
वंशावलीहरूले	1	1	1
वंसी	1	1	1
वकिलका	1	1	1
वकिलले	1	1	1
वकिलहरूले	1	1	1
वक्तव्यमा	1	1	1
वक्ताताशास्त्रमा	1	1	1
वक्ताहरू	1	1	1
वक्नाघाटमा	1	1	1
वक्स	1	1	1
वगर	1	1	1
वग्ने	1	1	1
वङ्ग	1	1	1
वचनको	1	1	1
वचनद्वारा	1	1	1
वजनका	1	1	1
वजिमयद्वारा	1	1	1
वटवृक्षलाई	1	1	1
वटाको	1	1	1
वनकस	1	1	1
वनजङ्गलमा	1	1	1
वनपाखाको	1	1	1
वनबकुल्ला	1	1	1
वनभोज	1	1	1
वनभोजका	1	1	1
वनभ्याकुर	1	1	1
वनमाराभन्दा	1	1	1
वनलाई	1	1	1
वनस्पतिसँग	1	1	1
वनहरूले	1	1	1
वनावट	1	1	1
वनिता	1	1	1
वन्डको	1	1	1
वन्दना	1	1	1
वन्दनीय	1	1	1
वफादार	1	1	1
वमाोजिम	1	1	1
वमोजिम	1	1	1
वयानका	1	1	1
वयोवृद्ध	1	1	1
वराह	1	1	1
वरि	1	1	1
वरियतामा	1	1	1
वरी	1	1	1
वरीयताहरू	1	1	1
वरौला	1	1	1
वर्गकी	1	1	1
वर्गीकरणका	1	1	1
वर्गीकरणबाट	1	1	1
वर्गीकरणभित्र	1	1	1
वर्गीकरणलाई	1	1	1
वर्चुअल	1	1	1
वर्जन	1	1	1
वर्जिनिया	1	1	1
वर्णको	1	1	1
वर्णनमा	1	1	1
वर्णनलाई	1	1	1
वर्णनहरूमा	1	1	1
वर्णनिर्माण	1	1	1
वर्णपटमा	1	1	1
वर्णमालामा	1	1	1
वर्णाक्षर	1	1	1
वर्णोका	1	1	1
वर्ण्य	1	1	1
वर्दिया	1	1	1
वर्मन	1	1	1
वर्मालाई	1	1	1
वर्माले	1	1	1
वर्ल्डवाइड	1	1	1
वर्षजतिको	1	1	1
वर्षपहिले	1	1	1
वर्षपुग्दा	1	1	1
वर्षभित्र	1	1	1
वर्षमुनिकाको	1	1	1
वर्षसम्मको	1	1	1
वर्षसम्मै	1	1	1
वर्षहरूसम्म	1	1	1
वर्षातको	1	1	1
वर्षेनि	1	1	1
वर्षै	1	1	1
वर्षोदेखि	1	1	1
वर्षौँसम्म	1	1	1
वर्षौसम्म	1	1	1
वल्ट्जिङ	1	1	1
वल्ड	1	1	1
वल्डकप	1	1	1
वल्डकपको	1	1	1
वल्लभले	1	1	1
वषको	1	1	1
वषीय	1	1	1
वषे	1	1	1
वषैभरि	1	1	1
वसमाजिक	1	1	1
वसल्लमलाई	1	1	1
वस्तीको	1	1	1
वस्तीहरूमा	1	1	1
वस्तुका	1	1	1
वस्तुनिष्ठ	1	1	1
वस्तुभाउ	1	1	1
वस्तुमा	1	1	1
वस्तुमानिसलाई	1	1	1
वस्तुवादी	1	1	1
वस्तुसँगको	1	1	1
वस्त्रमा	1	1	1
वहन्छ	1	1	1
वहाँहरू	1	1	1
वहिष्कृत	1	1	1
वाँधिएका	1	1	1
वाईसखुवा	1	1	1
वाक	1	1	1
वाक्कलाशास्त्र	1	1	1
वाक्यका	1	1	1
वाक्यमा	1	1	1
वाक्यलाई	1	1	1
वाक्शक्ति	1	1	1
वागभैरव	1	1	1
वाग्मती	1	1	1
वाग्लेजी	1	1	1
वाग्लेद्वारा	1	1	1
वाङ्मय	1	1	1
वाङ्मयको	1	1	1
वाङ्मयमा	1	1	1
वाचनशैलीबाट	1	1	1
वाचनालयको	1	1	1
वाचर	1	1	1
वाचस्पति	1	1	1
वाजपेयी	1	1	1
वाञ्छनीय	1	1	1
वाञ्छित	1	1	1
वाटरफोर्ड	1	1	1
वाटर्स	1	1	1
वाणले	1	1	1
वाणि	1	1	1
वाणिज्यको	1	1	1
वाणीमा	1	1	1
वातरक्त	1	1	1
वातारणमा	1	1	1
वातावतरणबाट	1	1	1
वातावरणले	1	1	1
वातावरणविद्	1	1	1
वातावरणसम्बन्धी	1	1	1
वातावरणसहित	1	1	1
वात्सल्य	1	1	1
वात्स्यायन	1	1	1
वात्स्यायनको	1	1	1
वाथ	1	1	1
वादकले	1	1	1
वादन	1	1	1
वादविवादमा	1	1	1
वादविवादलाई	1	1	1
वादविवादहरूमा	1	1	1
वादीसँग	1	1	1
वादे	1	1	1
वाद्यवादकले	1	1	1
वाध्यतापूर्वक	1	1	1
वाध्यताले	1	1	1
वानस्पतिक	1	1	1
वानाहोङ	1	1	1
वानी	1	1	1
वानीरा	1	1	1
वान्छित	1	1	1
वामदलहरू	1	1	1
वाममोर्चाका	1	1	1
वामहरूको	1	1	1
वायखोला	1	1	1
वायुयान	1	1	1
वायुले	1	1	1
वायुसेना	1	1	1
वारङ्गलमा	1	1	1
वारतालाप	1	1	1
वारेमा	1	1	1
वार्डद्वारा	1	1	1
वार्डहरू	1	1	1
वार्डहरूमा	1	1	1
वार्ताकार	1	1	1
वार्तानायकबाट	1	1	1
वार्बलर्स	1	1	1
वार्षिकरूपमा	1	1	1
वार्सेल्स	1	1	1
वार्सेल्सको	1	1	1
वालाहरूमा	1	1	1
वालिङ्बजार	1	1	1
वालुवा	1	1	1
वाल्टर	1	1	1
वाल्टर्ससँग	1	1	1
वाल्मिकीद्वारा	1	1	1
वाल्मीकिले	1	1	1
वाल्मीकी	1	1	1
वाषिर्कोत्सवमा	1	1	1
वासना	1	1	1
वासनासम्बद्ध	1	1	1
वासपेन्टिङमा	1	1	1
वासवर्थको	1	1	1
वासिन्दाका	1	1	1
वासीदा	1	1	1
वासुकी	1	1	1
वासुदेब	1	1	1
वासुदेवको	1	1	1
वास्तविकताको	1	1	1
वास्तविकतासँग	1	1	1
वास्तुकलामा	1	1	1
वास्तुकार	1	1	1
वास्तुकारका	1	1	1
वास्तुशास्त्रलाई	1	1	1
वाह	1	1	1
वाहनर्यालीहरू	1	1	1
वाहनहरू	1	1	1
वाहिद	1	1	1
वाहिदबाट	1	1	1
वाहुल्यता	1	1	1
वि.सं	1	1	1
विकको	1	1	1
विकर्षण	1	1	1
विकलाङ्गता	1	1	1
विकले	1	1	1
विकल्पमा	1	1	1
विकल्पीको	1	1	1
विकाशमा	1	1	1
विकासकहरू	1	1	1
विकासक्रमका	1	1	1
विकासक्षेत्रअन्तर्गत	1	1	1
विकासतर्फ	1	1	1
विकासद्वारा	1	1	1
विकासपछि	1	1	1
विकासप्रतिको	1	1	1
विकाससँग	1	1	1
विकासहरू	1	1	1
विकिआयोजना	1	1	1
विकिकपिडिया	1	1	1
विकिकर्मी	1	1	1
विकिथन	1	1	1
विकिथोन	1	1	1
विकिपरियोजना	1	1	1
विकिपिडियाको	1	1	1
विकिपीडियालाई	1	1	1
विकिपीडियासँग	1	1	1
विकिप्रति	1	1	1
विकिब्राउजर	1	1	1
विकिमीडियाको	1	1	1
विकिमीडियामा	1	1	1
विकिया	1	1	1
विकिरणलाई	1	1	1
विकिलिक्सका	1	1	1
विकिसत	1	1	1
विकीका	1	1	1
विकीले	1	1	1
विकृतिको	1	1	1
विकृतिहरू	1	1	1
विकेटको	1	1	1
विक्टोरियामा	1	1	1
विक्ली	1	1	1
विक्सनरी	1	1	1
विक्सनरीमा	1	1	1
विखण्डनीय	1	1	1
विगाहा	1	1	1
विघटित	1	1	1
विघ्नबाधा	1	1	1
विचलनलाई	1	1	1
विचलित	1	1	1
विचारक	1	1	1
विचारकहरू	1	1	1
विचारधाराले	1	1	1
विचारधाराहरूमा	1	1	1
विचारविमर्श	1	1	1
विचारशील	1	1	1
विचारसहित	1	1	1
विचारहरको	1	1	1
विचारहरूको	1	1	1
विचारहरूदेखि	1	1	1
विचारोपदेश	1	1	1
विच्छेदको	1	1	1
विछोड	1	1	1
विछोडको	1	1	1
विजयनगर	1	1	1
विजयमा	1	1	1
विजयादशमीका	1	1	1
विजेतालाई	1	1	1
विजोड	1	1	1
विज्ञताको	1	1	1
विज्ञनले	1	1	1
विज्ञहरूले	1	1	1
विज्ञानकथाहरू	1	1	1
विज्ञानसङ्ग	1	1	1
विज्ञानसम्मत	1	1	1
विज्ञानहरूमा	1	1	1
विज्ञापित	1	1	1
विट्नेस	1	1	1
विट्ल्याम	1	1	1
वितस्ता	1	1	1
वित्तपोषित	1	1	1
वित्तिय	1	1	1
विदीर्ण	1	1	1
विदेशको	1	1	1
विदेशबाटै	1	1	1
विदेशीको	1	1	1
विद्धमान	1	1	1
विद्धान	1	1	1
विद्धानहरूले	1	1	1
विद्यमानता	1	1	1
विद्यागृहको	1	1	1
विद्याधर्म	1	1	1
विद्यापिठमा	1	1	1
विद्यापीठ	1	1	1
विद्याभुषण	1	1	1
विद्यारण्य	1	1	1
विद्यार्थि	1	1	1
विद्यार्थीकालदेखि	1	1	1
विद्यार्थीमाथि	1	1	1
विद्यार्थीले	1	1	1
विद्यालयकलेजका	1	1	1
विद्यालहरूमा	1	1	1
विद्यालाई	1	1	1
विद्यावारिधी	1	1	1
विद्याहरू	1	1	1
विद्युतीकरणका	1	1	1
विद्युत्वाहक	1	1	1
विद्रोहमा	1	1	1
विद्रोहलाई	1	1	1
विद्रोहहरूको	1	1	1
विद्रोहीहरू	1	1	1
विद्वत	1	1	1
विद्वानले	1	1	1
विद्वानहरूमाझ	1	1	1
विद्वानहरूलेव	1	1	1
विद्वान्माझ	1	1	1
विद्हरू	1	1	1
विधाका	1	1	1
विधातर्फ	1	1	1
विधानदेखि	1	1	1
विधानपालिका	1	1	1
विधानपूर्वक	1	1	1
विधानमा	1	1	1
विधानले	1	1	1
विधानसभाको	1	1	1
विधानसभाहरूका	1	1	1
विधायकसमेत	1	1	1
विधायकहरू	1	1	1
विधायकी	1	1	1
विधायिकाको	1	1	1
विधायिकामा	1	1	1
विधाहरू	1	1	1
विधिबाट	1	1	1
विधिवेत्ताहरू	1	1	1
विधी	1	1	1
विधुतीय	1	1	1
विधेयकअनुसार	1	1	1
विनले	1	1	1
विनष्ट	1	1	1
विनीत	1	1	1
विन्ती	1	1	1
विन्दुले	1	1	1
विन्नीलाई	1	1	1
विन्नीसँग	1	1	1
विन्सलेटले	1	1	1
विपक्षीहरु	1	1	1
विपक्षीहरुले	1	1	1
विपत	1	1	1
विपथन	1	1	1
विफलतादेखि	1	1	1
विभक्तिपछिको	1	1	1
विभक्तिमा	1	1	1
विभत्स	1	1	1
विभागदेखि	1	1	1
विभागद्वारा	1	1	1
विभागस्तरिय	1	1	1
विभाजनद्वारा	1	1	1
विभाजनलाई	1	1	1
विभेदयुक्त	1	1	1
विभेदिकरणका	1	1	1
विम	1	1	1
विमति	1	1	1
विमल	1	1	1
विमानचालक	1	1	1
विमानचालकको	1	1	1
विमानचालकहरू	1	1	1
विमानचालन	1	1	1
विमानमा	1	1	1
विमानवाट	1	1	1
विमानस्थलसँग	1	1	1
विमानौँ	1	1	1
विमोचनसम्बन्धी	1	1	1
वियर्ड	1	1	1
वियोगसन्देश	1	1	1
विर	1	1	1
विरगञ्जबाट	1	1	1
विरङ्गी	1	1	1
विरहको	1	1	1
विरहदशाको	1	1	1
विरहिणी	1	1	1
विरहिणीका	1	1	1
विरहिणीले	1	1	1
विरहिणीहरू	1	1	1
विरहीचरी	1	1	1
विरहीद्वारा	1	1	1
विराटनगरका	1	1	1
विरुद्द	1	1	1
विरुद्धका	1	1	1
विरुवा	1	1	1
विरुवाका	1	1	1
विरुवाको	1	1	1
विरूद्धमा	1	1	1
विरूपाक्षलाई	1	1	1
विरेचक	1	1	1
विरोचनका	1	1	1
विरोधप्रति	1	1	1
विरोधले	1	1	1
विरोधहरू	1	1	1
विरोधाभास	1	1	1
विरोधिहरूको	1	1	1
विरोधीहरूलाई	1	1	1
विर्को	1	1	1
विलम्बित	1	1	1
विलायक	1	1	1
विलासम्	1	1	1
विलासराव	1	1	1
विलासी	1	1	1
विलिभर्स	1	1	1
विलियम्सले	1	1	1
विलियर्ड	1	1	1
विलिससित	1	1	1
विलेम	1	1	1
विलौना	1	1	1
विल्कुलै	1	1	1
विल्सनको	1	1	1
विवरणबाहेक	1	1	1
विवरणमा	1	1	1
विवरणलाई	1	1	1
विवरणसमेत	1	1	1
विवर्तनिक	1	1	1
विवशद्वारा	1	1	1
विवादरहित	1	1	1
विवाहादी	1	1	1
विवि	1	1	1
विविधताका	1	1	1
विविधतामा	1	1	1
विवेकानन्द	1	1	1
विवेकानन्दज्यू	1	1	1
विवेकी	1	1	1
विवेचनाको	1	1	1
विशम्भरपुर	1	1	1
विशाखाको	1	1	1
विशाखापट्नममा	1	1	1
विशालकाय	1	1	1
विशालताका	1	1	1
विशालनगरमा	1	1	1
विशिष्टत	1	1	1
विशिष्टादेवीको	1	1	1
विशिष्टादेवीले	1	1	1
विशिष्टादेवीसँगै	1	1	1
विशिष्टिकृत	1	1	1
विशिष्ठ	1	1	1
विशेषज्ञका	1	1	1
विशेषज्ञलाई	1	1	1
विशेषज्ञहरूको	1	1	1
विशेषताका	1	1	1
विशेषतामा	1	1	1
विशेषताहरूका	1	1	1
विशेषताहरूबारे	1	1	1
विशेषरूपले	1	1	1
विशेषांक	1	1	1
विशेषाधिकारको	1	1	1
विशेषायुक्त	1	1	1
विश्रामस्थल	1	1	1
विश्लेषकले	1	1	1
विश्लेषणसँग	1	1	1
विश्लेषणहरूनै	1	1	1
विश्वकीर्तिमान	1	1	1
विश्वनाथ	1	1	1
विश्वनाथको	1	1	1
विश्वप्रशिद्ध	1	1	1
विश्वबैंकको	1	1	1
विश्वभरबाट	1	1	1
विश्वभरि	1	1	1
विश्वभरिमा	1	1	1
विश्वभरी	1	1	1
विश्वमाथि	1	1	1
विश्वयुद्धबाट	1	1	1
विश्वले	1	1	1
विश्वविद्यालयअन्तर्गत	1	1	1
विश्वविद्यालयदेखि	1	1	1
विश्वविद्यालयहरूमा	1	1	1
विश्वविद्यालयहरूले	1	1	1
विश्वविद्यालहरू	1	1	1
विश्वविधालय	1	1	1
विश्वसम्पदा	1	1	1
विश्वस्तरमा	1	1	1
विश्वामित्रको	1	1	1
विश्वासकै	1	1	1
विश्वासघात	1	1	1
विश्वासदेखि	1	1	1
विश्वासले	1	1	1
विश्वेश्वरप्रसाद	1	1	1
विश्वोत्पत्तिवादका	1	1	1
विषक्त	1	1	1
विषमता	1	1	1
विषयमाथि	1	1	1
विषयलोलुप	1	1	1
विषयवस्तुगत	1	1	1
विषयवस्तुलाई	1	1	1
विषयवस्तुहरूमा	1	1	1
विषयसूची	1	1	1
विषलु	1	1	1
विषाणु	1	1	1
विषे	1	1	1
विषेशगरी	1	1	1
विषेशज्ञको	1	1	1
विषेशता	1	1	1
विषैले	1	1	1
विष्णुदास	1	1	1
विष्णुदासको	1	1	1
विष्णुदेवी	1	1	1
विष्णुपादुका	1	1	1
विष्णुपादुकामा	1	1	1
विष्णुपादुकालाई	1	1	1
विष्णुप्रसाद	1	1	1
विष्णुलाल	1	1	1
विष्फोटक	1	1	1
विसङ्गति	1	1	1
विसङ्गतिपूर्ण	1	1	1
विसङ्गतिवाद	1	1	1
विसर्जित	1	1	1
विसिकु	1	1	1
विसुनदेव	1	1	1
विस्कोन्सिनका	1	1	1
विस्टामा	1	1	1
विस्तारपूर्वक	1	1	1
विस्तारो	1	1	1
विस्तृतरूपमा	1	1	1
विस्फुटन	1	1	1
विस्फोटका	1	1	1
विस्फोटदेखि	1	1	1
विस्फोटबाट	1	1	1
विस्फोटमा	1	1	1
विस्फोटसँगै	1	1	1
विस्मित्	1	1	1
विस्मिलद्वारा	1	1	1
विहान	1	1	1
विहारको	1	1	1
विहिबार	1	1	1
विहृवल	1	1	1
विह्वल	1	1	1
वीकलीको	1	1	1
वीपीले	1	1	1
वीभत्स	1	1	1
वीरगन	1	1	1
वीरताका	1	1	1
वीरशमशेर	1	1	1
वीरेन्द्रको	1	1	1
वीरेन्द्रनगरसम्म	1	1	1
वीर्य	1	1	1
वुडि	1	1	1
वुडुवा	1	1	1
वुड्सबाट	1	1	1
वुड्ससँग	1	1	1
वुद्धदेव	1	1	1
वुद्धिसागर	1	1	1
वुल्जे	1	1	1
वृगेड	1	1	1
वृजानन्द	1	1	1
वृत्तमा	1	1	1
वृत्तिमा	1	1	1
वृदि	1	1	1
वृद्घाका	1	1	1
वृद्घाले	1	1	1
वृद्ध	1	1	1
वृद्धाको	1	1	1
वृद्धाले	1	1	1
वृन्दावन	1	1	1
वृषकर्णका	1	1	1
वृहत्	1	1	1
वृहद्	1	1	1
वृहस्पतिका	1	1	1
वृहस्पतिलाई	1	1	1
वेक	1	1	1
वेकफिल्डका	1	1	1
वेखसिम्ले	1	1	1
वेगनासताल	1	1	1
वेगमा	1	1	1
वेगास	1	1	1
वेतनको	1	1	1
वेदना	1	1	1
वेदहरूको	1	1	1
वेदांगहरूमा	1	1	1
वेदांगों	1	1	1
वेदाङ्ग	1	1	1
वेदाङ्गहरू	1	1	1
वेदान्तको	1	1	1
वेदाश्रमहरू	1	1	1
वेदी	1	1	1
वेद्यनाथ	1	1	1
वेधशालाका	1	1	1
वेधशालाबाट	1	1	1
वेधशालाहरू	1	1	1
वेधशालाहरूका	1	1	1
वेबको	1	1	1
वेबसाइटका	1	1	1
वेबसाइटलाई	1	1	1
वेबसाइटले	1	1	1
वेबसाइटहरूलाई	1	1	1
वेभसाइट	1	1	1
वेलप्रोरेटको	1	1	1
वेल्लेसले	1	1	1
वेवसाइट	1	1	1
वेवसाइटमा	1	1	1
वेश्यावृत्ति	1	1	1
वेश्यावृत्तिमा	1	1	1
वेश्यासँग	1	1	1
वेसारे	1	1	1
वेस्टइन्डिज	1	1	1
वेस्टकोट	1	1	1
वेस्टगार्थ	1	1	1
वेस्टमिनिस्टर	1	1	1
वेस्टमिन्स्टर	1	1	1
वेस्टी	1	1	1
वेहोस	1	1	1
वैगुणी	1	1	1
वैजनी	1	1	1
वैज्ञानिकको	1	1	1
वैज्ञानिकगण	1	1	1
वैज्ञानिकमाथि	1	1	1
वैज्ञानिकहरु	1	1	1
वैज्ञानिकहरुले	1	1	1
वैठकका	1	1	1
वैतडी	1	1	1
वैतनिक	1	1	1
वैद्यसँग	1	1	1
वैधशाला	1	1	1
वैभव	1	1	1
वैभवसाली	1	1	1
वैमानिक	1	1	1
वैयाकरणको	1	1	1
वैराग्यको	1	1	1
वैराग्यबाट	1	1	1
वैविधतापूर्ण	1	1	1
वैविध्य	1	1	1
वैशाली	1	1	1
वैशिष्ट्य	1	1	1
वैशेषिक	1	1	1
वैशेषिकसूत्रहरूमा	1	1	1
वैश्विक	1	1	1
वैष्णवहरू	1	1	1
वैष्णवहरूकोमा	1	1	1
वोट	1	1	1
वोल्ट	1	1	1
व्यकतित्वको	1	1	1
व्यक्तित्वमा	1	1	1
व्यक्तित्वहरूलाई	1	1	1
व्यक्तिद्वारा	1	1	1
व्यक्तिविशेषलाई	1	1	1
व्यक्तिव्यक्ति	1	1	1
व्यक्तिहरुको	1	1	1
व्यक्तिहरूबाट	1	1	1
व्यक्तिहरूमध्ये	1	1	1
व्यक्तिहरूसँग	1	1	1
व्यङ्गलाई	1	1	1
व्यङ्ग्यकार	1	1	1
व्यङ्ग्यतत्त्व	1	1	1
व्यङ्ग्यपूर्ण	1	1	1
व्यङ्ग्यप्रधान	1	1	1
व्यङ्ग्यात्मकताको	1	1	1
व्यञ्जनहरू	1	1	1
व्यञ्जना	1	1	1
व्यञ्जनान्त	1	1	1
व्यतिले	1	1	1
व्यभिचार	1	1	1
व्यर्थ	1	1	1
व्यवसथामा	1	1	1
व्यवसायलाई	1	1	1
व्यवसायसङ्घ	1	1	1
व्यवसायहरू	1	1	1
व्यवसायिकता	1	1	1
व्यवसायिकरूपमा	1	1	1
व्यवसायीक	1	1	1
व्यवसायीकरण	1	1	1
व्यवस्थापकहरूलाई	1	1	1
व्यवस्थापनको	1	1	1
व्यवस्थाप्रति	1	1	1
व्यवस्थाले	1	1	1
व्यवस्थासमेत	1	1	1
व्यवस्थासम्बन्धी	1	1	1
व्यवहारलाई	1	1	1
व्यवहारिकता	1	1	1
व्यस्तताबाट	1	1	1
व्यस्थ	1	1	1
व्यहाइट	1	1	1
व्यहाइटको	1	1	1
व्यहिटलैम	1	1	1
व्यहिटलैमका	1	1	1
व्याआर	1	1	1
व्याकरणका	1	1	1
व्याकरणमा	1	1	1
व्याकरणात्मक	1	1	1
व्याक्टेरिया	1	1	1
व्याक्तिविशेषको	1	1	1
व्याख्याविश्लेषण	1	1	1
व्याख्याहरूमा	1	1	1
व्याटभन्दा	1	1	1
व्याटिङ	1	1	1
व्याधिकी	1	1	1
व्यापरका	1	1	1
व्यापारका	1	1	1
व्यापारक्षेत्रमा	1	1	1
व्यापारव्यावसायमा	1	1	1
व्यापारीकरण	1	1	1
व्यापारीका	1	1	1
व्यापारीमार्फत्	1	1	1
व्यापारीवर्गको	1	1	1
व्यापी	1	1	1
व्यायामलाई	1	1	1
व्यावसायका	1	1	1
व्यावसायको	1	1	1
व्यासका	1	1	1
व्युत्पत्तिको	1	1	1
व्यूह	1	1	1
व्यूहमा	1	1	1
व्रतकर्तालाई	1	1	1
व्रतका	1	1	1
व्रतले	1	1	1
व्रतविधि	1	1	1
व्रतसम्पादन	1	1	1
व्रतालुका	1	1	1
व्लगिङ	1	1	1
व्लगिङको	1	1	1
व्हिप	1	1	1
व्हिस्की	1	1	1
व्हुलरको	1	1	1
शंकरदिग्विजयमा	1	1	1
शंकरले	1	1	1
शंकराचार्यले	1	1	1
शकहरूको	1	1	1
शक्कोदन	1	1	1
शक्तिकेन्द्रको	1	1	1
शक्तिखोर	1	1	1
शक्तिपीठमध्ये	1	1	1
शक्तिपुञ्ज	1	1	1
शक्तिमाथि	1	1	1
शक्तिराष्ट्रले	1	1	1
शक्तिविरुद्ध	1	1	1
शक्तिशालि	1	1	1
शक्तिश्रोतको	1	1	1
शक्तिसँग	1	1	1
शक्तिसङ्घर्षले	1	1	1
शक्तिसम्पन्न	1	1	1
शक्तिसाली	1	1	1
शक्तिहरूद्वारा	1	1	1
शक्तिहरूबाट	1	1	1
शक्रसिंह	1	1	1
शङ्करकै	1	1	1
शङ्करजी	1	1	1
शङ्करविजयविलासशङ्करजय	1	1	1
शङ्काको	1	1	1
शङ्खचूड	1	1	1
शङ्खाबुङ	1	1	1
शचीले	1	1	1
शतक	1	1	1
शतघ्नी	1	1	1
शतदुन्दभिको	1	1	1
शतबीज	1	1	1
शतरन्जको	1	1	1
शताब्दीऔँ	1	1	1
शताब्दीयौं	1	1	1
शताब्दीयौंदेखि	1	1	1
शताब्दीहरूको	1	1	1
शताव्दीय	1	1	1
शतीको	1	1	1
शतीसम्म	1	1	1
शत्रुतापूर्ण	1	1	1
शत्रुलाई	1	1	1
शनिग्रह	1	1	1
शनिले	1	1	1
शनिश्चरलाई	1	1	1
शनीको	1	1	1
शनैश्चर	1	1	1
शप	1	1	1
शपथग्रहण	1	1	1
शब्दकोशहरू	1	1	1
शब्दकोष	1	1	1
शब्दकोषमा	1	1	1
शब्दमयी	1	1	1
शब्दानुक्रमणिका	1	1	1
शमशितोष्ण	1	1	1
शमशेरद्वारा	1	1	1
शमशेरभन्दा	1	1	1
शम्सेरको	1	1	1
शरगोल	1	1	1
शरणको	1	1	1
शरदऋतु	1	1	1
शरीरले	1	1	1
शरीरसम्म	1	1	1
शर्तहरूमा	1	1	1
शर्मालगायतको	1	1	1
शर्मासँग	1	1	1
शर्मासँगै	1	1	1
शल्यचिकित्सक	1	1	1
शवयात्रा	1	1	1
शशीज्यू	1	1	1
शस्त्रकर्म	1	1	1
शस्त्रले	1	1	1
शस्रास्रहरू	1	1	1
शहरहरुदेखि	1	1	1
शहरी	1	1	1
शहाजहाँका	1	1	1
शहीदहरूको	1	1	1
शाकाहारवादीहरू	1	1	1
शाकुन्तल	1	1	1
शाकुन्तलम्	1	1	1
शाक्तिशाली	1	1	1
शाक्यमुनि	1	1	1
शाखाकी	1	1	1
शाङ्करभाष्य	1	1	1
शाङ्को	1	1	1
शानले	1	1	1
शानसँग	1	1	1
शान्ताले	1	1	1
शान्तिनगर	1	1	1
शान्तिपूर्णरूपमा	1	1	1
शान्तिमा	1	1	1
शान्ती	1	1	1
शामिल	1	1	1
शायदै	1	1	1
शारदाजस्ता	1	1	1
शार्दूल	1	1	1
शार्दूलका	1	1	1
शार्दूलको	1	1	1
शार्पभिल	1	1	1
शालिक	1	1	1
शालिग्रामको	1	1	1
शालीग्रामको	1	1	1
शासकहरूमध्ये	1	1	1
शासकहरूमा	1	1	1
शासकहरूलाई	1	1	1
शासकुन्ले	1	1	1
शासनकाल	1	1	1
शासनकालपछि	1	1	1
शासनकालभर	1	1	1
शासनबाहेक	1	1	1
शासनभार	1	1	1
शासनविरोधी	1	1	1
शास्त्रअनुसार	1	1	1
शास्त्रले	1	1	1
शास्त्रवेदको	1	1	1
शास्त्रहरू	1	1	1
शाहकालीन	1	1	1
शाहकै	1	1	1
शाहजहाँ	1	1	1
शाहदरा	1	1	1
शाहदेखि	1	1	1
शाहदेवबाट	1	1	1
शाहबंशीय	1	1	1
शाहलार्इ	1	1	1
शाहवंशीय	1	1	1
शिकायतहरू	1	1	1
शिकारको	1	1	1
शिकारबाटै	1	1	1
शिकारलाई	1	1	1
शिक्षामन्त्री	1	1	1
शिक्षालाई	1	1	1
शिक्षाले	1	1	1
शिक्षासंस्थाको	1	1	1
शिक्षासंस्थाहरूलाई	1	1	1
शिक्षिकाले	1	1	1
शिखलगायतका	1	1	1
शिखा	1	1	1
शिखाले	1	1	1
शिठोन	1	1	1
शितल	1	1	1
शितोको	1	1	1
शितोष्णसम्मको	1	1	1
शिथिल	1	1	1
शिथिलता	1	1	1
शिपिमा	1	1	1
शिरपोस	1	1	1
शिरबन्दी	1	1	1
शिरबाट	1	1	1
शिरोमणिको	1	1	1
शिलापत्र	1	1	1
शिलापत्रमा	1	1	1
शिलारहेको	1	1	1
शिलालेखहरूमा	1	1	1
शिलु	1	1	1
शिल्पका	1	1	1
शिल्पकारी	1	1	1
शिल्पहरू	1	1	1
शिल्पी	1	1	1
शिवगुरुले	1	1	1
शिवबहादुर	1	1	1
शिवबाट	1	1	1
शिवमा	1	1	1
शिवरूपी	1	1	1
शिवलिङ्गलाई	1	1	1
शिवलेसमेत	1	1	1
शिवसेना	1	1	1
शिवाकोटीहरूको	1	1	1
शिवाय	1	1	1
शिवाराधन	1	1	1
शिवालयहरूको	1	1	1
शिविरवाट	1	1	1
शिविरसम्म	1	1	1
शिशुका	1	1	1
शिश्वाको	1	1	1
शिष्टाचारलाई	1	1	1
शिष्यत्व	1	1	1
शिष्यहरूमध्ये	1	1	1
शिष्यहरूमा	1	1	1
शीतवीर्य	1	1	1
शीर्षकबाट	1	1	1
शीर्षकहरू	1	1	1
शीर्षमधेसी	1	1	1
शीर्षस्थ	1	1	1
शीलता	1	1	1
शीलावती	1	1	1
शीलावतीका	1	1	1
शीलावतीले	1	1	1
शीशमहल	1	1	1
शीशाको	1	1	1
शुक्कोदन	1	1	1
शुक्रनैतिको	1	1	1
शुक्रबारलाई	1	1	1
शुक्रले	1	1	1
शुक्रवारलाई	1	1	1
शुक्रवृश्चिक	1	1	1
शुक्राचार्य	1	1	1
शुक्लपक्ष	1	1	1
शुक्लाले	1	1	1
शुद्धतम	1	1	1
शुद्धताको	1	1	1
शुद्धलेखन	1	1	1
शुद्धोधनका	1	1	1
शुभको	1	1	1
शुभफलको	1	1	1
शुभयोगका	1	1	1
शुभरात्री	1	1	1
शुभसमयको	1	1	1
शुभ्र	1	1	1
शुरुको	1	1	1
शुरू	1	1	1
शुष्क	1	1	1
शून्यता	1	1	1
शून्यलाई	1	1	1
शृङखला	1	1	1
शृङ्खलाक्रिया	1	1	1
शृङ्खलापछि	1	1	1
शृङ्खलाहरू	1	1	1
शृङ्खलाहरूबाट	1	1	1
शेखर	1	1	1
शेखावत	1	1	1
शेखावतलाई	1	1	1
शेरचनको	1	1	1
शेर्पाज्यूबाट	1	1	1
शेर्पाहरूलाई	1	1	1
शेषको	1	1	1
शेषनागमाथि	1	1	1
शेषमणि	1	1	1
शेषराज	1	1	1
शैय्या	1	1	1
शैय्याहरूका	1	1	1
शैलिहरू	1	1	1
शैलीले	1	1	1
शैलीशिल्पको	1	1	1
शैलीहरूमा	1	1	1
शैलेन्द्र	1	1	1
शैवधर्मसँग	1	1	1
शैशव	1	1	1
शो	1	1	1
शोकको	1	1	1
शोकगो	1	1	1
शोकग्रस्त	1	1	1
शोकमा	1	1	1
शोको	1	1	1
शोधपत्र	1	1	1
शोधपत्रहरू	1	1	1
शोना	1	1	1
शोभनसित	1	1	1
शोभाभित्र	1	1	1
शोलेको	1	1	1
शोषणको	1	1	1
शोषणजन्य	1	1	1
शोषणले	1	1	1
शौचालयमा	1	1	1
श्यानता	1	1	1
श्यामव्यङ्ग्यको	1	1	1
श्यामा	1	1	1
श्यार	1	1	1
श्यारवाबाट	1	1	1
श्रद्धानुसार	1	1	1
श्रद्धान्जलि	1	1	1
श्रद्धापूर्वक	1	1	1
श्रद्धाभक्तिपूर्वक	1	1	1
श्रद्धालुहरू	1	1	1
श्रमसङ्गठनका	1	1	1
श्रमसम्बन्ध	1	1	1
श्रमिकहरूलाई	1	1	1
श्रवणकुमार	1	1	1
श्रवणले	1	1	1
श्राद्धतर्पण	1	1	1
श्राद्धमा	1	1	1
श्राद्धादि	1	1	1
श्रापकै	1	1	1
श्रापमुक्त	1	1	1
श्रावकले	1	1	1
श्रीअरुण	1	1	1
श्रीका	1	1	1
श्रीकृष्णका	1	1	1
श्रीकृष्णसँग	1	1	1
श्रीखण्डजडित	1	1	1
श्रीतिमा	1	1	1
श्रीधर	1	1	1
श्रीनन्द	1	1	1
श्रीनन्दलाई	1	1	1
श्रीपञ्चमीका	1	1	1
श्रीबलभद्र	1	1	1
श्रीमततारतम	1	1	1
श्रीमद्भागवत	1	1	1
श्रीमानसँगै	1	1	1
श्रीमान्को	1	1	1
श्रीराम	1	1	1
श्रीरामकी	1	1	1
श्रीरामले	1	1	1
श्रीलङ्काली	1	1	1
श्रीवास्तव	1	1	1
श्रीविष्णुका	1	1	1
श्रीसनकादि	1	1	1
श्रीसम्पत्ति	1	1	1
श्रीस्थान	1	1	1
श्रीस्वस्थानी	1	1	1
श्रुतिधर	1	1	1
श्रुतिप्रमाणबाट	1	1	1
श्रुतिलेख	1	1	1
श्रृखला	1	1	1
श्रृङ्खलादेखि	1	1	1
श्रृङ्खलाहरूका	1	1	1
श्रृङ्गारको	1	1	1
श्रृङ्गारी	1	1	1
श्रृष्टिको	1	1	1
श्रेणीबाट	1	1	1
श्रेणीलाई	1	1	1
श्रेया	1	1	1
श्रेष्ठतामा	1	1	1
श्रेष्ठबाट	1	1	1
श्रोतहरू	1	1	1
श्रोताका	1	1	1
श्लेष्मान्तक	1	1	1
श्लोकका	1	1	1
श्लोकमा	1	1	1
श्वर	1	1	1
श्वासप्रस्वासमा	1	1	1
श्वेतपोशी	1	1	1
श्वेतवाराह	1	1	1
श्हालमो	1	1	1
षकुनिको	1	1	1
षडयन्त्र	1	1	1
षडयन्त्रका	1	1	1
षड़्यन्त्र	1	1	1
षोडशोपचार	1	1	1
सँगसाथ	1	1	1
सँगीतको	1	1	1
सँगुरलाई	1	1	1
सँग्रहसँगै	1	1	1
सँग्रामका	1	1	1
सँस्करणको	1	1	1
सँस्कारण	1	1	1
संकटका	1	1	1
संकटकालबाटै	1	1	1
संकटकालमा	1	1	1
संकरण	1	1	1
संकर्सन	1	1	1
संकल्पउपरान्त	1	1	1
संकीर्ण	1	1	1
संकेतहरूले	1	1	1
संक्रान्तिमा	1	1	1
संक्षिप्त	1	1	1
संक्षेपीकरणको	1	1	1
संगठनबाट	1	1	1
संगठनबाहेक	1	1	1
संगठनहरूका	1	1	1
संगठनहरूद्वारा	1	1	1
संगठीत	1	1	1
संगमकालीन	1	1	1
संगालो	1	1	1
संगीतकर्मी	1	1	1
संगीतकारहरू	1	1	1
संगीतजस्ता	1	1	1
संगीतले	1	1	1
संगीतसँग	1	1	1
संगै	1	1	1
संग्रह‎मा	1	1	1
संग्रौलाको	1	1	1
संचरनामा	1	1	1
संचारका	1	1	1
संचारमा	1	1	1
संजमले	1	1	1
संजालङ	1	1	1
संजालभित्र	1	1	1
संजीव	1	1	1
संजीवनी	1	1	1
संज्ञाका	1	1	1
संदशीय	1	1	1
संदिग्ध	1	1	1
संदेह	1	1	1
संन्यासी	1	1	1
संबिधानसभामा	1	1	1
संभारको	1	1	1
संभोग	1	1	1
संभोगको	1	1	1
संमविधान	1	1	1
संयन्त्र	1	1	1
संयन्त्रमा	1	1	1
संयमीद्वारा	1	1	1
संयोगले	1	1	1
संयोजकसमेत	1	1	1
संरक्षणलाई	1	1	1
संरक्षणसँग	1	1	1
संरक्षीत	1	1	1
संरचनासित	1	1	1
संरचनाहरूमा	1	1	1
संलग्नताले	1	1	1
संवत	1	1	1
संवर्दन	1	1	1
संविधानबमोजिम	1	1	1
संविधानस	1	1	1
संविधि	1	1	1
संविधिका	1	1	1
संवेगहरूको	1	1	1
संवेदना	1	1	1
संशयवादको	1	1	1
संसदकी	1	1	1
संसदबाट	1	1	1
संसाधन	1	1	1
संसाधनहरूलाई	1	1	1
संसारभरि	1	1	1
संस्करणको	1	1	1
संस्करणलाई	1	1	1
संस्करणहरूमा	1	1	1
संस्कृतकै	1	1	1
संस्कृतसाहित्यमा	1	1	1
संस्कृतिविद्हरूको	1	1	1
संस्कृतिहरूको	1	1	1
संस्कृती	1	1	1
संस्कृतीभित्र	1	1	1
संस्थानले	1	1	1
संस्थापिका	1	1	1
संस्थापिकाको	1	1	1
संस्थाहरूद्वारा	1	1	1
संस्मरणात्मक	1	1	1
संहारकर्ता	1	1	1
संहिताका	1	1	1
सकन्थ्यो	1	1	1
सकरात्मक	1	1	1
सकाउन	1	1	1
सकाएपछि	1	1	1
सकिएछन्	1	1	1
सकिदैन	1	1	1
सकिबक्सनेछ	1	1	1
सकियोस	1	1	1
सकिरहेको	1	1	1
सकुन	1	1	1
सकुशल	1	1	1
सकूँ	1	1	1
सकेँ	1	1	1
सकोस	1	1	1
सक्खरखण्ड	1	1	1
सक्तछन्	1	1	1
सक्तैनन्	1	1	1
सक्थें	1	1	1
सक्दैनौ	1	1	1
सक्दैनौँ	1	1	1
सक्नुपर्ने	1	1	1
सक्नुभएन	1	1	1
सक्नेले	1	1	1
सक्पर्क	1	1	1
सक्यौँ	1	1	1
सक्रियतापूर्वक	1	1	1
सक्रियरूपमा	1	1	1
सखडाको	1	1	1
सखडेश्वरी	1	1	1
सखरको	1	1	1
सखाप	1	1	1
सखिहरूले	1	1	1
सख्खर	1	1	1
सगँसँगै	1	1	1
सगरमाथापछि	1	1	1
सगोत्री	1	1	1
सघनता	1	1	1
सङख्या	1	1	1
सङग्य	1	1	1
सङ्कटकालीन	1	1	1
सङ्कटबारे	1	1	1
सङ्कलितले	1	1	1
सङ्कायतर्फ	1	1	1
सङ्कुचित	1	1	1
सङ्केतात्मक	1	1	1
सङ्क्रमणको	1	1	1
सङ्ख्यका	1	1	1
सङ्ख्याबाट	1	1	1
सङ्गठनले	1	1	1
सङ्गठनात्मक	1	1	1
सङ्गठितरूपमा	1	1	1
सङ्गमरमरले	1	1	1
सङ्गमर्मरका	1	1	1
सङ्गमलाई	1	1	1
सङ्गालेका	1	1	1
सङ्गालेर	1	1	1
सङ्गितको	1	1	1
सङ्गीतकारहरूलाई	1	1	1
सङ्गीतप्रेमीहरू	1	1	1
सङ्गीतमय	1	1	1
सङ्गीतलाई	1	1	1
सङ्ग्रहपछिको	1	1	1
सङ्ग्राम	1	1	1
सङ्ग्रामपुर	1	1	1
सङ्ग्रामले	1	1	1
सङ्ग्राहक	1	1	1
सङ्घकै	1	1	1
सङ्घभन्दा	1	1	1
सङ्घर्षलाई	1	1	1
सङ्घलाई	1	1	1
सङ्घविरुद्ध	1	1	1
सङ्घसंस्थाको	1	1	1
सङ्घसंस्थाबाट	1	1	1
सङ्घसंस्थाले	1	1	1
सङ्घसंस्थासँग	1	1	1
सङ्घसस्थाबाट	1	1	1
सङ्ज्ञा	1	1	1
सङ्स्थापकीय	1	1	1
सचिब	1	1	1
सचेतन	1	1	1
सचेतना	1	1	1
सच्चाउन	1	1	1
सच्याइदिएको	1	1	1
सच्याइदिनु	1	1	1
सजदामा	1	1	1
सजाउन	1	1	1
सजाउनाले	1	1	1
सजाउने	1	1	1
सजाएर	1	1	1
सजातीय	1	1	1
सजायबाट	1	1	1
सजायलाई	1	1	1
सजायहरूलाई	1	1	1
सजिए	1	1	1
सजिन्छे	1	1	1
सजिलोसँग	1	1	1
सजीवहरूका	1	1	1
सञ्चारकर्मि	1	1	1
सञ्चारकर्मीहरू	1	1	1
सञ्चारक्षेत्रमा	1	1	1
सञ्चालकको	1	1	1
सञ्चालकले	1	1	1
सञ्जम	1	1	1
सञ्जयलाई	1	1	1
सञ्जाल	1	1	1
सञ्जालबाट	1	1	1
सटरलाई	1	1	1
सटलवर्थको	1	1	1
सटीक	1	1	1
सडकबाट	1	1	1
सडकमार्गद्वारा	1	1	1
सडकमार्गबाट	1	1	1
सडकलाई	1	1	1
सडी	1	1	1
सडेगलेको	1	1	1
सड्ख्या	1	1	1
सतरूपाका	1	1	1
सतवीज	1	1	1
सतहका	1	1	1
सतहसङ्ग	1	1	1
सताब्दी	1	1	1
सताब्दीमा	1	1	1
सतासीधामको	1	1	1
सती	1	1	1
सत्तरी	1	1	1
सत्तल	1	1	1
सत्तासीन	1	1	1
सत्प्रयास	1	1	1
सत्प्रवृत्ति	1	1	1
सत्प्रवृत्तिको	1	1	1
सत्प्रवृत्यात्मक	1	1	1
सत्यतपा	1	1	1
सत्यताको	1	1	1
सत्यताबाट	1	1	1
सत्ययुगमा	1	1	1
सत्यलाई	1	1	1
सत्यवचनलाई	1	1	1
सत्यवतीको	1	1	1
सत्यशमशेर	1	1	1
सत्याभास	1	1	1
सत्याल	1	1	1
सत्रलाई	1	1	1
सत्रवर्ष	1	1	1
सत्रावसानको	1	1	1
सत्रुघ्न	1	1	1
सत्रौं	1	1	1
सदन	1	1	1
सदनहरू	1	1	1
सदनहरूका	1	1	1
सदनहरूमा	1	1	1
सदरमुकाबाट	1	1	1
सदश्यहरू	1	1	1
सदश्यों	1	1	1
सदिच्छाबाट	1	1	1
सदिहरूबाट	1	1	1
सद्भावको	1	1	1
सधन्यवाद	1	1	1
सधै	1	1	1
सधैँलाई	1	1	1
सनत्कुमारको	1	1	1
सनपाटका	1	1	1
सनभाइजर	1	1	1
सनसाइन	1	1	1
सनीमा	1	1	1
सन्चालन	1	1	1
सन्जा	1	1	1
सन्जाल	1	1	1
सन्जालको	1	1	1
सन्डहेइमको	1	1	1
सन्डे	1	1	1
सन्तप्त	1	1	1
सन्तबीर	1	1	1
सन्तमहन्तबाट	1	1	1
सन्तहरू	1	1	1
सन्तहरूको	1	1	1
सन्तानमध्ये	1	1	1
सन्तुलनको	1	1	1
सन्तुलनमा	1	1	1
सन्तुलनलाई	1	1	1
सन्तोषजी	1	1	1
सन्दर्भको	1	1	1
सन्दर्भपिच्छे	1	1	1
सन्दर्भहरूलाई	1	1	1
सन्दुक	1	1	1
सन्देशलाई	1	1	1
सन्देशवाहक	1	1	1
सन्देशहरूलाई	1	1	1
सन्धिका	1	1	1
सन्धिमध्ये	1	1	1
सन्धिलाई	1	1	1
सन्धिहरूले	1	1	1
सन्ध्या	1	1	1
सन्ध्याको	1	1	1
सन्मा	1	1	1
सन्यासीलाई	1	1	1
सन्यासीहरूलाई	1	1	1
सन्सार	1	1	1
सपलाई	1	1	1
सपार्ने	1	1	1
सपिण्डीहरू	1	1	1
सप्तकोशी	1	1	1
सप्तमभावमा	1	1	1
सप्तमी	1	1	1
सप्तमीदेखि	1	1	1
सप्रेको	1	1	1
सफलतालाई	1	1	1
सफलताहरू	1	1	1
सफलताहरूमा	1	1	1
सफलताहरूलाई	1	1	1
सफाया	1	1	1
सफ्टवेयरमा	1	1	1
सफ्टवेयरहरू	1	1	1
सबारी	1	1	1
सबैकी	1	1	1
सबैजनाको	1	1	1
सबैजसोले	1	1	1
सबैसबै	1	1	1
सब्क्राइब	1	1	1
सब्मिट	1	1	1
सब्सिडी	1	1	1
सभापतित्व	1	1	1
सभापतिसम्म	1	1	1
सभामुख	1	1	1
सभामुखलाई	1	1	1
सभासद्मध्ये	1	1	1
सभाहरूका	1	1	1
सभ्यतास्थल	1	1	1
समकक्षमा	1	1	1
समकक्षसँग	1	1	1
समझ	1	1	1
समझता	1	1	1
समझदारीपूर्वक	1	1	1
समझदारीबाट	1	1	1
समझाए	1	1	1
समतलमा	1	1	1
समतापमण्डल	1	1	1
समतामुलक	1	1	1
समतामूलक	1	1	1
समतिताकार	1	1	1
समथल	1	1	1
समन	1	1	1
समन्वित	1	1	1
समन्वेषणमा	1	1	1
समप्रभुसत्ता	1	1	1
समभावेन	1	1	1
समयअनुसार	1	1	1
समयकै	1	1	1
समयखण्ड	1	1	1
समयपूर्वका	1	1	1
समयबाहेक	1	1	1
समयबिन्दुमा	1	1	1
समयभित्र	1	1	1
समयरेखाले	1	1	1
समयसँगै	1	1	1
समयसारणी	1	1	1
समयानुकूल	1	1	1
समय्बजि	1	1	1
समरकन्दको	1	1	1
समर्थ	1	1	1
समर्थनहरू	1	1	1
समर्पणले	1	1	1
समलिङ्गी	1	1	1
समलिङ्गीहरूको	1	1	1
समलैङ्गिक	1	1	1
समस्थानिकका	1	1	1
समस्याहरूका	1	1	1
समस्याहरूलाई	1	1	1
समहरूमा	1	1	1
समाई	1	1	1
समाए	1	1	1
समागम	1	1	1
समाग्री	1	1	1
समाचारपत्र	1	1	1
समाचारमूलक	1	1	1
समाचारहरूमा	1	1	1
समाजकल्याण	1	1	1
समाजकल्याणको	1	1	1
समाजद्वारा	1	1	1
समाजवाद	1	1	1
समाजशास्त्रीहरूका	1	1	1
समाजसँग	1	1	1
समाजसेवीहरूको	1	1	1
समातिएन	1	1	1
समातिन्छ	1	1	1
समातिन्थे	1	1	1
समातेमा	1	1	1
समात्दा	1	1	1
समात्यो	1	1	1
समादरणीय	1	1	1
समाधानमा	1	1	1
समाधिको	1	1	1
समाधिस्थलको	1	1	1
समाधीहरूमा	1	1	1
समानको	1	1	1
समानरूपमा	1	1	1
समानहरू	1	1	1
समाप्तिदेखि	1	1	1
समाप्तिसँगै	1	1	1
समाप्तीपछि	1	1	1
समायो	1	1	1
समारोहका	1	1	1
समालवुङ	1	1	1
समालोचक	1	1	1
समालोचनालाई	1	1	1
समालोचित	1	1	1
समिकरणयुक्त	1	1	1
समिट	1	1	1
समित	1	1	1
समितिहरूले	1	1	1
समीक्षक	1	1	1
समीक्षाका	1	1	1
समीचीन	1	1	1
समीरण	1	1	1
समुदायहरूभन्दा	1	1	1
समुदायहरूभित्र	1	1	1
समुदायहरूलाई	1	1	1
समुद्ध	1	1	1
समुद्रबाट	1	1	1
समुन्द्रसम्म	1	1	1
समुन्नत	1	1	1
समुन्नतिका	1	1	1
समुहलाई	1	1	1
समूल	1	1	1
समूहचाहिँ	1	1	1
समूहजस्ता	1	1	1
समूहमध्येबाट	1	1	1
समूहहरूलाई	1	1	1
समूहहरूले	1	1	1
समृद्धिका	1	1	1
समेट्छ	1	1	1
समेट्नेछन्	1	1	1
समेतका	1	1	1
समेतमा	1	1	1
समेतलाई	1	1	1
सम्	1	1	1
सम्झँदा	1	1	1
सम्झनाका	1	1	1
सम्झनाको	1	1	1
सम्झनायोग्य	1	1	1
सम्झनाले	1	1	1
सम्झनुभयो	1	1	1
सम्झने	1	1	1
सम्झाउँथे	1	1	1
सम्झाएँ	1	1	1
सम्झिनु	1	1	1
सम्झेको	1	1	1
सम्झेस्	1	1	1
सम्झौताको	1	1	1
सम्झौताले	1	1	1
सम्दनको	1	1	1
सम्धी	1	1	1
सम्पत्तिमाथि	1	1	1
सम्पदाका	1	1	1
सम्पाटन	1	1	1
सम्पादकमा	1	1	1
सम्पादनका	1	1	1
सम्पादनकार्य	1	1	1
सम्पादनहरूलाई	1	1	1
सम्पूर्णको	1	1	1
सम्प्रदायमा	1	1	1
सम्प्रदायले	1	1	1
सम्प्रदायसँग	1	1	1
सम्प्रदायहरू	1	1	1
सम्प्रदायेले	1	1	1
सम्बद्धता	1	1	1
सम्बन्धदेखि	1	1	1
सम्बन्धद्वारा	1	1	1
सम्बन्धबिना	1	1	1
सम्बुद्ध	1	1	1
सम्बोधनका	1	1	1
सम्बोधनले	1	1	1
सम्भवतः	1	1	1
सम्भवतया	1	1	1
सम्भाग	1	1	1
सम्भान्त	1	1	1
सम्भावनासमेत	1	1	1
सम्भावनाहरूलाई	1	1	1
सम्भोग	1	1	1
सम्भोगको	1	1	1
सम्मलित	1	1	1
सम्मानपूर्वक	1	1	1
सम्मानहरु	1	1	1
सम्मानार्थ	1	1	1
सम्मानीय	1	1	1
सम्मान्य	1	1	1
सम्मिलन	1	1	1
सम्मिलनबाट	1	1	1
सम्मिश्रणको	1	1	1
सम्मुन्नत	1	1	1
सम्मेलनबाट	1	1	1
सम्मोहन	1	1	1
सम्यक्	1	1	1
सम्राज्यको	1	1	1
सम्राट्	1	1	1
सम्वतघ	1	1	1
सम्वन्धमा	1	1	1
सम्वाद	1	1	1
सम्विधानसभाका	1	1	1
सम्शेरका	1	1	1
सम्शेरले	1	1	1
सम्हतिदेखि	1	1	1
सम्हालिएको	1	1	1
सम्हाली	1	1	1
सम्हालेर	1	1	1
सयम्भुव	1	1	1
सयुंक्त	1	1	1
सयोैँ	1	1	1
सरकारकै	1	1	1
सरकारबीच	1	1	1
सरकारसम्म	1	1	1
सरकालाई	1	1	1
सरकाले	1	1	1
सरदारको	1	1	1
सरदारहरूले	1	1	1
सरनतरन	1	1	1
सरलता	1	1	1
सरसफाईकै	1	1	1
सरसफाईमा	1	1	1
सरसफाईलाई	1	1	1
सरसमान	1	1	1
सरसल्लाह	1	1	1
सरसामानहरू	1	1	1
सरसोको	1	1	1
सरस्वतीमा	1	1	1
सरहदमा	1	1	1
सराङ्गडाँडा	1	1	1
सराप	1	1	1
सरापिन	1	1	1
सराप्न	1	1	1
सराफियनलाई	1	1	1
सरासर	1	1	1
सराह	1	1	1
सरीसृपसँग	1	1	1
सरूवा	1	1	1
सरोकारवाला	1	1	1
सरोजिनी	1	1	1
सरोबरमा	1	1	1
सर्जक	1	1	1
सर्जकहरूको	1	1	1
सर्जकहरूलाई	1	1	1
सर्जनहरू	1	1	1
सर्जन्सबाट	1	1	1
सर्जम	1	1	1
सर्जमलाई	1	1	1
सर्ट	1	1	1
सर्टिफिकेटको	1	1	1
सर्तहरू	1	1	1
सर्दैन	1	1	1
सर्न	1	1	1
सर्नुपर्छ	1	1	1
सर्पका	1	1	1
सर्पयोग	1	1	1
सर्पयोगमा	1	1	1
सर्बोच्च	1	1	1
सर्बोत्कृष्ट	1	1	1
सर्भ	1	1	1
सर्भरले	1	1	1
सर्भरसँगै	1	1	1
सर्भिस	1	1	1
सर्भेक्षणहरूले	1	1	1
सर्लका	1	1	1
सर्वकालमा	1	1	1
सर्वजितको	1	1	1
सर्वविधितै	1	1	1
सर्वव्यापक	1	1	1
सर्वशक्तिमान	1	1	1
सर्वसम्मतिले	1	1	1
सर्वसाधारणका	1	1	1
सर्वसाधारणबाट	1	1	1
सर्वसामान्य	1	1	1
सर्वहारा	1	1	1
सर्वाङ्गीण	1	1	1
सर्वाधिकार	1	1	1
सर्वे	1	1	1
सर्वेक्षणकर्ता	1	1	1
सर्वेक्षणको	1	1	1
सर्वोकृष्ट	1	1	1
सर्वोच्चद्वारा	1	1	1
सलक्क	1	1	1
सलाका	1	1	1
सलामका	1	1	1
सलामले	1	1	1
सलेबी	1	1	1
सल्काउने	1	1	1
सल्किएको	1	1	1
सल्फाइड	1	1	1
सल्यानकी	1	1	1
सल्यानसँग	1	1	1
सल्यानी	1	1	1
सल्लमा	1	1	1
सल्लल्लाहु	1	1	1
सल्लाका	1	1	1
सल्लाहरूसँग	1	1	1
सल्लेरी	1	1	1
सल्लोको	1	1	1
सवारीहरू	1	1	1
सविधानसभाको	1	1	1
सशक्तरूपमा	1	1	1
सशक्तिकरण	1	1	1
सशक्तिकरणमा	1	1	1
ससानो	1	1	1
ससुरा	1	1	1
ससेजको	1	1	1
सस्कृतिले	1	1	1
सस्तिएको	1	1	1
सहअध्यक्षहरू	1	1	1
सहइन्चार्ज	1	1	1
सहकर्मीहरूले	1	1	1
सहकलाकार	1	1	1
सहकलाकारको	1	1	1
सहकारीका	1	1	1
सहकालको	1	1	1
सहको	1	1	1
सहगलको	1	1	1
सहजताको	1	1	1
सहनबाट	1	1	1
सहनायिका	1	1	1
सहनु	1	1	1
सहनुपरेको	1	1	1
सहपाठिहरूसँग	1	1	1
सहबद्ध	1	1	1
सहभागि	1	1	1
सहभागितामा	1	1	1
सहभागितालाई	1	1	1
सहमतहुँदै	1	1	1
सहमतिको	1	1	1
सहमती	1	1	1
सहयात्री	1	1	1
सहयोगीहरु	1	1	1
सहयोगीहरू	1	1	1
सहरबाट	1	1	1
सहरले	1	1	1
सहरहरूमध्ये	1	1	1
सहरीकृत	1	1	1
सहरूट	1	1	1
सहलेखन	1	1	1
सहवासको	1	1	1
सहसभापति	1	1	1
सहस्त्र	1	1	1
सहस्थापना	1	1	1
सहस्रनाम	1	1	1
सहायतको	1	1	1
सहायतादेखि	1	1	1
सहिष्णुताको	1	1	1
साँगाचोकको	1	1	1
साँघुरिनु	1	1	1
साँचै	1	1	1
साँझा	1	1	1
साँदेर	1	1	1
साँधमा	1	1	1
साँवरी	1	1	1
सांगितीक	1	1	1
सांगीतिक	1	1	1
सांसद	1	1	1
सांसदको	1	1	1
साइकलहरू	1	1	1
साइटको	1	1	1
साइटिक	1	1	1
साइडमा	1	1	1
साइनोले	1	1	1
साइन्सका	1	1	1
साइन्सेज	1	1	1
साइन्सेसमा	1	1	1
साइप्रस	1	1	1
साइबरडाइन	1	1	1
साइला	1	1	1
साईट	1	1	1
साकेनवा	1	1	1
साकेवा	1	1	1
साक्षत	1	1	1
साक्षात्	1	1	1
साक्षात्कारमा	1	1	1
साख	1	1	1
साखेवा	1	1	1
सागपात	1	1	1
सागरलाई	1	1	1
सागा	1	1	1
सागौन	1	1	1
साङपाङ	1	1	1
साङसिलिङ	1	1	1
साङ्गीतीक	1	1	1
साङ्गेसम्मै	1	1	1
साङ्घाई	1	1	1
साङ्ची	1	1	1
साङ्पाङ्	1	1	1
साझाले	1	1	1
साझी	1	1	1
साझेदारीको	1	1	1
साटिभस	1	1	1
साटियो	1	1	1
साठी	1	1	1
साठीघर	1	1	1
सातदलीय	1	1	1
सातसात	1	1	1
सातौँपल्ट	1	1	1
साथिहरूका	1	1	1
साथिहरूको	1	1	1
साथीबाट	1	1	1
साथीभाइसँग	1	1	1
साथीभाइहरू	1	1	1
साथीलाई	1	1	1
साथीहरुलाई	1	1	1
साथीहरूका	1	1	1
साथीहरूबाट	1	1	1
साथीहरूबीचमा	1	1	1
साथैलाई	1	1	1
साधकप्रतिको	1	1	1
साधकहरूको	1	1	1
साधकहरूमध्येबाट	1	1	1
साधनहरूको	1	1	1
साधनहरूद्वारा	1	1	1
साधनहरूलाई	1	1	1
साधना	1	1	1
साधनाहरूको	1	1	1
साधुलाई	1	1	1
साधुसन्तका	1	1	1
साध्यात्मक	1	1	1
सानको	1	1	1
सानदार	1	1	1
सानाठुला	1	1	1
सानालाई	1	1	1
सानीआमा	1	1	1
सानु	1	1	1
सानुसिरुबारी	1	1	1
सानुसिरुवारी	1	1	1
सानेपाली	1	1	1
सान्चेजलाई	1	1	1
सान्त	1	1	1
सान्दिनो	1	1	1
सान्सारिक	1	1	1
सापराध	1	1	1
सापेक्षताको	1	1	1
साप्ताहिकको	1	1	1
साफमा	1	1	1
साफल्य	1	1	1
साफा	1	1	1
साबि	1	1	1
साबुनको	1	1	1
साभिप्राय	1	1	1
सामग्रिसँग	1	1	1
सामग्रिसहित	1	1	1
सामग्रीमा	1	1	1
सामग्रीयुक्त	1	1	1
सामग्रीहरूलाई	1	1	1
सामन्तवादको	1	1	1
सामन्तीद्वारा	1	1	1
सामर्थ्ययुक्त	1	1	1
सामर्थ्यसमेत	1	1	1
सामानी	1	1	1
सामान्तिको	1	1	1
सामान्यतय	1	1	1
सामान्यभन्दा	1	1	1
सामान्याको	1	1	1
सामान्यिकरण	1	1	1
सामिप्य	1	1	1
सामुदायले	1	1	1
सामुद्रिक	1	1	1
सामुद्रीक	1	1	1
सामुन्द्रिक	1	1	1
साम्बपुर	1	1	1
साम्य	1	1	1
साम्राजयको	1	1	1
साम्राज्ञीका	1	1	1
साम्राज्यले	1	1	1
साम्राज्यवाद	1	1	1
साम्राज्यवादप्रति	1	1	1
साम्राज्यवादलाई	1	1	1
सायनसूर्यको	1	1	1
सारङ्गद्वारा	1	1	1
सारङ्गीको	1	1	1
सारण	1	1	1
सारणिहरूका	1	1	1
सारणीहरूमा	1	1	1
सारतत्त्वलाई	1	1	1
सारलाई	1	1	1
सारांश	1	1	1
साराभङ्ग	1	1	1
सारी	1	1	1
सारेँ	1	1	1
सारेमा	1	1	1
सार्कीकी	1	1	1
सार्कोजी	1	1	1
सार्दी	1	1	1
सार्नुहुँदैछ	1	1	1
सार्नेमा	1	1	1
सार्वजानिक	1	1	1
सार्वदेशिक	1	1	1
सार्वभौमिकता	1	1	1
सालताका	1	1	1
सालपूर्व	1	1	1
सालभरि	1	1	1
सालसम्मका	1	1	1
सालसम्ममा	1	1	1
साली	1	1	1
सालीग्रामलाई	1	1	1
सालीग्रामा	1	1	1
साल्भाडोर	1	1	1
सावकोटाजी	1	1	1
सावधान	1	1	1
सावधानीपूर्वक	1	1	1
साविकको	1	1	1
सावित्रा	1	1	1
साशक	1	1	1
साश्वत	1	1	1
साष्टाङ्ग	1	1	1
साहना	1	1	1
साहबलाई	1	1	1
साहयताको	1	1	1
साहलाई	1	1	1
साहससित	1	1	1
साहसिक	1	1	1
साहित्यकारहरू	1	1	1
साहित्यकारहरूमा	1	1	1
साहित्यभन्दै	1	1	1
साहित्यशास्त्रका	1	1	1
साहित्यसँगै	1	1	1
साहित्याकाशमा	1	1	1
साहित्येतर	1	1	1
साहिबको	1	1	1
साहिबी	1	1	1
साहेब	1	1	1
सिँगान	1	1	1
सिँगारिएको	1	1	1
सिँचाई	1	1	1
सिँढीहरू	1	1	1
सिँसिँ	1	1	1
सिंगारेको	1	1	1
सिंगासैन	1	1	1
सिंघको	1	1	1
सिंचित	1	1	1
सिंहदरबार	1	1	1
सिंहदरबारको	1	1	1
सिंहद्वारा	1	1	1
सिंहबाटै	1	1	1
सिउँडीकै	1	1	1
सिउँडीसँग	1	1	1
सिउदाद	1	1	1
सिउने	1	1	1
सिउल	1	1	1
सिएएफ	1	1	1
सिएक्स	1	1	1
सिएनएनले	1	1	1
सिएनजीमा	1	1	1
सिएफएको	1	1	1
सिक	1	1	1
सिकंदर	1	1	1
सिकर्मी	1	1	1
सिकाइदिनुहोला	1	1	1
सिकाइमा	1	1	1
सिकाउँदा	1	1	1
सिकाउछ	1	1	1
सिकायत	1	1	1
सिकायतकर्ता	1	1	1
सिकारीको	1	1	1
सिकारीलाई	1	1	1
सिकेकै	1	1	1
सिकेर	1	1	1
सिक्का	1	1	1
सिक्काबाट	1	1	1
सिक्कामा	1	1	1
सिक्किमका	1	1	1
सिक्किममाथिको	1	1	1
सिक्किमलाई	1	1	1
सिक्खहरूका	1	1	1
सिक्खहरूको	1	1	1
सिक्थ	1	1	1
सिक्दासिक्दै	1	1	1
सिक्नका	1	1	1
सिक्नुपर्छ	1	1	1
सिक्नुहोला	1	1	1
सिक्नुहोस्	1	1	1
सिक्रीसहितका	1	1	1
सिक्वल	1	1	1
सिक्ससँगै	1	1	1
सिग्द्यालद्वारा	1	1	1
सिग्नल	1	1	1
सिङलाई	1	1	1
सिङ्ग	1	1	1
सिङ्गमर्मर	1	1	1
सिङ्गमर्मरलाई	1	1	1
सिङ्गल	1	1	1
सिङ्गलिलाबाट	1	1	1
सिङ्गापुरलगायतका	1	1	1
सिङ्हासैन	1	1	1
सिचुवान	1	1	1
सिजदामा	1	1	1
सिजनलाई	1	1	1
सिजीका	1	1	1
सिजीभित्रै	1	1	1
सिज्मिक	1	1	1
सिज्वे	1	1	1
सिज्वेका	1	1	1
सिञ्चित	1	1	1
सिञ्जा	1	1	1
सिटरस	1	1	1
सिटसहित	1	1	1
सिटहरूमा	1	1	1
सिटि	1	1	1
सिठी	1	1	1
सिडनीमा	1	1	1
सिडिओ	1	1	1
सित	1	1	1
सिता	1	1	1
सिताराहरूका	1	1	1
सितिमीति	1	1	1
सितै	1	1	1
सिद्दिका	1	1	1
सिद्धपीठ	1	1	1
सिद्धबाबालगायतका	1	1	1
सिद्धान्तबाट	1	1	1
सिद्धान्तसँग	1	1	1
सिद्धान्तहरु	1	1	1
सिद्धान्तहरूमा	1	1	1
सिद्धान्तानुसार	1	1	1
सिद्धिका	1	1	1
सिद्धिथुम्का	1	1	1
सिद्धिप्राप्त	1	1	1
सिधामाथि	1	1	1
सिधैँ	1	1	1
सिध्याउनको	1	1	1
सिनाज्या	1	1	1
सिनान	1	1	1
सिनामंगलमा	1	1	1
सिनिङ	1	1	1
सिनेटका	1	1	1
सिनेटमा	1	1	1
सिनेटले	1	1	1
सिनेनगरि	1	1	1
सिनेमाको	1	1	1
सिनेरा	1	1	1
सिन्का	1	1	1
सिन्कासम्म	1	1	1
सिन्चित	1	1	1
सिन्दुरको	1	1	1
सिन्धी	1	1	1
सिन्धुलीमाढीमा	1	1	1
सिपबाट	1	1	1
सिपाघाट	1	1	1
सिपापोखरे	1	1	1
सिपाहीको	1	1	1
सिपाहीले	1	1	1
सिपाहीहरूले	1	1	1
सिपियुको	1	1	1
सिपी	1	1	1
सिफसिस	1	1	1
सिफारिश	1	1	1
सिबिएसइका	1	1	1
सिमसा	1	1	1
सिमानाहरू	1	1	1
सिमाबाट	1	1	1
सिमाली	1	1	1
सिमालीको	1	1	1
सिमासँग	1	1	1
सिमासम्म	1	1	1
सिमि	1	1	1
सिमिकोटसम्म	1	1	1
सिमीको	1	1	1
सिमीकोटमा	1	1	1
सिमेन्टेड	1	1	1
सिम्कौली	1	1	1
सिम्थली	1	1	1
सिम्पालकाभ्रे	1	1	1
सिम्पाली	1	1	1
सिम्बोल	1	1	1
सिम्रोनगढ	1	1	1
सिम्रौनगढको	1	1	1
सिम्ले	1	1	1
सियाङ्ग	1	1	1
सियाटलमा	1	1	1
सियाला	1	1	1
सिरमौरी	1	1	1
सिरलिङ्गे	1	1	1
सिरहको	1	1	1
सिरहरूबाट	1	1	1
सिरान	1	1	1
सिरानीमुनि	1	1	1
सिरिमा	1	1	1
सिरूबारीको	1	1	1
सिरेमा	1	1	1
सिरेमिक	1	1	1
सिरैकीमा	1	1	1
सिर्जनशील	1	1	1
सिर्जनशीलता	1	1	1
सिर्जनाजी	1	1	1
सिर्जनात्मक	1	1	1
सिर्जनालाई	1	1	1
सिर्जिएको	1	1	1
सिर्तमा	1	1	1
सिलगुढी	1	1	1
सिलावको	1	1	1
सिलिकनलाई	1	1	1
सिलिका	1	1	1
सिलिकेट	1	1	1
सिलिगुढीमा	1	1	1
सिली	1	1	1
सिलुवा	1	1	1
सिलौटामा	1	1	1
सिल्क	1	1	1
सिल्कु	1	1	1
सिल्लिमो	1	1	1
सिविकडैनिअल्स	1	1	1
सिसपको	1	1	1
सिसा	1	1	1
सिसाकलम	1	1	1
सिसी	1	1	1
सिसुलु	1	1	1
सिसुलुको	1	1	1
सिस्टको	1	1	1
सिस्टममा	1	1	1
सिस्टर्सको	1	1	1
सिहंदरवार	1	1	1
सीएनएन	1	1	1
सीएनएनको	1	1	1
सीएफको	1	1	1
सीएसए	1	1	1
सीकरी	1	1	1
सीकाःभ्वय्	1	1	1
सीटहरू	1	1	1
सीटहरूको	1	1	1
सीतालाई	1	1	1
सीधासादाले	1	1	1
सीनेटर	1	1	1
सीपको	1	1	1
सीपमा	1	1	1
सीमसारको	1	1	1
सीमाङ्कन	1	1	1
सीमानाको	1	1	1
सीमानाहरूसँग	1	1	1
सीमापारी	1	1	1
सीमारेखाभन्दा	1	1	1
सीमालाई	1	1	1
सीमाहरूको	1	1	1
सीमाहरूदेखि	1	1	1
सीवी	1	1	1
सुँगरखाल	1	1	1
सुँघाउदा	1	1	1
सुअवसरमा	1	1	1
सुईको	1	1	1
सुकाइकन	1	1	1
सुकाइन्छन्	1	1	1
सुकाउनु	1	1	1
सुकाउनुपर्दछ	1	1	1
सुकिसकेका	1	1	1
सुकुटेमा	1	1	1
सुकुम्वासी	1	1	1
सुकेकाको	1	1	1
सुकेपछि	1	1	1
सुकेपोखरी	1	1	1
सुक्दैन्	1	1	1
सुखवादी	1	1	1
सुखसयल	1	1	1
सुखै	1	1	1
सुख्खाको	1	1	1
सुगमताबाट	1	1	1
सुगर	1	1	1
सुगुरे	1	1	1
सुचारु	1	1	1
सुचित	1	1	1
सुचीमा	1	1	1
सुजन	1	1	1
सुझावलाई	1	1	1
सुझावसहित	1	1	1
सुटआउटमा	1	1	1
सुटिङका	1	1	1
सुटिङमा	1	1	1
सुटिङ्ग	1	1	1
सुत	1	1	1
सुतक	1	1	1
सुताएर	1	1	1
सुते	1	1	1
सुतेर	1	1	1
सुत्नाले	1	1	1
सुत्यौँ	1	1	1
सुत्रहरू	1	1	1
सुदुरपूर्वी	1	1	1
सुदूरपूर्वमा	1	1	1
सुद्धासुद्धीलाई	1	1	1
सुद्र	1	1	1
सुधाकर	1	1	1
सुधानीहरू	1	1	1
सुधारकहरूले	1	1	1
सुधारमा	1	1	1
सुधारसँगसँगै	1	1	1
सुधारहरूका	1	1	1
सुनकै	1	1	1
सुनकोसीले	1	1	1
सुनखानीको	1	1	1
सुनखानीहरू	1	1	1
सुनाइएन	1	1	1
सुनाइन्	1	1	1
सुनाउँछ	1	1	1
सुनाउँदा	1	1	1
सुनाउँदासुनाउँदै	1	1	1
सुनाउनुहुन्छ	1	1	1
सुनाएकी	1	1	1
सुनापति	1	1	1
सुनिंनु	1	1	1
सुनिन	1	1	1
सुनिनु	1	1	1
सुनिनेछन्	1	1	1
सुनिन्छन्	1	1	1
सुनियो	1	1	1
सुनिश्चितताका	1	1	1
सुनिसकेको	1	1	1
सुनुवाई	1	1	1
सुनुवारहरूले	1	1	1
सुन्छौ	1	1	1
सुन्दरवन	1	1	1
सुन्दरीको	1	1	1
सुन्दरीबाट	1	1	1
सुन्धाराको	1	1	1
सुन्नको	1	1	1
सुन्निएका	1	1	1
सुन्निएमा	1	1	1
सुन्नोस्	1	1	1
सुपरनोवा	1	1	1
सुपरस्टारको	1	1	1
सुपरहिट	1	1	1
सुपरीवेक्षण	1	1	1
सुपाच्य	1	1	1
सुपेरियर	1	1	1
सुप्पबुद्ध	1	1	1
सुप्रसिद्द	1	1	1
सुफि	1	1	1
सुबनसिरी	1	1	1
सुबह	1	1	1
सुब्बाहरूले	1	1	1
सुब्रतदत	1	1	1
सुभाषचन्द्र	1	1	1
सुभिक्षराज	1	1	1
सुमात्रामा	1	1	1
सुम्निमा	1	1	1
सुम्निमाले	1	1	1
सुम्पन	1	1	1
सुम्पिदिए	1	1	1
सुम्पिनु	1	1	1
सुरक्षाकर्मी	1	1	1
सुरक्षाकर्मीलाई	1	1	1
सुरक्षालाई	1	1	1
सुरङद्वारा	1	1	1
सुरजीत	1	1	1
सुरमा	1	1	1
सुरम्य	1	1	1
सुरवात	1	1	1
सुरहरूको	1	1	1
सुराकी	1	1	1
सुराकीका	1	1	1
सुरुचि	1	1	1
सुरुवातदेखि	1	1	1
सुरूआतले	1	1	1
सुरूवातदेखि	1	1	1
सुरूवातसंगै	1	1	1
सुरूवाल	1	1	1
सुरूवालको	1	1	1
सुरेल	1	1	1
सुर्तीका	1	1	1
सुलतान	1	1	1
सुलुत्त	1	1	1
सुल्तानले	1	1	1
सुल्तानहरूका	1	1	1
सुल्तानहरूको	1	1	1
सुल्तानहरूले	1	1	1
सुवर्ण	1	1	1
सुवर्णशमशेर	1	1	1
सुवासिलो	1	1	1
सुविख्यात	1	1	1
सुविधामा	1	1	1
सुविधाहरु	1	1	1
सुविधाहरू	1	1	1
सुविधाहरूयुक्त	1	1	1
सुवेदीलाई	1	1	1
सुव्यवस्थालाई	1	1	1
सुव्यवस्थित	1	1	1
सुशासन	1	1	1
सुशोभित	1	1	1
सुषुम्नालाई	1	1	1
सुसाउने	1	1	1
सुसाङ्ख्य	1	1	1
सुसान्त	1	1	1
सुसारे	1	1	1
सुसुम	1	1	1
सुसूचित	1	1	1
सुहार्तोलाई	1	1	1
सुहार्तोले	1	1	1
सूक्तिसिन्धुपर्व	1	1	1
सूक्तिहरू	1	1	1
सूक्ष्मता	1	1	1
सूक्ष्मरूपमा	1	1	1
सूख	1	1	1
सूचनापरक	1	1	1
सूचनामुखी	1	1	1
सूचनाहरूको	1	1	1
सूचाङ्काअनुसार	1	1	1
सूचिबाट	1	1	1
सूचीकल्पको	1	1	1
सूचीबाट	1	1	1
सूचीभित्र	1	1	1
सूत्रका	1	1	1
सूत्रदेखि	1	1	1
सूत्रपात	1	1	1
सूत्रयुगदेखि	1	1	1
सूत्रसित	1	1	1
सूत्रस्मृतिकालदेखि	1	1	1
सूफी	1	1	1
सूबेदार	1	1	1
सूरीको	1	1	1
सूर्यपुत्र	1	1	1
सूर्यप्रकाशको	1	1	1
सूर्यवंशमबाट	1	1	1
सूर्यविक्रम	1	1	1
सूर्यसँग	1	1	1
सूर्यहरूका	1	1	1
सूर्यास्तका	1	1	1
सूर्यास्तपछि	1	1	1
सूर्योदयदेखि	1	1	1
सृजन	1	1	1
सृजनाको	1	1	1
सृष्टिकी	1	1	1
सृष्टिदेखि	1	1	1
सृष्टिवैचित्र्य	1	1	1
सेँसिस	1	1	1
सेंग्रेमा	1	1	1
सेउवा	1	1	1
सेकुहोङका	1	1	1
सेकेन्डसम्म	1	1	1
सेक्टेम्बरको	1	1	1
सेक्ने	1	1	1
सेक्स	1	1	1
सेगनदेखि	1	1	1
सेज	1	1	1
सेजिमको	1	1	1
सेटलमाट	1	1	1
सेटिङबाट	1	1	1
सेटिभा	1	1	1
सेठको	1	1	1
सेडेटिभ	1	1	1
सेढाई	1	1	1
सेतीको	1	1	1
सेतीखोला	1	1	1
सेतीदेवी	1	1	1
सेतुको	1	1	1
सेतुद्वारा	1	1	1
सेतुबन्धदेखि	1	1	1
सेतुबन्धबाट	1	1	1
सेतैसेतो	1	1	1
सेनकी	1	1	1
सेनको	1	1	1
सेनसँग	1	1	1
सेनाकै	1	1	1
सेनाध्यक्ष	1	1	1
सेनानायक	1	1	1
सेनापतिको	1	1	1
सेनापतिहरूद्वारा	1	1	1
सेनाबीच	1	1	1
सेनामाथि	1	1	1
सेनाहरूमा	1	1	1
सेन्टरको	1	1	1
सेन्टरी	1	1	1
सेन्टीगो	1	1	1
सेन्दाङ	1	1	1
सेन्विचको	1	1	1
सेन्सरसिप	1	1	1
सेप	1	1	1
सेफ	1	1	1
सेभेन	1	1	1
सेमिको	1	1	1
सेमिनार	1	1	1
सेमेस्टर	1	1	1
सेमेस्टरको	1	1	1
सेरचौर	1	1	1
सेरेना	1	1	1
सेर्गीएभिच	1	1	1
सेलद्वारा	1	1	1
सेलर	1	1	1
सेलरोटी	1	1	1
सेलहरूद्वारा	1	1	1
सेलाएपछि	1	1	1
सेल्डनद्वारा	1	1	1
सेवकका	1	1	1
सेवकहरू	1	1	1
सेवकहरूको	1	1	1
सेवकहरूले	1	1	1
सेवाकार्य	1	1	1
सेवेन	1	1	1
सैँबुमा	1	1	1
सैकडौहरूलाई	1	1	1
सैतानको	1	1	1
सैतानी	1	1	1
सैन	1	1	1
सैनिकले	1	1	1
सैनिकहरू	1	1	1
सैन्डी	1	1	1
सैन्यदल	1	1	1
सैन्यविद्	1	1	1
सैला	1	1	1
सैलामा	1	1	1
सैलुङ	1	1	1
सोकोट्रा	1	1	1
सोचको	1	1	1
सोचाइका	1	1	1
सोचिरहन्छन्	1	1	1
सोचिरहन्थे	1	1	1
सोचिरहेका	1	1	1
सोचेनन्	1	1	1
सोचेपछि	1	1	1
सोच्न	1	1	1
सोच्नेथ्यौ	1	1	1
सोझो	1	1	1
सोट	1	1	1
सोडियम	1	1	1
सोद्धछ	1	1	1
सोधकर्ताले	1	1	1
सोधखोज	1	1	1
सोधिएको	1	1	1
सोधिएछ	1	1	1
सोधिहाल्यो	1	1	1
सोधीखोजी	1	1	1
सोधेकी	1	1	1
सोधेछ	1	1	1
सोधेछन्	1	1	1
सोध्छौं	1	1	1
सोध्नुहोला	1	1	1
सोध्लीन्	1	1	1
सोनि	1	1	1
सोपान	1	1	1
सोपानमा	1	1	1
सोबुक्वे	1	1	1
सोमध्ये	1	1	1
सोमबारदेखि	1	1	1
सोमबारसम्म	1	1	1
सोमरसेट	1	1	1
सोमेश्वरानन्दले	1	1	1
सोयासस	1	1	1
सोरठी	1	1	1
सोराइसिस	1	1	1
सोर्हौँले	1	1	1
सोल	1	1	1
सोली	1	1	1
सोलुखुम्बुको	1	1	1
सोलुतर्फ	1	1	1
सोलुतिर	1	1	1
सोलुबिलिटीसँग	1	1	1
सोलोमान	1	1	1
सोल्जरमा	1	1	1
सोवको	1	1	1
सोवियतहरूले	1	1	1
सोसन	1	1	1
सोसाइटिलाई	1	1	1
सोसाइटीद्वारा	1	1	1
सोसायटी	1	1	1
सौखले	1	1	1
सौदाको	1	1	1
सौन्दर्यमा	1	1	1
सौन्दर्ययुक्त	1	1	1
सौन्दर्यलाई	1	1	1
सौन्दर्यशास्त्र	1	1	1
सौन्दर्यानुभूति	1	1	1
सौम	1	1	1
सौरन	1	1	1
सौरि	1	1	1
सौर्यमासलाई	1	1	1
सौर्यशक्तिबाट	1	1	1
सौहार्दपूर्ण	1	1	1
सौहार्द्रताको	1	1	1
स्कंदश्वामीको	1	1	1
स्कंदश्वामीलाई	1	1	1
स्कटल्याण्डबाट	1	1	1
स्कटिश	1	1	1
स्कप	1	1	1
स्काउटद्वारा	1	1	1
स्काउटलाई	1	1	1
स्काउटले	1	1	1
स्किममा	1	1	1
स्किमर	1	1	1
स्कुललाई	1	1	1
स्कुलहरूका	1	1	1
स्कुलहरूको	1	1	1
स्कूलमा	1	1	1
स्केच	1	1	1
स्कोरिङ्	1	1	1
स्कोल्डले	1	1	1
स्क्यान	1	1	1
स्क्याली	1	1	1
स्खलन	1	1	1
स्खलनलाई	1	1	1
स्टकोट	1	1	1
स्टक्ली	1	1	1
स्टडिज	1	1	1
स्टप	1	1	1
स्टफोर्ड	1	1	1
स्टब्टेल	1	1	1
स्टर्टले	1	1	1
स्टर्लिंङ	1	1	1
स्टर्लिङ	1	1	1
स्टल	1	1	1
स्टानफोर्ड	1	1	1
स्टाफका	1	1	1
स्टाफहरूद्वारा	1	1	1
स्टारशिप	1	1	1
स्टार्च	1	1	1
स्टालले	1	1	1
स्टासबर्गका	1	1	1
स्टिर	1	1	1
स्टिव	1	1	1
स्टीफन	1	1	1
स्टील	1	1	1
स्टीवर्ड	1	1	1
स्टुडियो	1	1	1
स्टुडियोहरूले	1	1	1
स्टुडेन्टस्	1	1	1
स्टुर्ड	1	1	1
स्टेङ्गोद्वारा	1	1	1
स्टेजोनमा	1	1	1
स्टेनफेल्ड	1	1	1
स्टेनली	1	1	1
स्टेप	1	1	1
स्टेसनको	1	1	1
स्टेसनहरूसँग	1	1	1
स्टेसन्	1	1	1
स्टैच्युट	1	1	1
स्टैनली	1	1	1
स्टैमफोर्ड	1	1	1
स्टोङ्गदेमा	1	1	1
स्टोनकर्लिउ	1	1	1
स्टोनले	1	1	1
स्टोरेज	1	1	1
स्टोलोनिफर	1	1	1
स्ट्यानफोर्ड	1	1	1
स्ट्रक्चरल्स	1	1	1
स्ट्राटेजिक	1	1	1
स्ट्रिपर	1	1	1
स्ट्रेटनको	1	1	1
स्ट्रेटीग्राफी	1	1	1
स्ट्रेन्ज	1	1	1
स्ट्रेन्जनेस	1	1	1
स्ट्रैटोपज	1	1	1
स्ट्रोक	1	1	1
स्ट्रोकका	1	1	1
स्ट्रोकमा	1	1	1
स्डेलाइडमा	1	1	1
स्तब्ध	1	1	1
स्तम्भमध्ये	1	1	1
स्तम्भमा	1	1	1
स्तम्भले	1	1	1
स्तम्भहरू	1	1	1
स्तरसँग	1	1	1
स्तरहरूको	1	1	1
स्तुतिका	1	1	1
स्तुतीमा	1	1	1
स्तोत्रका	1	1	1
स्त्रीलिङ्गी	1	1	1
स्त्रीसित	1	1	1
स्त्रीहरूसँग	1	1	1
स्थगन	1	1	1
स्थनको	1	1	1
स्थनमा	1	1	1
स्थलरूद्ध	1	1	1
स्थललाई	1	1	1
स्थलहरुको	1	1	1
स्थलहरूसित	1	1	1
स्थला	1	1	1
स्थाइ	1	1	1
स्थानभन्दा	1	1	1
स्थानहरूबाट	1	1	1
स्थानान्तरणसँग	1	1	1
स्थानीयवासीले	1	1	1
स्थानीयवासीहरूको	1	1	1
स्थान्तरित	1	1	1
स्थापत्यकलाको	1	1	1
स्थापनाकालमा	1	1	1
स्थापनासँगै	1	1	1
स्थापितले	1	1	1
स्थावर	1	1	1
स्थितिभन्दा	1	1	1
स्थितिले	1	1	1
स्थितिसम्म	1	1	1
स्थितिहरू	1	1	1
स्थितिहरूका	1	1	1
स्थौलाष्ठीवि	1	1	1
स्नाउट	1	1	1
स्नातकदेखि	1	1	1
स्नानबाट	1	1	1
स्नानले	1	1	1
स्नानादिमा	1	1	1
स्नायुप्रणाली	1	1	1
स्नेहीले	1	1	1
स्नोफिन्च	1	1	1
स्पटको	1	1	1
स्पटजसलाई	1	1	1
स्पर्धा	1	1	1
स्पर्धाको	1	1	1
स्पर्श	1	1	1
स्पर्शेन्द्रीय	1	1	1
स्पष्टताले	1	1	1
स्पष्ठ	1	1	1
स्पहरूसर	1	1	1
स्पहरूसलीको	1	1	1
स्पाइरल	1	1	1
स्पाइस	1	1	1
स्पाइसजेट	1	1	1
स्पात	1	1	1
स्पार्कका	1	1	1
स्पार्टा	1	1	1
स्पिरिट	1	1	1
स्पीडी	1	1	1
स्पेनिया	1	1	1
स्पेल्डिङको	1	1	1
स्पेशल	1	1	1
स्पोरान्जिया	1	1	1
स्पोर्ट्स	1	1	1
स्फोटको	1	1	1
स्मरणमा	1	1	1
स्मारकहरुका	1	1	1
स्मारकहरू	1	1	1
स्मारकहरूले	1	1	1
स्मारिका	1	1	1
स्मार्त	1	1	1
स्मीगोल	1	1	1
स्मृतिका	1	1	1
स्मृतिग्रन्थ	1	1	1
स्मृतिग्रन्थहरूमा	1	1	1
स्मृतिचिह्न	1	1	1
स्मृतिबिम्बहरूको	1	1	1
स्मृतिबिम्बहरूमा	1	1	1
स्मृतिलाई	1	1	1
स्याउलालाई	1	1	1
स्याङजा	1	1	1
स्याङ्जामा	1	1	1
स्यान्डर्सको	1	1	1
स्यान्डलर	1	1	1
स्यान्डविच	1	1	1
स्यान्डविचको	1	1	1
स्यान्डिलको	1	1	1
स्याबासी	1	1	1
स्यालले	1	1	1
स्याहारबारे	1	1	1
स्याहारसम्भार	1	1	1
स्युचाटार	1	1	1
स्युना	1	1	1
स्यो	1	1	1
स्योम्हेन्दो	1	1	1
स्रष्टाको	1	1	1
स्रस्टाहरूको	1	1	1
स्रोतहरूको	1	1	1
स्रोताका	1	1	1
स्रोताहरूलाई	1	1	1
स्लाइडहरू	1	1	1
स्लिप	1	1	1
स्लेन्डर	1	1	1
स्लेमका	1	1	1
स्लोभाकिया	1	1	1
स्वअतुल	1	1	1
स्वआख्यान	1	1	1
स्वकीय	1	1	1
स्वको	1	1	1
स्वजनले	1	1	1
स्वठनारायणस्थान	1	1	1
स्वतन्त्रताले	1	1	1
स्वतस्फूर्त	1	1	1
स्वदेशीहरू	1	1	1
स्वप्नमा	1	1	1
स्वप्नवाग	1	1	1
स्वभावअनुसार	1	1	1
स्वभावमा	1	1	1
स्वभावहरू	1	1	1
स्वयंसेवकले	1	1	1
स्वयम	1	1	1
स्वयम्भु	1	1	1
स्वयम्भूनाथ	1	1	1
स्वयम्ले	1	1	1
स्वयम्सेवकको	1	1	1
स्वयम्सेवी	1	1	1
स्वरदेखि	1	1	1
स्वरवर्ण	1	1	1
स्वरहरूलाई	1	1	1
स्वरान्त	1	1	1
स्वरूपगत	1	1	1
स्वरूपहरू	1	1	1
स्वरूपहरूलाई	1	1	1
स्वरोचिष	1	1	1
स्वर्गद्वारी	1	1	1
स्वर्गद्वारीका	1	1	1
स्वर्गवासको	1	1	1
स्वर्गसमान	1	1	1
स्वर्ड	1	1	1
स्वर्णकाल	1	1	1
स्वर्णजटित	1	1	1
स्वर्णपदक	1	1	1
स्वर्णयुग	1	1	1
स्वविवेकको	1	1	1
स्वस्तिश्री	1	1	1
स्वाइनस्टाइगरले	1	1	1
स्वागतका	1	1	1
स्वागसम्मको	1	1	1
स्वाधीन	1	1	1
स्वाधीनता	1	1	1
स्वाध्याय	1	1	1
स्वामिभक्त	1	1	1
स्वामीबाग	1	1	1
स्वामीले	1	1	1
स्वायत्ततालाई	1	1	1
स्वायम्भु	1	1	1
स्वारा	1	1	1
स्वावलम्बी	1	1	1
स्वास्थ्यकर्मीलाई	1	1	1
स्वास्थ्यकर्मीहरू	1	1	1
स्वास्थ्यबर्द्धक	1	1	1
स्वास्थ्यमन्त्रीसँग	1	1	1
स्विकार	1	1	1
स्विकारिन्	1	1	1
स्विकार्न	1	1	1
स्विङ्ग	1	1	1
स्विचेस	1	1	1
स्विजरल्याण्ड	1	1	1
स्विडेनका	1	1	1
स्विडेनसँग	1	1	1
स्विफ्ट	1	1	1
स्वीकारेका	1	1	1
स्वीकारेपछि	1	1	1
स्वीकारोक्ति	1	1	1
स्वीकार्दछन्	1	1	1
स्वीकार्दै	1	1	1
स्वीकार्नका	1	1	1
स्वीकार्नु	1	1	1
स्वीकार्नै	1	1	1
स्वीकृतिका	1	1	1
स्वीकृतिसमेत	1	1	1
स्वीटर	1	1	1
स्वीट्जरल्यान्ड	1	1	1
स्वीडेनविरुद्ध	1	1	1
स्वीस	1	1	1
स्वीस्	1	1	1
स्वेको	1	1	1
स्वैलोज	1	1	1
हँगेरी	1	1	1
हँगेरीको	1	1	1
हँसाउने	1	1	1
हंसपदिका	1	1	1
हकआउल	1	1	1
हकरा	1	1	1
हकहितको	1	1	1
हकाधिकारमा	1	1	1
हकिकत	1	1	1
हकिङसम्म	1	1	1
हकी	1	1	1
हकीको	1	1	1
हङ्गेरियन	1	1	1
हङ्गेरीमा	1	1	1
हजमा	1	1	1
हजारदेखि	1	1	1
हजारप्रति	1	1	1
हजारा	1	1	1
हजारेप्रति	1	1	1
हजारौ	1	1	1
हजारौँको	1	1	1
हजार्ड	1	1	1
हजुरआमाको	1	1	1
हजुरआमासँगै	1	1	1
हजुरबा	1	1	1
हजुरबाबु	1	1	1
हजुरबुबा!	1	1	1
हजुरबुबाको	1	1	1
हजुरमा	1	1	1
हटन	1	1	1
हटले	1	1	1
हटस्पटको	1	1	1
हटाइँदा	1	1	1
हटाइदिइएका	1	1	1
हटाउँदाखेरिको	1	1	1
हटाउनको	1	1	1
हटाउनुभएको	1	1	1
हटाएका	1	1	1
हटाओस्	1	1	1
हटियाको	1	1	1
हटे	1	1	1
हटेनन्	1	1	1
हटेर	1	1	1
हटेरूहरूको	1	1	1
हठका	1	1	1
हडतालका	1	1	1
हडतालमा	1	1	1
हडतालहरू	1	1	1
हडपेर	1	1	1
हडप्पाको	1	1	1
हडवड	1	1	1
हड्डीमा	1	1	1
हतार	1	1	1
हतारको	1	1	1
हतारहतार	1	1	1
हतारी	1	1	1
हताश	1	1	1
हतियारहरूबारेमा	1	1	1
हत्केलो	1	1	1
हत्तपत्त	1	1	1
हत्याकाण्डपछि	1	1	1
हत्यादि	1	1	1
हत्याराहरूको	1	1	1
हत्याले	1	1	1
हदशम्म	1	1	1
हदैन	1	1	1
हनी	1	1	1
हनुमानको	1	1	1
हने	1	1	1
हन्ट्सभिल्ली	1	1	1
हप्काई	1	1	1
हप्किन्स	1	1	1
हप्की	1	1	1
हप्ताबाहेक	1	1	1
हप्ताहरूसम्म	1	1	1
हप्तौँ	1	1	1
हफ्ता	1	1	1
हबिटको	1	1	1
हबी	1	1	1
हमनवाँ	1	1	1
हमलादेखि	1	1	1
हमलाले	1	1	1
हमलाहरूबाट	1	1	1
हमालको	1	1	1
हम्मे	1	1	1
हरणबाट	1	1	1
हरफे	1	1	1
हराइसकेकी	1	1	1
हराउनुभयो	1	1	1
हराएपछि	1	1	1
हरिएको	1	1	1
हरिगोपाल	1	1	1
हरिताश्म	1	1	1
हरिदासको	1	1	1
हरिद्वारदेखि	1	1	1
हरिभक्त	1	1	1
हरियानामा	1	1	1
हरियोनीलो	1	1	1
हरिलाल	1	1	1
हरिवंशम	1	1	1
हरिश्चन्द्र	1	1	1
हरिसिंहदेवलाई	1	1	1
हरिस्वामीले	1	1	1
हरिहाँसले	1	1	1
हरूको	1	1	1
हरूले	1	1	1
हरेस	1	1	1
हर्कपुर	1	1	1
हर्कबहादुर	1	1	1
हर्के	1	1	1
हर्जदेखि	1	1	1
हर्जभन्दा	1	1	1
हर्दा	1	1	1
हर्नामाडी	1	1	1
हर्यक	1	1	1
हर्रा	1	1	1
हर्वट	1	1	1
हर्षा	1	1	1
हर्षेले	1	1	1
हर्षोल्लासपूर्वक	1	1	1
हर्षोल्लाससँग	1	1	1
हर्स्चफेल्ड	1	1	1
हलगोरु	1	1	1
हलले	1	1	1
हलहरूमा	1	1	1
हलिवुडका	1	1	1
हली	1	1	1
हलुङ्गो	1	1	1
हलुवावेत	1	1	1
हल्दिया	1	1	1
हल्विनको	1	1	1
हवनपछि	1	1	1
हवनमा	1	1	1
हवर्डलाई	1	1	1
हवस्	1	1	1
हवाइ	1	1	1
हवाइजहाजमा	1	1	1
हवाईअड्डा	1	1	1
हवाईजहाज	1	1	1
हविष्य	1	1	1
हसन	1	1	1
हसनपुर	1	1	1
हसराका	1	1	1
हस्तान्तरणीय	1	1	1
हस्तिहरूद्वारा	1	1	1
हस्तीहरुभित्र	1	1	1
हस्तीहरू	1	1	1
हस्पिटलबाट	1	1	1
हाँगाका	1	1	1
हाँगाबिगायुक्त	1	1	1
हाँसीका	1	1	1
हाँसेर	1	1	1
हाँसौँ	1	1	1
हांदुमन	1	1	1
हाइजेनिक	1	1	1
हाइड्रोकार्बनबाट	1	1	1
हाइड्रोस्टेटिक	1	1	1
हाइपेरियन	1	1	1
हाइफा	1	1	1
हाइली	1	1	1
हाइसिन्थ	1	1	1
हाइस्कुलका	1	1	1
हाइस्कूलबाट	1	1	1
हाईकोर्ट	1	1	1
हाईस्कुलबाट	1	1	1
हाउत	1	1	1
हाउससर्जन	1	1	1
हाउस्टन	1	1	1
हाङखिमा	1	1	1
हाचिनोसुकेले	1	1	1
हाजिपुरसँग	1	1	1
हाजीपुरलाई	1	1	1
हाटबजारको	1	1	1
हाड	1	1	1
हाडलाई	1	1	1
हातपात	1	1	1
हातलाई	1	1	1
हातहतियारको	1	1	1
हातहरु	1	1	1
हाताभित्र	1	1	1
हाताभित्रै	1	1	1
हात्तिखर्क	1	1	1
हात्तीमा	1	1	1
हात्तीवान	1	1	1
हात्तीसार	1	1	1
हाथीसिंह	1	1	1
हान	1	1	1
हानिमागेर	1	1	1
हानिरहित	1	1	1
हान्न	1	1	1
हान्नको	1	1	1
हामीबाटै	1	1	1
हामीभन्दा	1	1	1
हामीहरुले	1	1	1
हाम्फाल्दा	1	1	1
हाम्रोजस्तो	1	1	1
हाम्सर	1	1	1
हायल	1	1	1
हायु	1	1	1
हायुहरू	1	1	1
हायू	1	1	1
हायेज	1	1	1
हारको	1	1	1
हारबाट	1	1	1
हारुन	1	1	1
हार्डवेयरको	1	1	1
हार्डवेयरबाट	1	1	1
हार्दिकताका	1	1	1
हार्दै	1	1	1
हार्ने	1	1	1
हार्मोनसम्बन्धी	1	1	1
हार्मोनियमको	1	1	1
हालमात्र	1	1	1
हालसम्मका	1	1	1
हालसालका	1	1	1
हालाकि	1	1	1
हालिदिनुहुन	1	1	1
हालिने	1	1	1
हालिन्	1	1	1
हाली	1	1	1
हालीदिनु	1	1	1
हालेछन्	1	1	1
हालेपछि	1	1	1
हालेमा	1	1	1
हालैको	1	1	1
हाल्छ	1	1	1
हाल्दा	1	1	1
हावडा	1	1	1
हावापनि	1	1	1
हास्यतत्त्व	1	1	1
हास्यबाट	1	1	1
हिँडन	1	1	1
हिँडने	1	1	1
हिँडिरहनुपर्थ्यो	1	1	1
हिँडिरहेछौँ	1	1	1
हिँडेपछि	1	1	1
हिँडेपनि	1	1	1
हिँड्दछ	1	1	1
हिँड्दा	1	1	1
हिँड्नेहरू	1	1	1
हिँड्नेहरूका	1	1	1
हिंड्न	1	1	1
हिंड्ने	1	1	1
हिंसादण्ड	1	1	1
हिंसापछि	1	1	1
हिंसामा	1	1	1
हिंसारहित	1	1	1
हिंसाविरुद्ध	1	1	1
हिंसावृत्तिको	1	1	1
हिउँचुलीका	1	1	1
हिउँझैँ	1	1	1
हिउँनै	1	1	1
हिजरत	1	1	1
हिज्बोल्लाको	1	1	1
हिज्रदेखि	1	1	1
हिटको	1	1	1
हिटी	1	1	1
हिड्नु	1	1	1
हिथ	1	1	1
हिनाहोङ	1	1	1
हिन्गुलवासमा	1	1	1
हिन्दीमै	1	1	1
हिन्दुस्तानमाथि	1	1	1
हिन्दूमा	1	1	1
हिन्दूहरूद्वारा	1	1	1
हिमतालमध्ये	1	1	1
हिमतालमा	1	1	1
हिमतालहरूबाट	1	1	1
हिमनदी	1	1	1
हिमनदीकरणका	1	1	1
हिमरेखा	1	1	1
हिमरेखामाथि	1	1	1
हिमवत्	1	1	1
हिमवत्खण्ड	1	1	1
हिमस्खलनमा	1	1	1
हिमा	1	1	1
हिमाञ्चल	1	1	1
हिमाञ्चलमा	1	1	1
हिमानीद्वारा	1	1	1
हिमालयसम्मको	1	1	1
हिमावती	1	1	1
हियर	1	1	1
हिरण	1	1	1
हिरण्य	1	1	1
हिरोका	1	1	1
हिरोदको	1	1	1
हिर्काउँदा	1	1	1
हिलेबाट	1	1	1
हिलेभन्दा	1	1	1
हिलोमा	1	1	1
हिसाबकिताबको	1	1	1
हिसाबबाट	1	1	1
हिसावले	1	1	1
हीतमा	1	1	1
हीमा	1	1	1
हीरालाई	1	1	1
हुँदाका	1	1	1
हुँदैजान्छ	1	1	1
हुइने	1	1	1
हुजुरबुवा	1	1	1
हुटहुटीले	1	1	1
हुत्याउन	1	1	1
हुत्याउनका	1	1	1
हुत्याएको	1	1	1
हुदाँ	1	1	1
हुदिपारि	1	1	1
हुनजान्छ	1	1	1
हुनथाल्छ	1	1	1
हुनसकेका	1	1	1
हुनसकेन	1	1	1
हुनाका	1	1	1
हुनुअगाडि	1	1	1
हुनुअगावै	1	1	1
हुनुअघि	1	1	1
हुनुन्छ	1	1	1
हुनुपर्नेछ	1	1	1
हुनुभए	1	1	1
हुनुलगायतका	1	1	1
हुनुहुँदो	1	1	1
हुनेका	1	1	1
हुनेखानेले	1	1	1
हुनेथियो	1	1	1
हुनेदेखि	1	1	1
हुनेबित्तिकै	1	1	1
हुनेबेला	1	1	1
हुनेसम्म	1	1	1
हुनेहरूले	1	1	1
हुन्छ?	1	1	1
हुन्जेलसम्म	1	1	1
हुन्न?	1	1	1
हुम्लासम्म	1	1	1
हुरीबतासको	1	1	1
हुर्कन	1	1	1
हुर्कनुभएको	1	1	1
हुर्किएका	1	1	1
हुर्किएको	1	1	1
हुर्केबढेका	1	1	1
हुल्दिन्छे	1	1	1
हुुनु	1	1	1
हुुनैपर्छ	1	1	1
हु्न	1	1	1
हृदयघातको	1	1	1
हृदयचन्द्र	1	1	1
हृदयपक्षसँग	1	1	1
हृदयले	1	1	1
हृदयाघातका	1	1	1
हृषद्वती	1	1	1
हृषद्वतीका	1	1	1
हृषिकेश	1	1	1
हेक्टरको	1	1	1
हेङ्ग	1	1	1
हेटौडाबाट	1	1	1
हेडरको	1	1	1
हेडेड	1	1	1
हेतुवादी	1	1	1
हेतुसाथ	1	1	1
हेथाम	1	1	1
हेनरीद्वारा	1	1	1
हेन्ड्रिक्स	1	1	1
हेमकर्ण	1	1	1
हेमकर्णसेन	1	1	1
हेमन्तऋतुको	1	1	1
हेमपाल	1	1	1
हेमोर्याजिकम	1	1	1
हेरजोंग	1	1	1
हेरफेर	1	1	1
हेराइ	1	1	1
हेराइलाई	1	1	1
हेराफेरीद्वारा	1	1	1
हेरि	1	1	1
हेरिएको	1	1	1
हेरिन	1	1	1
हेर्थे	1	1	1
हेर्दामा	1	1	1
हेर्दै	1	1	1
हेर्नकै	1	1	1
हेर्नुपर्छ	1	1	1
हेलम्बु	1	1	1
हेलेन	1	1	1
हेलेना	1	1	1
हेल्लो	1	1	1
हेल्सलाई	1	1	1
हेल्सिओनको	1	1	1
हेल्सिओनले	1	1	1
हेवार्डसँग	1	1	1
हेवी	1	1	1
हेवूडको	1	1	1
हैदराबादमा	1	1	1
हैहयराज	1	1	1
हैहयराजले	1	1	1
होंचा	1	1	1
होइन?	1	1	1
होइनौ	1	1	1
होई	1	1	1
होगी	1	1	1
होचा	1	1	1
होटलका	1	1	1
होटलतिर	1	1	1
होटलदेखि	1	1	1
होप	1	1	1
होमनाथ	1	1	1
होमनाथले	1	1	1
होमस्टे	1	1	1
होमिनुभएका	1	1	1
होमियोप्याथी	1	1	1
होराइजन	1	1	1
होर्कान्डको	1	1	1
होलको	1	1	1
होलीमा	1	1	1
होल्ट	1	1	1
होल्टका	1	1	1
होल्टको	1	1	1
होसमा	1	1	1
हौजखासमा	1	1	1
ह्याङ्क्सको	1	1	1
ह्यातुङ	1	1	1
ह्याम्लेट	1	1	1
ह्यारी	1	1	1
ह्यासिङ्थ	1	1	1
ह्युस्टन	1	1	1
ह्वाइटआई	1	1	1
ह्वात्तै	1	1	1
ह्वेल	1	1	1
ॠणमा	1	1	1
ॠणस्थगन	1	1	1
००४७	1	1	1
००६	1	1	1
०११	1	1	1
०२६	1	1	1
०३१	1	1	1
०३२	1	1	1
०३३	1	1	1
०३८	1	1	1
०३९	1	1	1
०४०	1	1	1
०४२	1	1	1
०४८	1	1	1
०४८मा	1	1	1
०५०	1	1	1
०५१	1	1	1
०५३मा	1	1	1
०५४देखि	1	1	1
०५५	1	1	1
०५६	1	1	1
०५७देखि	1	1	1
०६१	1	1	1
०६४	1	1	1
०९६	1	1	1
१मा	1	1	1
१सय	1	1	1
१०मा	1	1	1
१००%	1	1	1
१००बाट	1	1	1
१००१	1	1	1
१००६	1	1	1
१०१४	1	1	1
१०१६	1	1	1
१०१७	1	1	1
१०२६	1	1	1
१०२९	1	1	1
१०४५	1	1	1
१०६५	1	1	1
१०६५१	1	1	1
१०७६	1	1	1
१०७८मा	1	1	1
१०९६	1	1	1
१०९९	1	1	1
११औँ	1	1	1
१११	1	1	1
११२२	1	1	1
११५२१	1	1	1
११५६५	1	1	1
११८३	1	1	1
११८९	1	1	1
११९१	1	1	1
११९५	1	1	1
११९६	1	1	1
१२बाट	1	1	1
१२०००	1	1	1
१२०७	1	1	1
१२१०	1	1	1
१२१२	1	1	1
१२३	1	1	1
१२३६	1	1	1
१२७४२	1	1	1
१२९	1	1	1
१२९५	1	1	1
१३औँ	1	1	1
१३२६	1	1	1
१३२९१	1	1	1
१३३५३	1	1	1
१३५	1	1	1
१३८	1	1	1
१४वटा	1	1	1
१४०३	1	1	1
१४२२	1	1	1
१४४०००	1	1	1
१४५	1	1	1
१४६	1	1	1
१४७९	1	1	1
१५वटा	1	1	1
१५०००	1	1	1
१५०१	1	1	1
१५०५	1	1	1
१५१	1	1	1
१५१९	1	1	1
१५२	1	1	1
१५२०	1	1	1
१५५३	1	1	1
१५५८	1	1	1
१५६	1	1	1
१५६५	1	1	1
१५७५	1	1	1
१५८	1	1	1
१५८२	1	1	1
१५९०	1	1	1
१५९१	1	1	1
१६औं	1	1	1
१६०१	1	1	1
१६०३मा	1	1	1
१६११	1	1	1
१६३४	1	1	1
१६३८	1	1	1
१६३९मा	1	1	1
१६३९२	1	1	1
१६४२	1	1	1
१६४९	1	1	1
१६५०	1	1	1
१६५१	1	1	1
१६५४	1	1	1
१६५५	1	1	1
१६५८	1	1	1
१६६२	1	1	1
१६६४	1	1	1
१६७	1	1	1
१६७९	1	1	1
१६९को	1	1	1
१६९मा	1	1	1
१६९ले	1	1	1
१६९९	1	1	1
१७.८	1	1	1
१७औँ	1	1	1
१७००००	1	1	1
१७२२	1	1	1
१७५०मा	1	1	1
१७६०	1	1	1
१७६९	1	1	1
१७७	1	1	1
१७७४	1	1	1
१७७५	1	1	1
१७७७	1	1	1
१७८४	1	1	1
१७८६	1	1	1
१७८९	1	1	1
१८औँ	1	1	1
१८०००	1	1	1
१८०७मा	1	1	1
१८१३	1	1	1
१८१७	1	1	1
१८१८	1	1	1
१८२५	1	1	1
१८२७	1	1	1
१८३४	1	1	1
१८३९	1	1	1
१८४२	1	1	1
१८४७	1	1	1
१८५०को	1	1	1
१८५२सम्म	1	1	1
१८५६	1	1	1
१८६१	1	1	1
१८६५	1	1	1
१८७०मा	1	1	1
१८७३	1	1	1
१८७६मा	1	1	1
१८८६१९४५	1	1	1
१८९३	1	1	1
१८९५मा	1	1	1
१८९७	1	1	1
१९का	1	1	1
१९वटा	1	1	1
१९०	1	1	1
१९०८मा	1	1	1
१९११मा	1	1	1
१९१३	1	1	1
१९३३मा	1	1	1
१९३४मा	1	1	1
१९३५	1	1	1
१९३५मा	1	1	1
१९५२मा	1	1	1
१९५४	1	1	1
१९५४मा	1	1	1
१९५५ई	1	1	1
१९५६डिसेम्बर	1	1	1
१९५६मा	1	1	1
१९५९मा	1	1	1
१९६०को	1	1	1
१९६१मा	1	1	1
१९७	1	1	1
१९७१मा	1	1	1
१९७५मा	1	1	1
१९८४मा	1	1	1
१९९०मा	1	1	1
१९९६बाट	1	1	1
१९९७मा	1	1	1
२को	1	1	1
२०.७	1	1	1
२०औं	1	1	1
२००मिटरको	1	1	1
२०००देखि	1	1	1
२००३मा	1	1	1
२००७को	1	1	1
२००७फेब्रुअरी	1	1	1
२००८को	1	1	1
२०१	1	1	1
२०१०को	1	1	1
२०१२का	1	1	1
२०१३को	1	1	1
२०१३मा	1	1	1
२०१४मा	1	1	1
२०१६मा	1	1	1
२०१७मा	1	1	1
२०१८मा	1	1	1
२०२७२८	1	1	1
२०२८मा	1	1	1
२०३०को	1	1	1
२०३१३२मा	1	1	1
२०४७मा	1	1	1
२०४९देखि	1	1	1
२०५२मा	1	1	1
२०५६को	1	1	1
२०६५मा	1	1	1
२०७	1	1	1
२०७०को	1	1	1
२१०	1	1	1
२१२	1	1	1
२१८	1	1	1
२१८४	1	1	1
२२९	1	1	1
२३०	1	1	1
२३८	1	1	1
२४००	1	1	1
२४००तिर	1	1	1
२४२६	1	1	1
२५००००	1	1	1
२५१	1	1	1
२५२	1	1	1
२५८६	1	1	1
२६को	1	1	1
२६०	1	1	1
२६०००	1	1	1
२६१	1	1	1
२६१२	1	1	1
२६२४७	1	1	1
२६३४	1	1	1
२७०	1	1	1
२७१	1	1	1
२७१७५	1	1	1
२७६	1	1	1
२८४	1	1	1
२९६१	1	1	1
२९७८	1	1	1
२९७९	1	1	1
२९९	1	1	1
३००एचजिडब्लू	1	1	1
३०००मा	1	1	1
३०००००	1	1	1
३०३	1	1	1
३०५	1	1	1
३०७२	1	1	1
३१०	1	1	1
३१४१५९	1	1	1
३२जना	1	1	1
३२२	1	1	1
३२३	1	1	1
३२६००	1	1	1
३३०००	1	1	1
३३००१३१२५	1	1	1
३३५	1	1	1
३३८	1	1	1
३४०	1	1	1
३५जनाभन्दा	1	1	1
३५३	1	1	1
३५८	1	1	1
३७८	1	1	1
३७९७	1	1	1
३८.७	1	1	1
३८७०	1	1	1
३८९९	1	1	1
३९को	1	1	1
३९०	1	1	1
३९१८	1	1	1
३९२	1	1	1
३९३को	1	1	1
३९४	1	1	1
३९६२	1	1	1
४वटा	1	1	1
४१३	1	1	1
४१४०	1	1	1
४१९	1	1	1
४२०	1	1	1
४२३	1	1	1
४२६	1	1	1
४३०	1	1	1
४४वटा	1	1	1
४४६	1	1	1
४४६०	1	1	1
४४८	1	1	1
४५०	1	1	1
४५२	1	1	1
४५७	1	1	1
४५८	1	1	1
४७०	1	1	1
४७०२	1	1	1
४७२	1	1	1
४७९	1	1	1
४८%	1	1	1
४८०	1	1	1
४८५	1	1	1
४९%	1	1	1
४९८	1	1	1
५वर्ष	1	1	1
५०%	1	1	1
५००३	1	1	1
५०२	1	1	1
५०७	1	1	1
५१%	1	1	1
५२%	1	1	1
५२२	1	1	1
५२८	1	1	1
५३५	1	1	1
५४४	1	1	1
५४९५	1	1	1
५५३७	1	1	1
५६१	1	1	1
५६३	1	1	1
५६८	1	1	1
५७.१	1	1	1
५७६	1	1	1
५७७	1	1	1
५८४४	1	1	1
५९२५	1	1	1
५९४८	1	1	1
६०औँ	1	1	1
६१९	1	1	1
६२४	1	1	1
६२५७	1	1	1
६२९	1	1	1
६३०	1	1	1
६३२	1	1	1
६४४	1	1	1
६४८	1	1	1
६५६	1	1	1
६५९	1	1	1
६६४	1	1	1
६६७६देखि	1	1	1
६७४४७	1	1	1
६७८	1	1	1
६८५	1	1	1
६९०	1	1	1
६९०६	1	1	1
७जना	1	1	1
७०१	1	1	1
७०५	1	1	1
७०७	1	1	1
७०९	1	1	1
७१५	1	1	1
७२०	1	1	1
७२३का	1	1	1
७२५	1	1	1
७३०	1	1	1
७३७	1	1	1
७४१	1	1	1
७४४	1	1	1
७५५	1	1	1
७६२	1	1	1
७६९६	1	1	1
७७१	1	1	1
७७२	1	1	1
७७५	1	1	1
७७८	1	1	1
७८१	1	1	1
७८७	1	1	1
८औं	1	1	1
८०वटासम्म	1	1	1
८०००	1	1	1
८००००	1	1	1
८२५	1	1	1
८४७	1	1	1
८५३	1	1	1
८६११	1	1	1
८६८	1	1	1
८७४	1	1	1
८७६	1	1	1
८८जना	1	1	1
८८१	1	1	1
८८९३०९४	1	1	1
८९१	1	1	1
८९७	1	1	1
९०१	1	1	1
९०२	1	1	1
९२४	1	1	1
९३	1	1	1
९३०	1	1	1
९३१	1	1	1
९३८	1	1	1
९४३	1	1	1
९४५	1	1	1
९४९	1	1	1
९५४	1	1	1
९५६	1	1	1
९५७	1	1	1
९५८	1	1	1
९५९	1	1	1
९६०	1	1	1
९६२	1	1	1
९६९	1	1	1
९७५	1	1	1
९८१	1	1	1
९८३	1	1	1
९८७	1	1	1
९९२	1	1	1
९९९३३	1	1	1
९९९४६	1	1	1
“तर	1	1	1
“सम्पूर्ण	1	1	1
