rank	freq
1	6050
2	5995
3	4944
4	4672
5	4176
6	3330
7	2415
8	2414
9	2345
10	2254
11	2212
12	2176
13	2036
14	1689
15	1670
16	1621
17	1589
18	1509
19	1473
20	1444
21	1413
22	1395
23	1260
24	1259
25	1249
26	1218
27	1207
28	1178
29	1177
30	1139
31	1076
32	1026
33	987
34	983
35	951
36	935
37	923
38	917
39	890
40	841
41	836
42	799
43	783
44	782
45	765
46	763
47	727
48	721
49	720
50	719
51	716
52	713
53	712
54	699
55	695
56	692
57	689
58	670
59	667
60	655
61	647
62	637
63	629
64	627
65	625
66	624
67	612
68	609
69	605
70	580
71	577
72	574
73	563
74	559
75	555
76	539
77	539
78	538
79	536
80	534
81	530
82	528
83	526
84	511
85	509
86	508
87	504
88	504
89	502
90	500
91	499
92	490
93	475
94	473
95	468
96	460
97	460
98	460
99	455
100	428
101	423
102	422
103	417
104	409
105	405
106	405
107	400
108	397
109	394
110	391
111	389
112	386
113	385
114	380
115	380
116	379
117	379
118	376
119	375
120	371
121	370
122	368
123	365
124	362
125	358
126	356
127	353
128	351
129	350
130	349
131	348
132	340
133	335
134	334
135	334
136	331
137	329
138	327
139	326
140	322
141	316
142	312
143	309
144	305
145	305
146	305
147	304
148	303
149	303
150	300
151	299
152	299
153	298
154	298
155	294
156	291
157	290
158	290
159	288
160	283
161	283
162	282
163	280
164	277
165	277
166	274
167	274
168	274
169	274
170	273
171	272
172	271
173	270
174	269
175	269
176	268
177	267
178	264
179	264
180	263
181	262
182	261
183	260
184	259
185	258
186	257
187	256
188	256
189	255
190	254
191	253
192	253
193	253
194	252
195	251
196	250
197	249
198	248
199	248
200	244
201	244
202	244
203	243
204	243
205	242
206	241
207	240
208	240
209	238
210	238
211	238
212	237
213	236
214	236
215	235
216	235
217	233
218	232
219	231
220	231
221	231
222	230
223	230
224	229
225	229
226	229
227	228
228	228
229	228
230	226
231	225
232	225
233	225
234	222
235	221
236	221
237	221
238	220
239	218
240	217
241	215
242	215
243	213
244	213
245	212
246	212
247	212
248	211
249	211
250	210
251	209
252	209
253	209
254	208
255	208
256	204
257	204
258	203
259	202
260	201
261	200
262	200
263	200
264	199
265	197
266	195
267	195
268	194
269	194
270	194
271	194
272	193
273	193
274	193
275	193
276	193
277	192
278	192
279	192
280	192
281	191
282	191
283	191
284	191
285	191
286	189
287	188
288	188
289	188
290	187
291	186
292	186
293	186
294	185
295	185
296	184
297	184
298	184
299	184
300	183
301	183
302	181
303	180
304	179
305	179
306	178
307	178
308	178
309	177
310	177
311	177
312	176
313	176
314	175
315	175
316	174
317	174
318	174
319	174
320	174
321	173
322	173
323	172
324	172
325	171
326	171
327	170
328	170
329	169
330	168
331	167
332	167
333	167
334	167
335	166
336	164
337	164
338	163
339	163
340	162
341	162
342	162
343	162
344	161
345	161
346	160
347	160
348	160
349	160
350	160
351	160
352	159
353	159
354	159
355	158
356	157
357	156
358	156
359	156
360	155
361	155
362	155
363	155
364	155
365	154
366	154
367	154
368	153
369	152
370	152
371	151
372	151
373	151
374	151
375	151
376	150
377	149
378	149
379	149
380	148
381	148
382	148
383	148
384	148
385	147
386	146
387	146
388	145
389	145
390	144
391	144
392	144
393	144
394	144
395	143
396	143
397	143
398	143
399	143
400	143
401	142
402	142
403	142
404	142
405	142
406	141
407	141
408	141
409	141
410	140
411	140
412	140
413	140
414	139
415	139
416	139
417	138
418	138
419	138
420	137
421	137
422	137
423	137
424	136
425	136
426	136
427	135
428	135
429	135
430	135
431	135
432	135
433	135
434	135
435	135
436	134
437	134
438	134
439	133
440	133
441	133
442	133
443	133
444	133
445	132
446	132
447	131
448	131
449	131
450	130
451	130
452	129
453	129
454	129
455	128
456	128
457	128
458	128
459	128
460	127
461	127
462	127
463	127
464	126
465	126
466	126
467	125
468	125
469	125
470	125
471	124
472	124
473	124
474	123
475	123
476	122
477	122
478	122
479	121
480	121
481	121
482	121
483	121
484	120
485	120
486	120
487	120
488	119
489	119
490	118
491	118
492	118
493	117
494	117
495	116
496	116
497	116
498	116
499	116
500	115
501	115
502	115
503	115
504	115
505	115
506	114
507	114
508	113
509	113
510	113
511	113
512	113
513	113
514	112
515	112
516	112
517	112
518	111
519	111
520	111
521	111
522	111
523	110
524	110
525	110
526	110
527	110
528	110
529	110
530	110
531	109
532	109
533	109
534	108
535	108
536	108
537	108
538	108
539	108
540	108
541	108
542	107
543	107
544	107
545	107
546	107
547	106
548	106
549	106
550	106
551	106
552	106
553	106
554	106
555	105
556	105
557	105
558	105
559	105
560	105
561	105
562	105
563	104
564	104
565	104
566	104
567	104
568	104
569	104
570	104
571	103
572	103
573	103
574	103
575	103
576	103
577	102
578	102
579	102
580	102
581	102
582	102
583	102
584	101
585	101
586	101
587	101
588	101
589	100
590	100
591	100
592	100
593	100
594	100
595	99
596	99
597	99
598	99
599	99
600	99
601	98
602	98
603	98
604	97
605	97
606	97
607	97
608	97
609	97
610	97
611	97
612	97
613	96
614	96
615	96
616	96
617	96
618	96
619	96
620	96
621	96
622	96
623	95
624	95
625	95
626	95
627	94
628	94
629	94
630	94
631	94
632	94
633	94
634	94
635	94
636	93
637	93
638	93
639	93
640	93
641	93
642	93
643	92
644	92
645	92
646	92
647	92
648	92
649	92
650	92
651	92
652	92
653	92
654	91
655	91
656	91
657	91
658	91
659	91
660	91
661	91
662	91
663	91
664	91
665	90
666	90
667	90
668	90
669	90
670	90
671	90
672	90
673	90
674	90
675	90
676	90
677	89
678	89
679	89
680	89
681	89
682	89
683	89
684	89
685	89
686	88
687	88
688	88
689	88
690	88
691	88
692	88
693	87
694	87
695	87
696	87
697	87
698	87
699	87
700	87
701	87
702	87
703	86
704	86
705	86
706	86
707	86
708	86
709	85
710	85
711	85
712	85
713	85
714	85
715	85
716	85
717	85
718	85
719	84
720	84
721	84
722	84
723	84
724	84
725	84
726	84
727	84
728	84
729	84
730	84
731	84
732	84
733	84
734	84
735	84
736	83
737	83
738	83
739	83
740	82
741	82
742	82
743	82
744	82
745	82
746	82
747	82
748	82
749	82
750	82
751	82
752	82
753	82
754	82
755	81
756	81
757	81
758	81
759	81
760	81
761	81
762	81
763	81
764	81
765	81
766	81
767	80
768	80
769	80
770	80
771	80
772	80
773	80
774	80
775	80
776	80
777	80
778	80
779	80
780	80
781	80
782	80
783	79
784	79
785	79
786	79
787	79
788	79
789	79
790	79
791	78
792	78
793	78
794	78
795	78
796	78
797	78
798	78
799	78
800	78
801	78
802	78
803	78
804	77
805	77
806	77
807	77
808	77
809	77
810	77
811	77
812	77
813	77
814	76
815	76
816	76
817	76
818	76
819	76
820	76
821	76
822	76
823	75
824	75
825	75
826	75
827	75
828	75
829	75
830	75
831	75
832	75
833	75
834	75
835	75
836	75
837	75
838	75
839	75
840	74
841	74
842	74
843	74
844	74
845	74
846	74
847	74
848	74
849	74
850	74
851	74
852	74
853	74
854	73
855	73
856	73
857	73
858	73
859	73
860	73
861	73
862	73
863	73
864	73
865	73
866	73
867	72
868	72
869	72
870	72
871	72
872	72
873	72
874	72
875	72
876	72
877	72
878	72
879	71
880	71
881	71
882	71
883	71
884	71
885	71
886	71
887	71
888	71
889	71
890	71
891	71
892	71
893	71
894	71
895	71
896	71
897	71
898	71
899	71
900	70
901	70
902	70
903	70
904	70
905	70
906	70
907	70
908	70
909	70
910	70
911	70
912	70
913	70
914	70
915	70
916	70
917	70
918	70
919	70
920	70
921	69
922	69
923	69
924	69
925	69
926	69
927	69
928	69
929	69
930	69
931	69
932	69
933	69
934	69
935	68
936	68
937	68
938	68
939	68
940	68
941	68
942	68
943	68
944	68
945	68
946	68
947	68
948	68
949	67
950	67
951	67
952	67
953	67
954	67
955	67
956	67
957	67
958	67
959	67
960	67
961	67
962	67
963	67
964	67
965	67
966	67
967	67
968	66
969	66
970	66
971	66
972	66
973	66
974	66
975	66
976	66
977	66
978	66
979	66
980	66
981	66
982	66
983	66
984	66
985	66
986	66
987	66
988	66
989	66
990	66
991	66
992	66
993	65
994	65
995	65
996	65
997	65
998	65
999	65
1000	65
1001	65
1002	65
1003	65
1004	65
1005	65
1006	65
1007	64
1008	64
1009	64
1010	64
1011	64
1012	64
1013	64
1014	64
1015	64
1016	64
1017	64
1018	64
1019	64
1020	64
1021	64
1022	64
1023	64
1024	64
1025	64
1026	64
1027	64
1028	63
1029	63
1030	63
1031	63
1032	63
1033	63
1034	63
1035	63
1036	63
1037	63
1038	63
1039	63
1040	63
1041	63
1042	63
1043	63
1044	63
1045	62
1046	62
1047	62
1048	62
1049	62
1050	62
1051	62
1052	62
1053	62
1054	62
1055	62
1056	62
1057	62
1058	62
1059	62
1060	62
1061	62
1062	62
1063	61
1064	61
1065	61
1066	61
1067	61
1068	61
1069	61
1070	61
1071	61
1072	61
1073	61
1074	61
1075	61
1076	61
1077	61
1078	61
1079	61
1080	61
1081	61
1082	61
1083	61
1084	60
1085	60
1086	60
1087	60
1088	60
1089	60
1090	60
1091	60
1092	60
1093	60
1094	60
1095	60
1096	60
1097	60
1098	60
1099	60
1100	60
1101	59
1102	59
1103	59
1104	59
1105	59
1106	59
1107	59
1108	59
1109	59
1110	59
1111	59
1112	59
1113	59
1114	59
1115	59
1116	59
1117	59
1118	59
1119	59
1120	59
1121	59
1122	59
1123	58
1124	58
1125	58
1126	58
1127	58
1128	58
1129	58
1130	58
1131	58
1132	58
1133	58
1134	58
1135	58
1136	58
1137	58
1138	58
1139	58
1140	57
1141	57
1142	57
1143	57
1144	57
1145	57
1146	57
1147	57
1148	57
1149	57
1150	57
1151	57
1152	57
1153	57
1154	57
1155	57
1156	57
1157	57
1158	57
1159	57
1160	57
1161	57
1162	57
1163	56
1164	56
1165	56
1166	56
1167	56
1168	56
1169	56
1170	56
1171	56
1172	56
1173	56
1174	56
1175	56
1176	56
1177	56
1178	56
1179	56
1180	56
1181	56
1182	56
1183	56
1184	56
1185	56
1186	56
1187	56
1188	56
1189	55
1190	55
1191	55
1192	55
1193	55
1194	55
1195	55
1196	55
1197	55
1198	55
1199	55
1200	55
1201	55
1202	55
1203	55
1204	55
1205	55
1206	55
1207	54
1208	54
1209	54
1210	54
1211	54
1212	54
1213	54
1214	54
1215	54
1216	54
1217	54
1218	54
1219	54
1220	54
1221	54
1222	54
1223	54
1224	54
1225	54
1226	54
1227	54
1228	54
1229	54
1230	53
1231	53
1232	53
1233	53
1234	53
1235	53
1236	53
1237	53
1238	53
1239	53
1240	53
1241	53
1242	53
1243	53
1244	53
1245	53
1246	53
1247	53
1248	53
1249	52
1250	52
1251	52
1252	52
1253	52
1254	52
1255	52
1256	52
1257	52
1258	52
1259	52
1260	52
1261	52
1262	52
1263	52
1264	52
1265	52
1266	52
1267	52
1268	52
1269	52
1270	52
1271	52
1272	52
1273	52
1274	51
1275	51
1276	51
1277	51
1278	51
1279	51
1280	51
1281	51
1282	51
1283	51
1284	51
1285	51
1286	51
1287	51
1288	51
1289	51
1290	51
1291	51
1292	51
1293	51
1294	51
1295	51
1296	50
1297	50
1298	50
1299	50
1300	50
1301	50
1302	50
1303	50
1304	50
1305	50
1306	50
1307	50
1308	50
1309	50
1310	50
1311	50
1312	50
1313	50
1314	50
1315	50
1316	50
1317	50
1318	50
1319	50
1320	50
1321	50
1322	50
1323	50
1324	50
1325	50
1326	50
1327	50
1328	49
1329	49
1330	49
1331	49
1332	49
1333	49
1334	49
1335	49
1336	49
1337	49
1338	49
1339	49
1340	49
1341	49
1342	49
1343	49
1344	49
1345	49
1346	49
1347	49
1348	49
1349	49
1350	49
1351	49
1352	49
1353	49
1354	48
1355	48
1356	48
1357	48
1358	48
1359	48
1360	48
1361	48
1362	48
1363	48
1364	48
1365	48
1366	48
1367	48
1368	48
1369	48
1370	48
1371	48
1372	48
1373	48
1374	48
1375	48
1376	48
1377	48
1378	48
1379	48
1380	48
1381	48
1382	48
1383	48
1384	48
1385	47
1386	47
1387	47
1388	47
1389	47
1390	47
1391	47
1392	47
1393	47
1394	47
1395	47
1396	47
1397	47
1398	47
1399	47
1400	47
1401	47
1402	47
1403	47
1404	47
1405	47
1406	47
1407	47
1408	47
1409	47
1410	47
1411	47
1412	47
1413	47
1414	47
1415	47
1416	47
1417	47
1418	47
1419	47
1420	47
1421	47
1422	47
1423	46
1424	46
1425	46
1426	46
1427	46
1428	46
1429	46
1430	46
1431	46
1432	46
1433	46
1434	46
1435	46
1436	46
1437	46
1438	46
1439	46
1440	46
1441	46
1442	46
1443	46
1444	46
1445	46
1446	46
1447	46
1448	46
1449	46
1450	46
1451	46
1452	46
1453	46
1454	46
1455	46
1456	46
1457	45
1458	45
1459	45
1460	45
1461	45
1462	45
1463	45
1464	45
1465	45
1466	45
1467	45
1468	45
1469	45
1470	45
1471	45
1472	45
1473	45
1474	45
1475	45
1476	45
1477	45
1478	45
1479	45
1480	45
1481	45
1482	45
1483	45
1484	45
1485	45
1486	45
1487	45
1488	45
1489	44
1490	44
1491	44
1492	44
1493	44
1494	44
1495	44
1496	44
1497	44
1498	44
1499	44
1500	44
1501	44
1502	44
1503	44
1504	44
1505	44
1506	44
1507	44
1508	44
1509	44
1510	44
1511	44
1512	44
1513	44
1514	44
1515	44
1516	43
1517	43
1518	43
1519	43
1520	43
1521	43
1522	43
1523	43
1524	43
1525	43
1526	43
1527	43
1528	43
1529	43
1530	43
1531	43
1532	43
1533	43
1534	43
1535	43
1536	43
1537	43
1538	43
1539	43
1540	43
1541	43
1542	43
1543	43
1544	43
1545	43
1546	43
1547	43
1548	43
1549	43
1550	43
1551	43
1552	43
1553	43
1554	42
1555	42
1556	42
1557	42
1558	42
1559	42
1560	42
1561	42
1562	42
1563	42
1564	42
1565	42
1566	42
1567	42
1568	42
1569	42
1570	42
1571	42
1572	42
1573	42
1574	42
1575	42
1576	42
1577	42
1578	42
1579	42
1580	42
1581	42
1582	42
1583	42
1584	42
1585	42
1586	42
1587	42
1588	42
1589	42
1590	42
1591	42
1592	42
1593	42
1594	42
1595	42
1596	41
1597	41
1598	41
1599	41
1600	41
1601	41
1602	41
1603	41
1604	41
1605	41
1606	41
1607	41
1608	41
1609	41
1610	41
1611	41
1612	41
1613	41
1614	41
1615	41
1616	41
1617	41
1618	41
1619	41
1620	41
1621	41
1622	41
1623	41
1624	41
1625	41
1626	41
1627	41
1628	41
1629	41
1630	41
1631	41
1632	41
1633	41
1634	41
1635	41
1636	41
1637	41
1638	41
1639	41
1640	40
1641	40
1642	40
1643	40
1644	40
1645	40
1646	40
1647	40
1648	40
1649	40
1650	40
1651	40
1652	40
1653	40
1654	40
1655	40
1656	40
1657	40
1658	40
1659	40
1660	40
1661	40
1662	40
1663	40
1664	40
1665	40
1666	40
1667	40
1668	40
1669	40
1670	40
1671	40
1672	40
1673	40
1674	40
1675	40
1676	40
1677	40
1678	40
1679	40
1680	40
1681	40
1682	40
1683	40
1684	40
1685	40
1686	40
1687	40
1688	40
1689	39
1690	39
1691	39
1692	39
1693	39
1694	39
1695	39
1696	39
1697	39
1698	39
1699	39
1700	39
1701	39
1702	39
1703	39
1704	39
1705	39
1706	39
1707	39
1708	39
1709	39
1710	39
1711	39
1712	39
1713	39
1714	39
1715	39
1716	39
1717	39
1718	39
1719	39
1720	39
1721	39
1722	39
1723	39
1724	39
1725	39
1726	39
1727	39
1728	39
1729	39
1730	39
1731	39
1732	39
1733	38
1734	38
1735	38
1736	38
1737	38
1738	38
1739	38
1740	38
1741	38
1742	38
1743	38
1744	38
1745	38
1746	38
1747	38
1748	38
1749	38
1750	38
1751	38
1752	38
1753	38
1754	38
1755	38
1756	38
1757	38
1758	38
1759	38
1760	38
1761	38
1762	38
1763	38
1764	38
1765	38
1766	38
1767	38
1768	38
1769	38
1770	38
1771	37
1772	37
1773	37
1774	37
1775	37
1776	37
1777	37
1778	37
1779	37
1780	37
1781	37
1782	37
1783	37
1784	37
1785	37
1786	37
1787	37
1788	37
1789	37
1790	37
1791	37
1792	37
1793	37
1794	37
1795	37
1796	37
1797	37
1798	37
1799	37
1800	37
1801	37
1802	37
1803	37
1804	37
1805	37
1806	37
1807	37
1808	37
1809	37
1810	37
1811	37
1812	37
1813	37
1814	37
1815	37
1816	37
1817	36
1818	36
1819	36
1820	36
1821	36
1822	36
1823	36
1824	36
1825	36
1826	36
1827	36
1828	36
1829	36
1830	36
1831	36
1832	36
1833	36
1834	36
1835	36
1836	36
1837	36
1838	36
1839	36
1840	36
1841	36
1842	36
1843	36
1844	36
1845	36
1846	36
1847	36
1848	36
1849	36
1850	36
1851	36
1852	36
1853	36
1854	36
1855	36
1856	36
1857	36
1858	36
1859	36
1860	36
1861	36
1862	36
1863	36
1864	36
1865	36
1866	36
1867	36
1868	36
1869	36
1870	36
1871	36
1872	36
1873	35
1874	35
1875	35
1876	35
1877	35
1878	35
1879	35
1880	35
1881	35
1882	35
1883	35
1884	35
1885	35
1886	35
1887	35
1888	35
1889	35
1890	35
1891	35
1892	35
1893	35
1894	35
1895	35
1896	35
1897	35
1898	35
1899	35
1900	35
1901	35
1902	35
1903	35
1904	35
1905	35
1906	35
1907	35
1908	35
1909	35
1910	35
1911	35
1912	35
1913	35
1914	35
1915	35
1916	35
1917	35
1918	35
1919	35
1920	35
1921	35
1922	35
1923	34
1924	34
1925	34
1926	34
1927	34
1928	34
1929	34
1930	34
1931	34
1932	34
1933	34
1934	34
1935	34
1936	34
1937	34
1938	34
1939	34
1940	34
1941	34
1942	34
1943	34
1944	34
1945	34
1946	34
1947	34
1948	34
1949	34
1950	34
1951	34
1952	34
1953	34
1954	34
1955	34
1956	34
1957	34
1958	34
1959	34
1960	34
1961	34
1962	34
1963	34
1964	34
1965	34
1966	34
1967	34
1968	34
1969	34
1970	34
1971	34
1972	34
1973	34
1974	34
1975	34
1976	34
1977	34
1978	34
1979	34
1980	34
1981	34
1982	34
1983	34
1984	34
1985	34
1986	34
1987	34
1988	34
1989	34
1990	34
1991	34
1992	34
1993	33
1994	33
1995	33
1996	33
1997	33
1998	33
1999	33
2000	33
2001	33
2002	33
2003	33
2004	33
2005	33
2006	33
2007	33
2008	33
2009	33
2010	33
2011	33
2012	33
2013	33
2014	33
2015	33
2016	33
2017	33
2018	33
2019	33
2020	33
2021	33
2022	33
2023	33
2024	33
2025	33
2026	33
2027	33
2028	33
2029	33
2030	33
2031	33
2032	33
2033	33
2034	33
2035	33
2036	33
2037	33
2038	33
2039	33
2040	33
2041	33
2042	33
2043	33
2044	33
2045	33
2046	33
2047	33
2048	33
2049	33
2050	33
2051	33
2052	33
2053	33
2054	33
2055	33
2056	33
2057	33
2058	33
2059	32
2060	32
2061	32
2062	32
2063	32
2064	32
2065	32
2066	32
2067	32
2068	32
2069	32
2070	32
2071	32
2072	32
2073	32
2074	32
2075	32
2076	32
2077	32
2078	32
2079	32
2080	32
2081	32
2082	32
2083	32
2084	32
2085	32
2086	32
2087	32
2088	32
2089	32
2090	32
2091	32
2092	32
2093	32
2094	32
2095	32
2096	32
2097	32
2098	32
2099	32
2100	32
2101	32
2102	32
2103	32
2104	32
2105	32
2106	32
2107	32
2108	32
2109	32
2110	32
2111	32
2112	32
2113	32
2114	32
2115	32
2116	32
2117	32
2118	32
2119	32
2120	32
2121	32
2122	31
2123	31
2124	31
2125	31
2126	31
2127	31
2128	31
2129	31
2130	31
2131	31
2132	31
2133	31
2134	31
2135	31
2136	31
2137	31
2138	31
2139	31
2140	31
2141	31
2142	31
2143	31
2144	31
2145	31
2146	31
2147	31
2148	31
2149	31
2150	31
2151	31
2152	31
2153	31
2154	31
2155	31
2156	31
2157	31
2158	31
2159	31
2160	31
2161	31
2162	31
2163	31
2164	31
2165	31
2166	31
2167	31
2168	31
2169	31
2170	31
2171	31
2172	31
2173	31
2174	31
2175	31
2176	31
2177	31
2178	31
2179	31
2180	31
2181	31
2182	31
2183	31
2184	31
2185	31
2186	30
2187	30
2188	30
2189	30
2190	30
2191	30
2192	30
2193	30
2194	30
2195	30
2196	30
2197	30
2198	30
2199	30
2200	30
2201	30
2202	30
2203	30
2204	30
2205	30
2206	30
2207	30
2208	30
2209	30
2210	30
2211	30
2212	30
2213	30
2214	30
2215	30
2216	30
2217	30
2218	30
2219	30
2220	30
2221	30
2222	30
2223	30
2224	30
2225	30
2226	30
2227	30
2228	30
2229	30
2230	30
2231	30
2232	30
2233	30
2234	30
2235	30
2236	30
2237	30
2238	30
2239	30
2240	30
2241	30
2242	30
2243	30
2244	30
2245	30
2246	30
2247	29
2248	29
2249	29
2250	29
2251	29
2252	29
2253	29
2254	29
2255	29
2256	29
2257	29
2258	29
2259	29
2260	29
2261	29
2262	29
2263	29
2264	29
2265	29
2266	29
2267	29
2268	29
2269	29
2270	29
2271	29
2272	29
2273	29
2274	29
2275	29
2276	29
2277	29
2278	29
2279	29
2280	29
2281	29
2282	29
2283	29
2284	29
2285	29
2286	29
2287	29
2288	29
2289	29
2290	29
2291	29
2292	29
2293	29
2294	29
2295	29
2296	29
2297	29
2298	29
2299	29
2300	29
2301	29
2302	29
2303	29
2304	29
2305	29
2306	29
2307	29
2308	29
2309	29
2310	29
2311	29
2312	29
2313	29
2314	29
2315	28
2316	28
2317	28
2318	28
2319	28
2320	28
2321	28
2322	28
2323	28
2324	28
2325	28
2326	28
2327	28
2328	28
2329	28
2330	28
2331	28
2332	28
2333	28
2334	28
2335	28
2336	28
2337	28
2338	28
2339	28
2340	28
2341	28
2342	28
2343	28
2344	28
2345	28
2346	28
2347	28
2348	28
2349	28
2350	28
2351	28
2352	28
2353	28
2354	28
2355	28
2356	28
2357	28
2358	28
2359	28
2360	28
2361	28
2362	28
2363	28
2364	28
2365	28
2366	28
2367	28
2368	28
2369	28
2370	28
2371	28
2372	28
2373	27
2374	27
2375	27
2376	27
2377	27
2378	27
2379	27
2380	27
2381	27
2382	27
2383	27
2384	27
2385	27
2386	27
2387	27
2388	27
2389	27
2390	27
2391	27
2392	27
2393	27
2394	27
2395	27
2396	27
2397	27
2398	27
2399	27
2400	27
2401	27
2402	27
2403	27
2404	27
2405	27
2406	27
2407	27
2408	27
2409	27
2410	27
2411	27
2412	27
2413	27
2414	27
2415	27
2416	27
2417	27
2418	27
2419	27
2420	27
2421	27
2422	27
2423	27
2424	27
2425	27
2426	27
2427	27
2428	27
2429	27
2430	27
2431	27
2432	27
2433	27
2434	27
2435	27
2436	27
2437	27
2438	27
2439	27
2440	27
2441	27
2442	27
2443	27
2444	27
2445	27
2446	26
2447	26
2448	26
2449	26
2450	26
2451	26
2452	26
2453	26
2454	26
2455	26
2456	26
2457	26
2458	26
2459	26
2460	26
2461	26
2462	26
2463	26
2464	26
2465	26
2466	26
2467	26
2468	26
2469	26
2470	26
2471	26
2472	26
2473	26
2474	26
2475	26
2476	26
2477	26
2478	26
2479	26
2480	26
2481	26
2482	26
2483	26
2484	26
2485	26
2486	26
2487	26
2488	26
2489	26
2490	26
2491	26
2492	26
2493	26
2494	26
2495	26
2496	26
2497	26
2498	26
2499	26
2500	26
2501	26
2502	26
2503	26
2504	26
2505	26
2506	26
2507	26
2508	26
2509	26
2510	26
2511	26
2512	26
2513	26
2514	26
2515	26
2516	26
2517	26
2518	26
2519	26
2520	26
2521	26
2522	26
2523	26
2524	26
2525	26
2526	26
2527	26
2528	25
2529	25
2530	25
2531	25
2532	25
2533	25
2534	25
2535	25
2536	25
2537	25
2538	25
2539	25
2540	25
2541	25
2542	25
2543	25
2544	25
2545	25
2546	25
2547	25
2548	25
2549	25
2550	25
2551	25
2552	25
2553	25
2554	25
2555	25
2556	25
2557	25
2558	25
2559	25
2560	25
2561	25
2562	25
2563	25
2564	25
2565	25
2566	25
2567	25
2568	25
2569	25
2570	25
2571	25
2572	25
2573	25
2574	25
2575	25
2576	25
2577	25
2578	25
2579	25
2580	25
2581	25
2582	25
2583	25
2584	25
2585	25
2586	25
2587	25
2588	25
2589	25
2590	25
2591	25
2592	25
2593	25
2594	25
2595	25
2596	25
2597	25
2598	25
2599	25
2600	25
2601	25
2602	25
2603	25
2604	25
2605	25
2606	25
2607	25
2608	25
2609	25
2610	25
2611	25
2612	25
2613	25
2614	25
2615	25
2616	25
2617	25
2618	25
2619	25
2620	25
2621	25
2622	25
2623	25
2624	25
2625	25
2626	25
2627	25
2628	24
2629	24
2630	24
2631	24
2632	24
2633	24
2634	24
2635	24
2636	24
2637	24
2638	24
2639	24
2640	24
2641	24
2642	24
2643	24
2644	24
2645	24
2646	24
2647	24
2648	24
2649	24
2650	24
2651	24
2652	24
2653	24
2654	24
2655	24
2656	24
2657	24
2658	24
2659	24
2660	24
2661	24
2662	24
2663	24
2664	24
2665	24
2666	24
2667	24
2668	24
2669	24
2670	24
2671	24
2672	24
2673	24
2674	24
2675	24
2676	24
2677	24
2678	24
2679	24
2680	24
2681	24
2682	24
2683	24
2684	24
2685	24
2686	24
2687	24
2688	24
2689	24
2690	24
2691	24
2692	24
2693	24
2694	24
2695	24
2696	24
2697	24
2698	24
2699	24
2700	24
2701	24
2702	24
2703	24
2704	24
2705	24
2706	24
2707	24
2708	24
2709	24
2710	24
2711	24
2712	24
2713	24
2714	24
2715	24
2716	24
2717	24
2718	24
2719	24
2720	24
2721	24
2722	24
2723	24
2724	24
2725	24
2726	24
2727	24
2728	24
2729	24
2730	24
2731	24
2732	24
2733	24
2734	24
2735	24
2736	24
2737	24
2738	24
2739	24
2740	24
2741	24
2742	24
2743	24
2744	24
2745	24
2746	24
2747	24
2748	24
2749	23
2750	23
2751	23
2752	23
2753	23
2754	23
2755	23
2756	23
2757	23
2758	23
2759	23
2760	23
2761	23
2762	23
2763	23
2764	23
2765	23
2766	23
2767	23
2768	23
2769	23
2770	23
2771	23
2772	23
2773	23
2774	23
2775	23
2776	23
2777	23
2778	23
2779	23
2780	23
2781	23
2782	23
2783	23
2784	23
2785	23
2786	23
2787	23
2788	23
2789	23
2790	23
2791	23
2792	23
2793	23
2794	23
2795	23
2796	23
2797	23
2798	23
2799	23
2800	23
2801	23
2802	23
2803	23
2804	23
2805	23
2806	23
2807	23
2808	23
2809	23
2810	23
2811	23
2812	23
2813	23
2814	23
2815	23
2816	23
2817	23
2818	23
2819	23
2820	23
2821	23
2822	23
2823	23
2824	23
2825	23
2826	23
2827	23
2828	23
2829	23
2830	23
2831	23
2832	23
2833	23
2834	23
2835	23
2836	23
2837	23
2838	23
2839	23
2840	23
2841	23
2842	23
2843	23
2844	23
2845	23
2846	23
2847	23
2848	23
2849	23
2850	23
2851	23
2852	23
2853	23
2854	23
2855	23
2856	23
2857	23
2858	23
2859	23
2860	23
2861	23
2862	23
2863	23
2864	23
2865	23
2866	23
2867	22
2868	22
2869	22
2870	22
2871	22
2872	22
2873	22
2874	22
2875	22
2876	22
2877	22
2878	22
2879	22
2880	22
2881	22
2882	22
2883	22
2884	22
2885	22
2886	22
2887	22
2888	22
2889	22
2890	22
2891	22
2892	22
2893	22
2894	22
2895	22
2896	22
2897	22
2898	22
2899	22
2900	22
2901	22
2902	22
2903	22
2904	22
2905	22
2906	22
2907	22
2908	22
2909	22
2910	22
2911	22
2912	22
2913	22
2914	22
2915	22
2916	22
2917	22
2918	22
2919	22
2920	22
2921	22
2922	22
2923	22
2924	22
2925	22
2926	22
2927	22
2928	22
2929	22
2930	22
2931	22
2932	22
2933	22
2934	22
2935	22
2936	22
2937	22
2938	22
2939	22
2940	22
2941	22
2942	22
2943	22
2944	22
2945	22
2946	22
2947	22
2948	22
2949	22
2950	22
2951	22
2952	22
2953	22
2954	22
2955	22
2956	22
2957	22
2958	22
2959	22
2960	22
2961	22
2962	22
2963	22
2964	22
2965	22
2966	22
2967	22
2968	22
2969	22
2970	22
2971	22
2972	22
2973	22
2974	22
2975	22
2976	22
2977	22
2978	22
2979	22
2980	22
2981	22
2982	22
2983	22
2984	22
2985	22
2986	22
2987	22
2988	22
2989	22
2990	22
2991	22
2992	22
2993	22
2994	22
2995	22
2996	22
2997	22
2998	22
2999	22
3000	21
3001	21
3002	21
3003	21
3004	21
3005	21
3006	21
3007	21
3008	21
3009	21
3010	21
3011	21
3012	21
3013	21
3014	21
3015	21
3016	21
3017	21
3018	21
3019	21
3020	21
3021	21
3022	21
3023	21
3024	21
3025	21
3026	21
3027	21
3028	21
3029	21
3030	21
3031	21
3032	21
3033	21
3034	21
3035	21
3036	21
3037	21
3038	21
3039	21
3040	21
3041	21
3042	21
3043	21
3044	21
3045	21
3046	21
3047	21
3048	21
3049	21
3050	21
3051	21
3052	21
3053	21
3054	21
3055	21
3056	21
3057	21
3058	21
3059	21
3060	21
3061	21
3062	21
3063	21
3064	21
3065	21
3066	21
3067	21
3068	21
3069	21
3070	21
3071	21
3072	21
3073	21
3074	21
3075	21
3076	21
3077	21
3078	21
3079	21
3080	21
3081	21
3082	21
3083	21
3084	21
3085	21
3086	21
3087	21
3088	21
3089	21
3090	21
3091	21
3092	21
3093	21
3094	21
3095	21
3096	21
3097	21
3098	21
3099	21
3100	21
3101	21
3102	21
3103	21
3104	21
3105	21
3106	21
3107	21
3108	21
3109	21
3110	21
3111	21
3112	21
3113	21
3114	21
3115	21
3116	21
3117	21
3118	21
3119	21
3120	21
3121	21
3122	21
3123	21
3124	21
3125	21
3126	21
3127	21
3128	21
3129	21
3130	21
3131	21
3132	21
3133	21
3134	21
3135	21
3136	21
3137	21
3138	21
3139	21
3140	21
3141	20
3142	20
3143	20
3144	20
3145	20
3146	20
3147	20
3148	20
3149	20
3150	20
3151	20
3152	20
3153	20
3154	20
3155	20
3156	20
3157	20
3158	20
3159	20
3160	20
3161	20
3162	20
3163	20
3164	20
3165	20
3166	20
3167	20
3168	20
3169	20
3170	20
3171	20
3172	20
3173	20
3174	20
3175	20
3176	20
3177	20
3178	20
3179	20
3180	20
3181	20
3182	20
3183	20
3184	20
3185	20
3186	20
3187	20
3188	20
3189	20
3190	20
3191	20
3192	20
3193	20
3194	20
3195	20
3196	20
3197	20
3198	20
3199	20
3200	20
3201	20
3202	20
3203	20
3204	20
3205	20
3206	20
3207	20
3208	20
3209	20
3210	20
3211	20
3212	20
3213	20
3214	20
3215	20
3216	20
3217	20
3218	20
3219	20
3220	20
3221	20
3222	20
3223	20
3224	20
3225	20
3226	20
3227	20
3228	20
3229	20
3230	20
3231	20
3232	20
3233	20
3234	20
3235	20
3236	20
3237	20
3238	20
3239	20
3240	20
3241	20
3242	20
3243	20
3244	20
3245	20
3246	20
3247	20
3248	20
3249	20
3250	20
3251	20
3252	20
3253	20
3254	20
3255	20
3256	20
3257	20
3258	20
3259	20
3260	20
3261	20
3262	20
3263	20
3264	20
3265	20
3266	20
3267	20
3268	20
3269	20
3270	20
3271	20
3272	20
3273	20
3274	20
3275	20
3276	20
3277	20
3278	20
3279	20
3280	20
3281	20
3282	20
3283	20
3284	20
3285	20
3286	20
3287	20
3288	20
3289	20
3290	20
3291	20
3292	20
3293	20
3294	20
3295	20
3296	19
3297	19
3298	19
3299	19
3300	19
3301	19
3302	19
3303	19
3304	19
3305	19
3306	19
3307	19
3308	19
3309	19
3310	19
3311	19
3312	19
3313	19
3314	19
3315	19
3316	19
3317	19
3318	19
3319	19
3320	19
3321	19
3322	19
3323	19
3324	19
3325	19
3326	19
3327	19
3328	19
3329	19
3330	19
3331	19
3332	19
3333	19
3334	19
3335	19
3336	19
3337	19
3338	19
3339	19
3340	19
3341	19
3342	19
3343	19
3344	19
3345	19
3346	19
3347	19
3348	19
3349	19
3350	19
3351	19
3352	19
3353	19
3354	19
3355	19
3356	19
3357	19
3358	19
3359	19
3360	19
3361	19
3362	19
3363	19
3364	19
3365	19
3366	19
3367	19
3368	19
3369	19
3370	19
3371	19
3372	19
3373	19
3374	19
3375	19
3376	19
3377	19
3378	19
3379	19
3380	19
3381	19
3382	19
3383	19
3384	19
3385	19
3386	19
3387	19
3388	19
3389	19
3390	19
3391	19
3392	19
3393	19
3394	19
3395	19
3396	19
3397	19
3398	19
3399	19
3400	19
3401	19
3402	19
3403	19
3404	19
3405	19
3406	19
3407	19
3408	19
3409	19
3410	19
3411	19
3412	19
3413	19
3414	19
3415	19
3416	19
3417	19
3418	19
3419	19
3420	19
3421	19
3422	19
3423	19
3424	19
3425	19
3426	19
3427	19
3428	19
3429	19
3430	19
3431	19
3432	19
3433	19
3434	19
3435	19
3436	19
3437	19
3438	19
3439	19
3440	19
3441	19
3442	19
3443	19
3444	19
3445	19
3446	19
3447	19
3448	19
3449	19
3450	19
3451	19
3452	19
3453	19
3454	19
3455	19
3456	19
3457	19
3458	19
3459	19
3460	19
3461	19
3462	19
3463	19
3464	19
3465	19
3466	19
3467	19
3468	19
3469	19
3470	19
3471	19
3472	19
3473	19
3474	19
3475	19
3476	19
3477	19
3478	19
3479	19
3480	19
3481	19
3482	19
3483	19
3484	19
3485	19
3486	18
3487	18
3488	18
3489	18
3490	18
3491	18
3492	18
3493	18
3494	18
3495	18
3496	18
3497	18
3498	18
3499	18
3500	18
3501	18
3502	18
3503	18
3504	18
3505	18
3506	18
3507	18
3508	18
3509	18
3510	18
3511	18
3512	18
3513	18
3514	18
3515	18
3516	18
3517	18
3518	18
3519	18
3520	18
3521	18
3522	18
3523	18
3524	18
3525	18
3526	18
3527	18
3528	18
3529	18
3530	18
3531	18
3532	18
3533	18
3534	18
3535	18
3536	18
3537	18
3538	18
3539	18
3540	18
3541	18
3542	18
3543	18
3544	18
3545	18
3546	18
3547	18
3548	18
3549	18
3550	18
3551	18
3552	18
3553	18
3554	18
3555	18
3556	18
3557	18
3558	18
3559	18
3560	18
3561	18
3562	18
3563	18
3564	18
3565	18
3566	18
3567	18
3568	18
3569	18
3570	18
3571	18
3572	18
3573	18
3574	18
3575	18
3576	18
3577	18
3578	18
3579	18
3580	18
3581	18
3582	18
3583	18
3584	18
3585	18
3586	18
3587	18
3588	18
3589	18
3590	18
3591	18
3592	18
3593	18
3594	18
3595	18
3596	18
3597	18
3598	18
3599	18
3600	18
3601	18
3602	18
3603	18
3604	18
3605	18
3606	18
3607	18
3608	18
3609	18
3610	18
3611	18
3612	18
3613	18
3614	18
3615	18
3616	18
3617	18
3618	18
3619	18
3620	18
3621	18
3622	18
3623	18
3624	18
3625	18
3626	18
3627	18
3628	18
3629	18
3630	18
3631	18
3632	18
3633	18
3634	18
3635	18
3636	18
3637	18
3638	18
3639	18
3640	18
3641	18
3642	18
3643	18
3644	18
3645	18
3646	18
3647	18
3648	18
3649	18
3650	18
3651	18
3652	18
3653	18
3654	18
3655	18
3656	18
3657	18
3658	18
3659	18
3660	18
3661	18
3662	18
3663	18
3664	18
3665	18
3666	18
3667	18
3668	18
3669	18
3670	18
3671	18
3672	18
3673	18
3674	18
3675	18
3676	18
3677	18
3678	18
3679	17
3680	17
3681	17
3682	17
3683	17
3684	17
3685	17
3686	17
3687	17
3688	17
3689	17
3690	17
3691	17
3692	17
3693	17
3694	17
3695	17
3696	17
3697	17
3698	17
3699	17
3700	17
3701	17
3702	17
3703	17
3704	17
3705	17
3706	17
3707	17
3708	17
3709	17
3710	17
3711	17
3712	17
3713	17
3714	17
3715	17
3716	17
3717	17
3718	17
3719	17
3720	17
3721	17
3722	17
3723	17
3724	17
3725	17
3726	17
3727	17
3728	17
3729	17
3730	17
3731	17
3732	17
3733	17
3734	17
3735	17
3736	17
3737	17
3738	17
3739	17
3740	17
3741	17
3742	17
3743	17
3744	17
3745	17
3746	17
3747	17
3748	17
3749	17
3750	17
3751	17
3752	17
3753	17
3754	17
3755	17
3756	17
3757	17
3758	17
3759	17
3760	17
3761	17
3762	17
3763	17
3764	17
3765	17
3766	17
3767	17
3768	17
3769	17
3770	17
3771	17
3772	17
3773	17
3774	17
3775	17
3776	17
3777	17
3778	17
3779	17
3780	17
3781	17
3782	17
3783	17
3784	17
3785	17
3786	17
3787	17
3788	17
3789	17
3790	17
3791	17
3792	17
3793	17
3794	17
3795	17
3796	17
3797	17
3798	17
3799	17
3800	17
3801	17
3802	17
3803	17
3804	17
3805	17
3806	17
3807	17
3808	17
3809	17
3810	17
3811	17
3812	17
3813	17
3814	17
3815	17
3816	17
3817	17
3818	17
3819	17
3820	17
3821	17
3822	17
3823	17
3824	17
3825	17
3826	17
3827	17
3828	17
3829	17
3830	17
3831	17
3832	17
3833	17
3834	17
3835	17
3836	17
3837	17
3838	17
3839	17
3840	17
3841	17
3842	17
3843	17
3844	17
3845	17
3846	17
3847	17
3848	17
3849	17
3850	17
3851	17
3852	17
3853	17
3854	17
3855	17
3856	17
3857	17
3858	17
3859	17
3860	17
3861	17
3862	17
3863	16
3864	16
3865	16
3866	16
3867	16
3868	16
3869	16
3870	16
3871	16
3872	16
3873	16
3874	16
3875	16
3876	16
3877	16
3878	16
3879	16
3880	16
3881	16
3882	16
3883	16
3884	16
3885	16
3886	16
3887	16
3888	16
3889	16
3890	16
3891	16
3892	16
3893	16
3894	16
3895	16
3896	16
3897	16
3898	16
3899	16
3900	16
3901	16
3902	16
3903	16
3904	16
3905	16
3906	16
3907	16
3908	16
3909	16
3910	16
3911	16
3912	16
3913	16
3914	16
3915	16
3916	16
3917	16
3918	16
3919	16
3920	16
3921	16
3922	16
3923	16
3924	16
3925	16
3926	16
3927	16
3928	16
3929	16
3930	16
3931	16
3932	16
3933	16
3934	16
3935	16
3936	16
3937	16
3938	16
3939	16
3940	16
3941	16
3942	16
3943	16
3944	16
3945	16
3946	16
3947	16
3948	16
3949	16
3950	16
3951	16
3952	16
3953	16
3954	16
3955	16
3956	16
3957	16
3958	16
3959	16
3960	16
3961	16
3962	16
3963	16
3964	16
3965	16
3966	16
3967	16
3968	16
3969	16
3970	16
3971	16
3972	16
3973	16
3974	16
3975	16
3976	16
3977	16
3978	16
3979	16
3980	16
3981	16
3982	16
3983	16
3984	16
3985	16
3986	16
3987	16
3988	16
3989	16
3990	16
3991	16
3992	16
3993	16
3994	16
3995	16
3996	16
3997	16
3998	16
3999	16
4000	16
4001	16
4002	16
4003	16
4004	16
4005	16
4006	16
4007	16
4008	16
4009	16
4010	16
4011	16
4012	16
4013	16
4014	16
4015	16
4016	16
4017	16
4018	16
4019	16
4020	16
4021	16
4022	16
4023	16
4024	16
4025	16
4026	16
4027	16
4028	16
4029	16
4030	16
4031	16
4032	16
4033	16
4034	16
4035	16
4036	16
4037	16
4038	16
4039	16
4040	16
4041	16
4042	16
4043	16
4044	16
4045	16
4046	16
4047	16
4048	16
4049	16
4050	16
4051	16
4052	16
4053	16
4054	16
4055	16
4056	16
4057	16
4058	16
4059	16
4060	16
4061	16
4062	16
4063	16
4064	16
4065	16
4066	16
4067	16
4068	16
4069	16
4070	16
4071	16
4072	16
4073	16
4074	16
4075	16
4076	16
4077	16
4078	16
4079	16
4080	16
4081	16
4082	16
4083	16
4084	16
4085	16
4086	16
4087	16
4088	16
4089	16
4090	16
4091	16
4092	16
4093	16
4094	16
4095	16
4096	16
4097	16
4098	16
4099	16
4100	15
4101	15
4102	15
4103	15
4104	15
4105	15
4106	15
4107	15
4108	15
4109	15
4110	15
4111	15
4112	15
4113	15
4114	15
4115	15
4116	15
4117	15
4118	15
4119	15
4120	15
4121	15
4122	15
4123	15
4124	15
4125	15
4126	15
4127	15
4128	15
4129	15
4130	15
4131	15
4132	15
4133	15
4134	15
4135	15
4136	15
4137	15
4138	15
4139	15
4140	15
4141	15
4142	15
4143	15
4144	15
4145	15
4146	15
4147	15
4148	15
4149	15
4150	15
4151	15
4152	15
4153	15
4154	15
4155	15
4156	15
4157	15
4158	15
4159	15
4160	15
4161	15
4162	15
4163	15
4164	15
4165	15
4166	15
4167	15
4168	15
4169	15
4170	15
4171	15
4172	15
4173	15
4174	15
4175	15
4176	15
4177	15
4178	15
4179	15
4180	15
4181	15
4182	15
4183	15
4184	15
4185	15
4186	15
4187	15
4188	15
4189	15
4190	15
4191	15
4192	15
4193	15
4194	15
4195	15
4196	15
4197	15
4198	15
4199	15
4200	15
4201	15
4202	15
4203	15
4204	15
4205	15
4206	15
4207	15
4208	15
4209	15
4210	15
4211	15
4212	15
4213	15
4214	15
4215	15
4216	15
4217	15
4218	15
4219	15
4220	15
4221	15
4222	15
4223	15
4224	15
4225	15
4226	15
4227	15
4228	15
4229	15
4230	15
4231	15
4232	15
4233	15
4234	15
4235	15
4236	15
4237	15
4238	15
4239	15
4240	15
4241	15
4242	15
4243	15
4244	15
4245	15
4246	15
4247	15
4248	15
4249	15
4250	15
4251	15
4252	15
4253	15
4254	15
4255	15
4256	15
4257	15
4258	15
4259	15
4260	15
4261	15
4262	15
4263	15
4264	15
4265	15
4266	15
4267	15
4268	15
4269	15
4270	15
4271	15
4272	15
4273	15
4274	15
4275	15
4276	15
4277	15
4278	15
4279	15
4280	15
4281	15
4282	15
4283	15
4284	15
4285	15
4286	15
4287	15
4288	15
4289	15
4290	15
4291	15
4292	15
4293	15
4294	15
4295	15
4296	15
4297	15
4298	15
4299	15
4300	15
4301	15
4302	15
4303	15
4304	15
4305	15
4306	15
4307	15
4308	15
4309	15
4310	15
4311	15
4312	15
4313	15
4314	15
4315	15
4316	15
4317	15
4318	15
4319	15
4320	15
4321	15
4322	15
4323	15
4324	15
4325	15
4326	15
4327	15
4328	15
4329	15
4330	15
4331	15
4332	15
4333	15
4334	15
4335	15
4336	15
4337	15
4338	15
4339	15
4340	15
4341	15
4342	15
4343	15
4344	15
4345	15
4346	15
4347	15
4348	15
4349	15
4350	15
4351	15
4352	15
4353	15
4354	15
4355	15
4356	15
4357	15
4358	15
4359	15
4360	15
4361	15
4362	15
4363	15
4364	15
4365	15
4366	15
4367	15
4368	15
4369	14
4370	14
4371	14
4372	14
4373	14
4374	14
4375	14
4376	14
4377	14
4378	14
4379	14
4380	14
4381	14
4382	14
4383	14
4384	14
4385	14
4386	14
4387	14
4388	14
4389	14
4390	14
4391	14
4392	14
4393	14
4394	14
4395	14
4396	14
4397	14
4398	14
4399	14
4400	14
4401	14
4402	14
4403	14
4404	14
4405	14
4406	14
4407	14
4408	14
4409	14
4410	14
4411	14
4412	14
4413	14
4414	14
4415	14
4416	14
4417	14
4418	14
4419	14
4420	14
4421	14
4422	14
4423	14
4424	14
4425	14
4426	14
4427	14
4428	14
4429	14
4430	14
4431	14
4432	14
4433	14
4434	14
4435	14
4436	14
4437	14
4438	14
4439	14
4440	14
4441	14
4442	14
4443	14
4444	14
4445	14
4446	14
4447	14
4448	14
4449	14
4450	14
4451	14
4452	14
4453	14
4454	14
4455	14
4456	14
4457	14
4458	14
4459	14
4460	14
4461	14
4462	14
4463	14
4464	14
4465	14
4466	14
4467	14
4468	14
4469	14
4470	14
4471	14
4472	14
4473	14
4474	14
4475	14
4476	14
4477	14
4478	14
4479	14
4480	14
4481	14
4482	14
4483	14
4484	14
4485	14
4486	14
4487	14
4488	14
4489	14
4490	14
4491	14
4492	14
4493	14
4494	14
4495	14
4496	14
4497	14
4498	14
4499	14
4500	14
4501	14
4502	14
4503	14
4504	14
4505	14
4506	14
4507	14
4508	14
4509	14
4510	14
4511	14
4512	14
4513	14
4514	14
4515	14
4516	14
4517	14
4518	14
4519	14
4520	14
4521	14
4522	14
4523	14
4524	14
4525	14
4526	14
4527	14
4528	14
4529	14
4530	14
4531	14
4532	14
4533	14
4534	14
4535	14
4536	14
4537	14
4538	14
4539	14
4540	14
4541	14
4542	14
4543	14
4544	14
4545	14
4546	14
4547	14
4548	14
4549	14
4550	14
4551	14
4552	14
4553	14
4554	14
4555	14
4556	14
4557	14
4558	14
4559	14
4560	14
4561	14
4562	14
4563	14
4564	14
4565	14
4566	14
4567	14
4568	14
4569	14
4570	14
4571	14
4572	14
4573	14
4574	14
4575	14
4576	14
4577	14
4578	14
4579	14
4580	14
4581	14
4582	14
4583	14
4584	14
4585	14
4586	14
4587	14
4588	14
4589	14
4590	14
4591	14
4592	14
4593	14
4594	14
4595	14
4596	14
4597	14
4598	14
4599	14
4600	14
4601	14
4602	14
4603	14
4604	14
4605	14
4606	14
4607	14
4608	14
4609	14
4610	14
4611	14
4612	14
4613	14
4614	14
4615	14
4616	14
4617	14
4618	14
4619	14
4620	14
4621	14
4622	14
4623	14
4624	14
4625	14
4626	14
4627	14
4628	14
4629	14
4630	14
4631	14
4632	14
4633	14
4634	14
4635	14
4636	14
4637	14
4638	14
4639	14
4640	14
4641	14
4642	14
4643	14
4644	14
4645	14
4646	14
4647	14
4648	14
4649	14
4650	14
4651	14
4652	14
4653	14
4654	14
4655	14
4656	14
4657	14
4658	14
4659	14
4660	14
4661	14
4662	14
4663	14
4664	14
4665	14
4666	14
4667	14
4668	14
4669	14
4670	14
4671	14
4672	14
4673	14
4674	14
4675	14
4676	14
4677	14
4678	14
4679	14
4680	14
4681	14
4682	14
4683	14
4684	14
4685	14
4686	14
4687	14
4688	14
4689	14
4690	14
4691	14
4692	14
4693	14
4694	14
4695	14
4696	14
4697	14
4698	13
4699	13
4700	13
4701	13
4702	13
4703	13
4704	13
4705	13
4706	13
4707	13
4708	13
4709	13
4710	13
4711	13
4712	13
4713	13
4714	13
4715	13
4716	13
4717	13
4718	13
4719	13
4720	13
4721	13
4722	13
4723	13
4724	13
4725	13
4726	13
4727	13
4728	13
4729	13
4730	13
4731	13
4732	13
4733	13
4734	13
4735	13
4736	13
4737	13
4738	13
4739	13
4740	13
4741	13
4742	13
4743	13
4744	13
4745	13
4746	13
4747	13
4748	13
4749	13
4750	13
4751	13
4752	13
4753	13
4754	13
4755	13
4756	13
4757	13
4758	13
4759	13
4760	13
4761	13
4762	13
4763	13
4764	13
4765	13
4766	13
4767	13
4768	13
4769	13
4770	13
4771	13
4772	13
4773	13
4774	13
4775	13
4776	13
4777	13
4778	13
4779	13
4780	13
4781	13
4782	13
4783	13
4784	13
4785	13
4786	13
4787	13
4788	13
4789	13
4790	13
4791	13
4792	13
4793	13
4794	13
4795	13
4796	13
4797	13
4798	13
4799	13
4800	13
4801	13
4802	13
4803	13
4804	13
4805	13
4806	13
4807	13
4808	13
4809	13
4810	13
4811	13
4812	13
4813	13
4814	13
4815	13
4816	13
4817	13
4818	13
4819	13
4820	13
4821	13
4822	13
4823	13
4824	13
4825	13
4826	13
4827	13
4828	13
4829	13
4830	13
4831	13
4832	13
4833	13
4834	13
4835	13
4836	13
4837	13
4838	13
4839	13
4840	13
4841	13
4842	13
4843	13
4844	13
4845	13
4846	13
4847	13
4848	13
4849	13
4850	13
4851	13
4852	13
4853	13
4854	13
4855	13
4856	13
4857	13
4858	13
4859	13
4860	13
4861	13
4862	13
4863	13
4864	13
4865	13
4866	13
4867	13
4868	13
4869	13
4870	13
4871	13
4872	13
4873	13
4874	13
4875	13
4876	13
4877	13
4878	13
4879	13
4880	13
4881	13
4882	13
4883	13
4884	13
4885	13
4886	13
4887	13
4888	13
4889	13
4890	13
4891	13
4892	13
4893	13
4894	13
4895	13
4896	13
4897	13
4898	13
4899	13
4900	13
4901	13
4902	13
4903	13
4904	13
4905	13
4906	13
4907	13
4908	13
4909	13
4910	13
4911	13
4912	13
4913	13
4914	13
4915	13
4916	13
4917	13
4918	13
4919	13
4920	13
4921	13
4922	13
4923	13
4924	13
4925	13
4926	13
4927	13
4928	13
4929	13
4930	13
4931	13
4932	13
4933	13
4934	13
4935	13
4936	13
4937	13
4938	13
4939	13
4940	13
4941	13
4942	13
4943	13
4944	13
4945	13
4946	13
4947	13
4948	13
4949	13
4950	13
4951	13
4952	13
4953	13
4954	13
4955	13
4956	13
4957	13
4958	13
4959	13
4960	13
4961	13
4962	13
4963	13
4964	13
4965	13
4966	13
4967	13
4968	13
4969	13
4970	13
4971	13
4972	13
4973	13
4974	13
4975	13
4976	13
4977	13
4978	13
4979	13
4980	13
4981	13
4982	13
4983	13
4984	13
4985	13
4986	13
4987	13
4988	13
4989	13
4990	13
4991	13
4992	13
4993	13
4994	13
4995	13
4996	13
4997	13
4998	13
4999	13
5000	13
5001	13
5002	13
5003	13
5004	13
5005	13
5006	13
5007	13
5008	13
5009	13
5010	13
5011	13
5012	13
5013	13
5014	13
5015	13
5016	13
5017	13
5018	13
5019	13
5020	13
5021	13
5022	13
5023	13
5024	13
5025	13
5026	13
5027	13
5028	12
5029	12
5030	12
5031	12
5032	12
5033	12
5034	12
5035	12
5036	12
5037	12
5038	12
5039	12
5040	12
5041	12
5042	12
5043	12
5044	12
5045	12
5046	12
5047	12
5048	12
5049	12
5050	12
5051	12
5052	12
5053	12
5054	12
5055	12
5056	12
5057	12
5058	12
5059	12
5060	12
5061	12
5062	12
5063	12
5064	12
5065	12
5066	12
5067	12
5068	12
5069	12
5070	12
5071	12
5072	12
5073	12
5074	12
5075	12
5076	12
5077	12
5078	12
5079	12
5080	12
5081	12
5082	12
5083	12
5084	12
5085	12
5086	12
5087	12
5088	12
5089	12
5090	12
5091	12
5092	12
5093	12
5094	12
5095	12
5096	12
5097	12
5098	12
5099	12
5100	12
5101	12
5102	12
5103	12
5104	12
5105	12
5106	12
5107	12
5108	12
5109	12
5110	12
5111	12
5112	12
5113	12
5114	12
5115	12
5116	12
5117	12
5118	12
5119	12
5120	12
5121	12
5122	12
5123	12
5124	12
5125	12
5126	12
5127	12
5128	12
5129	12
5130	12
5131	12
5132	12
5133	12
5134	12
5135	12
5136	12
5137	12
5138	12
5139	12
5140	12
5141	12
5142	12
5143	12
5144	12
5145	12
5146	12
5147	12
5148	12
5149	12
5150	12
5151	12
5152	12
5153	12
5154	12
5155	12
5156	12
5157	12
5158	12
5159	12
5160	12
5161	12
5162	12
5163	12
5164	12
5165	12
5166	12
5167	12
5168	12
5169	12
5170	12
5171	12
5172	12
5173	12
5174	12
5175	12
5176	12
5177	12
5178	12
5179	12
5180	12
5181	12
5182	12
5183	12
5184	12
5185	12
5186	12
5187	12
5188	12
5189	12
5190	12
5191	12
5192	12
5193	12
5194	12
5195	12
5196	12
5197	12
5198	12
5199	12
5200	12
5201	12
5202	12
5203	12
5204	12
5205	12
5206	12
5207	12
5208	12
5209	12
5210	12
5211	12
5212	12
5213	12
5214	12
5215	12
5216	12
5217	12
5218	12
5219	12
5220	12
5221	12
5222	12
5223	12
5224	12
5225	12
5226	12
5227	12
5228	12
5229	12
5230	12
5231	12
5232	12
5233	12
5234	12
5235	12
5236	12
5237	12
5238	12
5239	12
5240	12
5241	12
5242	12
5243	12
5244	12
5245	12
5246	12
5247	12
5248	12
5249	12
5250	12
5251	12
5252	12
5253	12
5254	12
5255	12
5256	12
5257	12
5258	12
5259	12
5260	12
5261	12
5262	12
5263	12
5264	12
5265	12
5266	12
5267	12
5268	12
5269	12
5270	12
5271	12
5272	12
5273	12
5274	12
5275	12
5276	12
5277	12
5278	12
5279	12
5280	12
5281	12
5282	12
5283	12
5284	12
5285	12
5286	12
5287	12
5288	12
5289	12
5290	12
5291	12
5292	12
5293	12
5294	12
5295	12
5296	12
5297	12
5298	12
5299	12
5300	12
5301	12
5302	12
5303	12
5304	12
5305	12
5306	12
5307	12
5308	12
5309	12
5310	12
5311	12
5312	12
5313	12
5314	12
5315	12
5316	12
5317	12
5318	12
5319	12
5320	12
5321	12
5322	12
5323	12
5324	12
5325	12
5326	12
5327	12
5328	12
5329	12
5330	12
5331	12
5332	12
5333	12
5334	12
5335	12
5336	12
5337	12
5338	12
5339	12
5340	12
5341	12
5342	12
5343	12
5344	12
5345	12
5346	12
5347	12
5348	12
5349	12
5350	12
5351	12
5352	12
5353	12
5354	12
5355	12
5356	12
5357	12
5358	12
5359	12
5360	12
5361	12
5362	12
5363	12
5364	12
5365	12
5366	12
5367	12
5368	12
5369	12
5370	12
5371	12
5372	12
5373	12
5374	12
5375	12
5376	12
5377	12
5378	12
5379	12
5380	12
5381	12
5382	12
5383	12
5384	12
5385	12
5386	12
5387	12
5388	12
5389	12
5390	12
5391	12
5392	12
5393	12
5394	12
5395	12
5396	12
5397	12
5398	12
5399	12
5400	12
5401	12
5402	12
5403	12
5404	12
5405	12
5406	12
5407	12
5408	12
5409	12
5410	12
5411	12
5412	12
5413	12
5414	12
5415	12
5416	12
5417	12
5418	12
5419	12
5420	12
5421	12
5422	12
5423	12
5424	12
5425	12
5426	12
5427	11
5428	11
5429	11
5430	11
5431	11
5432	11
5433	11
5434	11
5435	11
5436	11
5437	11
5438	11
5439	11
5440	11
5441	11
5442	11
5443	11
5444	11
5445	11
5446	11
5447	11
5448	11
5449	11
5450	11
5451	11
5452	11
5453	11
5454	11
5455	11
5456	11
5457	11
5458	11
5459	11
5460	11
5461	11
5462	11
5463	11
5464	11
5465	11
5466	11
5467	11
5468	11
5469	11
5470	11
5471	11
5472	11
5473	11
5474	11
5475	11
5476	11
5477	11
5478	11
5479	11
5480	11
5481	11
5482	11
5483	11
5484	11
5485	11
5486	11
5487	11
5488	11
5489	11
5490	11
5491	11
5492	11
5493	11
5494	11
5495	11
5496	11
5497	11
5498	11
5499	11
5500	11
5501	11
5502	11
5503	11
5504	11
5505	11
5506	11
5507	11
5508	11
5509	11
5510	11
5511	11
5512	11
5513	11
5514	11
5515	11
5516	11
5517	11
5518	11
5519	11
5520	11
5521	11
5522	11
5523	11
5524	11
5525	11
5526	11
5527	11
5528	11
5529	11
5530	11
5531	11
5532	11
5533	11
5534	11
5535	11
5536	11
5537	11
5538	11
5539	11
5540	11
5541	11
5542	11
5543	11
5544	11
5545	11
5546	11
5547	11
5548	11
5549	11
5550	11
5551	11
5552	11
5553	11
5554	11
5555	11
5556	11
5557	11
5558	11
5559	11
5560	11
5561	11
5562	11
5563	11
5564	11
5565	11
5566	11
5567	11
5568	11
5569	11
5570	11
5571	11
5572	11
5573	11
5574	11
5575	11
5576	11
5577	11
5578	11
5579	11
5580	11
5581	11
5582	11
5583	11
5584	11
5585	11
5586	11
5587	11
5588	11
5589	11
5590	11
5591	11
5592	11
5593	11
5594	11
5595	11
5596	11
5597	11
5598	11
5599	11
5600	11
5601	11
5602	11
5603	11
5604	11
5605	11
5606	11
5607	11
5608	11
5609	11
5610	11
5611	11
5612	11
5613	11
5614	11
5615	11
5616	11
5617	11
5618	11
5619	11
5620	11
5621	11
5622	11
5623	11
5624	11
5625	11
5626	11
5627	11
5628	11
5629	11
5630	11
5631	11
5632	11
5633	11
5634	11
5635	11
5636	11
5637	11
5638	11
5639	11
5640	11
5641	11
5642	11
5643	11
5644	11
5645	11
5646	11
5647	11
5648	11
5649	11
5650	11
5651	11
5652	11
5653	11
5654	11
5655	11
5656	11
5657	11
5658	11
5659	11
5660	11
5661	11
5662	11
5663	11
5664	11
5665	11
5666	11
5667	11
5668	11
5669	11
5670	11
5671	11
5672	11
5673	11
5674	11
5675	11
5676	11
5677	11
5678	11
5679	11
5680	11
5681	11
5682	11
5683	11
5684	11
5685	11
5686	11
5687	11
5688	11
5689	11
5690	11
5691	11
5692	11
5693	11
5694	11
5695	11
5696	11
5697	11
5698	11
5699	11
5700	11
5701	11
5702	11
5703	11
5704	11
5705	11
5706	11
5707	11
5708	11
5709	11
5710	11
5711	11
5712	11
5713	11
5714	11
5715	11
5716	11
5717	11
5718	11
5719	11
5720	11
5721	11
5722	11
5723	11
5724	11
5725	11
5726	11
5727	11
5728	11
5729	11
5730	11
5731	11
5732	11
5733	11
5734	11
5735	11
5736	11
5737	11
5738	11
5739	11
5740	11
5741	11
5742	11
5743	11
5744	11
5745	11
5746	11
5747	11
5748	11
5749	11
5750	11
5751	11
5752	11
5753	11
5754	11
5755	11
5756	11
5757	11
5758	11
5759	11
5760	11
5761	11
5762	11
5763	11
5764	11
5765	11
5766	11
5767	11
5768	11
5769	11
5770	11
5771	11
5772	11
5773	11
5774	11
5775	11
5776	11
5777	11
5778	11
5779	11
5780	11
5781	11
5782	11
5783	11
5784	11
5785	11
5786	11
5787	11
5788	11
5789	11
5790	11
5791	11
5792	11
5793	11
5794	11
5795	11
5796	11
5797	11
5798	11
5799	11
5800	11
5801	11
5802	11
5803	11
5804	11
5805	11
5806	11
5807	11
5808	11
5809	11
5810	11
5811	11
5812	11
5813	11
5814	11
5815	11
5816	11
5817	11
5818	11
5819	11
5820	11
5821	11
5822	11
5823	11
5824	11
5825	11
5826	11
5827	11
5828	11
5829	11
5830	11
5831	11
5832	11
5833	11
5834	11
5835	11
5836	11
5837	11
5838	11
5839	11
5840	11
5841	11
5842	11
5843	11
5844	11
5845	11
5846	11
5847	11
5848	11
5849	11
5850	11
5851	11
5852	11
5853	11
5854	11
5855	11
5856	11
5857	11
5858	11
5859	11
5860	11
5861	11
5862	11
5863	11
5864	11
5865	11
5866	11
5867	11
5868	11
5869	11
5870	11
5871	11
5872	11
5873	11
5874	11
5875	11
5876	11
5877	11
5878	11
5879	11
5880	11
5881	11
5882	11
5883	11
5884	11
5885	11
5886	11
5887	10
5888	10
5889	10
5890	10
5891	10
5892	10
5893	10
5894	10
5895	10
5896	10
5897	10
5898	10
5899	10
5900	10
5901	10
5902	10
5903	10
5904	10
5905	10
5906	10
5907	10
5908	10
5909	10
5910	10
5911	10
5912	10
5913	10
5914	10
5915	10
5916	10
5917	10
5918	10
5919	10
5920	10
5921	10
5922	10
5923	10
5924	10
5925	10
5926	10
5927	10
5928	10
5929	10
5930	10
5931	10
5932	10
5933	10
5934	10
5935	10
5936	10
5937	10
5938	10
5939	10
5940	10
5941	10
5942	10
5943	10
5944	10
5945	10
5946	10
5947	10
5948	10
5949	10
5950	10
5951	10
5952	10
5953	10
5954	10
5955	10
5956	10
5957	10
5958	10
5959	10
5960	10
5961	10
5962	10
5963	10
5964	10
5965	10
5966	10
5967	10
5968	10
5969	10
5970	10
5971	10
5972	10
5973	10
5974	10
5975	10
5976	10
5977	10
5978	10
5979	10
5980	10
5981	10
5982	10
5983	10
5984	10
5985	10
5986	10
5987	10
5988	10
5989	10
5990	10
5991	10
5992	10
5993	10
5994	10
5995	10
5996	10
5997	10
5998	10
5999	10
6000	10
6001	10
6002	10
6003	10
6004	10
6005	10
6006	10
6007	10
6008	10
6009	10
6010	10
6011	10
6012	10
6013	10
6014	10
6015	10
6016	10
6017	10
6018	10
6019	10
6020	10
6021	10
6022	10
6023	10
6024	10
6025	10
6026	10
6027	10
6028	10
6029	10
6030	10
6031	10
6032	10
6033	10
6034	10
6035	10
6036	10
6037	10
6038	10
6039	10
6040	10
6041	10
6042	10
6043	10
6044	10
6045	10
6046	10
6047	10
6048	10
6049	10
6050	10
6051	10
6052	10
6053	10
6054	10
6055	10
6056	10
6057	10
6058	10
6059	10
6060	10
6061	10
6062	10
6063	10
6064	10
6065	10
6066	10
6067	10
6068	10
6069	10
6070	10
6071	10
6072	10
6073	10
6074	10
6075	10
6076	10
6077	10
6078	10
6079	10
6080	10
6081	10
6082	10
6083	10
6084	10
6085	10
6086	10
6087	10
6088	10
6089	10
6090	10
6091	10
6092	10
6093	10
6094	10
6095	10
6096	10
6097	10
6098	10
6099	10
6100	10
6101	10
6102	10
6103	10
6104	10
6105	10
6106	10
6107	10
6108	10
6109	10
6110	10
6111	10
6112	10
6113	10
6114	10
6115	10
6116	10
6117	10
6118	10
6119	10
6120	10
6121	10
6122	10
6123	10
6124	10
6125	10
6126	10
6127	10
6128	10
6129	10
6130	10
6131	10
6132	10
6133	10
6134	10
6135	10
6136	10
6137	10
6138	10
6139	10
6140	10
6141	10
6142	10
6143	10
6144	10
6145	10
6146	10
6147	10
6148	10
6149	10
6150	10
6151	10
6152	10
6153	10
6154	10
6155	10
6156	10
6157	10
6158	10
6159	10
6160	10
6161	10
6162	10
6163	10
6164	10
6165	10
6166	10
6167	10
6168	10
6169	10
6170	10
6171	10
6172	10
6173	10
6174	10
6175	10
6176	10
6177	10
6178	10
6179	10
6180	10
6181	10
6182	10
6183	10
6184	10
6185	10
6186	10
6187	10
6188	10
6189	10
6190	10
6191	10
6192	10
6193	10
6194	10
6195	10
6196	10
6197	10
6198	10
6199	10
6200	10
6201	10
6202	10
6203	10
6204	10
6205	10
6206	10
6207	10
6208	10
6209	10
6210	10
6211	10
6212	10
6213	10
6214	10
6215	10
6216	10
6217	10
6218	10
6219	10
6220	10
6221	10
6222	10
6223	10
6224	10
6225	10
6226	10
6227	10
6228	10
6229	10
6230	10
6231	10
6232	10
6233	10
6234	10
6235	10
6236	10
6237	10
6238	10
6239	10
6240	10
6241	10
6242	10
6243	10
6244	10
6245	10
6246	10
6247	10
6248	10
6249	10
6250	10
6251	10
6252	10
6253	10
6254	10
6255	10
6256	10
6257	10
6258	10
6259	10
6260	10
6261	10
6262	10
6263	10
6264	10
6265	10
6266	10
6267	10
6268	10
6269	10
6270	10
6271	10
6272	10
6273	10
6274	10
6275	10
6276	10
6277	10
6278	10
6279	10
6280	10
6281	10
6282	10
6283	10
6284	10
6285	10
6286	10
6287	10
6288	10
6289	10
6290	10
6291	10
6292	10
6293	10
6294	10
6295	10
6296	10
6297	10
6298	10
6299	10
6300	10
6301	10
6302	10
6303	10
6304	10
6305	10
6306	10
6307	10
6308	10
6309	10
6310	10
6311	10
6312	10
6313	10
6314	10
6315	10
6316	10
6317	10
6318	10
6319	10
6320	10
6321	10
6322	10
6323	10
6324	10
6325	10
6326	10
6327	10
6328	10
6329	10
6330	10
6331	10
6332	10
6333	10
6334	10
6335	10
6336	10
6337	10
6338	10
6339	10
6340	10
6341	10
6342	10
6343	10
6344	10
6345	10
6346	10
6347	10
6348	10
6349	10
6350	10
6351	10
6352	10
6353	10
6354	10
6355	10
6356	10
6357	10
6358	10
6359	10
6360	10
6361	10
6362	10
6363	10
6364	10
6365	10
6366	10
6367	10
6368	10
6369	10
6370	10
6371	10
6372	10
6373	10
6374	10
6375	10
6376	10
6377	10
6378	10
6379	10
6380	10
6381	10
6382	10
6383	10
6384	10
6385	10
6386	10
6387	10
6388	10
6389	10
6390	10
6391	10
6392	10
6393	10
6394	10
6395	10
6396	10
6397	10
6398	10
6399	10
6400	10
6401	10
6402	10
6403	10
6404	10
6405	10
6406	10
6407	10
6408	10
6409	10
6410	10
6411	10
6412	10
6413	10
6414	10
6415	10
6416	10
6417	10
6418	10
6419	10
6420	10
6421	10
6422	10
6423	10
6424	10
6425	10
6426	10
6427	10
6428	10
6429	10
6430	10
6431	10
6432	10
6433	9
6434	9
6435	9
6436	9
6437	9
6438	9
6439	9
6440	9
6441	9
6442	9
6443	9
6444	9
6445	9
6446	9
6447	9
6448	9
6449	9
6450	9
6451	9
6452	9
6453	9
6454	9
6455	9
6456	9
6457	9
6458	9
6459	9
6460	9
6461	9
6462	9
6463	9
6464	9
6465	9
6466	9
6467	9
6468	9
6469	9
6470	9
6471	9
6472	9
6473	9
6474	9
6475	9
6476	9
6477	9
6478	9
6479	9
6480	9
6481	9
6482	9
6483	9
6484	9
6485	9
6486	9
6487	9
6488	9
6489	9
6490	9
6491	9
6492	9
6493	9
6494	9
6495	9
6496	9
6497	9
6498	9
6499	9
6500	9
6501	9
6502	9
6503	9
6504	9
6505	9
6506	9
6507	9
6508	9
6509	9
6510	9
6511	9
6512	9
6513	9
6514	9
6515	9
6516	9
6517	9
6518	9
6519	9
6520	9
6521	9
6522	9
6523	9
6524	9
6525	9
6526	9
6527	9
6528	9
6529	9
6530	9
6531	9
6532	9
6533	9
6534	9
6535	9
6536	9
6537	9
6538	9
6539	9
6540	9
6541	9
6542	9
6543	9
6544	9
6545	9
6546	9
6547	9
6548	9
6549	9
6550	9
6551	9
6552	9
6553	9
6554	9
6555	9
6556	9
6557	9
6558	9
6559	9
6560	9
6561	9
6562	9
6563	9
6564	9
6565	9
6566	9
6567	9
6568	9
6569	9
6570	9
6571	9
6572	9
6573	9
6574	9
6575	9
6576	9
6577	9
6578	9
6579	9
6580	9
6581	9
6582	9
6583	9
6584	9
6585	9
6586	9
6587	9
6588	9
6589	9
6590	9
6591	9
6592	9
6593	9
6594	9
6595	9
6596	9
6597	9
6598	9
6599	9
6600	9
6601	9
6602	9
6603	9
6604	9
6605	9
6606	9
6607	9
6608	9
6609	9
6610	9
6611	9
6612	9
6613	9
6614	9
6615	9
6616	9
6617	9
6618	9
6619	9
6620	9
6621	9
6622	9
6623	9
6624	9
6625	9
6626	9
6627	9
6628	9
6629	9
6630	9
6631	9
6632	9
6633	9
6634	9
6635	9
6636	9
6637	9
6638	9
6639	9
6640	9
6641	9
6642	9
6643	9
6644	9
6645	9
6646	9
6647	9
6648	9
6649	9
6650	9
6651	9
6652	9
6653	9
6654	9
6655	9
6656	9
6657	9
6658	9
6659	9
6660	9
6661	9
6662	9
6663	9
6664	9
6665	9
6666	9
6667	9
6668	9
6669	9
6670	9
6671	9
6672	9
6673	9
6674	9
6675	9
6676	9
6677	9
6678	9
6679	9
6680	9
6681	9
6682	9
6683	9
6684	9
6685	9
6686	9
6687	9
6688	9
6689	9
6690	9
6691	9
6692	9
6693	9
6694	9
6695	9
6696	9
6697	9
6698	9
6699	9
6700	9
6701	9
6702	9
6703	9
6704	9
6705	9
6706	9
6707	9
6708	9
6709	9
6710	9
6711	9
6712	9
6713	9
6714	9
6715	9
6716	9
6717	9
6718	9
6719	9
6720	9
6721	9
6722	9
6723	9
6724	9
6725	9
6726	9
6727	9
6728	9
6729	9
6730	9
6731	9
6732	9
6733	9
6734	9
6735	9
6736	9
6737	9
6738	9
6739	9
6740	9
6741	9
6742	9
6743	9
6744	9
6745	9
6746	9
6747	9
6748	9
6749	9
6750	9
6751	9
6752	9
6753	9
6754	9
6755	9
6756	9
6757	9
6758	9
6759	9
6760	9
6761	9
6762	9
6763	9
6764	9
6765	9
6766	9
6767	9
6768	9
6769	9
6770	9
6771	9
6772	9
6773	9
6774	9
6775	9
6776	9
6777	9
6778	9
6779	9
6780	9
6781	9
6782	9
6783	9
6784	9
6785	9
6786	9
6787	9
6788	9
6789	9
6790	9
6791	9
6792	9
6793	9
6794	9
6795	9
6796	9
6797	9
6798	9
6799	9
6800	9
6801	9
6802	9
6803	9
6804	9
6805	9
6806	9
6807	9
6808	9
6809	9
6810	9
6811	9
6812	9
6813	9
6814	9
6815	9
6816	9
6817	9
6818	9
6819	9
6820	9
6821	9
6822	9
6823	9
6824	9
6825	9
6826	9
6827	9
6828	9
6829	9
6830	9
6831	9
6832	9
6833	9
6834	9
6835	9
6836	9
6837	9
6838	9
6839	9
6840	9
6841	9
6842	9
6843	9
6844	9
6845	9
6846	9
6847	9
6848	9
6849	9
6850	9
6851	9
6852	9
6853	9
6854	9
6855	9
6856	9
6857	9
6858	9
6859	9
6860	9
6861	9
6862	9
6863	9
6864	9
6865	9
6866	9
6867	9
6868	9
6869	9
6870	9
6871	9
6872	9
6873	9
6874	9
6875	9
6876	9
6877	9
6878	9
6879	9
6880	9
6881	9
6882	9
6883	9
6884	9
6885	9
6886	9
6887	9
6888	9
6889	9
6890	9
6891	9
6892	9
6893	9
6894	9
6895	9
6896	9
6897	9
6898	9
6899	9
6900	9
6901	9
6902	9
6903	9
6904	9
6905	9
6906	9
6907	9
6908	9
6909	9
6910	9
6911	9
6912	9
6913	9
6914	9
6915	9
6916	9
6917	9
6918	9
6919	9
6920	9
6921	9
6922	9
6923	9
6924	9
6925	9
6926	9
6927	9
6928	9
6929	9
6930	9
6931	9
6932	9
6933	9
6934	9
6935	9
6936	9
6937	9
6938	9
6939	9
6940	9
6941	9
6942	9
6943	9
6944	9
6945	9
6946	9
6947	9
6948	9
6949	9
6950	9
6951	9
6952	9
6953	9
6954	9
6955	9
6956	9
6957	9
6958	9
6959	9
6960	9
6961	9
6962	9
6963	9
6964	9
6965	9
6966	9
6967	9
6968	9
6969	9
6970	9
6971	9
6972	9
6973	9
6974	9
6975	9
6976	9
6977	9
6978	9
6979	9
6980	9
6981	9
6982	9
6983	9
6984	9
6985	9
6986	9
6987	9
6988	9
6989	9
6990	9
6991	9
6992	9
6993	9
6994	9
6995	9
6996	9
6997	9
6998	9
6999	9
7000	9
7001	9
7002	9
7003	9
7004	9
7005	9
7006	9
7007	9
7008	9
7009	9
7010	9
7011	9
7012	9
7013	9
7014	9
7015	9
7016	9
7017	9
7018	9
7019	9
7020	9
7021	9
7022	9
7023	9
7024	9
7025	9
7026	9
7027	9
7028	9
7029	9
7030	9
7031	9
7032	9
7033	9
7034	9
7035	9
7036	9
7037	9
7038	9
7039	9
7040	9
7041	9
7042	9
7043	9
7044	9
7045	9
7046	9
7047	9
7048	9
7049	9
7050	9
7051	9
7052	9
7053	9
7054	9
7055	9
7056	9
7057	9
7058	9
7059	9
7060	9
7061	9
7062	9
7063	9
7064	9
7065	9
7066	9
7067	9
7068	9
7069	9
7070	9
7071	9
7072	9
7073	9
7074	9
7075	9
7076	9
7077	9
7078	9
7079	9
7080	9
7081	9
7082	9
7083	9
7084	9
7085	9
7086	9
7087	9
7088	9
7089	9
7090	9
7091	9
7092	9
7093	9
7094	8
7095	8
7096	8
7097	8
7098	8
7099	8
7100	8
7101	8
7102	8
7103	8
7104	8
7105	8
7106	8
7107	8
7108	8
7109	8
7110	8
7111	8
7112	8
7113	8
7114	8
7115	8
7116	8
7117	8
7118	8
7119	8
7120	8
7121	8
7122	8
7123	8
7124	8
7125	8
7126	8
7127	8
7128	8
7129	8
7130	8
7131	8
7132	8
7133	8
7134	8
7135	8
7136	8
7137	8
7138	8
7139	8
7140	8
7141	8
7142	8
7143	8
7144	8
7145	8
7146	8
7147	8
7148	8
7149	8
7150	8
7151	8
7152	8
7153	8
7154	8
7155	8
7156	8
7157	8
7158	8
7159	8
7160	8
7161	8
7162	8
7163	8
7164	8
7165	8
7166	8
7167	8
7168	8
7169	8
7170	8
7171	8
7172	8
7173	8
7174	8
7175	8
7176	8
7177	8
7178	8
7179	8
7180	8
7181	8
7182	8
7183	8
7184	8
7185	8
7186	8
7187	8
7188	8
7189	8
7190	8
7191	8
7192	8
7193	8
7194	8
7195	8
7196	8
7197	8
7198	8
7199	8
7200	8
7201	8
7202	8
7203	8
7204	8
7205	8
7206	8
7207	8
7208	8
7209	8
7210	8
7211	8
7212	8
7213	8
7214	8
7215	8
7216	8
7217	8
7218	8
7219	8
7220	8
7221	8
7222	8
7223	8
7224	8
7225	8
7226	8
7227	8
7228	8
7229	8
7230	8
7231	8
7232	8
7233	8
7234	8
7235	8
7236	8
7237	8
7238	8
7239	8
7240	8
7241	8
7242	8
7243	8
7244	8
7245	8
7246	8
7247	8
7248	8
7249	8
7250	8
7251	8
7252	8
7253	8
7254	8
7255	8
7256	8
7257	8
7258	8
7259	8
7260	8
7261	8
7262	8
7263	8
7264	8
7265	8
7266	8
7267	8
7268	8
7269	8
7270	8
7271	8
7272	8
7273	8
7274	8
7275	8
7276	8
7277	8
7278	8
7279	8
7280	8
7281	8
7282	8
7283	8
7284	8
7285	8
7286	8
7287	8
7288	8
7289	8
7290	8
7291	8
7292	8
7293	8
7294	8
7295	8
7296	8
7297	8
7298	8
7299	8
7300	8
7301	8
7302	8
7303	8
7304	8
7305	8
7306	8
7307	8
7308	8
7309	8
7310	8
7311	8
7312	8
7313	8
7314	8
7315	8
7316	8
7317	8
7318	8
7319	8
7320	8
7321	8
7322	8
7323	8
7324	8
7325	8
7326	8
7327	8
7328	8
7329	8
7330	8
7331	8
7332	8
7333	8
7334	8
7335	8
7336	8
7337	8
7338	8
7339	8
7340	8
7341	8
7342	8
7343	8
7344	8
7345	8
7346	8
7347	8
7348	8
7349	8
7350	8
7351	8
7352	8
7353	8
7354	8
7355	8
7356	8
7357	8
7358	8
7359	8
7360	8
7361	8
7362	8
7363	8
7364	8
7365	8
7366	8
7367	8
7368	8
7369	8
7370	8
7371	8
7372	8
7373	8
7374	8
7375	8
7376	8
7377	8
7378	8
7379	8
7380	8
7381	8
7382	8
7383	8
7384	8
7385	8
7386	8
7387	8
7388	8
7389	8
7390	8
7391	8
7392	8
7393	8
7394	8
7395	8
7396	8
7397	8
7398	8
7399	8
7400	8
7401	8
7402	8
7403	8
7404	8
7405	8
7406	8
7407	8
7408	8
7409	8
7410	8
7411	8
7412	8
7413	8
7414	8
7415	8
7416	8
7417	8
7418	8
7419	8
7420	8
7421	8
7422	8
7423	8
7424	8
7425	8
7426	8
7427	8
7428	8
7429	8
7430	8
7431	8
7432	8
7433	8
7434	8
7435	8
7436	8
7437	8
7438	8
7439	8
7440	8
7441	8
7442	8
7443	8
7444	8
7445	8
7446	8
7447	8
7448	8
7449	8
7450	8
7451	8
7452	8
7453	8
7454	8
7455	8
7456	8
7457	8
7458	8
7459	8
7460	8
7461	8
7462	8
7463	8
7464	8
7465	8
7466	8
7467	8
7468	8
7469	8
7470	8
7471	8
7472	8
7473	8
7474	8
7475	8
7476	8
7477	8
7478	8
7479	8
7480	8
7481	8
7482	8
7483	8
7484	8
7485	8
7486	8
7487	8
7488	8
7489	8
7490	8
7491	8
7492	8
7493	8
7494	8
7495	8
7496	8
7497	8
7498	8
7499	8
7500	8
7501	8
7502	8
7503	8
7504	8
7505	8
7506	8
7507	8
7508	8
7509	8
7510	8
7511	8
7512	8
7513	8
7514	8
7515	8
7516	8
7517	8
7518	8
7519	8
7520	8
7521	8
7522	8
7523	8
7524	8
7525	8
7526	8
7527	8
7528	8
7529	8
7530	8
7531	8
7532	8
7533	8
7534	8
7535	8
7536	8
7537	8
7538	8
7539	8
7540	8
7541	8
7542	8
7543	8
7544	8
7545	8
7546	8
7547	8
7548	8
7549	8
7550	8
7551	8
7552	8
7553	8
7554	8
7555	8
7556	8
7557	8
7558	8
7559	8
7560	8
7561	8
7562	8
7563	8
7564	8
7565	8
7566	8
7567	8
7568	8
7569	8
7570	8
7571	8
7572	8
7573	8
7574	8
7575	8
7576	8
7577	8
7578	8
7579	8
7580	8
7581	8
7582	8
7583	8
7584	8
7585	8
7586	8
7587	8
7588	8
7589	8
7590	8
7591	8
7592	8
7593	8
7594	8
7595	8
7596	8
7597	8
7598	8
7599	8
7600	8
7601	8
7602	8
7603	8
7604	8
7605	8
7606	8
7607	8
7608	8
7609	8
7610	8
7611	8
7612	8
7613	8
7614	8
7615	8
7616	8
7617	8
7618	8
7619	8
7620	8
7621	8
7622	8
7623	8
7624	8
7625	8
7626	8
7627	8
7628	8
7629	8
7630	8
7631	8
7632	8
7633	8
7634	8
7635	8
7636	8
7637	8
7638	8
7639	8
7640	8
7641	8
7642	8
7643	8
7644	8
7645	8
7646	8
7647	8
7648	8
7649	8
7650	8
7651	8
7652	8
7653	8
7654	8
7655	8
7656	8
7657	8
7658	8
7659	8
7660	8
7661	8
7662	8
7663	8
7664	8
7665	8
7666	8
7667	8
7668	8
7669	8
7670	8
7671	8
7672	8
7673	8
7674	8
7675	8
7676	8
7677	8
7678	8
7679	8
7680	8
7681	8
7682	8
7683	8
7684	8
7685	8
7686	8
7687	8
7688	8
7689	8
7690	8
7691	8
7692	8
7693	8
7694	8
7695	8
7696	8
7697	8
7698	8
7699	8
7700	8
7701	8
7702	8
7703	8
7704	8
7705	8
7706	8
7707	8
7708	8
7709	8
7710	8
7711	8
7712	8
7713	8
7714	8
7715	8
7716	8
7717	8
7718	8
7719	8
7720	8
7721	8
7722	8
7723	8
7724	8
7725	8
7726	8
7727	8
7728	8
7729	8
7730	8
7731	8
7732	8
7733	8
7734	8
7735	8
7736	8
7737	8
7738	8
7739	8
7740	8
7741	8
7742	8
7743	8
7744	8
7745	8
7746	8
7747	8
7748	8
7749	8
7750	8
7751	8
7752	8
7753	8
7754	8
7755	8
7756	8
7757	8
7758	8
7759	8
7760	8
7761	8
7762	8
7763	8
7764	8
7765	8
7766	8
7767	8
7768	8
7769	8
7770	8
7771	8
7772	8
7773	8
7774	8
7775	8
7776	8
7777	8
7778	8
7779	8
7780	8
7781	8
7782	8
7783	8
7784	8
7785	8
7786	8
7787	8
7788	8
7789	8
7790	8
7791	8
7792	8
7793	8
7794	8
7795	8
7796	8
7797	8
7798	8
7799	8
7800	8
7801	8
7802	8
7803	8
7804	8
7805	8
7806	8
7807	8
7808	8
7809	8
7810	8
7811	8
7812	8
7813	8
7814	8
7815	8
7816	8
7817	8
7818	8
7819	8
7820	8
7821	8
7822	8
7823	8
7824	8
7825	8
7826	8
7827	8
7828	8
7829	8
7830	8
7831	8
7832	8
7833	8
7834	8
7835	8
7836	8
7837	8
7838	8
7839	8
7840	8
7841	8
7842	8
7843	8
7844	8
7845	8
7846	8
7847	8
7848	8
7849	8
7850	8
7851	8
7852	8
7853	8
7854	8
7855	8
7856	8
7857	8
7858	8
7859	8
7860	8
7861	8
7862	8
7863	8
7864	8
7865	8
7866	8
7867	8
7868	8
7869	8
7870	8
7871	8
7872	8
7873	8
7874	8
7875	8
7876	8
7877	8
7878	8
7879	8
7880	8
7881	8
7882	8
7883	8
7884	8
7885	8
7886	8
7887	8
7888	8
7889	8
7890	8
7891	8
7892	8
7893	8
7894	8
7895	8
7896	8
7897	8
7898	8
7899	8
7900	8
7901	8
7902	8
7903	8
7904	8
7905	8
7906	8
7907	8
7908	8
7909	8
7910	8
7911	8
7912	8
7913	8
7914	8
7915	8
7916	8
7917	8
7918	8
7919	8
7920	8
7921	8
7922	8
7923	8
7924	8
7925	8
7926	8
7927	8
7928	8
7929	8
7930	8
7931	8
7932	8
7933	8
7934	8
7935	8
7936	8
7937	8
7938	8
7939	8
7940	8
7941	8
7942	8
7943	8
7944	8
7945	8
7946	8
7947	8
7948	8
7949	8
7950	8
7951	8
7952	7
7953	7
7954	7
7955	7
7956	7
7957	7
7958	7
7959	7
7960	7
7961	7
7962	7
7963	7
7964	7
7965	7
7966	7
7967	7
7968	7
7969	7
7970	7
7971	7
7972	7
7973	7
7974	7
7975	7
7976	7
7977	7
7978	7
7979	7
7980	7
7981	7
7982	7
7983	7
7984	7
7985	7
7986	7
7987	7
7988	7
7989	7
7990	7
7991	7
7992	7
7993	7
7994	7
7995	7
7996	7
7997	7
7998	7
7999	7
8000	7
8001	7
8002	7
8003	7
8004	7
8005	7
8006	7
8007	7
8008	7
8009	7
8010	7
8011	7
8012	7
8013	7
8014	7
8015	7
8016	7
8017	7
8018	7
8019	7
8020	7
8021	7
8022	7
8023	7
8024	7
8025	7
8026	7
8027	7
8028	7
8029	7
8030	7
8031	7
8032	7
8033	7
8034	7
8035	7
8036	7
8037	7
8038	7
8039	7
8040	7
8041	7
8042	7
8043	7
8044	7
8045	7
8046	7
8047	7
8048	7
8049	7
8050	7
8051	7
8052	7
8053	7
8054	7
8055	7
8056	7
8057	7
8058	7
8059	7
8060	7
8061	7
8062	7
8063	7
8064	7
8065	7
8066	7
8067	7
8068	7
8069	7
8070	7
8071	7
8072	7
8073	7
8074	7
8075	7
8076	7
8077	7
8078	7
8079	7
8080	7
8081	7
8082	7
8083	7
8084	7
8085	7
8086	7
8087	7
8088	7
8089	7
8090	7
8091	7
8092	7
8093	7
8094	7
8095	7
8096	7
8097	7
8098	7
8099	7
8100	7
8101	7
8102	7
8103	7
8104	7
8105	7
8106	7
8107	7
8108	7
8109	7
8110	7
8111	7
8112	7
8113	7
8114	7
8115	7
8116	7
8117	7
8118	7
8119	7
8120	7
8121	7
8122	7
8123	7
8124	7
8125	7
8126	7
8127	7
8128	7
8129	7
8130	7
8131	7
8132	7
8133	7
8134	7
8135	7
8136	7
8137	7
8138	7
8139	7
8140	7
8141	7
8142	7
8143	7
8144	7
8145	7
8146	7
8147	7
8148	7
8149	7
8150	7
8151	7
8152	7
8153	7
8154	7
8155	7
8156	7
8157	7
8158	7
8159	7
8160	7
8161	7
8162	7
8163	7
8164	7
8165	7
8166	7
8167	7
8168	7
8169	7
8170	7
8171	7
8172	7
8173	7
8174	7
8175	7
8176	7
8177	7
8178	7
8179	7
8180	7
8181	7
8182	7
8183	7
8184	7
8185	7
8186	7
8187	7
8188	7
8189	7
8190	7
8191	7
8192	7
8193	7
8194	7
8195	7
8196	7
8197	7
8198	7
8199	7
8200	7
8201	7
8202	7
8203	7
8204	7
8205	7
8206	7
8207	7
8208	7
8209	7
8210	7
8211	7
8212	7
8213	7
8214	7
8215	7
8216	7
8217	7
8218	7
8219	7
8220	7
8221	7
8222	7
8223	7
8224	7
8225	7
8226	7
8227	7
8228	7
8229	7
8230	7
8231	7
8232	7
8233	7
8234	7
8235	7
8236	7
8237	7
8238	7
8239	7
8240	7
8241	7
8242	7
8243	7
8244	7
8245	7
8246	7
8247	7
8248	7
8249	7
8250	7
8251	7
8252	7
8253	7
8254	7
8255	7
8256	7
8257	7
8258	7
8259	7
8260	7
8261	7
8262	7
8263	7
8264	7
8265	7
8266	7
8267	7
8268	7
8269	7
8270	7
8271	7
8272	7
8273	7
8274	7
8275	7
8276	7
8277	7
8278	7
8279	7
8280	7
8281	7
8282	7
8283	7
8284	7
8285	7
8286	7
8287	7
8288	7
8289	7
8290	7
8291	7
8292	7
8293	7
8294	7
8295	7
8296	7
8297	7
8298	7
8299	7
8300	7
8301	7
8302	7
8303	7
8304	7
8305	7
8306	7
8307	7
8308	7
8309	7
8310	7
8311	7
8312	7
8313	7
8314	7
8315	7
8316	7
8317	7
8318	7
8319	7
8320	7
8321	7
8322	7
8323	7
8324	7
8325	7
8326	7
8327	7
8328	7
8329	7
8330	7
8331	7
8332	7
8333	7
8334	7
8335	7
8336	7
8337	7
8338	7
8339	7
8340	7
8341	7
8342	7
8343	7
8344	7
8345	7
8346	7
8347	7
8348	7
8349	7
8350	7
8351	7
8352	7
8353	7
8354	7
8355	7
8356	7
8357	7
8358	7
8359	7
8360	7
8361	7
8362	7
8363	7
8364	7
8365	7
8366	7
8367	7
8368	7
8369	7
8370	7
8371	7
8372	7
8373	7
8374	7
8375	7
8376	7
8377	7
8378	7
8379	7
8380	7
8381	7
8382	7
8383	7
8384	7
8385	7
8386	7
8387	7
8388	7
8389	7
8390	7
8391	7
8392	7
8393	7
8394	7
8395	7
8396	7
8397	7
8398	7
8399	7
8400	7
8401	7
8402	7
8403	7
8404	7
8405	7
8406	7
8407	7
8408	7
8409	7
8410	7
8411	7
8412	7
8413	7
8414	7
8415	7
8416	7
8417	7
8418	7
8419	7
8420	7
8421	7
8422	7
8423	7
8424	7
8425	7
8426	7
8427	7
8428	7
8429	7
8430	7
8431	7
8432	7
8433	7
8434	7
8435	7
8436	7
8437	7
8438	7
8439	7
8440	7
8441	7
8442	7
8443	7
8444	7
8445	7
8446	7
8447	7
8448	7
8449	7
8450	7
8451	7
8452	7
8453	7
8454	7
8455	7
8456	7
8457	7
8458	7
8459	7
8460	7
8461	7
8462	7
8463	7
8464	7
8465	7
8466	7
8467	7
8468	7
8469	7
8470	7
8471	7
8472	7
8473	7
8474	7
8475	7
8476	7
8477	7
8478	7
8479	7
8480	7
8481	7
8482	7
8483	7
8484	7
8485	7
8486	7
8487	7
8488	7
8489	7
8490	7
8491	7
8492	7
8493	7
8494	7
8495	7
8496	7
8497	7
8498	7
8499	7
8500	7
8501	7
8502	7
8503	7
8504	7
8505	7
8506	7
8507	7
8508	7
8509	7
8510	7
8511	7
8512	7
8513	7
8514	7
8515	7
8516	7
8517	7
8518	7
8519	7
8520	7
8521	7
8522	7
8523	7
8524	7
8525	7
8526	7
8527	7
8528	7
8529	7
8530	7
8531	7
8532	7
8533	7
8534	7
8535	7
8536	7
8537	7
8538	7
8539	7
8540	7
8541	7
8542	7
8543	7
8544	7
8545	7
8546	7
8547	7
8548	7
8549	7
8550	7
8551	7
8552	7
8553	7
8554	7
8555	7
8556	7
8557	7
8558	7
8559	7
8560	7
8561	7
8562	7
8563	7
8564	7
8565	7
8566	7
8567	7
8568	7
8569	7
8570	7
8571	7
8572	7
8573	7
8574	7
8575	7
8576	7
8577	7
8578	7
8579	7
8580	7
8581	7
8582	7
8583	7
8584	7
8585	7
8586	7
8587	7
8588	7
8589	7
8590	7
8591	7
8592	7
8593	7
8594	7
8595	7
8596	7
8597	7
8598	7
8599	7
8600	7
8601	7
8602	7
8603	7
8604	7
8605	7
8606	7
8607	7
8608	7
8609	7
8610	7
8611	7
8612	7
8613	7
8614	7
8615	7
8616	7
8617	7
8618	7
8619	7
8620	7
8621	7
8622	7
8623	7
8624	7
8625	7
8626	7
8627	7
8628	7
8629	7
8630	7
8631	7
8632	7
8633	7
8634	7
8635	7
8636	7
8637	7
8638	7
8639	7
8640	7
8641	7
8642	7
8643	7
8644	7
8645	7
8646	7
8647	7
8648	7
8649	7
8650	7
8651	7
8652	7
8653	7
8654	7
8655	7
8656	7
8657	7
8658	7
8659	7
8660	7
8661	7
8662	7
8663	7
8664	7
8665	7
8666	7
8667	7
8668	7
8669	7
8670	7
8671	7
8672	7
8673	7
8674	7
8675	7
8676	7
8677	7
8678	7
8679	7
8680	7
8681	7
8682	7
8683	7
8684	7
8685	7
8686	7
8687	7
8688	7
8689	7
8690	7
8691	7
8692	7
8693	7
8694	7
8695	7
8696	7
8697	7
8698	7
8699	7
8700	7
8701	7
8702	7
8703	7
8704	7
8705	7
8706	7
8707	7
8708	7
8709	7
8710	7
8711	7
8712	7
8713	7
8714	7
8715	7
8716	7
8717	7
8718	7
8719	7
8720	7
8721	7
8722	7
8723	7
8724	7
8725	7
8726	7
8727	7
8728	7
8729	7
8730	7
8731	7
8732	7
8733	7
8734	7
8735	7
8736	7
8737	7
8738	7
8739	7
8740	7
8741	7
8742	7
8743	7
8744	7
8745	7
8746	7
8747	7
8748	7
8749	7
8750	7
8751	7
8752	7
8753	7
8754	7
8755	7
8756	7
8757	7
8758	7
8759	7
8760	7
8761	7
8762	7
8763	7
8764	7
8765	7
8766	7
8767	7
8768	7
8769	7
8770	7
8771	7
8772	7
8773	7
8774	7
8775	7
8776	7
8777	7
8778	7
8779	7
8780	7
8781	7
8782	7
8783	7
8784	7
8785	7
8786	7
8787	7
8788	7
8789	7
8790	7
8791	7
8792	7
8793	7
8794	7
8795	7
8796	7
8797	7
8798	7
8799	7
8800	7
8801	7
8802	7
8803	7
8804	7
8805	7
8806	7
8807	7
8808	7
8809	7
8810	7
8811	7
8812	7
8813	7
8814	7
8815	7
8816	7
8817	7
8818	7
8819	7
8820	7
8821	7
8822	7
8823	7
8824	7
8825	7
8826	7
8827	7
8828	7
8829	7
8830	7
8831	7
8832	7
8833	7
8834	7
8835	7
8836	7
8837	7
8838	7
8839	7
8840	7
8841	7
8842	7
8843	7
8844	7
8845	7
8846	7
8847	7
8848	7
8849	7
8850	7
8851	7
8852	7
8853	7
8854	7
8855	7
8856	7
8857	7
8858	7
8859	7
8860	7
8861	7
8862	7
8863	7
8864	7
8865	7
8866	7
8867	7
8868	7
8869	7
8870	7
8871	7
8872	7
8873	7
8874	7
8875	7
8876	7
8877	7
8878	7
8879	7
8880	7
8881	7
8882	7
8883	7
8884	7
8885	7
8886	7
8887	7
8888	7
8889	7
8890	7
8891	7
8892	7
8893	7
8894	7
8895	7
8896	7
8897	7
8898	7
8899	7
8900	7
8901	7
8902	7
8903	7
8904	7
8905	7
8906	7
8907	7
8908	7
8909	7
8910	7
8911	7
8912	7
8913	7
8914	7
8915	7
8916	7
8917	7
8918	7
8919	7
8920	7
8921	7
8922	7
8923	7
8924	7
8925	7
8926	7
8927	7
8928	7
8929	7
8930	7
8931	7
8932	7
8933	7
8934	7
8935	7
8936	7
8937	7
8938	7
8939	7
8940	7
8941	7
8942	7
8943	7
8944	7
8945	7
8946	7
8947	7
8948	7
8949	7
8950	7
8951	7
8952	7
8953	7
8954	7
8955	7
8956	7
8957	7
8958	7
8959	7
8960	7
8961	7
8962	7
8963	7
8964	7
8965	7
8966	7
8967	7
8968	7
8969	7
8970	7
8971	7
8972	7
8973	7
8974	7
8975	7
8976	7
8977	7
8978	7
8979	7
8980	7
8981	7
8982	7
8983	7
8984	7
8985	7
8986	7
8987	7
8988	7
8989	7
8990	7
8991	7
8992	7
8993	7
8994	7
8995	7
8996	7
8997	7
8998	7
8999	7
9000	7
9001	7
9002	7
9003	7
9004	7
9005	7
9006	7
9007	7
9008	7
9009	7
9010	7
9011	7
9012	7
9013	7
9014	7
9015	7
9016	7
9017	7
9018	7
9019	7
9020	7
9021	7
9022	7
9023	7
9024	7
9025	7
9026	7
9027	7
9028	7
9029	7
9030	7
9031	7
9032	7
9033	7
9034	7
9035	7
9036	7
9037	7
9038	7
9039	7
9040	7
9041	7
9042	7
9043	7
9044	7
9045	7
9046	7
9047	7
9048	7
9049	7
9050	7
9051	7
9052	7
9053	7
9054	7
9055	7
9056	7
9057	7
9058	7
9059	7
9060	7
9061	7
9062	7
9063	7
9064	7
9065	7
9066	7
9067	7
9068	7
9069	7
9070	7
9071	7
9072	7
9073	7
9074	7
9075	7
9076	7
9077	7
9078	7
9079	7
9080	7
9081	7
9082	7
9083	6
9084	6
9085	6
9086	6
9087	6
9088	6
9089	6
9090	6
9091	6
9092	6
9093	6
9094	6
9095	6
9096	6
9097	6
9098	6
9099	6
9100	6
9101	6
9102	6
9103	6
9104	6
9105	6
9106	6
9107	6
9108	6
9109	6
9110	6
9111	6
9112	6
9113	6
9114	6
9115	6
9116	6
9117	6
9118	6
9119	6
9120	6
9121	6
9122	6
9123	6
9124	6
9125	6
9126	6
9127	6
9128	6
9129	6
9130	6
9131	6
9132	6
9133	6
9134	6
9135	6
9136	6
9137	6
9138	6
9139	6
9140	6
9141	6
9142	6
9143	6
9144	6
9145	6
9146	6
9147	6
9148	6
9149	6
9150	6
9151	6
9152	6
9153	6
9154	6
9155	6
9156	6
9157	6
9158	6
9159	6
9160	6
9161	6
9162	6
9163	6
9164	6
9165	6
9166	6
9167	6
9168	6
9169	6
9170	6
9171	6
9172	6
9173	6
9174	6
9175	6
9176	6
9177	6
9178	6
9179	6
9180	6
9181	6
9182	6
9183	6
9184	6
9185	6
9186	6
9187	6
9188	6
9189	6
9190	6
9191	6
9192	6
9193	6
9194	6
9195	6
9196	6
9197	6
9198	6
9199	6
9200	6
9201	6
9202	6
9203	6
9204	6
9205	6
9206	6
9207	6
9208	6
9209	6
9210	6
9211	6
9212	6
9213	6
9214	6
9215	6
9216	6
9217	6
9218	6
9219	6
9220	6
9221	6
9222	6
9223	6
9224	6
9225	6
9226	6
9227	6
9228	6
9229	6
9230	6
9231	6
9232	6
9233	6
9234	6
9235	6
9236	6
9237	6
9238	6
9239	6
9240	6
9241	6
9242	6
9243	6
9244	6
9245	6
9246	6
9247	6
9248	6
9249	6
9250	6
9251	6
9252	6
9253	6
9254	6
9255	6
9256	6
9257	6
9258	6
9259	6
9260	6
9261	6
9262	6
9263	6
9264	6
9265	6
9266	6
9267	6
9268	6
9269	6
9270	6
9271	6
9272	6
9273	6
9274	6
9275	6
9276	6
9277	6
9278	6
9279	6
9280	6
9281	6
9282	6
9283	6
9284	6
9285	6
9286	6
9287	6
9288	6
9289	6
9290	6
9291	6
9292	6
9293	6
9294	6
9295	6
9296	6
9297	6
9298	6
9299	6
9300	6
9301	6
9302	6
9303	6
9304	6
9305	6
9306	6
9307	6
9308	6
9309	6
9310	6
9311	6
9312	6
9313	6
9314	6
9315	6
9316	6
9317	6
9318	6
9319	6
9320	6
9321	6
9322	6
9323	6
9324	6
9325	6
9326	6
9327	6
9328	6
9329	6
9330	6
9331	6
9332	6
9333	6
9334	6
9335	6
9336	6
9337	6
9338	6
9339	6
9340	6
9341	6
9342	6
9343	6
9344	6
9345	6
9346	6
9347	6
9348	6
9349	6
9350	6
9351	6
9352	6
9353	6
9354	6
9355	6
9356	6
9357	6
9358	6
9359	6
9360	6
9361	6
9362	6
9363	6
9364	6
9365	6
9366	6
9367	6
9368	6
9369	6
9370	6
9371	6
9372	6
9373	6
9374	6
9375	6
9376	6
9377	6
9378	6
9379	6
9380	6
9381	6
9382	6
9383	6
9384	6
9385	6
9386	6
9387	6
9388	6
9389	6
9390	6
9391	6
9392	6
9393	6
9394	6
9395	6
9396	6
9397	6
9398	6
9399	6
9400	6
9401	6
9402	6
9403	6
9404	6
9405	6
9406	6
9407	6
9408	6
9409	6
9410	6
9411	6
9412	6
9413	6
9414	6
9415	6
9416	6
9417	6
9418	6
9419	6
9420	6
9421	6
9422	6
9423	6
9424	6
9425	6
9426	6
9427	6
9428	6
9429	6
9430	6
9431	6
9432	6
9433	6
9434	6
9435	6
9436	6
9437	6
9438	6
9439	6
9440	6
9441	6
9442	6
9443	6
9444	6
9445	6
9446	6
9447	6
9448	6
9449	6
9450	6
9451	6
9452	6
9453	6
9454	6
9455	6
9456	6
9457	6
9458	6
9459	6
9460	6
9461	6
9462	6
9463	6
9464	6
9465	6
9466	6
9467	6
9468	6
9469	6
9470	6
9471	6
9472	6
9473	6
9474	6
9475	6
9476	6
9477	6
9478	6
9479	6
9480	6
9481	6
9482	6
9483	6
9484	6
9485	6
9486	6
9487	6
9488	6
9489	6
9490	6
9491	6
9492	6
9493	6
9494	6
9495	6
9496	6
9497	6
9498	6
9499	6
9500	6
9501	6
9502	6
9503	6
9504	6
9505	6
9506	6
9507	6
9508	6
9509	6
9510	6
9511	6
9512	6
9513	6
9514	6
9515	6
9516	6
9517	6
9518	6
9519	6
9520	6
9521	6
9522	6
9523	6
9524	6
9525	6
9526	6
9527	6
9528	6
9529	6
9530	6
9531	6
9532	6
9533	6
9534	6
9535	6
9536	6
9537	6
9538	6
9539	6
9540	6
9541	6
9542	6
9543	6
9544	6
9545	6
9546	6
9547	6
9548	6
9549	6
9550	6
9551	6
9552	6
9553	6
9554	6
9555	6
9556	6
9557	6
9558	6
9559	6
9560	6
9561	6
9562	6
9563	6
9564	6
9565	6
9566	6
9567	6
9568	6
9569	6
9570	6
9571	6
9572	6
9573	6
9574	6
9575	6
9576	6
9577	6
9578	6
9579	6
9580	6
9581	6
9582	6
9583	6
9584	6
9585	6
9586	6
9587	6
9588	6
9589	6
9590	6
9591	6
9592	6
9593	6
9594	6
9595	6
9596	6
9597	6
9598	6
9599	6
9600	6
9601	6
9602	6
9603	6
9604	6
9605	6
9606	6
9607	6
9608	6
9609	6
9610	6
9611	6
9612	6
9613	6
9614	6
9615	6
9616	6
9617	6
9618	6
9619	6
9620	6
9621	6
9622	6
9623	6
9624	6
9625	6
9626	6
9627	6
9628	6
9629	6
9630	6
9631	6
9632	6
9633	6
9634	6
9635	6
9636	6
9637	6
9638	6
9639	6
9640	6
9641	6
9642	6
9643	6
9644	6
9645	6
9646	6
9647	6
9648	6
9649	6
9650	6
9651	6
9652	6
9653	6
9654	6
9655	6
9656	6
9657	6
9658	6
9659	6
9660	6
9661	6
9662	6
9663	6
9664	6
9665	6
9666	6
9667	6
9668	6
9669	6
9670	6
9671	6
9672	6
9673	6
9674	6
9675	6
9676	6
9677	6
9678	6
9679	6
9680	6
9681	6
9682	6
9683	6
9684	6
9685	6
9686	6
9687	6
9688	6
9689	6
9690	6
9691	6
9692	6
9693	6
9694	6
9695	6
9696	6
9697	6
9698	6
9699	6
9700	6
9701	6
9702	6
9703	6
9704	6
9705	6
9706	6
9707	6
9708	6
9709	6
9710	6
9711	6
9712	6
9713	6
9714	6
9715	6
9716	6
9717	6
9718	6
9719	6
9720	6
9721	6
9722	6
9723	6
9724	6
9725	6
9726	6
9727	6
9728	6
9729	6
9730	6
9731	6
9732	6
9733	6
9734	6
9735	6
9736	6
9737	6
9738	6
9739	6
9740	6
9741	6
9742	6
9743	6
9744	6
9745	6
9746	6
9747	6
9748	6
9749	6
9750	6
9751	6
9752	6
9753	6
9754	6
9755	6
9756	6
9757	6
9758	6
9759	6
9760	6
9761	6
9762	6
9763	6
9764	6
9765	6
9766	6
9767	6
9768	6
9769	6
9770	6
9771	6
9772	6
9773	6
9774	6
9775	6
9776	6
9777	6
9778	6
9779	6
9780	6
9781	6
9782	6
9783	6
9784	6
9785	6
9786	6
9787	6
9788	6
9789	6
9790	6
9791	6
9792	6
9793	6
9794	6
9795	6
9796	6
9797	6
9798	6
9799	6
9800	6
9801	6
9802	6
9803	6
9804	6
9805	6
9806	6
9807	6
9808	6
9809	6
9810	6
9811	6
9812	6
9813	6
9814	6
9815	6
9816	6
9817	6
9818	6
9819	6
9820	6
9821	6
9822	6
9823	6
9824	6
9825	6
9826	6
9827	6
9828	6
9829	6
9830	6
9831	6
9832	6
9833	6
9834	6
9835	6
9836	6
9837	6
9838	6
9839	6
9840	6
9841	6
9842	6
9843	6
9844	6
9845	6
9846	6
9847	6
9848	6
9849	6
9850	6
9851	6
9852	6
9853	6
9854	6
9855	6
9856	6
9857	6
9858	6
9859	6
9860	6
9861	6
9862	6
9863	6
9864	6
9865	6
9866	6
9867	6
9868	6
9869	6
9870	6
9871	6
9872	6
9873	6
9874	6
9875	6
9876	6
9877	6
9878	6
9879	6
9880	6
9881	6
9882	6
9883	6
9884	6
9885	6
9886	6
9887	6
9888	6
9889	6
9890	6
9891	6
9892	6
9893	6
9894	6
9895	6
9896	6
9897	6
9898	6
9899	6
9900	6
9901	6
9902	6
9903	6
9904	6
9905	6
9906	6
9907	6
9908	6
9909	6
9910	6
9911	6
9912	6
9913	6
9914	6
9915	6
9916	6
9917	6
9918	6
9919	6
9920	6
9921	6
9922	6
9923	6
9924	6
9925	6
9926	6
9927	6
9928	6
9929	6
9930	6
9931	6
9932	6
9933	6
9934	6
9935	6
9936	6
9937	6
9938	6
9939	6
9940	6
9941	6
9942	6
9943	6
9944	6
9945	6
9946	6
9947	6
9948	6
9949	6
9950	6
9951	6
9952	6
9953	6
9954	6
9955	6
9956	6
9957	6
9958	6
9959	6
9960	6
9961	6
9962	6
9963	6
9964	6
9965	6
9966	6
9967	6
9968	6
9969	6
9970	6
9971	6
9972	6
9973	6
9974	6
9975	6
9976	6
9977	6
9978	6
9979	6
9980	6
9981	6
9982	6
9983	6
9984	6
9985	6
9986	6
9987	6
9988	6
9989	6
9990	6
9991	6
9992	6
9993	6
9994	6
9995	6
9996	6
9997	6
9998	6
9999	6
10000	6
10001	6
10002	6
10003	6
10004	6
10005	6
10006	6
10007	6
10008	6
10009	6
10010	6
10011	6
10012	6
10013	6
10014	6
10015	6
10016	6
10017	6
10018	6
10019	6
10020	6
10021	6
10022	6
10023	6
10024	6
10025	6
10026	6
10027	6
10028	6
10029	6
10030	6
10031	6
10032	6
10033	6
10034	6
10035	6
10036	6
10037	6
10038	6
10039	6
10040	6
10041	6
10042	6
10043	6
10044	6
10045	6
10046	6
10047	6
10048	6
10049	6
10050	6
10051	6
10052	6
10053	6
10054	6
10055	6
10056	6
10057	6
10058	6
10059	6
10060	6
10061	6
10062	6
10063	6
10064	6
10065	6
10066	6
10067	6
10068	6
10069	6
10070	6
10071	6
10072	6
10073	6
10074	6
10075	6
10076	6
10077	6
10078	6
10079	6
10080	6
10081	6
10082	6
10083	6
10084	6
10085	6
10086	6
10087	6
10088	6
10089	6
10090	6
10091	6
10092	6
10093	6
10094	6
10095	6
10096	6
10097	6
10098	6
10099	6
10100	6
10101	6
10102	6
10103	6
10104	6
10105	6
10106	6
10107	6
10108	6
10109	6
10110	6
10111	6
10112	6
10113	6
10114	6
10115	6
10116	6
10117	6
10118	6
10119	6
10120	6
10121	6
10122	6
10123	6
10124	6
10125	6
10126	6
10127	6
10128	6
10129	6
10130	6
10131	6
10132	6
10133	6
10134	6
10135	6
10136	6
10137	6
10138	6
10139	6
10140	6
10141	6
10142	6
10143	6
10144	6
10145	6
10146	6
10147	6
10148	6
10149	6
10150	6
10151	6
10152	6
10153	6
10154	6
10155	6
10156	6
10157	6
10158	6
10159	6
10160	6
10161	6
10162	6
10163	6
10164	6
10165	6
10166	6
10167	6
10168	6
10169	6
10170	6
10171	6
10172	6
10173	6
10174	6
10175	6
10176	6
10177	6
10178	6
10179	6
10180	6
10181	6
10182	6
10183	6
10184	6
10185	6
10186	6
10187	6
10188	6
10189	6
10190	6
10191	6
10192	6
10193	6
10194	6
10195	6
10196	6
10197	6
10198	6
10199	6
10200	6
10201	6
10202	6
10203	6
10204	6
10205	6
10206	6
10207	6
10208	6
10209	6
10210	6
10211	6
10212	6
10213	6
10214	6
10215	6
10216	6
10217	6
10218	6
10219	6
10220	6
10221	6
10222	6
10223	6
10224	6
10225	6
10226	6
10227	6
10228	6
10229	6
10230	6
10231	6
10232	6
10233	6
10234	6
10235	6
10236	6
10237	6
10238	6
10239	6
10240	6
10241	6
10242	6
10243	6
10244	6
10245	6
10246	6
10247	6
10248	6
10249	6
10250	6
10251	6
10252	6
10253	6
10254	6
10255	6
10256	6
10257	6
10258	6
10259	6
10260	6
10261	6
10262	6
10263	6
10264	6
10265	6
10266	6
10267	6
10268	6
10269	6
10270	6
10271	6
10272	6
10273	6
10274	6
10275	6
10276	6
10277	6
10278	6
10279	6
10280	6
10281	6
10282	6
10283	6
10284	6
10285	6
10286	6
10287	6
10288	6
10289	6
10290	6
10291	6
10292	6
10293	6
10294	6
10295	6
10296	6
10297	6
10298	6
10299	6
10300	6
10301	6
10302	6
10303	6
10304	6
10305	6
10306	6
10307	6
10308	6
10309	6
10310	6
10311	6
10312	6
10313	6
10314	6
10315	6
10316	6
10317	6
10318	6
10319	6
10320	6
10321	6
10322	6
10323	6
10324	6
10325	6
10326	6
10327	6
10328	6
10329	6
10330	6
10331	6
10332	6
10333	6
10334	6
10335	6
10336	6
10337	6
10338	6
10339	6
10340	6
10341	6
10342	6
10343	6
10344	6
10345	6
10346	6
10347	6
10348	6
10349	6
10350	6
10351	6
10352	6
10353	6
10354	6
10355	6
10356	6
10357	6
10358	6
10359	6
10360	6
10361	6
10362	6
10363	6
10364	6
10365	6
10366	6
10367	6
10368	6
10369	6
10370	6
10371	6
10372	6
10373	6
10374	6
10375	6
10376	6
10377	6
10378	6
10379	6
10380	6
10381	6
10382	6
10383	6
10384	6
10385	6
10386	6
10387	6
10388	6
10389	6
10390	6
10391	6
10392	6
10393	6
10394	6
10395	6
10396	6
10397	6
10398	6
10399	6
10400	6
10401	6
10402	6
10403	6
10404	6
10405	6
10406	6
10407	6
10408	6
10409	6
10410	6
10411	6
10412	6
10413	6
10414	6
10415	6
10416	6
10417	6
10418	6
10419	6
10420	6
10421	6
10422	6
10423	6
10424	6
10425	6
10426	6
10427	6
10428	6
10429	6
10430	6
10431	6
10432	6
10433	6
10434	6
10435	6
10436	6
10437	6
10438	6
10439	6
10440	6
10441	6
10442	6
10443	6
10444	6
10445	6
10446	6
10447	6
10448	5
10449	5
10450	5
10451	5
10452	5
10453	5
10454	5
10455	5
10456	5
10457	5
10458	5
10459	5
10460	5
10461	5
10462	5
10463	5
10464	5
10465	5
10466	5
10467	5
10468	5
10469	5
10470	5
10471	5
10472	5
10473	5
10474	5
10475	5
10476	5
10477	5
10478	5
10479	5
10480	5
10481	5
10482	5
10483	5
10484	5
10485	5
10486	5
10487	5
10488	5
10489	5
10490	5
10491	5
10492	5
10493	5
10494	5
10495	5
10496	5
10497	5
10498	5
10499	5
10500	5
10501	5
10502	5
10503	5
10504	5
10505	5
10506	5
10507	5
10508	5
10509	5
10510	5
10511	5
10512	5
10513	5
10514	5
10515	5
10516	5
10517	5
10518	5
10519	5
10520	5
10521	5
10522	5
10523	5
10524	5
10525	5
10526	5
10527	5
10528	5
10529	5
10530	5
10531	5
10532	5
10533	5
10534	5
10535	5
10536	5
10537	5
10538	5
10539	5
10540	5
10541	5
10542	5
10543	5
10544	5
10545	5
10546	5
10547	5
10548	5
10549	5
10550	5
10551	5
10552	5
10553	5
10554	5
10555	5
10556	5
10557	5
10558	5
10559	5
10560	5
10561	5
10562	5
10563	5
10564	5
10565	5
10566	5
10567	5
10568	5
10569	5
10570	5
10571	5
10572	5
10573	5
10574	5
10575	5
10576	5
10577	5
10578	5
10579	5
10580	5
10581	5
10582	5
10583	5
10584	5
10585	5
10586	5
10587	5
10588	5
10589	5
10590	5
10591	5
10592	5
10593	5
10594	5
10595	5
10596	5
10597	5
10598	5
10599	5
10600	5
10601	5
10602	5
10603	5
10604	5
10605	5
10606	5
10607	5
10608	5
10609	5
10610	5
10611	5
10612	5
10613	5
10614	5
10615	5
10616	5
10617	5
10618	5
10619	5
10620	5
10621	5
10622	5
10623	5
10624	5
10625	5
10626	5
10627	5
10628	5
10629	5
10630	5
10631	5
10632	5
10633	5
10634	5
10635	5
10636	5
10637	5
10638	5
10639	5
10640	5
10641	5
10642	5
10643	5
10644	5
10645	5
10646	5
10647	5
10648	5
10649	5
10650	5
10651	5
10652	5
10653	5
10654	5
10655	5
10656	5
10657	5
10658	5
10659	5
10660	5
10661	5
10662	5
10663	5
10664	5
10665	5
10666	5
10667	5
10668	5
10669	5
10670	5
10671	5
10672	5
10673	5
10674	5
10675	5
10676	5
10677	5
10678	5
10679	5
10680	5
10681	5
10682	5
10683	5
10684	5
10685	5
10686	5
10687	5
10688	5
10689	5
10690	5
10691	5
10692	5
10693	5
10694	5
10695	5
10696	5
10697	5
10698	5
10699	5
10700	5
10701	5
10702	5
10703	5
10704	5
10705	5
10706	5
10707	5
10708	5
10709	5
10710	5
10711	5
10712	5
10713	5
10714	5
10715	5
10716	5
10717	5
10718	5
10719	5
10720	5
10721	5
10722	5
10723	5
10724	5
10725	5
10726	5
10727	5
10728	5
10729	5
10730	5
10731	5
10732	5
10733	5
10734	5
10735	5
10736	5
10737	5
10738	5
10739	5
10740	5
10741	5
10742	5
10743	5
10744	5
10745	5
10746	5
10747	5
10748	5
10749	5
10750	5
10751	5
10752	5
10753	5
10754	5
10755	5
10756	5
10757	5
10758	5
10759	5
10760	5
10761	5
10762	5
10763	5
10764	5
10765	5
10766	5
10767	5
10768	5
10769	5
10770	5
10771	5
10772	5
10773	5
10774	5
10775	5
10776	5
10777	5
10778	5
10779	5
10780	5
10781	5
10782	5
10783	5
10784	5
10785	5
10786	5
10787	5
10788	5
10789	5
10790	5
10791	5
10792	5
10793	5
10794	5
10795	5
10796	5
10797	5
10798	5
10799	5
10800	5
10801	5
10802	5
10803	5
10804	5
10805	5
10806	5
10807	5
10808	5
10809	5
10810	5
10811	5
10812	5
10813	5
10814	5
10815	5
10816	5
10817	5
10818	5
10819	5
10820	5
10821	5
10822	5
10823	5
10824	5
10825	5
10826	5
10827	5
10828	5
10829	5
10830	5
10831	5
10832	5
10833	5
10834	5
10835	5
10836	5
10837	5
10838	5
10839	5
10840	5
10841	5
10842	5
10843	5
10844	5
10845	5
10846	5
10847	5
10848	5
10849	5
10850	5
10851	5
10852	5
10853	5
10854	5
10855	5
10856	5
10857	5
10858	5
10859	5
10860	5
10861	5
10862	5
10863	5
10864	5
10865	5
10866	5
10867	5
10868	5
10869	5
10870	5
10871	5
10872	5
10873	5
10874	5
10875	5
10876	5
10877	5
10878	5
10879	5
10880	5
10881	5
10882	5
10883	5
10884	5
10885	5
10886	5
10887	5
10888	5
10889	5
10890	5
10891	5
10892	5
10893	5
10894	5
10895	5
10896	5
10897	5
10898	5
10899	5
10900	5
10901	5
10902	5
10903	5
10904	5
10905	5
10906	5
10907	5
10908	5
10909	5
10910	5
10911	5
10912	5
10913	5
10914	5
10915	5
10916	5
10917	5
10918	5
10919	5
10920	5
10921	5
10922	5
10923	5
10924	5
10925	5
10926	5
10927	5
10928	5
10929	5
10930	5
10931	5
10932	5
10933	5
10934	5
10935	5
10936	5
10937	5
10938	5
10939	5
10940	5
10941	5
10942	5
10943	5
10944	5
10945	5
10946	5
10947	5
10948	5
10949	5
10950	5
10951	5
10952	5
10953	5
10954	5
10955	5
10956	5
10957	5
10958	5
10959	5
10960	5
10961	5
10962	5
10963	5
10964	5
10965	5
10966	5
10967	5
10968	5
10969	5
10970	5
10971	5
10972	5
10973	5
10974	5
10975	5
10976	5
10977	5
10978	5
10979	5
10980	5
10981	5
10982	5
10983	5
10984	5
10985	5
10986	5
10987	5
10988	5
10989	5
10990	5
10991	5
10992	5
10993	5
10994	5
10995	5
10996	5
10997	5
10998	5
10999	5
11000	5
11001	5
11002	5
11003	5
11004	5
11005	5
11006	5
11007	5
11008	5
11009	5
11010	5
11011	5
11012	5
11013	5
11014	5
11015	5
11016	5
11017	5
11018	5
11019	5
11020	5
11021	5
11022	5
11023	5
11024	5
11025	5
11026	5
11027	5
11028	5
11029	5
11030	5
11031	5
11032	5
11033	5
11034	5
11035	5
11036	5
11037	5
11038	5
11039	5
11040	5
11041	5
11042	5
11043	5
11044	5
11045	5
11046	5
11047	5
11048	5
11049	5
11050	5
11051	5
11052	5
11053	5
11054	5
11055	5
11056	5
11057	5
11058	5
11059	5
11060	5
11061	5
11062	5
11063	5
11064	5
11065	5
11066	5
11067	5
11068	5
11069	5
11070	5
11071	5
11072	5
11073	5
11074	5
11075	5
11076	5
11077	5
11078	5
11079	5
11080	5
11081	5
11082	5
11083	5
11084	5
11085	5
11086	5
11087	5
11088	5
11089	5
11090	5
11091	5
11092	5
11093	5
11094	5
11095	5
11096	5
11097	5
11098	5
11099	5
11100	5
11101	5
11102	5
11103	5
11104	5
11105	5
11106	5
11107	5
11108	5
11109	5
11110	5
11111	5
11112	5
11113	5
11114	5
11115	5
11116	5
11117	5
11118	5
11119	5
11120	5
11121	5
11122	5
11123	5
11124	5
11125	5
11126	5
11127	5
11128	5
11129	5
11130	5
11131	5
11132	5
11133	5
11134	5
11135	5
11136	5
11137	5
11138	5
11139	5
11140	5
11141	5
11142	5
11143	5
11144	5
11145	5
11146	5
11147	5
11148	5
11149	5
11150	5
11151	5
11152	5
11153	5
11154	5
11155	5
11156	5
11157	5
11158	5
11159	5
11160	5
11161	5
11162	5
11163	5
11164	5
11165	5
11166	5
11167	5
11168	5
11169	5
11170	5
11171	5
11172	5
11173	5
11174	5
11175	5
11176	5
11177	5
11178	5
11179	5
11180	5
11181	5
11182	5
11183	5
11184	5
11185	5
11186	5
11187	5
11188	5
11189	5
11190	5
11191	5
11192	5
11193	5
11194	5
11195	5
11196	5
11197	5
11198	5
11199	5
11200	5
11201	5
11202	5
11203	5
11204	5
11205	5
11206	5
11207	5
11208	5
11209	5
11210	5
11211	5
11212	5
11213	5
11214	5
11215	5
11216	5
11217	5
11218	5
11219	5
11220	5
11221	5
11222	5
11223	5
11224	5
11225	5
11226	5
11227	5
11228	5
11229	5
11230	5
11231	5
11232	5
11233	5
11234	5
11235	5
11236	5
11237	5
11238	5
11239	5
11240	5
11241	5
11242	5
11243	5
11244	5
11245	5
11246	5
11247	5
11248	5
11249	5
11250	5
11251	5
11252	5
11253	5
11254	5
11255	5
11256	5
11257	5
11258	5
11259	5
11260	5
11261	5
11262	5
11263	5
11264	5
11265	5
11266	5
11267	5
11268	5
11269	5
11270	5
11271	5
11272	5
11273	5
11274	5
11275	5
11276	5
11277	5
11278	5
11279	5
11280	5
11281	5
11282	5
11283	5
11284	5
11285	5
11286	5
11287	5
11288	5
11289	5
11290	5
11291	5
11292	5
11293	5
11294	5
11295	5
11296	5
11297	5
11298	5
11299	5
11300	5
11301	5
11302	5
11303	5
11304	5
11305	5
11306	5
11307	5
11308	5
11309	5
11310	5
11311	5
11312	5
11313	5
11314	5
11315	5
11316	5
11317	5
11318	5
11319	5
11320	5
11321	5
11322	5
11323	5
11324	5
11325	5
11326	5
11327	5
11328	5
11329	5
11330	5
11331	5
11332	5
11333	5
11334	5
11335	5
11336	5
11337	5
11338	5
11339	5
11340	5
11341	5
11342	5
11343	5
11344	5
11345	5
11346	5
11347	5
11348	5
11349	5
11350	5
11351	5
11352	5
11353	5
11354	5
11355	5
11356	5
11357	5
11358	5
11359	5
11360	5
11361	5
11362	5
11363	5
11364	5
11365	5
11366	5
11367	5
11368	5
11369	5
11370	5
11371	5
11372	5
11373	5
11374	5
11375	5
11376	5
11377	5
11378	5
11379	5
11380	5
11381	5
11382	5
11383	5
11384	5
11385	5
11386	5
11387	5
11388	5
11389	5
11390	5
11391	5
11392	5
11393	5
11394	5
11395	5
11396	5
11397	5
11398	5
11399	5
11400	5
11401	5
11402	5
11403	5
11404	5
11405	5
11406	5
11407	5
11408	5
11409	5
11410	5
11411	5
11412	5
11413	5
11414	5
11415	5
11416	5
11417	5
11418	5
11419	5
11420	5
11421	5
11422	5
11423	5
11424	5
11425	5
11426	5
11427	5
11428	5
11429	5
11430	5
11431	5
11432	5
11433	5
11434	5
11435	5
11436	5
11437	5
11438	5
11439	5
11440	5
11441	5
11442	5
11443	5
11444	5
11445	5
11446	5
11447	5
11448	5
11449	5
11450	5
11451	5
11452	5
11453	5
11454	5
11455	5
11456	5
11457	5
11458	5
11459	5
11460	5
11461	5
11462	5
11463	5
11464	5
11465	5
11466	5
11467	5
11468	5
11469	5
11470	5
11471	5
11472	5
11473	5
11474	5
11475	5
11476	5
11477	5
11478	5
11479	5
11480	5
11481	5
11482	5
11483	5
11484	5
11485	5
11486	5
11487	5
11488	5
11489	5
11490	5
11491	5
11492	5
11493	5
11494	5
11495	5
11496	5
11497	5
11498	5
11499	5
11500	5
11501	5
11502	5
11503	5
11504	5
11505	5
11506	5
11507	5
11508	5
11509	5
11510	5
11511	5
11512	5
11513	5
11514	5
11515	5
11516	5
11517	5
11518	5
11519	5
11520	5
11521	5
11522	5
11523	5
11524	5
11525	5
11526	5
11527	5
11528	5
11529	5
11530	5
11531	5
11532	5
11533	5
11534	5
11535	5
11536	5
11537	5
11538	5
11539	5
11540	5
11541	5
11542	5
11543	5
11544	5
11545	5
11546	5
11547	5
11548	5
11549	5
11550	5
11551	5
11552	5
11553	5
11554	5
11555	5
11556	5
11557	5
11558	5
11559	5
11560	5
11561	5
11562	5
11563	5
11564	5
11565	5
11566	5
11567	5
11568	5
11569	5
11570	5
11571	5
11572	5
11573	5
11574	5
11575	5
11576	5
11577	5
11578	5
11579	5
11580	5
11581	5
11582	5
11583	5
11584	5
11585	5
11586	5
11587	5
11588	5
11589	5
11590	5
11591	5
11592	5
11593	5
11594	5
11595	5
11596	5
11597	5
11598	5
11599	5
11600	5
11601	5
11602	5
11603	5
11604	5
11605	5
11606	5
11607	5
11608	5
11609	5
11610	5
11611	5
11612	5
11613	5
11614	5
11615	5
11616	5
11617	5
11618	5
11619	5
11620	5
11621	5
11622	5
11623	5
11624	5
11625	5
11626	5
11627	5
11628	5
11629	5
11630	5
11631	5
11632	5
11633	5
11634	5
11635	5
11636	5
11637	5
11638	5
11639	5
11640	5
11641	5
11642	5
11643	5
11644	5
11645	5
11646	5
11647	5
11648	5
11649	5
11650	5
11651	5
11652	5
11653	5
11654	5
11655	5
11656	5
11657	5
11658	5
11659	5
11660	5
11661	5
11662	5
11663	5
11664	5
11665	5
11666	5
11667	5
11668	5
11669	5
11670	5
11671	5
11672	5
11673	5
11674	5
11675	5
11676	5
11677	5
11678	5
11679	5
11680	5
11681	5
11682	5
11683	5
11684	5
11685	5
11686	5
11687	5
11688	5
11689	5
11690	5
11691	5
11692	5
11693	5
11694	5
11695	5
11696	5
11697	5
11698	5
11699	5
11700	5
11701	5
11702	5
11703	5
11704	5
11705	5
11706	5
11707	5
11708	5
11709	5
11710	5
11711	5
11712	5
11713	5
11714	5
11715	5
11716	5
11717	5
11718	5
11719	5
11720	5
11721	5
11722	5
11723	5
11724	5
11725	5
11726	5
11727	5
11728	5
11729	5
11730	5
11731	5
11732	5
11733	5
11734	5
11735	5
11736	5
11737	5
11738	5
11739	5
11740	5
11741	5
11742	5
11743	5
11744	5
11745	5
11746	5
11747	5
11748	5
11749	5
11750	5
11751	5
11752	5
11753	5
11754	5
11755	5
11756	5
11757	5
11758	5
11759	5
11760	5
11761	5
11762	5
11763	5
11764	5
11765	5
11766	5
11767	5
11768	5
11769	5
11770	5
11771	5
11772	5
11773	5
11774	5
11775	5
11776	5
11777	5
11778	5
11779	5
11780	5
11781	5
11782	5
11783	5
11784	5
11785	5
11786	5
11787	5
11788	5
11789	5
11790	5
11791	5
11792	5
11793	5
11794	5
11795	5
11796	5
11797	5
11798	5
11799	5
11800	5
11801	5
11802	5
11803	5
11804	5
11805	5
11806	5
11807	5
11808	5
11809	5
11810	5
11811	5
11812	5
11813	5
11814	5
11815	5
11816	5
11817	5
11818	5
11819	5
11820	5
11821	5
11822	5
11823	5
11824	5
11825	5
11826	5
11827	5
11828	5
11829	5
11830	5
11831	5
11832	5
11833	5
11834	5
11835	5
11836	5
11837	5
11838	5
11839	5
11840	5
11841	5
11842	5
11843	5
11844	5
11845	5
11846	5
11847	5
11848	5
11849	5
11850	5
11851	5
11852	5
11853	5
11854	5
11855	5
11856	5
11857	5
11858	5
11859	5
11860	5
11861	5
11862	5
11863	5
11864	5
11865	5
11866	5
11867	5
11868	5
11869	5
11870	5
11871	5
11872	5
11873	5
11874	5
11875	5
11876	5
11877	5
11878	5
11879	5
11880	5
11881	5
11882	5
11883	5
11884	5
11885	5
11886	5
11887	5
11888	5
11889	5
11890	5
11891	5
11892	5
11893	5
11894	5
11895	5
11896	5
11897	5
11898	5
11899	5
11900	5
11901	5
11902	5
11903	5
11904	5
11905	5
11906	5
11907	5
11908	5
11909	5
11910	5
11911	5
11912	5
11913	5
11914	5
11915	5
11916	5
11917	5
11918	5
11919	5
11920	5
11921	5
11922	5
11923	5
11924	5
11925	5
11926	5
11927	5
11928	5
11929	5
11930	5
11931	5
11932	5
11933	5
11934	5
11935	5
11936	5
11937	5
11938	5
11939	5
11940	5
11941	5
11942	5
11943	5
11944	5
11945	5
11946	5
11947	5
11948	5
11949	5
11950	5
11951	5
11952	5
11953	5
11954	5
11955	5
11956	5
11957	5
11958	5
11959	5
11960	5
11961	5
11962	5
11963	5
11964	5
11965	5
11966	5
11967	5
11968	5
11969	5
11970	5
11971	5
11972	5
11973	5
11974	5
11975	5
11976	5
11977	5
11978	5
11979	5
11980	5
11981	5
11982	5
11983	5
11984	5
11985	5
11986	5
11987	5
11988	5
11989	5
11990	5
11991	5
11992	5
11993	5
11994	5
11995	5
11996	5
11997	5
11998	5
11999	5
12000	5
12001	5
12002	5
12003	5
12004	5
12005	5
12006	5
12007	5
12008	5
12009	5
12010	5
12011	5
12012	5
12013	5
12014	5
12015	5
12016	5
12017	5
12018	5
12019	5
12020	5
12021	5
12022	5
12023	5
12024	5
12025	5
12026	5
12027	5
12028	5
12029	5
12030	5
12031	5
12032	5
12033	5
12034	5
12035	5
12036	5
12037	5
12038	5
12039	5
12040	5
12041	5
12042	5
12043	5
12044	5
12045	5
12046	5
12047	5
12048	5
12049	5
12050	5
12051	5
12052	5
12053	5
12054	5
12055	5
12056	5
12057	5
12058	5
12059	5
12060	5
12061	5
12062	5
12063	5
12064	5
12065	5
12066	5
12067	5
12068	5
12069	5
12070	5
12071	5
12072	5
12073	5
12074	5
12075	5
12076	5
12077	5
12078	5
12079	5
12080	5
12081	5
12082	5
12083	5
12084	5
12085	5
12086	5
12087	5
12088	5
12089	5
12090	5
12091	5
12092	5
12093	5
12094	5
12095	5
12096	5
12097	5
12098	5
12099	5
12100	5
12101	5
12102	5
12103	5
12104	5
12105	5
12106	5
12107	5
12108	5
12109	5
12110	5
12111	5
12112	5
12113	5
12114	5
12115	5
12116	5
12117	5
12118	5
12119	5
12120	5
12121	5
12122	5
12123	5
12124	5
12125	5
12126	5
12127	5
12128	5
12129	5
12130	5
12131	5
12132	5
12133	5
12134	5
12135	5
12136	5
12137	5
12138	5
12139	5
12140	5
12141	5
12142	5
12143	5
12144	5
12145	5
12146	5
12147	5
12148	5
12149	5
12150	5
12151	5
12152	5
12153	5
12154	5
12155	5
12156	5
12157	5
12158	5
12159	5
12160	5
12161	5
12162	5
12163	5
12164	5
12165	5
12166	5
12167	5
12168	5
12169	5
12170	5
12171	5
12172	5
12173	5
12174	5
12175	5
12176	5
12177	5
12178	5
12179	5
12180	5
12181	5
12182	5
12183	5
12184	5
12185	5
12186	5
12187	5
12188	5
12189	5
12190	5
12191	5
12192	5
12193	5
12194	5
12195	5
12196	5
12197	5
12198	5
12199	5
12200	5
12201	5
12202	5
12203	5
12204	5
12205	5
12206	5
12207	5
12208	5
12209	5
12210	5
12211	5
12212	5
12213	5
12214	5
12215	5
12216	5
12217	5
12218	5
12219	5
12220	5
12221	5
12222	5
12223	5
12224	5
12225	5
12226	5
12227	5
12228	5
12229	5
12230	5
12231	5
12232	5
12233	5
12234	5
12235	5
12236	5
12237	5
12238	5
12239	5
12240	5
12241	5
12242	5
12243	5
12244	5
12245	5
12246	5
12247	5
12248	5
12249	5
12250	5
12251	5
12252	5
12253	5
12254	5
12255	5
12256	5
12257	5
12258	5
12259	5
12260	5
12261	5
12262	5
12263	5
12264	5
12265	5
12266	5
12267	5
12268	5
12269	5
12270	5
12271	5
12272	5
12273	5
12274	5
12275	5
12276	5
12277	5
12278	5
12279	5
12280	5
12281	5
12282	5
12283	5
12284	5
12285	5
12286	5
12287	5
12288	5
12289	5
12290	5
12291	5
12292	5
12293	5
12294	5
12295	5
12296	5
12297	5
12298	5
12299	5
12300	5
12301	5
12302	5
12303	5
12304	5
12305	5
12306	5
12307	5
12308	5
12309	5
12310	5
12311	5
12312	5
12313	5
12314	5
12315	5
12316	5
12317	5
12318	5
12319	5
12320	5
12321	5
12322	5
12323	5
12324	5
12325	5
12326	5
12327	5
12328	5
12329	5
12330	5
12331	5
12332	5
12333	5
12334	5
12335	5
12336	5
12337	5
12338	5
12339	5
12340	5
12341	5
12342	5
12343	5
12344	5
12345	5
12346	5
12347	5
12348	5
12349	5
12350	5
12351	5
12352	5
12353	5
12354	5
12355	5
12356	5
12357	5
12358	5
12359	5
12360	5
12361	5
12362	5
12363	5
12364	5
12365	5
12366	5
12367	5
12368	5
12369	5
12370	5
12371	5
12372	5
12373	5
12374	5
12375	5
12376	5
12377	5
12378	5
12379	5
12380	5
12381	5
12382	5
12383	5
12384	5
12385	5
12386	5
12387	5
12388	5
12389	5
12390	5
12391	5
12392	5
12393	5
12394	5
12395	5
12396	5
12397	5
12398	5
12399	5
12400	5
12401	5
12402	5
12403	5
12404	5
12405	5
12406	5
12407	5
12408	5
12409	5
12410	5
12411	5
12412	5
12413	5
12414	5
12415	5
12416	5
12417	5
12418	5
12419	5
12420	5
12421	5
12422	5
12423	5
12424	5
12425	5
12426	5
12427	5
12428	5
12429	5
12430	5
12431	5
12432	5
12433	5
12434	5
12435	5
12436	5
12437	5
12438	5
12439	5
12440	5
12441	5
12442	5
12443	5
12444	5
12445	5
12446	5
12447	5
12448	5
12449	5
12450	5
12451	5
12452	5
12453	5
12454	5
12455	5
12456	5
12457	5
12458	5
12459	5
12460	5
12461	5
12462	5
12463	5
12464	5
12465	5
12466	5
12467	5
12468	5
12469	5
12470	5
12471	5
12472	5
12473	5
12474	5
12475	5
12476	5
12477	5
12478	5
12479	5
12480	5
12481	5
12482	5
12483	5
12484	5
12485	5
12486	5
12487	5
12488	5
12489	5
12490	5
12491	5
12492	5
12493	5
12494	5
12495	5
12496	5
12497	5
12498	5
12499	5
12500	5
12501	5
12502	5
12503	5
12504	5
12505	5
12506	5
12507	5
12508	5
12509	5
12510	5
12511	5
12512	5
12513	5
12514	5
12515	5
12516	5
12517	5
12518	5
12519	5
12520	5
12521	5
12522	5
12523	5
12524	5
12525	5
12526	5
12527	5
12528	5
12529	5
12530	5
12531	5
12532	5
12533	5
12534	5
12535	5
12536	5
12537	5
12538	5
12539	5
12540	5
12541	5
12542	5
12543	5
12544	5
12545	5
12546	5
12547	5
12548	5
12549	5
12550	5
12551	5
12552	5
12553	5
12554	5
12555	5
12556	5
12557	5
12558	5
12559	5
12560	5
12561	5
12562	5
12563	5
12564	5
12565	5
12566	5
12567	5
12568	5
12569	5
12570	5
12571	5
12572	5
12573	5
12574	5
12575	5
12576	5
12577	5
12578	5
12579	5
12580	5
12581	5
12582	5
12583	5
12584	5
12585	5
12586	5
12587	5
12588	5
12589	5
12590	5
12591	5
12592	5
12593	5
12594	5
12595	5
12596	5
12597	5
12598	5
12599	5
12600	5
12601	5
12602	5
12603	5
12604	5
12605	5
12606	5
12607	5
12608	5
12609	5
12610	5
12611	5
12612	5
12613	5
12614	5
12615	5
12616	5
12617	5
12618	4
12619	4
12620	4
12621	4
12622	4
12623	4
12624	4
12625	4
12626	4
12627	4
12628	4
12629	4
12630	4
12631	4
12632	4
12633	4
12634	4
12635	4
12636	4
12637	4
12638	4
12639	4
12640	4
12641	4
12642	4
12643	4
12644	4
12645	4
12646	4
12647	4
12648	4
12649	4
12650	4
12651	4
12652	4
12653	4
12654	4
12655	4
12656	4
12657	4
12658	4
12659	4
12660	4
12661	4
12662	4
12663	4
12664	4
12665	4
12666	4
12667	4
12668	4
12669	4
12670	4
12671	4
12672	4
12673	4
12674	4
12675	4
12676	4
12677	4
12678	4
12679	4
12680	4
12681	4
12682	4
12683	4
12684	4
12685	4
12686	4
12687	4
12688	4
12689	4
12690	4
12691	4
12692	4
12693	4
12694	4
12695	4
12696	4
12697	4
12698	4
12699	4
12700	4
12701	4
12702	4
12703	4
12704	4
12705	4
12706	4
12707	4
12708	4
12709	4
12710	4
12711	4
12712	4
12713	4
12714	4
12715	4
12716	4
12717	4
12718	4
12719	4
12720	4
12721	4
12722	4
12723	4
12724	4
12725	4
12726	4
12727	4
12728	4
12729	4
12730	4
12731	4
12732	4
12733	4
12734	4
12735	4
12736	4
12737	4
12738	4
12739	4
12740	4
12741	4
12742	4
12743	4
12744	4
12745	4
12746	4
12747	4
12748	4
12749	4
12750	4
12751	4
12752	4
12753	4
12754	4
12755	4
12756	4
12757	4
12758	4
12759	4
12760	4
12761	4
12762	4
12763	4
12764	4
12765	4
12766	4
12767	4
12768	4
12769	4
12770	4
12771	4
12772	4
12773	4
12774	4
12775	4
12776	4
12777	4
12778	4
12779	4
12780	4
12781	4
12782	4
12783	4
12784	4
12785	4
12786	4
12787	4
12788	4
12789	4
12790	4
12791	4
12792	4
12793	4
12794	4
12795	4
12796	4
12797	4
12798	4
12799	4
12800	4
12801	4
12802	4
12803	4
12804	4
12805	4
12806	4
12807	4
12808	4
12809	4
12810	4
12811	4
12812	4
12813	4
12814	4
12815	4
12816	4
12817	4
12818	4
12819	4
12820	4
12821	4
12822	4
12823	4
12824	4
12825	4
12826	4
12827	4
12828	4
12829	4
12830	4
12831	4
12832	4
12833	4
12834	4
12835	4
12836	4
12837	4
12838	4
12839	4
12840	4
12841	4
12842	4
12843	4
12844	4
12845	4
12846	4
12847	4
12848	4
12849	4
12850	4
12851	4
12852	4
12853	4
12854	4
12855	4
12856	4
12857	4
12858	4
12859	4
12860	4
12861	4
12862	4
12863	4
12864	4
12865	4
12866	4
12867	4
12868	4
12869	4
12870	4
12871	4
12872	4
12873	4
12874	4
12875	4
12876	4
12877	4
12878	4
12879	4
12880	4
12881	4
12882	4
12883	4
12884	4
12885	4
12886	4
12887	4
12888	4
12889	4
12890	4
12891	4
12892	4
12893	4
12894	4
12895	4
12896	4
12897	4
12898	4
12899	4
12900	4
12901	4
12902	4
12903	4
12904	4
12905	4
12906	4
12907	4
12908	4
12909	4
12910	4
12911	4
12912	4
12913	4
12914	4
12915	4
12916	4
12917	4
12918	4
12919	4
12920	4
12921	4
12922	4
12923	4
12924	4
12925	4
12926	4
12927	4
12928	4
12929	4
12930	4
12931	4
12932	4
12933	4
12934	4
12935	4
12936	4
12937	4
12938	4
12939	4
12940	4
12941	4
12942	4
12943	4
12944	4
12945	4
12946	4
12947	4
12948	4
12949	4
12950	4
12951	4
12952	4
12953	4
12954	4
12955	4
12956	4
12957	4
12958	4
12959	4
12960	4
12961	4
12962	4
12963	4
12964	4
12965	4
12966	4
12967	4
12968	4
12969	4
12970	4
12971	4
12972	4
12973	4
12974	4
12975	4
12976	4
12977	4
12978	4
12979	4
12980	4
12981	4
12982	4
12983	4
12984	4
12985	4
12986	4
12987	4
12988	4
12989	4
12990	4
12991	4
12992	4
12993	4
12994	4
12995	4
12996	4
12997	4
12998	4
12999	4
13000	4
13001	4
13002	4
13003	4
13004	4
13005	4
13006	4
13007	4
13008	4
13009	4
13010	4
13011	4
13012	4
13013	4
13014	4
13015	4
13016	4
13017	4
13018	4
13019	4
13020	4
13021	4
13022	4
13023	4
13024	4
13025	4
13026	4
13027	4
13028	4
13029	4
13030	4
13031	4
13032	4
13033	4
13034	4
13035	4
13036	4
13037	4
13038	4
13039	4
13040	4
13041	4
13042	4
13043	4
13044	4
13045	4
13046	4
13047	4
13048	4
13049	4
13050	4
13051	4
13052	4
13053	4
13054	4
13055	4
13056	4
13057	4
13058	4
13059	4
13060	4
13061	4
13062	4
13063	4
13064	4
13065	4
13066	4
13067	4
13068	4
13069	4
13070	4
13071	4
13072	4
13073	4
13074	4
13075	4
13076	4
13077	4
13078	4
13079	4
13080	4
13081	4
13082	4
13083	4
13084	4
13085	4
13086	4
13087	4
13088	4
13089	4
13090	4
13091	4
13092	4
13093	4
13094	4
13095	4
13096	4
13097	4
13098	4
13099	4
13100	4
13101	4
13102	4
13103	4
13104	4
13105	4
13106	4
13107	4
13108	4
13109	4
13110	4
13111	4
13112	4
13113	4
13114	4
13115	4
13116	4
13117	4
13118	4
13119	4
13120	4
13121	4
13122	4
13123	4
13124	4
13125	4
13126	4
13127	4
13128	4
13129	4
13130	4
13131	4
13132	4
13133	4
13134	4
13135	4
13136	4
13137	4
13138	4
13139	4
13140	4
13141	4
13142	4
13143	4
13144	4
13145	4
13146	4
13147	4
13148	4
13149	4
13150	4
13151	4
13152	4
13153	4
13154	4
13155	4
13156	4
13157	4
13158	4
13159	4
13160	4
13161	4
13162	4
13163	4
13164	4
13165	4
13166	4
13167	4
13168	4
13169	4
13170	4
13171	4
13172	4
13173	4
13174	4
13175	4
13176	4
13177	4
13178	4
13179	4
13180	4
13181	4
13182	4
13183	4
13184	4
13185	4
13186	4
13187	4
13188	4
13189	4
13190	4
13191	4
13192	4
13193	4
13194	4
13195	4
13196	4
13197	4
13198	4
13199	4
13200	4
13201	4
13202	4
13203	4
13204	4
13205	4
13206	4
13207	4
13208	4
13209	4
13210	4
13211	4
13212	4
13213	4
13214	4
13215	4
13216	4
13217	4
13218	4
13219	4
13220	4
13221	4
13222	4
13223	4
13224	4
13225	4
13226	4
13227	4
13228	4
13229	4
13230	4
13231	4
13232	4
13233	4
13234	4
13235	4
13236	4
13237	4
13238	4
13239	4
13240	4
13241	4
13242	4
13243	4
13244	4
13245	4
13246	4
13247	4
13248	4
13249	4
13250	4
13251	4
13252	4
13253	4
13254	4
13255	4
13256	4
13257	4
13258	4
13259	4
13260	4
13261	4
13262	4
13263	4
13264	4
13265	4
13266	4
13267	4
13268	4
13269	4
13270	4
13271	4
13272	4
13273	4
13274	4
13275	4
13276	4
13277	4
13278	4
13279	4
13280	4
13281	4
13282	4
13283	4
13284	4
13285	4
13286	4
13287	4
13288	4
13289	4
13290	4
13291	4
13292	4
13293	4
13294	4
13295	4
13296	4
13297	4
13298	4
13299	4
13300	4
13301	4
13302	4
13303	4
13304	4
13305	4
13306	4
13307	4
13308	4
13309	4
13310	4
13311	4
13312	4
13313	4
13314	4
13315	4
13316	4
13317	4
13318	4
13319	4
13320	4
13321	4
13322	4
13323	4
13324	4
13325	4
13326	4
13327	4
13328	4
13329	4
13330	4
13331	4
13332	4
13333	4
13334	4
13335	4
13336	4
13337	4
13338	4
13339	4
13340	4
13341	4
13342	4
13343	4
13344	4
13345	4
13346	4
13347	4
13348	4
13349	4
13350	4
13351	4
13352	4
13353	4
13354	4
13355	4
13356	4
13357	4
13358	4
13359	4
13360	4
13361	4
13362	4
13363	4
13364	4
13365	4
13366	4
13367	4
13368	4
13369	4
13370	4
13371	4
13372	4
13373	4
13374	4
13375	4
13376	4
13377	4
13378	4
13379	4
13380	4
13381	4
13382	4
13383	4
13384	4
13385	4
13386	4
13387	4
13388	4
13389	4
13390	4
13391	4
13392	4
13393	4
13394	4
13395	4
13396	4
13397	4
13398	4
13399	4
13400	4
13401	4
13402	4
13403	4
13404	4
13405	4
13406	4
13407	4
13408	4
13409	4
13410	4
13411	4
13412	4
13413	4
13414	4
13415	4
13416	4
13417	4
13418	4
13419	4
13420	4
13421	4
13422	4
13423	4
13424	4
13425	4
13426	4
13427	4
13428	4
13429	4
13430	4
13431	4
13432	4
13433	4
13434	4
13435	4
13436	4
13437	4
13438	4
13439	4
13440	4
13441	4
13442	4
13443	4
13444	4
13445	4
13446	4
13447	4
13448	4
13449	4
13450	4
13451	4
13452	4
13453	4
13454	4
13455	4
13456	4
13457	4
13458	4
13459	4
13460	4
13461	4
13462	4
13463	4
13464	4
13465	4
13466	4
13467	4
13468	4
13469	4
13470	4
13471	4
13472	4
13473	4
13474	4
13475	4
13476	4
13477	4
13478	4
13479	4
13480	4
13481	4
13482	4
13483	4
13484	4
13485	4
13486	4
13487	4
13488	4
13489	4
13490	4
13491	4
13492	4
13493	4
13494	4
13495	4
13496	4
13497	4
13498	4
13499	4
13500	4
13501	4
13502	4
13503	4
13504	4
13505	4
13506	4
13507	4
13508	4
13509	4
13510	4
13511	4
13512	4
13513	4
13514	4
13515	4
13516	4
13517	4
13518	4
13519	4
13520	4
13521	4
13522	4
13523	4
13524	4
13525	4
13526	4
13527	4
13528	4
13529	4
13530	4
13531	4
13532	4
13533	4
13534	4
13535	4
13536	4
13537	4
13538	4
13539	4
13540	4
13541	4
13542	4
13543	4
13544	4
13545	4
13546	4
13547	4
13548	4
13549	4
13550	4
13551	4
13552	4
13553	4
13554	4
13555	4
13556	4
13557	4
13558	4
13559	4
13560	4
13561	4
13562	4
13563	4
13564	4
13565	4
13566	4
13567	4
13568	4
13569	4
13570	4
13571	4
13572	4
13573	4
13574	4
13575	4
13576	4
13577	4
13578	4
13579	4
13580	4
13581	4
13582	4
13583	4
13584	4
13585	4
13586	4
13587	4
13588	4
13589	4
13590	4
13591	4
13592	4
13593	4
13594	4
13595	4
13596	4
13597	4
13598	4
13599	4
13600	4
13601	4
13602	4
13603	4
13604	4
13605	4
13606	4
13607	4
13608	4
13609	4
13610	4
13611	4
13612	4
13613	4
13614	4
13615	4
13616	4
13617	4
13618	4
13619	4
13620	4
13621	4
13622	4
13623	4
13624	4
13625	4
13626	4
13627	4
13628	4
13629	4
13630	4
13631	4
13632	4
13633	4
13634	4
13635	4
13636	4
13637	4
13638	4
13639	4
13640	4
13641	4
13642	4
13643	4
13644	4
13645	4
13646	4
13647	4
13648	4
13649	4
13650	4
13651	4
13652	4
13653	4
13654	4
13655	4
13656	4
13657	4
13658	4
13659	4
13660	4
13661	4
13662	4
13663	4
13664	4
13665	4
13666	4
13667	4
13668	4
13669	4
13670	4
13671	4
13672	4
13673	4
13674	4
13675	4
13676	4
13677	4
13678	4
13679	4
13680	4
13681	4
13682	4
13683	4
13684	4
13685	4
13686	4
13687	4
13688	4
13689	4
13690	4
13691	4
13692	4
13693	4
13694	4
13695	4
13696	4
13697	4
13698	4
13699	4
13700	4
13701	4
13702	4
13703	4
13704	4
13705	4
13706	4
13707	4
13708	4
13709	4
13710	4
13711	4
13712	4
13713	4
13714	4
13715	4
13716	4
13717	4
13718	4
13719	4
13720	4
13721	4
13722	4
13723	4
13724	4
13725	4
13726	4
13727	4
13728	4
13729	4
13730	4
13731	4
13732	4
13733	4
13734	4
13735	4
13736	4
13737	4
13738	4
13739	4
13740	4
13741	4
13742	4
13743	4
13744	4
13745	4
13746	4
13747	4
13748	4
13749	4
13750	4
13751	4
13752	4
13753	4
13754	4
13755	4
13756	4
13757	4
13758	4
13759	4
13760	4
13761	4
13762	4
13763	4
13764	4
13765	4
13766	4
13767	4
13768	4
13769	4
13770	4
13771	4
13772	4
13773	4
13774	4
13775	4
13776	4
13777	4
13778	4
13779	4
13780	4
13781	4
13782	4
13783	4
13784	4
13785	4
13786	4
13787	4
13788	4
13789	4
13790	4
13791	4
13792	4
13793	4
13794	4
13795	4
13796	4
13797	4
13798	4
13799	4
13800	4
13801	4
13802	4
13803	4
13804	4
13805	4
13806	4
13807	4
13808	4
13809	4
13810	4
13811	4
13812	4
13813	4
13814	4
13815	4
13816	4
13817	4
13818	4
13819	4
13820	4
13821	4
13822	4
13823	4
13824	4
13825	4
13826	4
13827	4
13828	4
13829	4
13830	4
13831	4
13832	4
13833	4
13834	4
13835	4
13836	4
13837	4
13838	4
13839	4
13840	4
13841	4
13842	4
13843	4
13844	4
13845	4
13846	4
13847	4
13848	4
13849	4
13850	4
13851	4
13852	4
13853	4
13854	4
13855	4
13856	4
13857	4
13858	4
13859	4
13860	4
13861	4
13862	4
13863	4
13864	4
13865	4
13866	4
13867	4
13868	4
13869	4
13870	4
13871	4
13872	4
13873	4
13874	4
13875	4
13876	4
13877	4
13878	4
13879	4
13880	4
13881	4
13882	4
13883	4
13884	4
13885	4
13886	4
13887	4
13888	4
13889	4
13890	4
13891	4
13892	4
13893	4
13894	4
13895	4
13896	4
13897	4
13898	4
13899	4
13900	4
13901	4
13902	4
13903	4
13904	4
13905	4
13906	4
13907	4
13908	4
13909	4
13910	4
13911	4
13912	4
13913	4
13914	4
13915	4
13916	4
13917	4
13918	4
13919	4
13920	4
13921	4
13922	4
13923	4
13924	4
13925	4
13926	4
13927	4
13928	4
13929	4
13930	4
13931	4
13932	4
13933	4
13934	4
13935	4
13936	4
13937	4
13938	4
13939	4
13940	4
13941	4
13942	4
13943	4
13944	4
13945	4
13946	4
13947	4
13948	4
13949	4
13950	4
13951	4
13952	4
13953	4
13954	4
13955	4
13956	4
13957	4
13958	4
13959	4
13960	4
13961	4
13962	4
13963	4
13964	4
13965	4
13966	4
13967	4
13968	4
13969	4
13970	4
13971	4
13972	4
13973	4
13974	4
13975	4
13976	4
13977	4
13978	4
13979	4
13980	4
13981	4
13982	4
13983	4
13984	4
13985	4
13986	4
13987	4
13988	4
13989	4
13990	4
13991	4
13992	4
13993	4
13994	4
13995	4
13996	4
13997	4
13998	4
13999	4
14000	4
14001	4
14002	4
14003	4
14004	4
14005	4
14006	4
14007	4
14008	4
14009	4
14010	4
14011	4
14012	4
14013	4
14014	4
14015	4
14016	4
14017	4
14018	4
14019	4
14020	4
14021	4
14022	4
14023	4
14024	4
14025	4
14026	4
14027	4
14028	4
14029	4
14030	4
14031	4
14032	4
14033	4
14034	4
14035	4
14036	4
14037	4
14038	4
14039	4
14040	4
14041	4
14042	4
14043	4
14044	4
14045	4
14046	4
14047	4
14048	4
14049	4
14050	4
14051	4
14052	4
14053	4
14054	4
14055	4
14056	4
14057	4
14058	4
14059	4
14060	4
14061	4
14062	4
14063	4
14064	4
14065	4
14066	4
14067	4
14068	4
14069	4
14070	4
14071	4
14072	4
14073	4
14074	4
14075	4
14076	4
14077	4
14078	4
14079	4
14080	4
14081	4
14082	4
14083	4
14084	4
14085	4
14086	4
14087	4
14088	4
14089	4
14090	4
14091	4
14092	4
14093	4
14094	4
14095	4
14096	4
14097	4
14098	4
14099	4
14100	4
14101	4
14102	4
14103	4
14104	4
14105	4
14106	4
14107	4
14108	4
14109	4
14110	4
14111	4
14112	4
14113	4
14114	4
14115	4
14116	4
14117	4
14118	4
14119	4
14120	4
14121	4
14122	4
14123	4
14124	4
14125	4
14126	4
14127	4
14128	4
14129	4
14130	4
14131	4
14132	4
14133	4
14134	4
14135	4
14136	4
14137	4
14138	4
14139	4
14140	4
14141	4
14142	4
14143	4
14144	4
14145	4
14146	4
14147	4
14148	4
14149	4
14150	4
14151	4
14152	4
14153	4
14154	4
14155	4
14156	4
14157	4
14158	4
14159	4
14160	4
14161	4
14162	4
14163	4
14164	4
14165	4
14166	4
14167	4
14168	4
14169	4
14170	4
14171	4
14172	4
14173	4
14174	4
14175	4
14176	4
14177	4
14178	4
14179	4
14180	4
14181	4
14182	4
14183	4
14184	4
14185	4
14186	4
14187	4
14188	4
14189	4
14190	4
14191	4
14192	4
14193	4
14194	4
14195	4
14196	4
14197	4
14198	4
14199	4
14200	4
14201	4
14202	4
14203	4
14204	4
14205	4
14206	4
14207	4
14208	4
14209	4
14210	4
14211	4
14212	4
14213	4
14214	4
14215	4
14216	4
14217	4
14218	4
14219	4
14220	4
14221	4
14222	4
14223	4
14224	4
14225	4
14226	4
14227	4
14228	4
14229	4
14230	4
14231	4
14232	4
14233	4
14234	4
14235	4
14236	4
14237	4
14238	4
14239	4
14240	4
14241	4
14242	4
14243	4
14244	4
14245	4
14246	4
14247	4
14248	4
14249	4
14250	4
14251	4
14252	4
14253	4
14254	4
14255	4
14256	4
14257	4
14258	4
14259	4
14260	4
14261	4
14262	4
14263	4
14264	4
14265	4
14266	4
14267	4
14268	4
14269	4
14270	4
14271	4
14272	4
14273	4
14274	4
14275	4
14276	4
14277	4
14278	4
14279	4
14280	4
14281	4
14282	4
14283	4
14284	4
14285	4
14286	4
14287	4
14288	4
14289	4
14290	4
14291	4
14292	4
14293	4
14294	4
14295	4
14296	4
14297	4
14298	4
14299	4
14300	4
14301	4
14302	4
14303	4
14304	4
14305	4
14306	4
14307	4
14308	4
14309	4
14310	4
14311	4
14312	4
14313	4
14314	4
14315	4
14316	4
14317	4
14318	4
14319	4
14320	4
14321	4
14322	4
14323	4
14324	4
14325	4
14326	4
14327	4
14328	4
14329	4
14330	4
14331	4
14332	4
14333	4
14334	4
14335	4
14336	4
14337	4
14338	4
14339	4
14340	4
14341	4
14342	4
14343	4
14344	4
14345	4
14346	4
14347	4
14348	4
14349	4
14350	4
14351	4
14352	4
14353	4
14354	4
14355	4
14356	4
14357	4
14358	4
14359	4
14360	4
14361	4
14362	4
14363	4
14364	4
14365	4
14366	4
14367	4
14368	4
14369	4
14370	4
14371	4
14372	4
14373	4
14374	4
14375	4
14376	4
14377	4
14378	4
14379	4
14380	4
14381	4
14382	4
14383	4
14384	4
14385	4
14386	4
14387	4
14388	4
14389	4
14390	4
14391	4
14392	4
14393	4
14394	4
14395	4
14396	4
14397	4
14398	4
14399	4
14400	4
14401	4
14402	4
14403	4
14404	4
14405	4
14406	4
14407	4
14408	4
14409	4
14410	4
14411	4
14412	4
14413	4
14414	4
14415	4
14416	4
14417	4
14418	4
14419	4
14420	4
14421	4
14422	4
14423	4
14424	4
14425	4
14426	4
14427	4
14428	4
14429	4
14430	4
14431	4
14432	4
14433	4
14434	4
14435	4
14436	4
14437	4
14438	4
14439	4
14440	4
14441	4
14442	4
14443	4
14444	4
14445	4
14446	4
14447	4
14448	4
14449	4
14450	4
14451	4
14452	4
14453	4
14454	4
14455	4
14456	4
14457	4
14458	4
14459	4
14460	4
14461	4
14462	4
14463	4
14464	4
14465	4
14466	4
14467	4
14468	4
14469	4
14470	4
14471	4
14472	4
14473	4
14474	4
14475	4
14476	4
14477	4
14478	4
14479	4
14480	4
14481	4
14482	4
14483	4
14484	4
14485	4
14486	4
14487	4
14488	4
14489	4
14490	4
14491	4
14492	4
14493	4
14494	4
14495	4
14496	4
14497	4
14498	4
14499	4
14500	4
14501	4
14502	4
14503	4
14504	4
14505	4
14506	4
14507	4
14508	4
14509	4
14510	4
14511	4
14512	4
14513	4
14514	4
14515	4
14516	4
14517	4
14518	4
14519	4
14520	4
14521	4
14522	4
14523	4
14524	4
14525	4
14526	4
14527	4
14528	4
14529	4
14530	4
14531	4
14532	4
14533	4
14534	4
14535	4
14536	4
14537	4
14538	4
14539	4
14540	4
14541	4
14542	4
14543	4
14544	4
14545	4
14546	4
14547	4
14548	4
14549	4
14550	4
14551	4
14552	4
14553	4
14554	4
14555	4
14556	4
14557	4
14558	4
14559	4
14560	4
14561	4
14562	4
14563	4
14564	4
14565	4
14566	4
14567	4
14568	4
14569	4
14570	4
14571	4
14572	4
14573	4
14574	4
14575	4
14576	4
14577	4
14578	4
14579	4
14580	4
14581	4
14582	4
14583	4
14584	4
14585	4
14586	4
14587	4
14588	4
14589	4
14590	4
14591	4
14592	4
14593	4
14594	4
14595	4
14596	4
14597	4
14598	4
14599	4
14600	4
14601	4
14602	4
14603	4
14604	4
14605	4
14606	4
14607	4
14608	4
14609	4
14610	4
14611	4
14612	4
14613	4
14614	4
14615	4
14616	4
14617	4
14618	4
14619	4
14620	4
14621	4
14622	4
14623	4
14624	4
14625	4
14626	4
14627	4
14628	4
14629	4
14630	4
14631	4
14632	4
14633	4
14634	4
14635	4
14636	4
14637	4
14638	4
14639	4
14640	4
14641	4
14642	4
14643	4
14644	4
14645	4
14646	4
14647	4
14648	4
14649	4
14650	4
14651	4
14652	4
14653	4
14654	4
14655	4
14656	4
14657	4
14658	4
14659	4
14660	4
14661	4
14662	4
14663	4
14664	4
14665	4
14666	4
14667	4
14668	4
14669	4
14670	4
14671	4
14672	4
14673	4
14674	4
14675	4
14676	4
14677	4
14678	4
14679	4
14680	4
14681	4
14682	4
14683	4
14684	4
14685	4
14686	4
14687	4
14688	4
14689	4
14690	4
14691	4
14692	4
14693	4
14694	4
14695	4
14696	4
14697	4
14698	4
14699	4
14700	4
14701	4
14702	4
14703	4
14704	4
14705	4
14706	4
14707	4
14708	4
14709	4
14710	4
14711	4
14712	4
14713	4
14714	4
14715	4
14716	4
14717	4
14718	4
14719	4
14720	4
14721	4
14722	4
14723	4
14724	4
14725	4
14726	4
14727	4
14728	4
14729	4
14730	4
14731	4
14732	4
14733	4
14734	4
14735	4
14736	4
14737	4
14738	4
14739	4
14740	4
14741	4
14742	4
14743	4
14744	4
14745	4
14746	4
14747	4
14748	4
14749	4
14750	4
14751	4
14752	4
14753	4
14754	4
14755	4
14756	4
14757	4
14758	4
14759	4
14760	4
14761	4
14762	4
14763	4
14764	4
14765	4
14766	4
14767	4
14768	4
14769	4
14770	4
14771	4
14772	4
14773	4
14774	4
14775	4
14776	4
14777	4
14778	4
14779	4
14780	4
14781	4
14782	4
14783	4
14784	4
14785	4
14786	4
14787	4
14788	4
14789	4
14790	4
14791	4
14792	4
14793	4
14794	4
14795	4
14796	4
14797	4
14798	4
14799	4
14800	4
14801	4
14802	4
14803	4
14804	4
14805	4
14806	4
14807	4
14808	4
14809	4
14810	4
14811	4
14812	4
14813	4
14814	4
14815	4
14816	4
14817	4
14818	4
14819	4
14820	4
14821	4
14822	4
14823	4
14824	4
14825	4
14826	4
14827	4
14828	4
14829	4
14830	4
14831	4
14832	4
14833	4
14834	4
14835	4
14836	4
14837	4
14838	4
14839	4
14840	4
14841	4
14842	4
14843	4
14844	4
14845	4
14846	4
14847	4
14848	4
14849	4
14850	4
14851	4
14852	4
14853	4
14854	4
14855	4
14856	4
14857	4
14858	4
14859	4
14860	4
14861	4
14862	4
14863	4
14864	4
14865	4
14866	4
14867	4
14868	4
14869	4
14870	4
14871	4
14872	4
14873	4
14874	4
14875	4
14876	4
14877	4
14878	4
14879	4
14880	4
14881	4
14882	4
14883	4
14884	4
14885	4
14886	4
14887	4
14888	4
14889	4
14890	4
14891	4
14892	4
14893	4
14894	4
14895	4
14896	4
14897	4
14898	4
14899	4
14900	4
14901	4
14902	4
14903	4
14904	4
14905	4
14906	4
14907	4
14908	4
14909	4
14910	4
14911	4
14912	4
14913	4
14914	4
14915	4
14916	4
14917	4
14918	4
14919	4
14920	4
14921	4
14922	4
14923	4
14924	4
14925	4
14926	4
14927	4
14928	4
14929	4
14930	4
14931	4
14932	4
14933	4
14934	4
14935	4
14936	4
14937	4
14938	4
14939	4
14940	4
14941	4
14942	4
14943	4
14944	4
14945	4
14946	4
14947	4
14948	4
14949	4
14950	4
14951	4
14952	4
14953	4
14954	4
14955	4
14956	4
14957	4
14958	4
14959	4
14960	4
14961	4
14962	4
14963	4
14964	4
14965	4
14966	4
14967	4
14968	4
14969	4
14970	4
14971	4
14972	4
14973	4
14974	4
14975	4
14976	4
14977	4
14978	4
14979	4
14980	4
14981	4
14982	4
14983	4
14984	4
14985	4
14986	4
14987	4
14988	4
14989	4
14990	4
14991	4
14992	4
14993	4
14994	4
14995	4
14996	4
14997	4
14998	4
14999	4
15000	4
15001	4
15002	4
15003	4
15004	4
15005	4
15006	4
15007	4
15008	4
15009	4
15010	4
15011	4
15012	4
15013	4
15014	4
15015	4
15016	4
15017	4
15018	4
15019	4
15020	4
15021	4
15022	4
15023	4
15024	4
15025	4
15026	4
15027	4
15028	4
15029	4
15030	4
15031	4
15032	4
15033	4
15034	4
15035	4
15036	4
15037	4
15038	4
15039	4
15040	4
15041	4
15042	4
15043	4
15044	4
15045	4
15046	4
15047	4
15048	4
15049	4
15050	4
15051	4
15052	4
15053	4
15054	4
15055	4
15056	4
15057	4
15058	4
15059	4
15060	4
15061	4
15062	4
15063	4
15064	4
15065	4
15066	4
15067	4
15068	4
15069	4
15070	4
15071	4
15072	4
15073	4
15074	4
15075	4
15076	4
15077	4
15078	4
15079	4
15080	4
15081	4
15082	4
15083	4
15084	4
15085	4
15086	4
15087	4
15088	4
15089	4
15090	4
15091	4
15092	4
15093	4
15094	4
15095	4
15096	4
15097	4
15098	4
15099	4
15100	4
15101	4
15102	4
15103	4
15104	4
15105	4
15106	4
15107	4
15108	4
15109	4
15110	4
15111	4
15112	4
15113	4
15114	4
15115	4
15116	4
15117	4
15118	4
15119	4
15120	4
15121	4
15122	4
15123	4
15124	4
15125	4
15126	4
15127	4
15128	4
15129	4
15130	4
15131	4
15132	4
15133	4
15134	4
15135	4
15136	4
15137	4
15138	4
15139	4
15140	4
15141	4
15142	4
15143	4
15144	4
15145	4
15146	4
15147	4
15148	4
15149	4
15150	4
15151	4
15152	4
15153	4
15154	4
15155	4
15156	4
15157	4
15158	4
15159	4
15160	4
15161	4
15162	4
15163	4
15164	4
15165	4
15166	4
15167	4
15168	4
15169	4
15170	4
15171	4
15172	4
15173	4
15174	4
15175	4
15176	4
15177	4
15178	4
15179	4
15180	4
15181	4
15182	4
15183	4
15184	4
15185	4
15186	4
15187	4
15188	4
15189	4
15190	4
15191	4
15192	4
15193	4
15194	4
15195	4
15196	4
15197	4
15198	4
15199	4
15200	4
15201	4
15202	4
15203	4
15204	4
15205	4
15206	4
15207	4
15208	4
15209	4
15210	4
15211	4
15212	4
15213	4
15214	4
15215	4
15216	4
15217	4
15218	4
15219	4
15220	4
15221	4
15222	4
15223	4
15224	4
15225	4
15226	4
15227	4
15228	4
15229	4
15230	4
15231	4
15232	4
15233	4
15234	4
15235	4
15236	4
15237	4
15238	4
15239	4
15240	4
15241	4
15242	4
15243	4
15244	4
15245	4
15246	4
15247	4
15248	4
15249	4
15250	4
15251	4
15252	4
15253	4
15254	4
15255	4
15256	4
15257	4
15258	4
15259	4
15260	4
15261	4
15262	4
15263	4
15264	4
15265	4
15266	4
15267	4
15268	4
15269	4
15270	4
15271	4
15272	4
15273	4
15274	4
15275	4
15276	4
15277	4
15278	4
15279	4
15280	4
15281	4
15282	4
15283	4
15284	4
15285	4
15286	4
15287	4
15288	4
15289	4
15290	4
15291	4
15292	4
15293	4
15294	4
15295	4
15296	4
15297	4
15298	4
15299	4
15300	4
15301	4
15302	4
15303	4
15304	4
15305	4
15306	4
15307	4
15308	4
15309	4
15310	4
15311	4
15312	4
15313	4
15314	4
15315	4
15316	4
15317	4
15318	4
15319	4
15320	4
15321	4
15322	4
15323	4
15324	4
15325	4
15326	4
15327	4
15328	4
15329	4
15330	4
15331	4
15332	4
15333	4
15334	4
15335	4
15336	4
15337	4
15338	4
15339	4
15340	4
15341	4
15342	4
15343	4
15344	4
15345	4
15346	4
15347	4
15348	4
15349	4
15350	4
15351	4
15352	4
15353	4
15354	4
15355	4
15356	4
15357	4
15358	4
15359	4
15360	4
15361	4
15362	4
15363	4
15364	4
15365	4
15366	4
15367	4
15368	4
15369	4
15370	4
15371	4
15372	4
15373	4
15374	4
15375	4
15376	4
15377	4
15378	4
15379	4
15380	4
15381	4
15382	4
15383	4
15384	4
15385	4
15386	4
15387	4
15388	4
15389	4
15390	4
15391	4
15392	4
15393	4
15394	4
15395	4
15396	4
15397	4
15398	4
15399	4
15400	4
15401	4
15402	4
15403	4
15404	4
15405	4
15406	4
15407	4
15408	4
15409	4
15410	4
15411	4
15412	4
15413	4
15414	4
15415	4
15416	4
15417	4
15418	4
15419	4
15420	4
15421	4
15422	4
15423	4
15424	4
15425	4
15426	4
15427	4
15428	4
15429	4
15430	4
15431	4
15432	4
15433	4
15434	4
15435	4
15436	4
15437	4
15438	4
15439	4
15440	4
15441	4
15442	4
15443	4
15444	4
15445	4
15446	4
15447	4
15448	4
15449	4
15450	4
15451	4
15452	4
15453	4
15454	4
15455	4
15456	4
15457	4
15458	4
15459	4
15460	4
15461	4
15462	4
15463	4
15464	4
15465	4
15466	4
15467	4
15468	4
15469	4
15470	4
15471	4
15472	4
15473	4
15474	4
15475	4
15476	4
15477	4
15478	4
15479	4
15480	4
15481	4
15482	4
15483	4
15484	4
15485	4
15486	4
15487	4
15488	4
15489	4
15490	4
15491	4
15492	4
15493	4
15494	4
15495	4
15496	4
15497	4
15498	4
15499	4
15500	4
15501	4
15502	4
15503	4
15504	4
15505	4
15506	4
15507	4
15508	4
15509	4
15510	4
15511	4
15512	4
15513	4
15514	4
15515	4
15516	4
15517	4
15518	4
15519	4
15520	4
15521	4
15522	4
15523	4
15524	4
15525	4
15526	4
15527	4
15528	4
15529	4
15530	4
15531	4
15532	4
15533	4
15534	4
15535	4
15536	4
15537	4
15538	4
15539	4
15540	4
15541	4
15542	4
15543	4
15544	4
15545	4
15546	4
15547	4
15548	4
15549	4
15550	4
15551	4
15552	4
15553	4
15554	4
15555	4
15556	4
15557	4
15558	4
15559	4
15560	4
15561	4
15562	4
15563	4
15564	4
15565	4
15566	4
15567	4
15568	4
15569	4
15570	4
15571	4
15572	4
15573	4
15574	4
15575	4
15576	4
15577	4
15578	4
15579	4
15580	4
15581	4
15582	4
15583	4
15584	4
15585	4
15586	4
15587	4
15588	4
15589	4
15590	4
15591	4
15592	4
15593	4
15594	4
15595	4
15596	4
15597	4
15598	4
15599	4
15600	4
15601	4
15602	4
15603	4
15604	4
15605	4
15606	4
15607	4
15608	4
15609	4
15610	4
15611	4
15612	4
15613	4
15614	4
15615	4
15616	4
15617	4
15618	4
15619	4
15620	4
15621	4
15622	4
15623	4
15624	4
15625	4
15626	4
15627	4
15628	4
15629	4
15630	4
15631	4
15632	4
15633	4
15634	4
15635	4
15636	4
15637	4
15638	4
15639	4
15640	4
15641	4
15642	4
15643	4
15644	4
15645	4
15646	4
15647	4
15648	4
15649	4
15650	4
15651	4
15652	4
15653	4
15654	4
15655	4
15656	4
15657	4
15658	4
15659	4
15660	4
15661	4
15662	4
15663	4
15664	4
15665	4
15666	4
15667	4
15668	4
15669	4
15670	4
15671	4
15672	4
15673	4
15674	4
15675	4
15676	4
15677	4
15678	4
15679	4
15680	4
15681	4
15682	4
15683	4
15684	4
15685	4
15686	4
15687	4
15688	4
15689	4
15690	4
15691	4
15692	4
15693	4
15694	4
15695	4
15696	4
15697	4
15698	4
15699	4
15700	4
15701	4
15702	4
15703	4
15704	4
15705	4
15706	4
15707	4
15708	4
15709	4
15710	4
15711	4
15712	4
15713	4
15714	4
15715	4
15716	4
15717	4
15718	4
15719	4
15720	4
15721	4
15722	4
15723	4
15724	4
15725	4
15726	4
15727	4
15728	4
15729	4
15730	4
15731	4
15732	4
15733	4
15734	4
15735	4
15736	4
15737	4
15738	4
15739	4
15740	4
15741	4
15742	4
15743	4
15744	4
15745	4
15746	4
15747	4
15748	4
15749	4
15750	4
15751	4
15752	4
15753	4
15754	4
15755	4
15756	4
15757	4
15758	4
15759	4
15760	4
15761	4
15762	4
15763	4
15764	4
15765	4
15766	4
15767	4
15768	4
15769	4
15770	4
15771	4
15772	4
15773	4
15774	4
15775	4
15776	4
15777	4
15778	4
15779	4
15780	4
15781	4
15782	4
15783	4
15784	4
15785	4
15786	4
15787	4
15788	4
15789	4
15790	4
15791	4
15792	4
15793	4
15794	4
15795	4
15796	4
15797	4
15798	4
15799	4
15800	4
15801	4
15802	4
15803	4
15804	4
15805	4
15806	4
15807	4
15808	4
15809	4
15810	4
15811	4
15812	4
15813	4
15814	4
15815	4
15816	4
15817	4
15818	4
15819	4
15820	4
15821	4
15822	4
15823	4
15824	4
15825	4
15826	4
15827	4
15828	4
15829	4
15830	4
15831	4
15832	4
15833	4
15834	4
15835	4
15836	4
15837	4
15838	4
15839	4
15840	4
15841	4
15842	4
15843	4
15844	4
15845	4
15846	4
15847	4
15848	4
15849	4
15850	4
15851	4
15852	4
15853	4
15854	4
15855	4
15856	4
15857	4
15858	4
15859	4
15860	4
15861	4
15862	4
15863	4
15864	4
15865	4
15866	4
15867	4
15868	4
15869	4
15870	4
15871	4
15872	4
15873	4
15874	4
15875	4
15876	4
15877	4
15878	4
15879	4
15880	4
15881	4
15882	4
15883	4
15884	4
15885	4
15886	4
15887	4
15888	4
15889	4
15890	4
15891	4
15892	4
15893	4
15894	4
15895	4
15896	4
15897	4
15898	4
15899	4
15900	4
15901	4
15902	4
15903	4
15904	4
15905	4
15906	4
15907	4
15908	4
15909	4
15910	4
15911	4
15912	4
15913	4
15914	4
15915	4
15916	4
15917	4
15918	4
15919	4
15920	4
15921	4
15922	4
15923	4
15924	4
15925	4
15926	4
15927	4
15928	4
15929	4
15930	4
15931	4
15932	4
15933	4
15934	4
15935	4
15936	4
15937	4
15938	4
15939	4
15940	4
15941	4
15942	4
15943	4
15944	4
15945	4
15946	4
15947	4
15948	4
15949	4
15950	4
15951	4
15952	4
15953	4
15954	4
15955	4
15956	4
15957	4
15958	4
15959	4
15960	4
15961	4
15962	4
15963	4
15964	4
15965	4
15966	4
15967	4
15968	4
15969	4
15970	4
15971	4
15972	4
15973	4
15974	4
15975	4
15976	4
15977	4
15978	4
15979	4
15980	4
15981	4
15982	4
15983	4
15984	4
15985	4
15986	4
15987	4
15988	4
15989	4
15990	4
15991	4
15992	4
15993	4
15994	4
15995	4
15996	4
15997	4
15998	4
15999	4
16000	4
16001	4
16002	4
16003	4
16004	4
16005	4
16006	4
16007	4
16008	4
16009	4
16010	4
16011	4
16012	4
16013	4
16014	4
16015	4
16016	4
16017	4
16018	4
16019	4
16020	4
16021	4
16022	4
16023	4
16024	4
16025	4
16026	4
16027	4
16028	4
16029	4
16030	4
16031	4
16032	4
16033	4
16034	4
16035	4
16036	4
16037	4
16038	4
16039	4
16040	4
16041	4
16042	4
16043	4
16044	4
16045	4
16046	4
16047	4
16048	4
16049	4
16050	4
16051	4
16052	3
16053	3
16054	3
16055	3
16056	3
16057	3
16058	3
16059	3
16060	3
16061	3
16062	3
16063	3
16064	3
16065	3
16066	3
16067	3
16068	3
16069	3
16070	3
16071	3
16072	3
16073	3
16074	3
16075	3
16076	3
16077	3
16078	3
16079	3
16080	3
16081	3
16082	3
16083	3
16084	3
16085	3
16086	3
16087	3
16088	3
16089	3
16090	3
16091	3
16092	3
16093	3
16094	3
16095	3
16096	3
16097	3
16098	3
16099	3
16100	3
16101	3
16102	3
16103	3
16104	3
16105	3
16106	3
16107	3
16108	3
16109	3
16110	3
16111	3
16112	3
16113	3
16114	3
16115	3
16116	3
16117	3
16118	3
16119	3
16120	3
16121	3
16122	3
16123	3
16124	3
16125	3
16126	3
16127	3
16128	3
16129	3
16130	3
16131	3
16132	3
16133	3
16134	3
16135	3
16136	3
16137	3
16138	3
16139	3
16140	3
16141	3
16142	3
16143	3
16144	3
16145	3
16146	3
16147	3
16148	3
16149	3
16150	3
16151	3
16152	3
16153	3
16154	3
16155	3
16156	3
16157	3
16158	3
16159	3
16160	3
16161	3
16162	3
16163	3
16164	3
16165	3
16166	3
16167	3
16168	3
16169	3
16170	3
16171	3
16172	3
16173	3
16174	3
16175	3
16176	3
16177	3
16178	3
16179	3
16180	3
16181	3
16182	3
16183	3
16184	3
16185	3
16186	3
16187	3
16188	3
16189	3
16190	3
16191	3
16192	3
16193	3
16194	3
16195	3
16196	3
16197	3
16198	3
16199	3
16200	3
16201	3
16202	3
16203	3
16204	3
16205	3
16206	3
16207	3
16208	3
16209	3
16210	3
16211	3
16212	3
16213	3
16214	3
16215	3
16216	3
16217	3
16218	3
16219	3
16220	3
16221	3
16222	3
16223	3
16224	3
16225	3
16226	3
16227	3
16228	3
16229	3
16230	3
16231	3
16232	3
16233	3
16234	3
16235	3
16236	3
16237	3
16238	3
16239	3
16240	3
16241	3
16242	3
16243	3
16244	3
16245	3
16246	3
16247	3
16248	3
16249	3
16250	3
16251	3
16252	3
16253	3
16254	3
16255	3
16256	3
16257	3
16258	3
16259	3
16260	3
16261	3
16262	3
16263	3
16264	3
16265	3
16266	3
16267	3
16268	3
16269	3
16270	3
16271	3
16272	3
16273	3
16274	3
16275	3
16276	3
16277	3
16278	3
16279	3
16280	3
16281	3
16282	3
16283	3
16284	3
16285	3
16286	3
16287	3
16288	3
16289	3
16290	3
16291	3
16292	3
16293	3
16294	3
16295	3
16296	3
16297	3
16298	3
16299	3
16300	3
16301	3
16302	3
16303	3
16304	3
16305	3
16306	3
16307	3
16308	3
16309	3
16310	3
16311	3
16312	3
16313	3
16314	3
16315	3
16316	3
16317	3
16318	3
16319	3
16320	3
16321	3
16322	3
16323	3
16324	3
16325	3
16326	3
16327	3
16328	3
16329	3
16330	3
16331	3
16332	3
16333	3
16334	3
16335	3
16336	3
16337	3
16338	3
16339	3
16340	3
16341	3
16342	3
16343	3
16344	3
16345	3
16346	3
16347	3
16348	3
16349	3
16350	3
16351	3
16352	3
16353	3
16354	3
16355	3
16356	3
16357	3
16358	3
16359	3
16360	3
16361	3
16362	3
16363	3
16364	3
16365	3
16366	3
16367	3
16368	3
16369	3
16370	3
16371	3
16372	3
16373	3
16374	3
16375	3
16376	3
16377	3
16378	3
16379	3
16380	3
16381	3
16382	3
16383	3
16384	3
16385	3
16386	3
16387	3
16388	3
16389	3
16390	3
16391	3
16392	3
16393	3
16394	3
16395	3
16396	3
16397	3
16398	3
16399	3
16400	3
16401	3
16402	3
16403	3
16404	3
16405	3
16406	3
16407	3
16408	3
16409	3
16410	3
16411	3
16412	3
16413	3
16414	3
16415	3
16416	3
16417	3
16418	3
16419	3
16420	3
16421	3
16422	3
16423	3
16424	3
16425	3
16426	3
16427	3
16428	3
16429	3
16430	3
16431	3
16432	3
16433	3
16434	3
16435	3
16436	3
16437	3
16438	3
16439	3
16440	3
16441	3
16442	3
16443	3
16444	3
16445	3
16446	3
16447	3
16448	3
16449	3
16450	3
16451	3
16452	3
16453	3
16454	3
16455	3
16456	3
16457	3
16458	3
16459	3
16460	3
16461	3
16462	3
16463	3
16464	3
16465	3
16466	3
16467	3
16468	3
16469	3
16470	3
16471	3
16472	3
16473	3
16474	3
16475	3
16476	3
16477	3
16478	3
16479	3
16480	3
16481	3
16482	3
16483	3
16484	3
16485	3
16486	3
16487	3
16488	3
16489	3
16490	3
16491	3
16492	3
16493	3
16494	3
16495	3
16496	3
16497	3
16498	3
16499	3
16500	3
16501	3
16502	3
16503	3
16504	3
16505	3
16506	3
16507	3
16508	3
16509	3
16510	3
16511	3
16512	3
16513	3
16514	3
16515	3
16516	3
16517	3
16518	3
16519	3
16520	3
16521	3
16522	3
16523	3
16524	3
16525	3
16526	3
16527	3
16528	3
16529	3
16530	3
16531	3
16532	3
16533	3
16534	3
16535	3
16536	3
16537	3
16538	3
16539	3
16540	3
16541	3
16542	3
16543	3
16544	3
16545	3
16546	3
16547	3
16548	3
16549	3
16550	3
16551	3
16552	3
16553	3
16554	3
16555	3
16556	3
16557	3
16558	3
16559	3
16560	3
16561	3
16562	3
16563	3
16564	3
16565	3
16566	3
16567	3
16568	3
16569	3
16570	3
16571	3
16572	3
16573	3
16574	3
16575	3
16576	3
16577	3
16578	3
16579	3
16580	3
16581	3
16582	3
16583	3
16584	3
16585	3
16586	3
16587	3
16588	3
16589	3
16590	3
16591	3
16592	3
16593	3
16594	3
16595	3
16596	3
16597	3
16598	3
16599	3
16600	3
16601	3
16602	3
16603	3
16604	3
16605	3
16606	3
16607	3
16608	3
16609	3
16610	3
16611	3
16612	3
16613	3
16614	3
16615	3
16616	3
16617	3
16618	3
16619	3
16620	3
16621	3
16622	3
16623	3
16624	3
16625	3
16626	3
16627	3
16628	3
16629	3
16630	3
16631	3
16632	3
16633	3
16634	3
16635	3
16636	3
16637	3
16638	3
16639	3
16640	3
16641	3
16642	3
16643	3
16644	3
16645	3
16646	3
16647	3
16648	3
16649	3
16650	3
16651	3
16652	3
16653	3
16654	3
16655	3
16656	3
16657	3
16658	3
16659	3
16660	3
16661	3
16662	3
16663	3
16664	3
16665	3
16666	3
16667	3
16668	3
16669	3
16670	3
16671	3
16672	3
16673	3
16674	3
16675	3
16676	3
16677	3
16678	3
16679	3
16680	3
16681	3
16682	3
16683	3
16684	3
16685	3
16686	3
16687	3
16688	3
16689	3
16690	3
16691	3
16692	3
16693	3
16694	3
16695	3
16696	3
16697	3
16698	3
16699	3
16700	3
16701	3
16702	3
16703	3
16704	3
16705	3
16706	3
16707	3
16708	3
16709	3
16710	3
16711	3
16712	3
16713	3
16714	3
16715	3
16716	3
16717	3
16718	3
16719	3
16720	3
16721	3
16722	3
16723	3
16724	3
16725	3
16726	3
16727	3
16728	3
16729	3
16730	3
16731	3
16732	3
16733	3
16734	3
16735	3
16736	3
16737	3
16738	3
16739	3
16740	3
16741	3
16742	3
16743	3
16744	3
16745	3
16746	3
16747	3
16748	3
16749	3
16750	3
16751	3
16752	3
16753	3
16754	3
16755	3
16756	3
16757	3
16758	3
16759	3
16760	3
16761	3
16762	3
16763	3
16764	3
16765	3
16766	3
16767	3
16768	3
16769	3
16770	3
16771	3
16772	3
16773	3
16774	3
16775	3
16776	3
16777	3
16778	3
16779	3
16780	3
16781	3
16782	3
16783	3
16784	3
16785	3
16786	3
16787	3
16788	3
16789	3
16790	3
16791	3
16792	3
16793	3
16794	3
16795	3
16796	3
16797	3
16798	3
16799	3
16800	3
16801	3
16802	3
16803	3
16804	3
16805	3
16806	3
16807	3
16808	3
16809	3
16810	3
16811	3
16812	3
16813	3
16814	3
16815	3
16816	3
16817	3
16818	3
16819	3
16820	3
16821	3
16822	3
16823	3
16824	3
16825	3
16826	3
16827	3
16828	3
16829	3
16830	3
16831	3
16832	3
16833	3
16834	3
16835	3
16836	3
16837	3
16838	3
16839	3
16840	3
16841	3
16842	3
16843	3
16844	3
16845	3
16846	3
16847	3
16848	3
16849	3
16850	3
16851	3
16852	3
16853	3
16854	3
16855	3
16856	3
16857	3
16858	3
16859	3
16860	3
16861	3
16862	3
16863	3
16864	3
16865	3
16866	3
16867	3
16868	3
16869	3
16870	3
16871	3
16872	3
16873	3
16874	3
16875	3
16876	3
16877	3
16878	3
16879	3
16880	3
16881	3
16882	3
16883	3
16884	3
16885	3
16886	3
16887	3
16888	3
16889	3
16890	3
16891	3
16892	3
16893	3
16894	3
16895	3
16896	3
16897	3
16898	3
16899	3
16900	3
16901	3
16902	3
16903	3
16904	3
16905	3
16906	3
16907	3
16908	3
16909	3
16910	3
16911	3
16912	3
16913	3
16914	3
16915	3
16916	3
16917	3
16918	3
16919	3
16920	3
16921	3
16922	3
16923	3
16924	3
16925	3
16926	3
16927	3
16928	3
16929	3
16930	3
16931	3
16932	3
16933	3
16934	3
16935	3
16936	3
16937	3
16938	3
16939	3
16940	3
16941	3
16942	3
16943	3
16944	3
16945	3
16946	3
16947	3
16948	3
16949	3
16950	3
16951	3
16952	3
16953	3
16954	3
16955	3
16956	3
16957	3
16958	3
16959	3
16960	3
16961	3
16962	3
16963	3
16964	3
16965	3
16966	3
16967	3
16968	3
16969	3
16970	3
16971	3
16972	3
16973	3
16974	3
16975	3
16976	3
16977	3
16978	3
16979	3
16980	3
16981	3
16982	3
16983	3
16984	3
16985	3
16986	3
16987	3
16988	3
16989	3
16990	3
16991	3
16992	3
16993	3
16994	3
16995	3
16996	3
16997	3
16998	3
16999	3
17000	3
17001	3
17002	3
17003	3
17004	3
17005	3
17006	3
17007	3
17008	3
17009	3
17010	3
17011	3
17012	3
17013	3
17014	3
17015	3
17016	3
17017	3
17018	3
17019	3
17020	3
17021	3
17022	3
17023	3
17024	3
17025	3
17026	3
17027	3
17028	3
17029	3
17030	3
17031	3
17032	3
17033	3
17034	3
17035	3
17036	3
17037	3
17038	3
17039	3
17040	3
17041	3
17042	3
17043	3
17044	3
17045	3
17046	3
17047	3
17048	3
17049	3
17050	3
17051	3
17052	3
17053	3
17054	3
17055	3
17056	3
17057	3
17058	3
17059	3
17060	3
17061	3
17062	3
17063	3
17064	3
17065	3
17066	3
17067	3
17068	3
17069	3
17070	3
17071	3
17072	3
17073	3
17074	3
17075	3
17076	3
17077	3
17078	3
17079	3
17080	3
17081	3
17082	3
17083	3
17084	3
17085	3
17086	3
17087	3
17088	3
17089	3
17090	3
17091	3
17092	3
17093	3
17094	3
17095	3
17096	3
17097	3
17098	3
17099	3
17100	3
17101	3
17102	3
17103	3
17104	3
17105	3
17106	3
17107	3
17108	3
17109	3
17110	3
17111	3
17112	3
17113	3
17114	3
17115	3
17116	3
17117	3
17118	3
17119	3
17120	3
17121	3
17122	3
17123	3
17124	3
17125	3
17126	3
17127	3
17128	3
17129	3
17130	3
17131	3
17132	3
17133	3
17134	3
17135	3
17136	3
17137	3
17138	3
17139	3
17140	3
17141	3
17142	3
17143	3
17144	3
17145	3
17146	3
17147	3
17148	3
17149	3
17150	3
17151	3
17152	3
17153	3
17154	3
17155	3
17156	3
17157	3
17158	3
17159	3
17160	3
17161	3
17162	3
17163	3
17164	3
17165	3
17166	3
17167	3
17168	3
17169	3
17170	3
17171	3
17172	3
17173	3
17174	3
17175	3
17176	3
17177	3
17178	3
17179	3
17180	3
17181	3
17182	3
17183	3
17184	3
17185	3
17186	3
17187	3
17188	3
17189	3
17190	3
17191	3
17192	3
17193	3
17194	3
17195	3
17196	3
17197	3
17198	3
17199	3
17200	3
17201	3
17202	3
17203	3
17204	3
17205	3
17206	3
17207	3
17208	3
17209	3
17210	3
17211	3
17212	3
17213	3
17214	3
17215	3
17216	3
17217	3
17218	3
17219	3
17220	3
17221	3
17222	3
17223	3
17224	3
17225	3
17226	3
17227	3
17228	3
17229	3
17230	3
17231	3
17232	3
17233	3
17234	3
17235	3
17236	3
17237	3
17238	3
17239	3
17240	3
17241	3
17242	3
17243	3
17244	3
17245	3
17246	3
17247	3
17248	3
17249	3
17250	3
17251	3
17252	3
17253	3
17254	3
17255	3
17256	3
17257	3
17258	3
17259	3
17260	3
17261	3
17262	3
17263	3
17264	3
17265	3
17266	3
17267	3
17268	3
17269	3
17270	3
17271	3
17272	3
17273	3
17274	3
17275	3
17276	3
17277	3
17278	3
17279	3
17280	3
17281	3
17282	3
17283	3
17284	3
17285	3
17286	3
17287	3
17288	3
17289	3
17290	3
17291	3
17292	3
17293	3
17294	3
17295	3
17296	3
17297	3
17298	3
17299	3
17300	3
17301	3
17302	3
17303	3
17304	3
17305	3
17306	3
17307	3
17308	3
17309	3
17310	3
17311	3
17312	3
17313	3
17314	3
17315	3
17316	3
17317	3
17318	3
17319	3
17320	3
17321	3
17322	3
17323	3
17324	3
17325	3
17326	3
17327	3
17328	3
17329	3
17330	3
17331	3
17332	3
17333	3
17334	3
17335	3
17336	3
17337	3
17338	3
17339	3
17340	3
17341	3
17342	3
17343	3
17344	3
17345	3
17346	3
17347	3
17348	3
17349	3
17350	3
17351	3
17352	3
17353	3
17354	3
17355	3
17356	3
17357	3
17358	3
17359	3
17360	3
17361	3
17362	3
17363	3
17364	3
17365	3
17366	3
17367	3
17368	3
17369	3
17370	3
17371	3
17372	3
17373	3
17374	3
17375	3
17376	3
17377	3
17378	3
17379	3
17380	3
17381	3
17382	3
17383	3
17384	3
17385	3
17386	3
17387	3
17388	3
17389	3
17390	3
17391	3
17392	3
17393	3
17394	3
17395	3
17396	3
17397	3
17398	3
17399	3
17400	3
17401	3
17402	3
17403	3
17404	3
17405	3
17406	3
17407	3
17408	3
17409	3
17410	3
17411	3
17412	3
17413	3
17414	3
17415	3
17416	3
17417	3
17418	3
17419	3
17420	3
17421	3
17422	3
17423	3
17424	3
17425	3
17426	3
17427	3
17428	3
17429	3
17430	3
17431	3
17432	3
17433	3
17434	3
17435	3
17436	3
17437	3
17438	3
17439	3
17440	3
17441	3
17442	3
17443	3
17444	3
17445	3
17446	3
17447	3
17448	3
17449	3
17450	3
17451	3
17452	3
17453	3
17454	3
17455	3
17456	3
17457	3
17458	3
17459	3
17460	3
17461	3
17462	3
17463	3
17464	3
17465	3
17466	3
17467	3
17468	3
17469	3
17470	3
17471	3
17472	3
17473	3
17474	3
17475	3
17476	3
17477	3
17478	3
17479	3
17480	3
17481	3
17482	3
17483	3
17484	3
17485	3
17486	3
17487	3
17488	3
17489	3
17490	3
17491	3
17492	3
17493	3
17494	3
17495	3
17496	3
17497	3
17498	3
17499	3
17500	3
17501	3
17502	3
17503	3
17504	3
17505	3
17506	3
17507	3
17508	3
17509	3
17510	3
17511	3
17512	3
17513	3
17514	3
17515	3
17516	3
17517	3
17518	3
17519	3
17520	3
17521	3
17522	3
17523	3
17524	3
17525	3
17526	3
17527	3
17528	3
17529	3
17530	3
17531	3
17532	3
17533	3
17534	3
17535	3
17536	3
17537	3
17538	3
17539	3
17540	3
17541	3
17542	3
17543	3
17544	3
17545	3
17546	3
17547	3
17548	3
17549	3
17550	3
17551	3
17552	3
17553	3
17554	3
17555	3
17556	3
17557	3
17558	3
17559	3
17560	3
17561	3
17562	3
17563	3
17564	3
17565	3
17566	3
17567	3
17568	3
17569	3
17570	3
17571	3
17572	3
17573	3
17574	3
17575	3
17576	3
17577	3
17578	3
17579	3
17580	3
17581	3
17582	3
17583	3
17584	3
17585	3
17586	3
17587	3
17588	3
17589	3
17590	3
17591	3
17592	3
17593	3
17594	3
17595	3
17596	3
17597	3
17598	3
17599	3
17600	3
17601	3
17602	3
17603	3
17604	3
17605	3
17606	3
17607	3
17608	3
17609	3
17610	3
17611	3
17612	3
17613	3
17614	3
17615	3
17616	3
17617	3
17618	3
17619	3
17620	3
17621	3
17622	3
17623	3
17624	3
17625	3
17626	3
17627	3
17628	3
17629	3
17630	3
17631	3
17632	3
17633	3
17634	3
17635	3
17636	3
17637	3
17638	3
17639	3
17640	3
17641	3
17642	3
17643	3
17644	3
17645	3
17646	3
17647	3
17648	3
17649	3
17650	3
17651	3
17652	3
17653	3
17654	3
17655	3
17656	3
17657	3
17658	3
17659	3
17660	3
17661	3
17662	3
17663	3
17664	3
17665	3
17666	3
17667	3
17668	3
17669	3
17670	3
17671	3
17672	3
17673	3
17674	3
17675	3
17676	3
17677	3
17678	3
17679	3
17680	3
17681	3
17682	3
17683	3
17684	3
17685	3
17686	3
17687	3
17688	3
17689	3
17690	3
17691	3
17692	3
17693	3
17694	3
17695	3
17696	3
17697	3
17698	3
17699	3
17700	3
17701	3
17702	3
17703	3
17704	3
17705	3
17706	3
17707	3
17708	3
17709	3
17710	3
17711	3
17712	3
17713	3
17714	3
17715	3
17716	3
17717	3
17718	3
17719	3
17720	3
17721	3
17722	3
17723	3
17724	3
17725	3
17726	3
17727	3
17728	3
17729	3
17730	3
17731	3
17732	3
17733	3
17734	3
17735	3
17736	3
17737	3
17738	3
17739	3
17740	3
17741	3
17742	3
17743	3
17744	3
17745	3
17746	3
17747	3
17748	3
17749	3
17750	3
17751	3
17752	3
17753	3
17754	3
17755	3
17756	3
17757	3
17758	3
17759	3
17760	3
17761	3
17762	3
17763	3
17764	3
17765	3
17766	3
17767	3
17768	3
17769	3
17770	3
17771	3
17772	3
17773	3
17774	3
17775	3
17776	3
17777	3
17778	3
17779	3
17780	3
17781	3
17782	3
17783	3
17784	3
17785	3
17786	3
17787	3
17788	3
17789	3
17790	3
17791	3
17792	3
17793	3
17794	3
17795	3
17796	3
17797	3
17798	3
17799	3
17800	3
17801	3
17802	3
17803	3
17804	3
17805	3
17806	3
17807	3
17808	3
17809	3
17810	3
17811	3
17812	3
17813	3
17814	3
17815	3
17816	3
17817	3
17818	3
17819	3
17820	3
17821	3
17822	3
17823	3
17824	3
17825	3
17826	3
17827	3
17828	3
17829	3
17830	3
17831	3
17832	3
17833	3
17834	3
17835	3
17836	3
17837	3
17838	3
17839	3
17840	3
17841	3
17842	3
17843	3
17844	3
17845	3
17846	3
17847	3
17848	3
17849	3
17850	3
17851	3
17852	3
17853	3
17854	3
17855	3
17856	3
17857	3
17858	3
17859	3
17860	3
17861	3
17862	3
17863	3
17864	3
17865	3
17866	3
17867	3
17868	3
17869	3
17870	3
17871	3
17872	3
17873	3
17874	3
17875	3
17876	3
17877	3
17878	3
17879	3
17880	3
17881	3
17882	3
17883	3
17884	3
17885	3
17886	3
17887	3
17888	3
17889	3
17890	3
17891	3
17892	3
17893	3
17894	3
17895	3
17896	3
17897	3
17898	3
17899	3
17900	3
17901	3
17902	3
17903	3
17904	3
17905	3
17906	3
17907	3
17908	3
17909	3
17910	3
17911	3
17912	3
17913	3
17914	3
17915	3
17916	3
17917	3
17918	3
17919	3
17920	3
17921	3
17922	3
17923	3
17924	3
17925	3
17926	3
17927	3
17928	3
17929	3
17930	3
17931	3
17932	3
17933	3
17934	3
17935	3
17936	3
17937	3
17938	3
17939	3
17940	3
17941	3
17942	3
17943	3
17944	3
17945	3
17946	3
17947	3
17948	3
17949	3
17950	3
17951	3
17952	3
17953	3
17954	3
17955	3
17956	3
17957	3
17958	3
17959	3
17960	3
17961	3
17962	3
17963	3
17964	3
17965	3
17966	3
17967	3
17968	3
17969	3
17970	3
17971	3
17972	3
17973	3
17974	3
17975	3
17976	3
17977	3
17978	3
17979	3
17980	3
17981	3
17982	3
17983	3
17984	3
17985	3
17986	3
17987	3
17988	3
17989	3
17990	3
17991	3
17992	3
17993	3
17994	3
17995	3
17996	3
17997	3
17998	3
17999	3
18000	3
18001	3
18002	3
18003	3
18004	3
18005	3
18006	3
18007	3
18008	3
18009	3
18010	3
18011	3
18012	3
18013	3
18014	3
18015	3
18016	3
18017	3
18018	3
18019	3
18020	3
18021	3
18022	3
18023	3
18024	3
18025	3
18026	3
18027	3
18028	3
18029	3
18030	3
18031	3
18032	3
18033	3
18034	3
18035	3
18036	3
18037	3
18038	3
18039	3
18040	3
18041	3
18042	3
18043	3
18044	3
18045	3
18046	3
18047	3
18048	3
18049	3
18050	3
18051	3
18052	3
18053	3
18054	3
18055	3
18056	3
18057	3
18058	3
18059	3
18060	3
18061	3
18062	3
18063	3
18064	3
18065	3
18066	3
18067	3
18068	3
18069	3
18070	3
18071	3
18072	3
18073	3
18074	3
18075	3
18076	3
18077	3
18078	3
18079	3
18080	3
18081	3
18082	3
18083	3
18084	3
18085	3
18086	3
18087	3
18088	3
18089	3
18090	3
18091	3
18092	3
18093	3
18094	3
18095	3
18096	3
18097	3
18098	3
18099	3
18100	3
18101	3
18102	3
18103	3
18104	3
18105	3
18106	3
18107	3
18108	3
18109	3
18110	3
18111	3
18112	3
18113	3
18114	3
18115	3
18116	3
18117	3
18118	3
18119	3
18120	3
18121	3
18122	3
18123	3
18124	3
18125	3
18126	3
18127	3
18128	3
18129	3
18130	3
18131	3
18132	3
18133	3
18134	3
18135	3
18136	3
18137	3
18138	3
18139	3
18140	3
18141	3
18142	3
18143	3
18144	3
18145	3
18146	3
18147	3
18148	3
18149	3
18150	3
18151	3
18152	3
18153	3
18154	3
18155	3
18156	3
18157	3
18158	3
18159	3
18160	3
18161	3
18162	3
18163	3
18164	3
18165	3
18166	3
18167	3
18168	3
18169	3
18170	3
18171	3
18172	3
18173	3
18174	3
18175	3
18176	3
18177	3
18178	3
18179	3
18180	3
18181	3
18182	3
18183	3
18184	3
18185	3
18186	3
18187	3
18188	3
18189	3
18190	3
18191	3
18192	3
18193	3
18194	3
18195	3
18196	3
18197	3
18198	3
18199	3
18200	3
18201	3
18202	3
18203	3
18204	3
18205	3
18206	3
18207	3
18208	3
18209	3
18210	3
18211	3
18212	3
18213	3
18214	3
18215	3
18216	3
18217	3
18218	3
18219	3
18220	3
18221	3
18222	3
18223	3
18224	3
18225	3
18226	3
18227	3
18228	3
18229	3
18230	3
18231	3
18232	3
18233	3
18234	3
18235	3
18236	3
18237	3
18238	3
18239	3
18240	3
18241	3
18242	3
18243	3
18244	3
18245	3
18246	3
18247	3
18248	3
18249	3
18250	3
18251	3
18252	3
18253	3
18254	3
18255	3
18256	3
18257	3
18258	3
18259	3
18260	3
18261	3
18262	3
18263	3
18264	3
18265	3
18266	3
18267	3
18268	3
18269	3
18270	3
18271	3
18272	3
18273	3
18274	3
18275	3
18276	3
18277	3
18278	3
18279	3
18280	3
18281	3
18282	3
18283	3
18284	3
18285	3
18286	3
18287	3
18288	3
18289	3
18290	3
18291	3
18292	3
18293	3
18294	3
18295	3
18296	3
18297	3
18298	3
18299	3
18300	3
18301	3
18302	3
18303	3
18304	3
18305	3
18306	3
18307	3
18308	3
18309	3
18310	3
18311	3
18312	3
18313	3
18314	3
18315	3
18316	3
18317	3
18318	3
18319	3
18320	3
18321	3
18322	3
18323	3
18324	3
18325	3
18326	3
18327	3
18328	3
18329	3
18330	3
18331	3
18332	3
18333	3
18334	3
18335	3
18336	3
18337	3
18338	3
18339	3
18340	3
18341	3
18342	3
18343	3
18344	3
18345	3
18346	3
18347	3
18348	3
18349	3
18350	3
18351	3
18352	3
18353	3
18354	3
18355	3
18356	3
18357	3
18358	3
18359	3
18360	3
18361	3
18362	3
18363	3
18364	3
18365	3
18366	3
18367	3
18368	3
18369	3
18370	3
18371	3
18372	3
18373	3
18374	3
18375	3
18376	3
18377	3
18378	3
18379	3
18380	3
18381	3
18382	3
18383	3
18384	3
18385	3
18386	3
18387	3
18388	3
18389	3
18390	3
18391	3
18392	3
18393	3
18394	3
18395	3
18396	3
18397	3
18398	3
18399	3
18400	3
18401	3
18402	3
18403	3
18404	3
18405	3
18406	3
18407	3
18408	3
18409	3
18410	3
18411	3
18412	3
18413	3
18414	3
18415	3
18416	3
18417	3
18418	3
18419	3
18420	3
18421	3
18422	3
18423	3
18424	3
18425	3
18426	3
18427	3
18428	3
18429	3
18430	3
18431	3
18432	3
18433	3
18434	3
18435	3
18436	3
18437	3
18438	3
18439	3
18440	3
18441	3
18442	3
18443	3
18444	3
18445	3
18446	3
18447	3
18448	3
18449	3
18450	3
18451	3
18452	3
18453	3
18454	3
18455	3
18456	3
18457	3
18458	3
18459	3
18460	3
18461	3
18462	3
18463	3
18464	3
18465	3
18466	3
18467	3
18468	3
18469	3
18470	3
18471	3
18472	3
18473	3
18474	3
18475	3
18476	3
18477	3
18478	3
18479	3
18480	3
18481	3
18482	3
18483	3
18484	3
18485	3
18486	3
18487	3
18488	3
18489	3
18490	3
18491	3
18492	3
18493	3
18494	3
18495	3
18496	3
18497	3
18498	3
18499	3
18500	3
18501	3
18502	3
18503	3
18504	3
18505	3
18506	3
18507	3
18508	3
18509	3
18510	3
18511	3
18512	3
18513	3
18514	3
18515	3
18516	3
18517	3
18518	3
18519	3
18520	3
18521	3
18522	3
18523	3
18524	3
18525	3
18526	3
18527	3
18528	3
18529	3
18530	3
18531	3
18532	3
18533	3
18534	3
18535	3
18536	3
18537	3
18538	3
18539	3
18540	3
18541	3
18542	3
18543	3
18544	3
18545	3
18546	3
18547	3
18548	3
18549	3
18550	3
18551	3
18552	3
18553	3
18554	3
18555	3
18556	3
18557	3
18558	3
18559	3
18560	3
18561	3
18562	3
18563	3
18564	3
18565	3
18566	3
18567	3
18568	3
18569	3
18570	3
18571	3
18572	3
18573	3
18574	3
18575	3
18576	3
18577	3
18578	3
18579	3
18580	3
18581	3
18582	3
18583	3
18584	3
18585	3
18586	3
18587	3
18588	3
18589	3
18590	3
18591	3
18592	3
18593	3
18594	3
18595	3
18596	3
18597	3
18598	3
18599	3
18600	3
18601	3
18602	3
18603	3
18604	3
18605	3
18606	3
18607	3
18608	3
18609	3
18610	3
18611	3
18612	3
18613	3
18614	3
18615	3
18616	3
18617	3
18618	3
18619	3
18620	3
18621	3
18622	3
18623	3
18624	3
18625	3
18626	3
18627	3
18628	3
18629	3
18630	3
18631	3
18632	3
18633	3
18634	3
18635	3
18636	3
18637	3
18638	3
18639	3
18640	3
18641	3
18642	3
18643	3
18644	3
18645	3
18646	3
18647	3
18648	3
18649	3
18650	3
18651	3
18652	3
18653	3
18654	3
18655	3
18656	3
18657	3
18658	3
18659	3
18660	3
18661	3
18662	3
18663	3
18664	3
18665	3
18666	3
18667	3
18668	3
18669	3
18670	3
18671	3
18672	3
18673	3
18674	3
18675	3
18676	3
18677	3
18678	3
18679	3
18680	3
18681	3
18682	3
18683	3
18684	3
18685	3
18686	3
18687	3
18688	3
18689	3
18690	3
18691	3
18692	3
18693	3
18694	3
18695	3
18696	3
18697	3
18698	3
18699	3
18700	3
18701	3
18702	3
18703	3
18704	3
18705	3
18706	3
18707	3
18708	3
18709	3
18710	3
18711	3
18712	3
18713	3
18714	3
18715	3
18716	3
18717	3
18718	3
18719	3
18720	3
18721	3
18722	3
18723	3
18724	3
18725	3
18726	3
18727	3
18728	3
18729	3
18730	3
18731	3
18732	3
18733	3
18734	3
18735	3
18736	3
18737	3
18738	3
18739	3
18740	3
18741	3
18742	3
18743	3
18744	3
18745	3
18746	3
18747	3
18748	3
18749	3
18750	3
18751	3
18752	3
18753	3
18754	3
18755	3
18756	3
18757	3
18758	3
18759	3
18760	3
18761	3
18762	3
18763	3
18764	3
18765	3
18766	3
18767	3
18768	3
18769	3
18770	3
18771	3
18772	3
18773	3
18774	3
18775	3
18776	3
18777	3
18778	3
18779	3
18780	3
18781	3
18782	3
18783	3
18784	3
18785	3
18786	3
18787	3
18788	3
18789	3
18790	3
18791	3
18792	3
18793	3
18794	3
18795	3
18796	3
18797	3
18798	3
18799	3
18800	3
18801	3
18802	3
18803	3
18804	3
18805	3
18806	3
18807	3
18808	3
18809	3
18810	3
18811	3
18812	3
18813	3
18814	3
18815	3
18816	3
18817	3
18818	3
18819	3
18820	3
18821	3
18822	3
18823	3
18824	3
18825	3
18826	3
18827	3
18828	3
18829	3
18830	3
18831	3
18832	3
18833	3
18834	3
18835	3
18836	3
18837	3
18838	3
18839	3
18840	3
18841	3
18842	3
18843	3
18844	3
18845	3
18846	3
18847	3
18848	3
18849	3
18850	3
18851	3
18852	3
18853	3
18854	3
18855	3
18856	3
18857	3
18858	3
18859	3
18860	3
18861	3
18862	3
18863	3
18864	3
18865	3
18866	3
18867	3
18868	3
18869	3
18870	3
18871	3
18872	3
18873	3
18874	3
18875	3
18876	3
18877	3
18878	3
18879	3
18880	3
18881	3
18882	3
18883	3
18884	3
18885	3
18886	3
18887	3
18888	3
18889	3
18890	3
18891	3
18892	3
18893	3
18894	3
18895	3
18896	3
18897	3
18898	3
18899	3
18900	3
18901	3
18902	3
18903	3
18904	3
18905	3
18906	3
18907	3
18908	3
18909	3
18910	3
18911	3
18912	3
18913	3
18914	3
18915	3
18916	3
18917	3
18918	3
18919	3
18920	3
18921	3
18922	3
18923	3
18924	3
18925	3
18926	3
18927	3
18928	3
18929	3
18930	3
18931	3
18932	3
18933	3
18934	3
18935	3
18936	3
18937	3
18938	3
18939	3
18940	3
18941	3
18942	3
18943	3
18944	3
18945	3
18946	3
18947	3
18948	3
18949	3
18950	3
18951	3
18952	3
18953	3
18954	3
18955	3
18956	3
18957	3
18958	3
18959	3
18960	3
18961	3
18962	3
18963	3
18964	3
18965	3
18966	3
18967	3
18968	3
18969	3
18970	3
18971	3
18972	3
18973	3
18974	3
18975	3
18976	3
18977	3
18978	3
18979	3
18980	3
18981	3
18982	3
18983	3
18984	3
18985	3
18986	3
18987	3
18988	3
18989	3
18990	3
18991	3
18992	3
18993	3
18994	3
18995	3
18996	3
18997	3
18998	3
18999	3
19000	3
19001	3
19002	3
19003	3
19004	3
19005	3
19006	3
19007	3
19008	3
19009	3
19010	3
19011	3
19012	3
19013	3
19014	3
19015	3
19016	3
19017	3
19018	3
19019	3
19020	3
19021	3
19022	3
19023	3
19024	3
19025	3
19026	3
19027	3
19028	3
19029	3
19030	3
19031	3
19032	3
19033	3
19034	3
19035	3
19036	3
19037	3
19038	3
19039	3
19040	3
19041	3
19042	3
19043	3
19044	3
19045	3
19046	3
19047	3
19048	3
19049	3
19050	3
19051	3
19052	3
19053	3
19054	3
19055	3
19056	3
19057	3
19058	3
19059	3
19060	3
19061	3
19062	3
19063	3
19064	3
19065	3
19066	3
19067	3
19068	3
19069	3
19070	3
19071	3
19072	3
19073	3
19074	3
19075	3
19076	3
19077	3
19078	3
19079	3
19080	3
19081	3
19082	3
19083	3
19084	3
19085	3
19086	3
19087	3
19088	3
19089	3
19090	3
19091	3
19092	3
19093	3
19094	3
19095	3
19096	3
19097	3
19098	3
19099	3
19100	3
19101	3
19102	3
19103	3
19104	3
19105	3
19106	3
19107	3
19108	3
19109	3
19110	3
19111	3
19112	3
19113	3
19114	3
19115	3
19116	3
19117	3
19118	3
19119	3
19120	3
19121	3
19122	3
19123	3
19124	3
19125	3
19126	3
19127	3
19128	3
19129	3
19130	3
19131	3
19132	3
19133	3
19134	3
19135	3
19136	3
19137	3
19138	3
19139	3
19140	3
19141	3
19142	3
19143	3
19144	3
19145	3
19146	3
19147	3
19148	3
19149	3
19150	3
19151	3
19152	3
19153	3
19154	3
19155	3
19156	3
19157	3
19158	3
19159	3
19160	3
19161	3
19162	3
19163	3
19164	3
19165	3
19166	3
19167	3
19168	3
19169	3
19170	3
19171	3
19172	3
19173	3
19174	3
19175	3
19176	3
19177	3
19178	3
19179	3
19180	3
19181	3
19182	3
19183	3
19184	3
19185	3
19186	3
19187	3
19188	3
19189	3
19190	3
19191	3
19192	3
19193	3
19194	3
19195	3
19196	3
19197	3
19198	3
19199	3
19200	3
19201	3
19202	3
19203	3
19204	3
19205	3
19206	3
19207	3
19208	3
19209	3
19210	3
19211	3
19212	3
19213	3
19214	3
19215	3
19216	3
19217	3
19218	3
19219	3
19220	3
19221	3
19222	3
19223	3
19224	3
19225	3
19226	3
19227	3
19228	3
19229	3
19230	3
19231	3
19232	3
19233	3
19234	3
19235	3
19236	3
19237	3
19238	3
19239	3
19240	3
19241	3
19242	3
19243	3
19244	3
19245	3
19246	3
19247	3
19248	3
19249	3
19250	3
19251	3
19252	3
19253	3
19254	3
19255	3
19256	3
19257	3
19258	3
19259	3
19260	3
19261	3
19262	3
19263	3
19264	3
19265	3
19266	3
19267	3
19268	3
19269	3
19270	3
19271	3
19272	3
19273	3
19274	3
19275	3
19276	3
19277	3
19278	3
19279	3
19280	3
19281	3
19282	3
19283	3
19284	3
19285	3
19286	3
19287	3
19288	3
19289	3
19290	3
19291	3
19292	3
19293	3
19294	3
19295	3
19296	3
19297	3
19298	3
19299	3
19300	3
19301	3
19302	3
19303	3
19304	3
19305	3
19306	3
19307	3
19308	3
19309	3
19310	3
19311	3
19312	3
19313	3
19314	3
19315	3
19316	3
19317	3
19318	3
19319	3
19320	3
19321	3
19322	3
19323	3
19324	3
19325	3
19326	3
19327	3
19328	3
19329	3
19330	3
19331	3
19332	3
19333	3
19334	3
19335	3
19336	3
19337	3
19338	3
19339	3
19340	3
19341	3
19342	3
19343	3
19344	3
19345	3
19346	3
19347	3
19348	3
19349	3
19350	3
19351	3
19352	3
19353	3
19354	3
19355	3
19356	3
19357	3
19358	3
19359	3
19360	3
19361	3
19362	3
19363	3
19364	3
19365	3
19366	3
19367	3
19368	3
19369	3
19370	3
19371	3
19372	3
19373	3
19374	3
19375	3
19376	3
19377	3
19378	3
19379	3
19380	3
19381	3
19382	3
19383	3
19384	3
19385	3
19386	3
19387	3
19388	3
19389	3
19390	3
19391	3
19392	3
19393	3
19394	3
19395	3
19396	3
19397	3
19398	3
19399	3
19400	3
19401	3
19402	3
19403	3
19404	3
19405	3
19406	3
19407	3
19408	3
19409	3
19410	3
19411	3
19412	3
19413	3
19414	3
19415	3
19416	3
19417	3
19418	3
19419	3
19420	3
19421	3
19422	3
19423	3
19424	3
19425	3
19426	3
19427	3
19428	3
19429	3
19430	3
19431	3
19432	3
19433	3
19434	3
19435	3
19436	3
19437	3
19438	3
19439	3
19440	3
19441	3
19442	3
19443	3
19444	3
19445	3
19446	3
19447	3
19448	3
19449	3
19450	3
19451	3
19452	3
19453	3
19454	3
19455	3
19456	3
19457	3
19458	3
19459	3
19460	3
19461	3
19462	3
19463	3
19464	3
19465	3
19466	3
19467	3
19468	3
19469	3
19470	3
19471	3
19472	3
19473	3
19474	3
19475	3
19476	3
19477	3
19478	3
19479	3
19480	3
19481	3
19482	3
19483	3
19484	3
19485	3
19486	3
19487	3
19488	3
19489	3
19490	3
19491	3
19492	3
19493	3
19494	3
19495	3
19496	3
19497	3
19498	3
19499	3
19500	3
19501	3
19502	3
19503	3
19504	3
19505	3
19506	3
19507	3
19508	3
19509	3
19510	3
19511	3
19512	3
19513	3
19514	3
19515	3
19516	3
19517	3
19518	3
19519	3
19520	3
19521	3
19522	3
19523	3
19524	3
19525	3
19526	3
19527	3
19528	3
19529	3
19530	3
19531	3
19532	3
19533	3
19534	3
19535	3
19536	3
19537	3
19538	3
19539	3
19540	3
19541	3
19542	3
19543	3
19544	3
19545	3
19546	3
19547	3
19548	3
19549	3
19550	3
19551	3
19552	3
19553	3
19554	3
19555	3
19556	3
19557	3
19558	3
19559	3
19560	3
19561	3
19562	3
19563	3
19564	3
19565	3
19566	3
19567	3
19568	3
19569	3
19570	3
19571	3
19572	3
19573	3
19574	3
19575	3
19576	3
19577	3
19578	3
19579	3
19580	3
19581	3
19582	3
19583	3
19584	3
19585	3
19586	3
19587	3
19588	3
19589	3
19590	3
19591	3
19592	3
19593	3
19594	3
19595	3
19596	3
19597	3
19598	3
19599	3
19600	3
19601	3
19602	3
19603	3
19604	3
19605	3
19606	3
19607	3
19608	3
19609	3
19610	3
19611	3
19612	3
19613	3
19614	3
19615	3
19616	3
19617	3
19618	3
19619	3
19620	3
19621	3
19622	3
19623	3
19624	3
19625	3
19626	3
19627	3
19628	3
19629	3
19630	3
19631	3
19632	3
19633	3
19634	3
19635	3
19636	3
19637	3
19638	3
19639	3
19640	3
19641	3
19642	3
19643	3
19644	3
19645	3
19646	3
19647	3
19648	3
19649	3
19650	3
19651	3
19652	3
19653	3
19654	3
19655	3
19656	3
19657	3
19658	3
19659	3
19660	3
19661	3
19662	3
19663	3
19664	3
19665	3
19666	3
19667	3
19668	3
19669	3
19670	3
19671	3
19672	3
19673	3
19674	3
19675	3
19676	3
19677	3
19678	3
19679	3
19680	3
19681	3
19682	3
19683	3
19684	3
19685	3
19686	3
19687	3
19688	3
19689	3
19690	3
19691	3
19692	3
19693	3
19694	3
19695	3
19696	3
19697	3
19698	3
19699	3
19700	3
19701	3
19702	3
19703	3
19704	3
19705	3
19706	3
19707	3
19708	3
19709	3
19710	3
19711	3
19712	3
19713	3
19714	3
19715	3
19716	3
19717	3
19718	3
19719	3
19720	3
19721	3
19722	3
19723	3
19724	3
19725	3
19726	3
19727	3
19728	3
19729	3
19730	3
19731	3
19732	3
19733	3
19734	3
19735	3
19736	3
19737	3
19738	3
19739	3
19740	3
19741	3
19742	3
19743	3
19744	3
19745	3
19746	3
19747	3
19748	3
19749	3
19750	3
19751	3
19752	3
19753	3
19754	3
19755	3
19756	3
19757	3
19758	3
19759	3
19760	3
19761	3
19762	3
19763	3
19764	3
19765	3
19766	3
19767	3
19768	3
19769	3
19770	3
19771	3
19772	3
19773	3
19774	3
19775	3
19776	3
19777	3
19778	3
19779	3
19780	3
19781	3
19782	3
19783	3
19784	3
19785	3
19786	3
19787	3
19788	3
19789	3
19790	3
19791	3
19792	3
19793	3
19794	3
19795	3
19796	3
19797	3
19798	3
19799	3
19800	3
19801	3
19802	3
19803	3
19804	3
19805	3
19806	3
19807	3
19808	3
19809	3
19810	3
19811	3
19812	3
19813	3
19814	3
19815	3
19816	3
19817	3
19818	3
19819	3
19820	3
19821	3
19822	3
19823	3
19824	3
19825	3
19826	3
19827	3
19828	3
19829	3
19830	3
19831	3
19832	3
19833	3
19834	3
19835	3
19836	3
19837	3
19838	3
19839	3
19840	3
19841	3
19842	3
19843	3
19844	3
19845	3
19846	3
19847	3
19848	3
19849	3
19850	3
19851	3
19852	3
19853	3
19854	3
19855	3
19856	3
19857	3
19858	3
19859	3
19860	3
19861	3
19862	3
19863	3
19864	3
19865	3
19866	3
19867	3
19868	3
19869	3
19870	3
19871	3
19872	3
19873	3
19874	3
19875	3
19876	3
19877	3
19878	3
19879	3
19880	3
19881	3
19882	3
19883	3
19884	3
19885	3
19886	3
19887	3
19888	3
19889	3
19890	3
19891	3
19892	3
19893	3
19894	3
19895	3
19896	3
19897	3
19898	3
19899	3
19900	3
19901	3
19902	3
19903	3
19904	3
19905	3
19906	3
19907	3
19908	3
19909	3
19910	3
19911	3
19912	3
19913	3
19914	3
19915	3
19916	3
19917	3
19918	3
19919	3
19920	3
19921	3
19922	3
19923	3
19924	3
19925	3
19926	3
19927	3
19928	3
19929	3
19930	3
19931	3
19932	3
19933	3
19934	3
19935	3
19936	3
19937	3
19938	3
19939	3
19940	3
19941	3
19942	3
19943	3
19944	3
19945	3
19946	3
19947	3
19948	3
19949	3
19950	3
19951	3
19952	3
19953	3
19954	3
19955	3
19956	3
19957	3
19958	3
19959	3
19960	3
19961	3
19962	3
19963	3
19964	3
19965	3
19966	3
19967	3
19968	3
19969	3
19970	3
19971	3
19972	3
19973	3
19974	3
19975	3
19976	3
19977	3
19978	3
19979	3
19980	3
19981	3
19982	3
19983	3
19984	3
19985	3
19986	3
19987	3
19988	3
19989	3
19990	3
19991	3
19992	3
19993	3
19994	3
19995	3
19996	3
19997	3
19998	3
19999	3
20000	3
20001	3
20002	3
20003	3
20004	3
20005	3
20006	3
20007	3
20008	3
20009	3
20010	3
20011	3
20012	3
20013	3
20014	3
20015	3
20016	3
20017	3
20018	3
20019	3
20020	3
20021	3
20022	3
20023	3
20024	3
20025	3
20026	3
20027	3
20028	3
20029	3
20030	3
20031	3
20032	3
20033	3
20034	3
20035	3
20036	3
20037	3
20038	3
20039	3
20040	3
20041	3
20042	3
20043	3
20044	3
20045	3
20046	3
20047	3
20048	3
20049	3
20050	3
20051	3
20052	3
20053	3
20054	3
20055	3
20056	3
20057	3
20058	3
20059	3
20060	3
20061	3
20062	3
20063	3
20064	3
20065	3
20066	3
20067	3
20068	3
20069	3
20070	3
20071	3
20072	3
20073	3
20074	3
20075	3
20076	3
20077	3
20078	3
20079	3
20080	3
20081	3
20082	3
20083	3
20084	3
20085	3
20086	3
20087	3
20088	3
20089	3
20090	3
20091	3
20092	3
20093	3
20094	3
20095	3
20096	3
20097	3
20098	3
20099	3
20100	3
20101	3
20102	3
20103	3
20104	3
20105	3
20106	3
20107	3
20108	3
20109	3
20110	3
20111	3
20112	3
20113	3
20114	3
20115	3
20116	3
20117	3
20118	3
20119	3
20120	3
20121	3
20122	3
20123	3
20124	3
20125	3
20126	3
20127	3
20128	3
20129	3
20130	3
20131	3
20132	3
20133	3
20134	3
20135	3
20136	3
20137	3
20138	3
20139	3
20140	3
20141	3
20142	3
20143	3
20144	3
20145	3
20146	3
20147	3
20148	3
20149	3
20150	3
20151	3
20152	3
20153	3
20154	3
20155	3
20156	3
20157	3
20158	3
20159	3
20160	3
20161	3
20162	3
20163	3
20164	3
20165	3
20166	3
20167	3
20168	3
20169	3
20170	3
20171	3
20172	3
20173	3
20174	3
20175	3
20176	3
20177	3
20178	3
20179	3
20180	3
20181	3
20182	3
20183	3
20184	3
20185	3
20186	3
20187	3
20188	3
20189	3
20190	3
20191	3
20192	3
20193	3
20194	3
20195	3
20196	3
20197	3
20198	3
20199	3
20200	3
20201	3
20202	3
20203	3
20204	3
20205	3
20206	3
20207	3
20208	3
20209	3
20210	3
20211	3
20212	3
20213	3
20214	3
20215	3
20216	3
20217	3
20218	3
20219	3
20220	3
20221	3
20222	3
20223	3
20224	3
20225	3
20226	3
20227	3
20228	3
20229	3
20230	3
20231	3
20232	3
20233	3
20234	3
20235	3
20236	3
20237	3
20238	3
20239	3
20240	3
20241	3
20242	3
20243	3
20244	3
20245	3
20246	3
20247	3
20248	3
20249	3
20250	3
20251	3
20252	3
20253	3
20254	3
20255	3
20256	3
20257	3
20258	3
20259	3
20260	3
20261	3
20262	3
20263	3
20264	3
20265	3
20266	3
20267	3
20268	3
20269	3
20270	3
20271	3
20272	3
20273	3
20274	3
20275	3
20276	3
20277	3
20278	3
20279	3
20280	3
20281	3
20282	3
20283	3
20284	3
20285	3
20286	3
20287	3
20288	3
20289	3
20290	3
20291	3
20292	3
20293	3
20294	3
20295	3
20296	3
20297	3
20298	3
20299	3
20300	3
20301	3
20302	3
20303	3
20304	3
20305	3
20306	3
20307	3
20308	3
20309	3
20310	3
20311	3
20312	3
20313	3
20314	3
20315	3
20316	3
20317	3
20318	3
20319	3
20320	3
20321	3
20322	3
20323	3
20324	3
20325	3
20326	3
20327	3
20328	3
20329	3
20330	3
20331	3
20332	3
20333	3
20334	3
20335	3
20336	3
20337	3
20338	3
20339	3
20340	3
20341	3
20342	3
20343	3
20344	3
20345	3
20346	3
20347	3
20348	3
20349	3
20350	3
20351	3
20352	3
20353	3
20354	3
20355	3
20356	3
20357	3
20358	3
20359	3
20360	3
20361	3
20362	3
20363	3
20364	3
20365	3
20366	3
20367	3
20368	3
20369	3
20370	3
20371	3
20372	3
20373	3
20374	3
20375	3
20376	3
20377	3
20378	3
20379	3
20380	3
20381	3
20382	3
20383	3
20384	3
20385	3
20386	3
20387	3
20388	3
20389	3
20390	3
20391	3
20392	3
20393	3
20394	3
20395	3
20396	3
20397	3
20398	3
20399	3
20400	3
20401	3
20402	3
20403	3
20404	3
20405	3
20406	3
20407	3
20408	3
20409	3
20410	3
20411	3
20412	3
20413	3
20414	3
20415	3
20416	3
20417	3
20418	3
20419	3
20420	3
20421	3
20422	3
20423	3
20424	3
20425	3
20426	3
20427	3
20428	3
20429	3
20430	3
20431	3
20432	3
20433	3
20434	3
20435	3
20436	3
20437	3
20438	3
20439	3
20440	3
20441	3
20442	3
20443	3
20444	3
20445	3
20446	3
20447	3
20448	3
20449	3
20450	3
20451	3
20452	3
20453	3
20454	3
20455	3
20456	3
20457	3
20458	3
20459	3
20460	3
20461	3
20462	3
20463	3
20464	3
20465	3
20466	3
20467	3
20468	3
20469	3
20470	3
20471	3
20472	3
20473	3
20474	3
20475	3
20476	3
20477	3
20478	3
20479	3
20480	3
20481	3
20482	3
20483	3
20484	3
20485	3
20486	3
20487	3
20488	3
20489	3
20490	3
20491	3
20492	3
20493	3
20494	3
20495	3
20496	3
20497	3
20498	3
20499	3
20500	3
20501	3
20502	3
20503	3
20504	3
20505	3
20506	3
20507	3
20508	3
20509	3
20510	3
20511	3
20512	3
20513	3
20514	3
20515	3
20516	3
20517	3
20518	3
20519	3
20520	3
20521	3
20522	3
20523	3
20524	3
20525	3
20526	3
20527	3
20528	3
20529	3
20530	3
20531	3
20532	3
20533	3
20534	3
20535	3
20536	3
20537	3
20538	3
20539	3
20540	3
20541	3
20542	3
20543	3
20544	3
20545	3
20546	3
20547	3
20548	3
20549	3
20550	3
20551	3
20552	3
20553	3
20554	3
20555	3
20556	3
20557	3
20558	3
20559	3
20560	3
20561	3
20562	3
20563	3
20564	3
20565	3
20566	3
20567	3
20568	3
20569	3
20570	3
20571	3
20572	3
20573	3
20574	3
20575	3
20576	3
20577	3
20578	3
20579	3
20580	3
20581	3
20582	3
20583	3
20584	3
20585	3
20586	3
20587	3
20588	3
20589	3
20590	3
20591	3
20592	3
20593	3
20594	3
20595	3
20596	3
20597	3
20598	3
20599	3
20600	3
20601	3
20602	3
20603	3
20604	3
20605	3
20606	3
20607	3
20608	3
20609	3
20610	3
20611	3
20612	3
20613	3
20614	3
20615	3
20616	3
20617	3
20618	3
20619	3
20620	3
20621	3
20622	3
20623	3
20624	3
20625	3
20626	3
20627	3
20628	3
20629	3
20630	3
20631	3
20632	3
20633	3
20634	3
20635	3
20636	3
20637	3
20638	3
20639	3
20640	3
20641	3
20642	3
20643	3
20644	3
20645	3
20646	3
20647	3
20648	3
20649	3
20650	3
20651	3
20652	3
20653	3
20654	3
20655	3
20656	3
20657	3
20658	3
20659	3
20660	3
20661	3
20662	3
20663	3
20664	3
20665	3
20666	3
20667	3
20668	3
20669	3
20670	3
20671	3
20672	3
20673	3
20674	3
20675	3
20676	3
20677	3
20678	3
20679	3
20680	3
20681	3
20682	3
20683	3
20684	3
20685	3
20686	3
20687	3
20688	3
20689	3
20690	3
20691	3
20692	3
20693	3
20694	3
20695	3
20696	3
20697	3
20698	3
20699	3
20700	3
20701	3
20702	3
20703	3
20704	3
20705	3
20706	3
20707	3
20708	3
20709	3
20710	3
20711	3
20712	3
20713	3
20714	3
20715	3
20716	3
20717	3
20718	3
20719	3
20720	3
20721	3
20722	3
20723	3
20724	3
20725	3
20726	3
20727	3
20728	3
20729	3
20730	3
20731	3
20732	3
20733	3
20734	3
20735	3
20736	3
20737	3
20738	3
20739	3
20740	3
20741	3
20742	3
20743	3
20744	3
20745	3
20746	3
20747	3
20748	3
20749	3
20750	3
20751	3
20752	3
20753	3
20754	3
20755	3
20756	3
20757	3
20758	3
20759	3
20760	3
20761	3
20762	3
20763	3
20764	3
20765	3
20766	3
20767	3
20768	3
20769	3
20770	3
20771	3
20772	3
20773	3
20774	3
20775	3
20776	3
20777	3
20778	3
20779	3
20780	3
20781	3
20782	3
20783	3
20784	3
20785	3
20786	3
20787	3
20788	3
20789	3
20790	3
20791	3
20792	3
20793	3
20794	3
20795	3
20796	3
20797	3
20798	3
20799	3
20800	3
20801	3
20802	3
20803	3
20804	3
20805	3
20806	3
20807	3
20808	3
20809	3
20810	3
20811	3
20812	3
20813	3
20814	3
20815	3
20816	3
20817	3
20818	3
20819	3
20820	3
20821	3
20822	3
20823	3
20824	3
20825	3
20826	3
20827	3
20828	3
20829	3
20830	3
20831	3
20832	3
20833	3
20834	3
20835	3
20836	3
20837	3
20838	3
20839	3
20840	3
20841	3
20842	3
20843	3
20844	3
20845	3
20846	3
20847	3
20848	3
20849	3
20850	3
20851	3
20852	3
20853	3
20854	3
20855	3
20856	3
20857	3
20858	3
20859	3
20860	3
20861	3
20862	3
20863	3
20864	3
20865	3
20866	3
20867	3
20868	3
20869	3
20870	3
20871	3
20872	3
20873	3
20874	3
20875	3
20876	3
20877	3
20878	3
20879	3
20880	3
20881	3
20882	3
20883	3
20884	3
20885	3
20886	3
20887	3
20888	3
20889	3
20890	3
20891	3
20892	3
20893	3
20894	3
20895	3
20896	3
20897	3
20898	3
20899	3
20900	3
20901	3
20902	3
20903	3
20904	3
20905	3
20906	3
20907	3
20908	3
20909	3
20910	3
20911	3
20912	3
20913	3
20914	3
20915	3
20916	3
20917	3
20918	3
20919	3
20920	3
20921	3
20922	3
20923	3
20924	3
20925	3
20926	3
20927	3
20928	3
20929	3
20930	3
20931	3
20932	3
20933	3
20934	3
20935	3
20936	3
20937	3
20938	3
20939	3
20940	3
20941	3
20942	3
20943	3
20944	3
20945	3
20946	3
20947	3
20948	3
20949	3
20950	3
20951	3
20952	3
20953	3
20954	3
20955	3
20956	3
20957	3
20958	3
20959	3
20960	3
20961	3
20962	3
20963	3
20964	3
20965	3
20966	3
20967	3
20968	3
20969	3
20970	3
20971	3
20972	3
20973	3
20974	3
20975	3
20976	3
20977	3
20978	3
20979	3
20980	3
20981	3
20982	3
20983	3
20984	3
20985	3
20986	3
20987	3
20988	3
20989	3
20990	3
20991	3
20992	3
20993	3
20994	3
20995	3
20996	3
20997	3
20998	3
20999	3
21000	3
21001	3
21002	3
21003	3
21004	3
21005	3
21006	3
21007	3
21008	3
21009	3
21010	3
21011	3
21012	3
21013	3
21014	3
21015	3
21016	3
21017	3
21018	3
21019	3
21020	3
21021	3
21022	3
21023	3
21024	3
21025	3
21026	3
21027	3
21028	3
21029	3
21030	3
21031	3
21032	3
21033	3
21034	3
21035	3
21036	3
21037	3
21038	3
21039	3
21040	3
21041	3
21042	3
21043	3
21044	3
21045	3
21046	3
21047	3
21048	3
21049	3
21050	3
21051	3
21052	3
21053	3
21054	3
21055	3
21056	3
21057	3
21058	3
21059	3
21060	3
21061	3
21062	3
21063	3
21064	3
21065	3
21066	3
21067	3
21068	3
21069	3
21070	3
21071	3
21072	3
21073	3
21074	3
21075	3
21076	3
21077	3
21078	3
21079	3
21080	3
21081	3
21082	3
21083	3
21084	3
21085	3
21086	3
21087	3
21088	3
21089	3
21090	3
21091	3
21092	3
21093	3
21094	3
21095	3
21096	3
21097	3
21098	3
21099	3
21100	3
21101	3
21102	3
21103	3
21104	3
21105	3
21106	3
21107	3
21108	3
21109	3
21110	3
21111	3
21112	3
21113	3
21114	3
21115	3
21116	3
21117	3
21118	3
21119	3
21120	3
21121	3
21122	3
21123	3
21124	3
21125	3
21126	3
21127	3
21128	3
21129	3
21130	3
21131	3
21132	3
21133	3
21134	3
21135	3
21136	3
21137	3
21138	3
21139	3
21140	3
21141	3
21142	3
21143	3
21144	3
21145	3
21146	3
21147	3
21148	3
21149	3
21150	3
21151	3
21152	3
21153	3
21154	3
21155	3
21156	3
21157	3
21158	3
21159	3
21160	3
21161	3
21162	3
21163	3
21164	3
21165	3
21166	3
21167	3
21168	3
21169	3
21170	3
21171	3
21172	3
21173	3
21174	3
21175	3
21176	3
21177	3
21178	3
21179	3
21180	3
21181	3
21182	3
21183	3
21184	3
21185	3
21186	3
21187	3
21188	3
21189	3
21190	3
21191	3
21192	3
21193	3
21194	3
21195	3
21196	3
21197	3
21198	3
21199	3
21200	3
21201	3
21202	3
21203	3
21204	3
21205	3
21206	3
21207	3
21208	3
21209	3
21210	3
21211	3
21212	3
21213	3
21214	3
21215	3
21216	3
21217	3
21218	3
21219	3
21220	3
21221	3
21222	3
21223	3
21224	3
21225	3
21226	3
21227	3
21228	3
21229	3
21230	3
21231	3
21232	3
21233	3
21234	3
21235	3
21236	3
21237	3
21238	3
21239	3
21240	3
21241	3
21242	3
21243	3
21244	3
21245	3
21246	3
21247	3
21248	3
21249	3
21250	3
21251	3
21252	3
21253	3
21254	3
21255	3
21256	3
21257	3
21258	3
21259	3
21260	3
21261	3
21262	3
21263	3
21264	3
21265	3
21266	3
21267	3
21268	3
21269	3
21270	3
21271	3
21272	3
21273	3
21274	3
21275	3
21276	3
21277	3
21278	3
21279	3
21280	3
21281	3
21282	3
21283	3
21284	3
21285	3
21286	3
21287	3
21288	3
21289	3
21290	3
21291	3
21292	3
21293	3
21294	3
21295	3
21296	3
21297	3
21298	3
21299	3
21300	3
21301	3
21302	3
21303	3
21304	3
21305	3
21306	3
21307	3
21308	3
21309	3
21310	3
21311	3
21312	3
21313	3
21314	3
21315	3
21316	3
21317	3
21318	3
21319	3
21320	3
21321	3
21322	3
21323	3
21324	3
21325	3
21326	3
21327	3
21328	3
21329	3
21330	3
21331	3
21332	3
21333	3
21334	3
21335	3
21336	3
21337	3
21338	3
21339	3
21340	3
21341	3
21342	3
21343	3
21344	3
21345	3
21346	3
21347	3
21348	3
21349	3
21350	3
21351	3
21352	3
21353	3
21354	3
21355	3
21356	3
21357	3
21358	3
21359	3
21360	3
21361	3
21362	3
21363	3
21364	3
21365	3
21366	3
21367	3
21368	3
21369	3
21370	3
21371	3
21372	3
21373	3
21374	3
21375	3
21376	3
21377	3
21378	3
21379	3
21380	3
21381	3
21382	3
21383	3
21384	3
21385	3
21386	3
21387	3
21388	3
21389	3
21390	3
21391	3
21392	3
21393	3
21394	3
21395	3
21396	3
21397	3
21398	3
21399	3
21400	3
21401	3
21402	3
21403	3
21404	3
21405	3
21406	3
21407	3
21408	3
21409	3
21410	3
21411	3
21412	3
21413	3
21414	3
21415	3
21416	3
21417	3
21418	3
21419	3
21420	3
21421	3
21422	3
21423	3
21424	3
21425	3
21426	3
21427	3
21428	3
21429	3
21430	3
21431	3
21432	3
21433	3
21434	3
21435	3
21436	3
21437	3
21438	3
21439	3
21440	3
21441	3
21442	3
21443	3
21444	3
21445	3
21446	3
21447	3
21448	3
21449	3
21450	3
21451	3
21452	3
21453	3
21454	3
21455	3
21456	3
21457	3
21458	3
21459	3
21460	3
21461	3
21462	3
21463	3
21464	3
21465	3
21466	3
21467	3
21468	3
21469	3
21470	3
21471	3
21472	3
21473	3
21474	3
21475	3
21476	3
21477	3
21478	3
21479	3
21480	3
21481	3
21482	3
21483	3
21484	3
21485	3
21486	3
21487	3
21488	3
21489	3
21490	3
21491	3
21492	3
21493	3
21494	3
21495	3
21496	3
21497	3
21498	3
21499	3
21500	3
21501	3
21502	3
21503	3
21504	3
21505	3
21506	3
21507	3
21508	3
21509	3
21510	3
21511	3
21512	3
21513	3
21514	3
21515	3
21516	3
21517	3
21518	3
21519	3
21520	3
21521	3
21522	3
21523	3
21524	3
21525	3
21526	3
21527	3
21528	3
21529	3
21530	3
21531	3
21532	3
21533	3
21534	3
21535	3
21536	3
21537	3
21538	3
21539	3
21540	3
21541	3
21542	3
21543	3
21544	3
21545	3
21546	3
21547	3
21548	3
21549	3
21550	3
21551	3
21552	3
21553	3
21554	3
21555	3
21556	3
21557	3
21558	3
21559	3
21560	3
21561	3
21562	3
21563	3
21564	3
21565	3
21566	3
21567	3
21568	3
21569	3
21570	3
21571	3
21572	3
21573	3
21574	3
21575	3
21576	3
21577	3
21578	3
21579	3
21580	3
21581	3
21582	3
21583	3
21584	3
21585	3
21586	3
21587	3
21588	3
21589	3
21590	3
21591	3
21592	3
21593	3
21594	3
21595	3
21596	3
21597	3
21598	3
21599	3
21600	3
21601	3
21602	3
21603	3
21604	3
21605	3
21606	3
21607	3
21608	3
21609	3
21610	3
21611	3
21612	3
21613	3
21614	3
21615	3
21616	3
21617	3
21618	3
21619	3
21620	3
21621	3
21622	3
21623	3
21624	3
21625	3
21626	3
21627	3
21628	3
21629	3
21630	3
21631	3
21632	3
21633	3
21634	3
21635	3
21636	3
21637	3
21638	3
21639	3
21640	3
21641	3
21642	3
21643	3
21644	3
21645	3
21646	3
21647	3
21648	3
21649	3
21650	3
21651	3
21652	3
21653	3
21654	3
21655	3
21656	3
21657	3
21658	3
21659	3
21660	3
21661	3
21662	3
21663	3
21664	3
21665	3
21666	3
21667	3
21668	3
21669	3
21670	3
21671	3
21672	3
21673	3
21674	3
21675	3
21676	3
21677	3
21678	3
21679	3
21680	3
21681	3
21682	3
21683	3
21684	3
21685	3
21686	3
21687	3
21688	3
21689	3
21690	3
21691	3
21692	3
21693	3
21694	3
21695	3
21696	3
21697	3
21698	3
21699	3
21700	3
21701	3
21702	3
21703	3
21704	3
21705	3
21706	3
21707	3
21708	3
21709	3
21710	3
21711	3
21712	3
21713	3
21714	3
21715	3
21716	3
21717	3
21718	3
21719	3
21720	3
21721	3
21722	3
21723	3
21724	3
21725	3
21726	3
21727	3
21728	3
21729	3
21730	3
21731	3
21732	3
21733	3
21734	3
21735	3
21736	3
21737	3
21738	3
21739	3
21740	3
21741	3
21742	3
21743	3
21744	3
21745	3
21746	3
21747	3
21748	3
21749	3
21750	3
21751	3
21752	3
21753	3
21754	3
21755	3
21756	3
21757	3
21758	3
21759	3
21760	3
21761	3
21762	3
21763	3
21764	3
21765	3
21766	3
21767	3
21768	3
21769	3
21770	3
21771	3
21772	3
21773	3
21774	3
21775	3
21776	3
21777	3
21778	3
21779	3
21780	3
21781	3
21782	3
21783	3
21784	3
21785	3
21786	3
21787	3
21788	3
21789	3
21790	3
21791	3
21792	3
21793	3
21794	3
21795	3
21796	3
21797	3
21798	3
21799	3
21800	3
21801	3
21802	3
21803	3
21804	3
21805	3
21806	3
21807	3
21808	3
21809	3
21810	3
21811	3
21812	3
21813	3
21814	3
21815	3
21816	3
21817	3
21818	3
21819	3
21820	3
21821	3
21822	3
21823	3
21824	3
21825	3
21826	3
21827	3
21828	3
21829	3
21830	3
21831	3
21832	3
21833	3
21834	3
21835	3
21836	3
21837	3
21838	3
21839	3
21840	3
21841	3
21842	3
21843	3
21844	3
21845	3
21846	3
21847	3
21848	3
21849	3
21850	3
21851	3
21852	3
21853	3
21854	3
21855	3
21856	3
21857	3
21858	3
21859	3
21860	3
21861	3
21862	3
21863	3
21864	3
21865	3
21866	3
21867	3
21868	3
21869	3
21870	3
21871	3
21872	3
21873	3
21874	3
21875	3
21876	3
21877	3
21878	3
21879	3
21880	3
21881	3
21882	3
21883	3
21884	3
21885	3
21886	3
21887	3
21888	3
21889	3
21890	3
21891	3
21892	3
21893	3
21894	3
21895	3
21896	3
21897	3
21898	3
21899	3
21900	3
21901	3
21902	3
21903	3
21904	3
21905	3
21906	3
21907	3
21908	3
21909	3
21910	3
21911	3
21912	3
21913	3
21914	3
21915	3
21916	3
21917	3
21918	3
21919	3
21920	3
21921	3
21922	3
21923	3
21924	3
21925	3
21926	3
21927	3
21928	3
21929	3
21930	3
21931	3
21932	3
21933	3
21934	3
21935	3
21936	3
21937	3
21938	3
21939	3
21940	3
21941	3
21942	3
21943	3
21944	3
21945	3
21946	3
21947	3
21948	2
21949	2
21950	2
21951	2
21952	2
21953	2
21954	2
21955	2
21956	2
21957	2
21958	2
21959	2
21960	2
21961	2
21962	2
21963	2
21964	2
21965	2
21966	2
21967	2
21968	2
21969	2
21970	2
21971	2
21972	2
21973	2
21974	2
21975	2
21976	2
21977	2
21978	2
21979	2
21980	2
21981	2
21982	2
21983	2
21984	2
21985	2
21986	2
21987	2
21988	2
21989	2
21990	2
21991	2
21992	2
21993	2
21994	2
21995	2
21996	2
21997	2
21998	2
21999	2
22000	2
22001	2
22002	2
22003	2
22004	2
22005	2
22006	2
22007	2
22008	2
22009	2
22010	2
22011	2
22012	2
22013	2
22014	2
22015	2
22016	2
22017	2
22018	2
22019	2
22020	2
22021	2
22022	2
22023	2
22024	2
22025	2
22026	2
22027	2
22028	2
22029	2
22030	2
22031	2
22032	2
22033	2
22034	2
22035	2
22036	2
22037	2
22038	2
22039	2
22040	2
22041	2
22042	2
22043	2
22044	2
22045	2
22046	2
22047	2
22048	2
22049	2
22050	2
22051	2
22052	2
22053	2
22054	2
22055	2
22056	2
22057	2
22058	2
22059	2
22060	2
22061	2
22062	2
22063	2
22064	2
22065	2
22066	2
22067	2
22068	2
22069	2
22070	2
22071	2
22072	2
22073	2
22074	2
22075	2
22076	2
22077	2
22078	2
22079	2
22080	2
22081	2
22082	2
22083	2
22084	2
22085	2
22086	2
22087	2
22088	2
22089	2
22090	2
22091	2
22092	2
22093	2
22094	2
22095	2
22096	2
22097	2
22098	2
22099	2
22100	2
22101	2
22102	2
22103	2
22104	2
22105	2
22106	2
22107	2
22108	2
22109	2
22110	2
22111	2
22112	2
22113	2
22114	2
22115	2
22116	2
22117	2
22118	2
22119	2
22120	2
22121	2
22122	2
22123	2
22124	2
22125	2
22126	2
22127	2
22128	2
22129	2
22130	2
22131	2
22132	2
22133	2
22134	2
22135	2
22136	2
22137	2
22138	2
22139	2
22140	2
22141	2
22142	2
22143	2
22144	2
22145	2
22146	2
22147	2
22148	2
22149	2
22150	2
22151	2
22152	2
22153	2
22154	2
22155	2
22156	2
22157	2
22158	2
22159	2
22160	2
22161	2
22162	2
22163	2
22164	2
22165	2
22166	2
22167	2
22168	2
22169	2
22170	2
22171	2
22172	2
22173	2
22174	2
22175	2
22176	2
22177	2
22178	2
22179	2
22180	2
22181	2
22182	2
22183	2
22184	2
22185	2
22186	2
22187	2
22188	2
22189	2
22190	2
22191	2
22192	2
22193	2
22194	2
22195	2
22196	2
22197	2
22198	2
22199	2
22200	2
22201	2
22202	2
22203	2
22204	2
22205	2
22206	2
22207	2
22208	2
22209	2
22210	2
22211	2
22212	2
22213	2
22214	2
22215	2
22216	2
22217	2
22218	2
22219	2
22220	2
22221	2
22222	2
22223	2
22224	2
22225	2
22226	2
22227	2
22228	2
22229	2
22230	2
22231	2
22232	2
22233	2
22234	2
22235	2
22236	2
22237	2
22238	2
22239	2
22240	2
22241	2
22242	2
22243	2
22244	2
22245	2
22246	2
22247	2
22248	2
22249	2
22250	2
22251	2
22252	2
22253	2
22254	2
22255	2
22256	2
22257	2
22258	2
22259	2
22260	2
22261	2
22262	2
22263	2
22264	2
22265	2
22266	2
22267	2
22268	2
22269	2
22270	2
22271	2
22272	2
22273	2
22274	2
22275	2
22276	2
22277	2
22278	2
22279	2
22280	2
22281	2
22282	2
22283	2
22284	2
22285	2
22286	2
22287	2
22288	2
22289	2
22290	2
22291	2
22292	2
22293	2
22294	2
22295	2
22296	2
22297	2
22298	2
22299	2
22300	2
22301	2
22302	2
22303	2
22304	2
22305	2
22306	2
22307	2
22308	2
22309	2
22310	2
22311	2
22312	2
22313	2
22314	2
22315	2
22316	2
22317	2
22318	2
22319	2
22320	2
22321	2
22322	2
22323	2
22324	2
22325	2
22326	2
22327	2
22328	2
22329	2
22330	2
22331	2
22332	2
22333	2
22334	2
22335	2
22336	2
22337	2
22338	2
22339	2
22340	2
22341	2
22342	2
22343	2
22344	2
22345	2
22346	2
22347	2
22348	2
22349	2
22350	2
22351	2
22352	2
22353	2
22354	2
22355	2
22356	2
22357	2
22358	2
22359	2
22360	2
22361	2
22362	2
22363	2
22364	2
22365	2
22366	2
22367	2
22368	2
22369	2
22370	2
22371	2
22372	2
22373	2
22374	2
22375	2
22376	2
22377	2
22378	2
22379	2
22380	2
22381	2
22382	2
22383	2
22384	2
22385	2
22386	2
22387	2
22388	2
22389	2
22390	2
22391	2
22392	2
22393	2
22394	2
22395	2
22396	2
22397	2
22398	2
22399	2
22400	2
22401	2
22402	2
22403	2
22404	2
22405	2
22406	2
22407	2
22408	2
22409	2
22410	2
22411	2
22412	2
22413	2
22414	2
22415	2
22416	2
22417	2
22418	2
22419	2
22420	2
22421	2
22422	2
22423	2
22424	2
22425	2
22426	2
22427	2
22428	2
22429	2
22430	2
22431	2
22432	2
22433	2
22434	2
22435	2
22436	2
22437	2
22438	2
22439	2
22440	2
22441	2
22442	2
22443	2
22444	2
22445	2
22446	2
22447	2
22448	2
22449	2
22450	2
22451	2
22452	2
22453	2
22454	2
22455	2
22456	2
22457	2
22458	2
22459	2
22460	2
22461	2
22462	2
22463	2
22464	2
22465	2
22466	2
22467	2
22468	2
22469	2
22470	2
22471	2
22472	2
22473	2
22474	2
22475	2
22476	2
22477	2
22478	2
22479	2
22480	2
22481	2
22482	2
22483	2
22484	2
22485	2
22486	2
22487	2
22488	2
22489	2
22490	2
22491	2
22492	2
22493	2
22494	2
22495	2
22496	2
22497	2
22498	2
22499	2
22500	2
22501	2
22502	2
22503	2
22504	2
22505	2
22506	2
22507	2
22508	2
22509	2
22510	2
22511	2
22512	2
22513	2
22514	2
22515	2
22516	2
22517	2
22518	2
22519	2
22520	2
22521	2
22522	2
22523	2
22524	2
22525	2
22526	2
22527	2
22528	2
22529	2
22530	2
22531	2
22532	2
22533	2
22534	2
22535	2
22536	2
22537	2
22538	2
22539	2
22540	2
22541	2
22542	2
22543	2
22544	2
22545	2
22546	2
22547	2
22548	2
22549	2
22550	2
22551	2
22552	2
22553	2
22554	2
22555	2
22556	2
22557	2
22558	2
22559	2
22560	2
22561	2
22562	2
22563	2
22564	2
22565	2
22566	2
22567	2
22568	2
22569	2
22570	2
22571	2
22572	2
22573	2
22574	2
22575	2
22576	2
22577	2
22578	2
22579	2
22580	2
22581	2
22582	2
22583	2
22584	2
22585	2
22586	2
22587	2
22588	2
22589	2
22590	2
22591	2
22592	2
22593	2
22594	2
22595	2
22596	2
22597	2
22598	2
22599	2
22600	2
22601	2
22602	2
22603	2
22604	2
22605	2
22606	2
22607	2
22608	2
22609	2
22610	2
22611	2
22612	2
22613	2
22614	2
22615	2
22616	2
22617	2
22618	2
22619	2
22620	2
22621	2
22622	2
22623	2
22624	2
22625	2
22626	2
22627	2
22628	2
22629	2
22630	2
22631	2
22632	2
22633	2
22634	2
22635	2
22636	2
22637	2
22638	2
22639	2
22640	2
22641	2
22642	2
22643	2
22644	2
22645	2
22646	2
22647	2
22648	2
22649	2
22650	2
22651	2
22652	2
22653	2
22654	2
22655	2
22656	2
22657	2
22658	2
22659	2
22660	2
22661	2
22662	2
22663	2
22664	2
22665	2
22666	2
22667	2
22668	2
22669	2
22670	2
22671	2
22672	2
22673	2
22674	2
22675	2
22676	2
22677	2
22678	2
22679	2
22680	2
22681	2
22682	2
22683	2
22684	2
22685	2
22686	2
22687	2
22688	2
22689	2
22690	2
22691	2
22692	2
22693	2
22694	2
22695	2
22696	2
22697	2
22698	2
22699	2
22700	2
22701	2
22702	2
22703	2
22704	2
22705	2
22706	2
22707	2
22708	2
22709	2
22710	2
22711	2
22712	2
22713	2
22714	2
22715	2
22716	2
22717	2
22718	2
22719	2
22720	2
22721	2
22722	2
22723	2
22724	2
22725	2
22726	2
22727	2
22728	2
22729	2
22730	2
22731	2
22732	2
22733	2
22734	2
22735	2
22736	2
22737	2
22738	2
22739	2
22740	2
22741	2
22742	2
22743	2
22744	2
22745	2
22746	2
22747	2
22748	2
22749	2
22750	2
22751	2
22752	2
22753	2
22754	2
22755	2
22756	2
22757	2
22758	2
22759	2
22760	2
22761	2
22762	2
22763	2
22764	2
22765	2
22766	2
22767	2
22768	2
22769	2
22770	2
22771	2
22772	2
22773	2
22774	2
22775	2
22776	2
22777	2
22778	2
22779	2
22780	2
22781	2
22782	2
22783	2
22784	2
22785	2
22786	2
22787	2
22788	2
22789	2
22790	2
22791	2
22792	2
22793	2
22794	2
22795	2
22796	2
22797	2
22798	2
22799	2
22800	2
22801	2
22802	2
22803	2
22804	2
22805	2
22806	2
22807	2
22808	2
22809	2
22810	2
22811	2
22812	2
22813	2
22814	2
22815	2
22816	2
22817	2
22818	2
22819	2
22820	2
22821	2
22822	2
22823	2
22824	2
22825	2
22826	2
22827	2
22828	2
22829	2
22830	2
22831	2
22832	2
22833	2
22834	2
22835	2
22836	2
22837	2
22838	2
22839	2
22840	2
22841	2
22842	2
22843	2
22844	2
22845	2
22846	2
22847	2
22848	2
22849	2
22850	2
22851	2
22852	2
22853	2
22854	2
22855	2
22856	2
22857	2
22858	2
22859	2
22860	2
22861	2
22862	2
22863	2
22864	2
22865	2
22866	2
22867	2
22868	2
22869	2
22870	2
22871	2
22872	2
22873	2
22874	2
22875	2
22876	2
22877	2
22878	2
22879	2
22880	2
22881	2
22882	2
22883	2
22884	2
22885	2
22886	2
22887	2
22888	2
22889	2
22890	2
22891	2
22892	2
22893	2
22894	2
22895	2
22896	2
22897	2
22898	2
22899	2
22900	2
22901	2
22902	2
22903	2
22904	2
22905	2
22906	2
22907	2
22908	2
22909	2
22910	2
22911	2
22912	2
22913	2
22914	2
22915	2
22916	2
22917	2
22918	2
22919	2
22920	2
22921	2
22922	2
22923	2
22924	2
22925	2
22926	2
22927	2
22928	2
22929	2
22930	2
22931	2
22932	2
22933	2
22934	2
22935	2
22936	2
22937	2
22938	2
22939	2
22940	2
22941	2
22942	2
22943	2
22944	2
22945	2
22946	2
22947	2
22948	2
22949	2
22950	2
22951	2
22952	2
22953	2
22954	2
22955	2
22956	2
22957	2
22958	2
22959	2
22960	2
22961	2
22962	2
22963	2
22964	2
22965	2
22966	2
22967	2
22968	2
22969	2
22970	2
22971	2
22972	2
22973	2
22974	2
22975	2
22976	2
22977	2
22978	2
22979	2
22980	2
22981	2
22982	2
22983	2
22984	2
22985	2
22986	2
22987	2
22988	2
22989	2
22990	2
22991	2
22992	2
22993	2
22994	2
22995	2
22996	2
22997	2
22998	2
22999	2
23000	2
23001	2
23002	2
23003	2
23004	2
23005	2
23006	2
23007	2
23008	2
23009	2
23010	2
23011	2
23012	2
23013	2
23014	2
23015	2
23016	2
23017	2
23018	2
23019	2
23020	2
23021	2
23022	2
23023	2
23024	2
23025	2
23026	2
23027	2
23028	2
23029	2
23030	2
23031	2
23032	2
23033	2
23034	2
23035	2
23036	2
23037	2
23038	2
23039	2
23040	2
23041	2
23042	2
23043	2
23044	2
23045	2
23046	2
23047	2
23048	2
23049	2
23050	2
23051	2
23052	2
23053	2
23054	2
23055	2
23056	2
23057	2
23058	2
23059	2
23060	2
23061	2
23062	2
23063	2
23064	2
23065	2
23066	2
23067	2
23068	2
23069	2
23070	2
23071	2
23072	2
23073	2
23074	2
23075	2
23076	2
23077	2
23078	2
23079	2
23080	2
23081	2
23082	2
23083	2
23084	2
23085	2
23086	2
23087	2
23088	2
23089	2
23090	2
23091	2
23092	2
23093	2
23094	2
23095	2
23096	2
23097	2
23098	2
23099	2
23100	2
23101	2
23102	2
23103	2
23104	2
23105	2
23106	2
23107	2
23108	2
23109	2
23110	2
23111	2
23112	2
23113	2
23114	2
23115	2
23116	2
23117	2
23118	2
23119	2
23120	2
23121	2
23122	2
23123	2
23124	2
23125	2
23126	2
23127	2
23128	2
23129	2
23130	2
23131	2
23132	2
23133	2
23134	2
23135	2
23136	2
23137	2
23138	2
23139	2
23140	2
23141	2
23142	2
23143	2
23144	2
23145	2
23146	2
23147	2
23148	2
23149	2
23150	2
23151	2
23152	2
23153	2
23154	2
23155	2
23156	2
23157	2
23158	2
23159	2
23160	2
23161	2
23162	2
23163	2
23164	2
23165	2
23166	2
23167	2
23168	2
23169	2
23170	2
23171	2
23172	2
23173	2
23174	2
23175	2
23176	2
23177	2
23178	2
23179	2
23180	2
23181	2
23182	2
23183	2
23184	2
23185	2
23186	2
23187	2
23188	2
23189	2
23190	2
23191	2
23192	2
23193	2
23194	2
23195	2
23196	2
23197	2
23198	2
23199	2
23200	2
23201	2
23202	2
23203	2
23204	2
23205	2
23206	2
23207	2
23208	2
23209	2
23210	2
23211	2
23212	2
23213	2
23214	2
23215	2
23216	2
23217	2
23218	2
23219	2
23220	2
23221	2
23222	2
23223	2
23224	2
23225	2
23226	2
23227	2
23228	2
23229	2
23230	2
23231	2
23232	2
23233	2
23234	2
23235	2
23236	2
23237	2
23238	2
23239	2
23240	2
23241	2
23242	2
23243	2
23244	2
23245	2
23246	2
23247	2
23248	2
23249	2
23250	2
23251	2
23252	2
23253	2
23254	2
23255	2
23256	2
23257	2
23258	2
23259	2
23260	2
23261	2
23262	2
23263	2
23264	2
23265	2
23266	2
23267	2
23268	2
23269	2
23270	2
23271	2
23272	2
23273	2
23274	2
23275	2
23276	2
23277	2
23278	2
23279	2
23280	2
23281	2
23282	2
23283	2
23284	2
23285	2
23286	2
23287	2
23288	2
23289	2
23290	2
23291	2
23292	2
23293	2
23294	2
23295	2
23296	2
23297	2
23298	2
23299	2
23300	2
23301	2
23302	2
23303	2
23304	2
23305	2
23306	2
23307	2
23308	2
23309	2
23310	2
23311	2
23312	2
23313	2
23314	2
23315	2
23316	2
23317	2
23318	2
23319	2
23320	2
23321	2
23322	2
23323	2
23324	2
23325	2
23326	2
23327	2
23328	2
23329	2
23330	2
23331	2
23332	2
23333	2
23334	2
23335	2
23336	2
23337	2
23338	2
23339	2
23340	2
23341	2
23342	2
23343	2
23344	2
23345	2
23346	2
23347	2
23348	2
23349	2
23350	2
23351	2
23352	2
23353	2
23354	2
23355	2
23356	2
23357	2
23358	2
23359	2
23360	2
23361	2
23362	2
23363	2
23364	2
23365	2
23366	2
23367	2
23368	2
23369	2
23370	2
23371	2
23372	2
23373	2
23374	2
23375	2
23376	2
23377	2
23378	2
23379	2
23380	2
23381	2
23382	2
23383	2
23384	2
23385	2
23386	2
23387	2
23388	2
23389	2
23390	2
23391	2
23392	2
23393	2
23394	2
23395	2
23396	2
23397	2
23398	2
23399	2
23400	2
23401	2
23402	2
23403	2
23404	2
23405	2
23406	2
23407	2
23408	2
23409	2
23410	2
23411	2
23412	2
23413	2
23414	2
23415	2
23416	2
23417	2
23418	2
23419	2
23420	2
23421	2
23422	2
23423	2
23424	2
23425	2
23426	2
23427	2
23428	2
23429	2
23430	2
23431	2
23432	2
23433	2
23434	2
23435	2
23436	2
23437	2
23438	2
23439	2
23440	2
23441	2
23442	2
23443	2
23444	2
23445	2
23446	2
23447	2
23448	2
23449	2
23450	2
23451	2
23452	2
23453	2
23454	2
23455	2
23456	2
23457	2
23458	2
23459	2
23460	2
23461	2
23462	2
23463	2
23464	2
23465	2
23466	2
23467	2
23468	2
23469	2
23470	2
23471	2
23472	2
23473	2
23474	2
23475	2
23476	2
23477	2
23478	2
23479	2
23480	2
23481	2
23482	2
23483	2
23484	2
23485	2
23486	2
23487	2
23488	2
23489	2
23490	2
23491	2
23492	2
23493	2
23494	2
23495	2
23496	2
23497	2
23498	2
23499	2
23500	2
23501	2
23502	2
23503	2
23504	2
23505	2
23506	2
23507	2
23508	2
23509	2
23510	2
23511	2
23512	2
23513	2
23514	2
23515	2
23516	2
23517	2
23518	2
23519	2
23520	2
23521	2
23522	2
23523	2
23524	2
23525	2
23526	2
23527	2
23528	2
23529	2
23530	2
23531	2
23532	2
23533	2
23534	2
23535	2
23536	2
23537	2
23538	2
23539	2
23540	2
23541	2
23542	2
23543	2
23544	2
23545	2
23546	2
23547	2
23548	2
23549	2
23550	2
23551	2
23552	2
23553	2
23554	2
23555	2
23556	2
23557	2
23558	2
23559	2
23560	2
23561	2
23562	2
23563	2
23564	2
23565	2
23566	2
23567	2
23568	2
23569	2
23570	2
23571	2
23572	2
23573	2
23574	2
23575	2
23576	2
23577	2
23578	2
23579	2
23580	2
23581	2
23582	2
23583	2
23584	2
23585	2
23586	2
23587	2
23588	2
23589	2
23590	2
23591	2
23592	2
23593	2
23594	2
23595	2
23596	2
23597	2
23598	2
23599	2
23600	2
23601	2
23602	2
23603	2
23604	2
23605	2
23606	2
23607	2
23608	2
23609	2
23610	2
23611	2
23612	2
23613	2
23614	2
23615	2
23616	2
23617	2
23618	2
23619	2
23620	2
23621	2
23622	2
23623	2
23624	2
23625	2
23626	2
23627	2
23628	2
23629	2
23630	2
23631	2
23632	2
23633	2
23634	2
23635	2
23636	2
23637	2
23638	2
23639	2
23640	2
23641	2
23642	2
23643	2
23644	2
23645	2
23646	2
23647	2
23648	2
23649	2
23650	2
23651	2
23652	2
23653	2
23654	2
23655	2
23656	2
23657	2
23658	2
23659	2
23660	2
23661	2
23662	2
23663	2
23664	2
23665	2
23666	2
23667	2
23668	2
23669	2
23670	2
23671	2
23672	2
23673	2
23674	2
23675	2
23676	2
23677	2
23678	2
23679	2
23680	2
23681	2
23682	2
23683	2
23684	2
23685	2
23686	2
23687	2
23688	2
23689	2
23690	2
23691	2
23692	2
23693	2
23694	2
23695	2
23696	2
23697	2
23698	2
23699	2
23700	2
23701	2
23702	2
23703	2
23704	2
23705	2
23706	2
23707	2
23708	2
23709	2
23710	2
23711	2
23712	2
23713	2
23714	2
23715	2
23716	2
23717	2
23718	2
23719	2
23720	2
23721	2
23722	2
23723	2
23724	2
23725	2
23726	2
23727	2
23728	2
23729	2
23730	2
23731	2
23732	2
23733	2
23734	2
23735	2
23736	2
23737	2
23738	2
23739	2
23740	2
23741	2
23742	2
23743	2
23744	2
23745	2
23746	2
23747	2
23748	2
23749	2
23750	2
23751	2
23752	2
23753	2
23754	2
23755	2
23756	2
23757	2
23758	2
23759	2
23760	2
23761	2
23762	2
23763	2
23764	2
23765	2
23766	2
23767	2
23768	2
23769	2
23770	2
23771	2
23772	2
23773	2
23774	2
23775	2
23776	2
23777	2
23778	2
23779	2
23780	2
23781	2
23782	2
23783	2
23784	2
23785	2
23786	2
23787	2
23788	2
23789	2
23790	2
23791	2
23792	2
23793	2
23794	2
23795	2
23796	2
23797	2
23798	2
23799	2
23800	2
23801	2
23802	2
23803	2
23804	2
23805	2
23806	2
23807	2
23808	2
23809	2
23810	2
23811	2
23812	2
23813	2
23814	2
23815	2
23816	2
23817	2
23818	2
23819	2
23820	2
23821	2
23822	2
23823	2
23824	2
23825	2
23826	2
23827	2
23828	2
23829	2
23830	2
23831	2
23832	2
23833	2
23834	2
23835	2
23836	2
23837	2
23838	2
23839	2
23840	2
23841	2
23842	2
23843	2
23844	2
23845	2
23846	2
23847	2
23848	2
23849	2
23850	2
23851	2
23852	2
23853	2
23854	2
23855	2
23856	2
23857	2
23858	2
23859	2
23860	2
23861	2
23862	2
23863	2
23864	2
23865	2
23866	2
23867	2
23868	2
23869	2
23870	2
23871	2
23872	2
23873	2
23874	2
23875	2
23876	2
23877	2
23878	2
23879	2
23880	2
23881	2
23882	2
23883	2
23884	2
23885	2
23886	2
23887	2
23888	2
23889	2
23890	2
23891	2
23892	2
23893	2
23894	2
23895	2
23896	2
23897	2
23898	2
23899	2
23900	2
23901	2
23902	2
23903	2
23904	2
23905	2
23906	2
23907	2
23908	2
23909	2
23910	2
23911	2
23912	2
23913	2
23914	2
23915	2
23916	2
23917	2
23918	2
23919	2
23920	2
23921	2
23922	2
23923	2
23924	2
23925	2
23926	2
23927	2
23928	2
23929	2
23930	2
23931	2
23932	2
23933	2
23934	2
23935	2
23936	2
23937	2
23938	2
23939	2
23940	2
23941	2
23942	2
23943	2
23944	2
23945	2
23946	2
23947	2
23948	2
23949	2
23950	2
23951	2
23952	2
23953	2
23954	2
23955	2
23956	2
23957	2
23958	2
23959	2
23960	2
23961	2
23962	2
23963	2
23964	2
23965	2
23966	2
23967	2
23968	2
23969	2
23970	2
23971	2
23972	2
23973	2
23974	2
23975	2
23976	2
23977	2
23978	2
23979	2
23980	2
23981	2
23982	2
23983	2
23984	2
23985	2
23986	2
23987	2
23988	2
23989	2
23990	2
23991	2
23992	2
23993	2
23994	2
23995	2
23996	2
23997	2
23998	2
23999	2
24000	2
24001	2
24002	2
24003	2
24004	2
24005	2
24006	2
24007	2
24008	2
24009	2
24010	2
24011	2
24012	2
24013	2
24014	2
24015	2
24016	2
24017	2
24018	2
24019	2
24020	2
24021	2
24022	2
24023	2
24024	2
24025	2
24026	2
24027	2
24028	2
24029	2
24030	2
24031	2
24032	2
24033	2
24034	2
24035	2
24036	2
24037	2
24038	2
24039	2
24040	2
24041	2
24042	2
24043	2
24044	2
24045	2
24046	2
24047	2
24048	2
24049	2
24050	2
24051	2
24052	2
24053	2
24054	2
24055	2
24056	2
24057	2
24058	2
24059	2
24060	2
24061	2
24062	2
24063	2
24064	2
24065	2
24066	2
24067	2
24068	2
24069	2
24070	2
24071	2
24072	2
24073	2
24074	2
24075	2
24076	2
24077	2
24078	2
24079	2
24080	2
24081	2
24082	2
24083	2
24084	2
24085	2
24086	2
24087	2
24088	2
24089	2
24090	2
24091	2
24092	2
24093	2
24094	2
24095	2
24096	2
24097	2
24098	2
24099	2
24100	2
24101	2
24102	2
24103	2
24104	2
24105	2
24106	2
24107	2
24108	2
24109	2
24110	2
24111	2
24112	2
24113	2
24114	2
24115	2
24116	2
24117	2
24118	2
24119	2
24120	2
24121	2
24122	2
24123	2
24124	2
24125	2
24126	2
24127	2
24128	2
24129	2
24130	2
24131	2
24132	2
24133	2
24134	2
24135	2
24136	2
24137	2
24138	2
24139	2
24140	2
24141	2
24142	2
24143	2
24144	2
24145	2
24146	2
24147	2
24148	2
24149	2
24150	2
24151	2
24152	2
24153	2
24154	2
24155	2
24156	2
24157	2
24158	2
24159	2
24160	2
24161	2
24162	2
24163	2
24164	2
24165	2
24166	2
24167	2
24168	2
24169	2
24170	2
24171	2
24172	2
24173	2
24174	2
24175	2
24176	2
24177	2
24178	2
24179	2
24180	2
24181	2
24182	2
24183	2
24184	2
24185	2
24186	2
24187	2
24188	2
24189	2
24190	2
24191	2
24192	2
24193	2
24194	2
24195	2
24196	2
24197	2
24198	2
24199	2
24200	2
24201	2
24202	2
24203	2
24204	2
24205	2
24206	2
24207	2
24208	2
24209	2
24210	2
24211	2
24212	2
24213	2
24214	2
24215	2
24216	2
24217	2
24218	2
24219	2
24220	2
24221	2
24222	2
24223	2
24224	2
24225	2
24226	2
24227	2
24228	2
24229	2
24230	2
24231	2
24232	2
24233	2
24234	2
24235	2
24236	2
24237	2
24238	2
24239	2
24240	2
24241	2
24242	2
24243	2
24244	2
24245	2
24246	2
24247	2
24248	2
24249	2
24250	2
24251	2
24252	2
24253	2
24254	2
24255	2
24256	2
24257	2
24258	2
24259	2
24260	2
24261	2
24262	2
24263	2
24264	2
24265	2
24266	2
24267	2
24268	2
24269	2
24270	2
24271	2
24272	2
24273	2
24274	2
24275	2
24276	2
24277	2
24278	2
24279	2
24280	2
24281	2
24282	2
24283	2
24284	2
24285	2
24286	2
24287	2
24288	2
24289	2
24290	2
24291	2
24292	2
24293	2
24294	2
24295	2
24296	2
24297	2
24298	2
24299	2
24300	2
24301	2
24302	2
24303	2
24304	2
24305	2
24306	2
24307	2
24308	2
24309	2
24310	2
24311	2
24312	2
24313	2
24314	2
24315	2
24316	2
24317	2
24318	2
24319	2
24320	2
24321	2
24322	2
24323	2
24324	2
24325	2
24326	2
24327	2
24328	2
24329	2
24330	2
24331	2
24332	2
24333	2
24334	2
24335	2
24336	2
24337	2
24338	2
24339	2
24340	2
24341	2
24342	2
24343	2
24344	2
24345	2
24346	2
24347	2
24348	2
24349	2
24350	2
24351	2
24352	2
24353	2
24354	2
24355	2
24356	2
24357	2
24358	2
24359	2
24360	2
24361	2
24362	2
24363	2
24364	2
24365	2
24366	2
24367	2
24368	2
24369	2
24370	2
24371	2
24372	2
24373	2
24374	2
24375	2
24376	2
24377	2
24378	2
24379	2
24380	2
24381	2
24382	2
24383	2
24384	2
24385	2
24386	2
24387	2
24388	2
24389	2
24390	2
24391	2
24392	2
24393	2
24394	2
24395	2
24396	2
24397	2
24398	2
24399	2
24400	2
24401	2
24402	2
24403	2
24404	2
24405	2
24406	2
24407	2
24408	2
24409	2
24410	2
24411	2
24412	2
24413	2
24414	2
24415	2
24416	2
24417	2
24418	2
24419	2
24420	2
24421	2
24422	2
24423	2
24424	2
24425	2
24426	2
24427	2
24428	2
24429	2
24430	2
24431	2
24432	2
24433	2
24434	2
24435	2
24436	2
24437	2
24438	2
24439	2
24440	2
24441	2
24442	2
24443	2
24444	2
24445	2
24446	2
24447	2
24448	2
24449	2
24450	2
24451	2
24452	2
24453	2
24454	2
24455	2
24456	2
24457	2
24458	2
24459	2
24460	2
24461	2
24462	2
24463	2
24464	2
24465	2
24466	2
24467	2
24468	2
24469	2
24470	2
24471	2
24472	2
24473	2
24474	2
24475	2
24476	2
24477	2
24478	2
24479	2
24480	2
24481	2
24482	2
24483	2
24484	2
24485	2
24486	2
24487	2
24488	2
24489	2
24490	2
24491	2
24492	2
24493	2
24494	2
24495	2
24496	2
24497	2
24498	2
24499	2
24500	2
24501	2
24502	2
24503	2
24504	2
24505	2
24506	2
24507	2
24508	2
24509	2
24510	2
24511	2
24512	2
24513	2
24514	2
24515	2
24516	2
24517	2
24518	2
24519	2
24520	2
24521	2
24522	2
24523	2
24524	2
24525	2
24526	2
24527	2
24528	2
24529	2
24530	2
24531	2
24532	2
24533	2
24534	2
24535	2
24536	2
24537	2
24538	2
24539	2
24540	2
24541	2
24542	2
24543	2
24544	2
24545	2
24546	2
24547	2
24548	2
24549	2
24550	2
24551	2
24552	2
24553	2
24554	2
24555	2
24556	2
24557	2
24558	2
24559	2
24560	2
24561	2
24562	2
24563	2
24564	2
24565	2
24566	2
24567	2
24568	2
24569	2
24570	2
24571	2
24572	2
24573	2
24574	2
24575	2
24576	2
24577	2
24578	2
24579	2
24580	2
24581	2
24582	2
24583	2
24584	2
24585	2
24586	2
24587	2
24588	2
24589	2
24590	2
24591	2
24592	2
24593	2
24594	2
24595	2
24596	2
24597	2
24598	2
24599	2
24600	2
24601	2
24602	2
24603	2
24604	2
24605	2
24606	2
24607	2
24608	2
24609	2
24610	2
24611	2
24612	2
24613	2
24614	2
24615	2
24616	2
24617	2
24618	2
24619	2
24620	2
24621	2
24622	2
24623	2
24624	2
24625	2
24626	2
24627	2
24628	2
24629	2
24630	2
24631	2
24632	2
24633	2
24634	2
24635	2
24636	2
24637	2
24638	2
24639	2
24640	2
24641	2
24642	2
24643	2
24644	2
24645	2
24646	2
24647	2
24648	2
24649	2
24650	2
24651	2
24652	2
24653	2
24654	2
24655	2
24656	2
24657	2
24658	2
24659	2
24660	2
24661	2
24662	2
24663	2
24664	2
24665	2
24666	2
24667	2
24668	2
24669	2
24670	2
24671	2
24672	2
24673	2
24674	2
24675	2
24676	2
24677	2
24678	2
24679	2
24680	2
24681	2
24682	2
24683	2
24684	2
24685	2
24686	2
24687	2
24688	2
24689	2
24690	2
24691	2
24692	2
24693	2
24694	2
24695	2
24696	2
24697	2
24698	2
24699	2
24700	2
24701	2
24702	2
24703	2
24704	2
24705	2
24706	2
24707	2
24708	2
24709	2
24710	2
24711	2
24712	2
24713	2
24714	2
24715	2
24716	2
24717	2
24718	2
24719	2
24720	2
24721	2
24722	2
24723	2
24724	2
24725	2
24726	2
24727	2
24728	2
24729	2
24730	2
24731	2
24732	2
24733	2
24734	2
24735	2
24736	2
24737	2
24738	2
24739	2
24740	2
24741	2
24742	2
24743	2
24744	2
24745	2
24746	2
24747	2
24748	2
24749	2
24750	2
24751	2
24752	2
24753	2
24754	2
24755	2
24756	2
24757	2
24758	2
24759	2
24760	2
24761	2
24762	2
24763	2
24764	2
24765	2
24766	2
24767	2
24768	2
24769	2
24770	2
24771	2
24772	2
24773	2
24774	2
24775	2
24776	2
24777	2
24778	2
24779	2
24780	2
24781	2
24782	2
24783	2
24784	2
24785	2
24786	2
24787	2
24788	2
24789	2
24790	2
24791	2
24792	2
24793	2
24794	2
24795	2
24796	2
24797	2
24798	2
24799	2
24800	2
24801	2
24802	2
24803	2
24804	2
24805	2
24806	2
24807	2
24808	2
24809	2
24810	2
24811	2
24812	2
24813	2
24814	2
24815	2
24816	2
24817	2
24818	2
24819	2
24820	2
24821	2
24822	2
24823	2
24824	2
24825	2
24826	2
24827	2
24828	2
24829	2
24830	2
24831	2
24832	2
24833	2
24834	2
24835	2
24836	2
24837	2
24838	2
24839	2
24840	2
24841	2
24842	2
24843	2
24844	2
24845	2
24846	2
24847	2
24848	2
24849	2
24850	2
24851	2
24852	2
24853	2
24854	2
24855	2
24856	2
24857	2
24858	2
24859	2
24860	2
24861	2
24862	2
24863	2
24864	2
24865	2
24866	2
24867	2
24868	2
24869	2
24870	2
24871	2
24872	2
24873	2
24874	2
24875	2
24876	2
24877	2
24878	2
24879	2
24880	2
24881	2
24882	2
24883	2
24884	2
24885	2
24886	2
24887	2
24888	2
24889	2
24890	2
24891	2
24892	2
24893	2
24894	2
24895	2
24896	2
24897	2
24898	2
24899	2
24900	2
24901	2
24902	2
24903	2
24904	2
24905	2
24906	2
24907	2
24908	2
24909	2
24910	2
24911	2
24912	2
24913	2
24914	2
24915	2
24916	2
24917	2
24918	2
24919	2
24920	2
24921	2
24922	2
24923	2
24924	2
24925	2
24926	2
24927	2
24928	2
24929	2
24930	2
24931	2
24932	2
24933	2
24934	2
24935	2
24936	2
24937	2
24938	2
24939	2
24940	2
24941	2
24942	2
24943	2
24944	2
24945	2
24946	2
24947	2
24948	2
24949	2
24950	2
24951	2
24952	2
24953	2
24954	2
24955	2
24956	2
24957	2
24958	2
24959	2
24960	2
24961	2
24962	2
24963	2
24964	2
24965	2
24966	2
24967	2
24968	2
24969	2
24970	2
24971	2
24972	2
24973	2
24974	2
24975	2
24976	2
24977	2
24978	2
24979	2
24980	2
24981	2
24982	2
24983	2
24984	2
24985	2
24986	2
24987	2
24988	2
24989	2
24990	2
24991	2
24992	2
24993	2
24994	2
24995	2
24996	2
24997	2
24998	2
24999	2
25000	2
25001	2
25002	2
25003	2
25004	2
25005	2
25006	2
25007	2
25008	2
25009	2
25010	2
25011	2
25012	2
25013	2
25014	2
25015	2
25016	2
25017	2
25018	2
25019	2
25020	2
25021	2
25022	2
25023	2
25024	2
25025	2
25026	2
25027	2
25028	2
25029	2
25030	2
25031	2
25032	2
25033	2
25034	2
25035	2
25036	2
25037	2
25038	2
25039	2
25040	2
25041	2
25042	2
25043	2
25044	2
25045	2
25046	2
25047	2
25048	2
25049	2
25050	2
25051	2
25052	2
25053	2
25054	2
25055	2
25056	2
25057	2
25058	2
25059	2
25060	2
25061	2
25062	2
25063	2
25064	2
25065	2
25066	2
25067	2
25068	2
25069	2
25070	2
25071	2
25072	2
25073	2
25074	2
25075	2
25076	2
25077	2
25078	2
25079	2
25080	2
25081	2
25082	2
25083	2
25084	2
25085	2
25086	2
25087	2
25088	2
25089	2
25090	2
25091	2
25092	2
25093	2
25094	2
25095	2
25096	2
25097	2
25098	2
25099	2
25100	2
25101	2
25102	2
25103	2
25104	2
25105	2
25106	2
25107	2
25108	2
25109	2
25110	2
25111	2
25112	2
25113	2
25114	2
25115	2
25116	2
25117	2
25118	2
25119	2
25120	2
25121	2
25122	2
25123	2
25124	2
25125	2
25126	2
25127	2
25128	2
25129	2
25130	2
25131	2
25132	2
25133	2
25134	2
25135	2
25136	2
25137	2
25138	2
25139	2
25140	2
25141	2
25142	2
25143	2
25144	2
25145	2
25146	2
25147	2
25148	2
25149	2
25150	2
25151	2
25152	2
25153	2
25154	2
25155	2
25156	2
25157	2
25158	2
25159	2
25160	2
25161	2
25162	2
25163	2
25164	2
25165	2
25166	2
25167	2
25168	2
25169	2
25170	2
25171	2
25172	2
25173	2
25174	2
25175	2
25176	2
25177	2
25178	2
25179	2
25180	2
25181	2
25182	2
25183	2
25184	2
25185	2
25186	2
25187	2
25188	2
25189	2
25190	2
25191	2
25192	2
25193	2
25194	2
25195	2
25196	2
25197	2
25198	2
25199	2
25200	2
25201	2
25202	2
25203	2
25204	2
25205	2
25206	2
25207	2
25208	2
25209	2
25210	2
25211	2
25212	2
25213	2
25214	2
25215	2
25216	2
25217	2
25218	2
25219	2
25220	2
25221	2
25222	2
25223	2
25224	2
25225	2
25226	2
25227	2
25228	2
25229	2
25230	2
25231	2
25232	2
25233	2
25234	2
25235	2
25236	2
25237	2
25238	2
25239	2
25240	2
25241	2
25242	2
25243	2
25244	2
25245	2
25246	2
25247	2
25248	2
25249	2
25250	2
25251	2
25252	2
25253	2
25254	2
25255	2
25256	2
25257	2
25258	2
25259	2
25260	2
25261	2
25262	2
25263	2
25264	2
25265	2
25266	2
25267	2
25268	2
25269	2
25270	2
25271	2
25272	2
25273	2
25274	2
25275	2
25276	2
25277	2
25278	2
25279	2
25280	2
25281	2
25282	2
25283	2
25284	2
25285	2
25286	2
25287	2
25288	2
25289	2
25290	2
25291	2
25292	2
25293	2
25294	2
25295	2
25296	2
25297	2
25298	2
25299	2
25300	2
25301	2
25302	2
25303	2
25304	2
25305	2
25306	2
25307	2
25308	2
25309	2
25310	2
25311	2
25312	2
25313	2
25314	2
25315	2
25316	2
25317	2
25318	2
25319	2
25320	2
25321	2
25322	2
25323	2
25324	2
25325	2
25326	2
25327	2
25328	2
25329	2
25330	2
25331	2
25332	2
25333	2
25334	2
25335	2
25336	2
25337	2
25338	2
25339	2
25340	2
25341	2
25342	2
25343	2
25344	2
25345	2
25346	2
25347	2
25348	2
25349	2
25350	2
25351	2
25352	2
25353	2
25354	2
25355	2
25356	2
25357	2
25358	2
25359	2
25360	2
25361	2
25362	2
25363	2
25364	2
25365	2
25366	2
25367	2
25368	2
25369	2
25370	2
25371	2
25372	2
25373	2
25374	2
25375	2
25376	2
25377	2
25378	2
25379	2
25380	2
25381	2
25382	2
25383	2
25384	2
25385	2
25386	2
25387	2
25388	2
25389	2
25390	2
25391	2
25392	2
25393	2
25394	2
25395	2
25396	2
25397	2
25398	2
25399	2
25400	2
25401	2
25402	2
25403	2
25404	2
25405	2
25406	2
25407	2
25408	2
25409	2
25410	2
25411	2
25412	2
25413	2
25414	2
25415	2
25416	2
25417	2
25418	2
25419	2
25420	2
25421	2
25422	2
25423	2
25424	2
25425	2
25426	2
25427	2
25428	2
25429	2
25430	2
25431	2
25432	2
25433	2
25434	2
25435	2
25436	2
25437	2
25438	2
25439	2
25440	2
25441	2
25442	2
25443	2
25444	2
25445	2
25446	2
25447	2
25448	2
25449	2
25450	2
25451	2
25452	2
25453	2
25454	2
25455	2
25456	2
25457	2
25458	2
25459	2
25460	2
25461	2
25462	2
25463	2
25464	2
25465	2
25466	2
25467	2
25468	2
25469	2
25470	2
25471	2
25472	2
25473	2
25474	2
25475	2
25476	2
25477	2
25478	2
25479	2
25480	2
25481	2
25482	2
25483	2
25484	2
25485	2
25486	2
25487	2
25488	2
25489	2
25490	2
25491	2
25492	2
25493	2
25494	2
25495	2
25496	2
25497	2
25498	2
25499	2
25500	2
25501	2
25502	2
25503	2
25504	2
25505	2
25506	2
25507	2
25508	2
25509	2
25510	2
25511	2
25512	2
25513	2
25514	2
25515	2
25516	2
25517	2
25518	2
25519	2
25520	2
25521	2
25522	2
25523	2
25524	2
25525	2
25526	2
25527	2
25528	2
25529	2
25530	2
25531	2
25532	2
25533	2
25534	2
25535	2
25536	2
25537	2
25538	2
25539	2
25540	2
25541	2
25542	2
25543	2
25544	2
25545	2
25546	2
25547	2
25548	2
25549	2
25550	2
25551	2
25552	2
25553	2
25554	2
25555	2
25556	2
25557	2
25558	2
25559	2
25560	2
25561	2
25562	2
25563	2
25564	2
25565	2
25566	2
25567	2
25568	2
25569	2
25570	2
25571	2
25572	2
25573	2
25574	2
25575	2
25576	2
25577	2
25578	2
25579	2
25580	2
25581	2
25582	2
25583	2
25584	2
25585	2
25586	2
25587	2
25588	2
25589	2
25590	2
25591	2
25592	2
25593	2
25594	2
25595	2
25596	2
25597	2
25598	2
25599	2
25600	2
25601	2
25602	2
25603	2
25604	2
25605	2
25606	2
25607	2
25608	2
25609	2
25610	2
25611	2
25612	2
25613	2
25614	2
25615	2
25616	2
25617	2
25618	2
25619	2
25620	2
25621	2
25622	2
25623	2
25624	2
25625	2
25626	2
25627	2
25628	2
25629	2
25630	2
25631	2
25632	2
25633	2
25634	2
25635	2
25636	2
25637	2
25638	2
25639	2
25640	2
25641	2
25642	2
25643	2
25644	2
25645	2
25646	2
25647	2
25648	2
25649	2
25650	2
25651	2
25652	2
25653	2
25654	2
25655	2
25656	2
25657	2
25658	2
25659	2
25660	2
25661	2
25662	2
25663	2
25664	2
25665	2
25666	2
25667	2
25668	2
25669	2
25670	2
25671	2
25672	2
25673	2
25674	2
25675	2
25676	2
25677	2
25678	2
25679	2
25680	2
25681	2
25682	2
25683	2
25684	2
25685	2
25686	2
25687	2
25688	2
25689	2
25690	2
25691	2
25692	2
25693	2
25694	2
25695	2
25696	2
25697	2
25698	2
25699	2
25700	2
25701	2
25702	2
25703	2
25704	2
25705	2
25706	2
25707	2
25708	2
25709	2
25710	2
25711	2
25712	2
25713	2
25714	2
25715	2
25716	2
25717	2
25718	2
25719	2
25720	2
25721	2
25722	2
25723	2
25724	2
25725	2
25726	2
25727	2
25728	2
25729	2
25730	2
25731	2
25732	2
25733	2
25734	2
25735	2
25736	2
25737	2
25738	2
25739	2
25740	2
25741	2
25742	2
25743	2
25744	2
25745	2
25746	2
25747	2
25748	2
25749	2
25750	2
25751	2
25752	2
25753	2
25754	2
25755	2
25756	2
25757	2
25758	2
25759	2
25760	2
25761	2
25762	2
25763	2
25764	2
25765	2
25766	2
25767	2
25768	2
25769	2
25770	2
25771	2
25772	2
25773	2
25774	2
25775	2
25776	2
25777	2
25778	2
25779	2
25780	2
25781	2
25782	2
25783	2
25784	2
25785	2
25786	2
25787	2
25788	2
25789	2
25790	2
25791	2
25792	2
25793	2
25794	2
25795	2
25796	2
25797	2
25798	2
25799	2
25800	2
25801	2
25802	2
25803	2
25804	2
25805	2
25806	2
25807	2
25808	2
25809	2
25810	2
25811	2
25812	2
25813	2
25814	2
25815	2
25816	2
25817	2
25818	2
25819	2
25820	2
25821	2
25822	2
25823	2
25824	2
25825	2
25826	2
25827	2
25828	2
25829	2
25830	2
25831	2
25832	2
25833	2
25834	2
25835	2
25836	2
25837	2
25838	2
25839	2
25840	2
25841	2
25842	2
25843	2
25844	2
25845	2
25846	2
25847	2
25848	2
25849	2
25850	2
25851	2
25852	2
25853	2
25854	2
25855	2
25856	2
25857	2
25858	2
25859	2
25860	2
25861	2
25862	2
25863	2
25864	2
25865	2
25866	2
25867	2
25868	2
25869	2
25870	2
25871	2
25872	2
25873	2
25874	2
25875	2
25876	2
25877	2
25878	2
25879	2
25880	2
25881	2
25882	2
25883	2
25884	2
25885	2
25886	2
25887	2
25888	2
25889	2
25890	2
25891	2
25892	2
25893	2
25894	2
25895	2
25896	2
25897	2
25898	2
25899	2
25900	2
25901	2
25902	2
25903	2
25904	2
25905	2
25906	2
25907	2
25908	2
25909	2
25910	2
25911	2
25912	2
25913	2
25914	2
25915	2
25916	2
25917	2
25918	2
25919	2
25920	2
25921	2
25922	2
25923	2
25924	2
25925	2
25926	2
25927	2
25928	2
25929	2
25930	2
25931	2
25932	2
25933	2
25934	2
25935	2
25936	2
25937	2
25938	2
25939	2
25940	2
25941	2
25942	2
25943	2
25944	2
25945	2
25946	2
25947	2
25948	2
25949	2
25950	2
25951	2
25952	2
25953	2
25954	2
25955	2
25956	2
25957	2
25958	2
25959	2
25960	2
25961	2
25962	2
25963	2
25964	2
25965	2
25966	2
25967	2
25968	2
25969	2
25970	2
25971	2
25972	2
25973	2
25974	2
25975	2
25976	2
25977	2
25978	2
25979	2
25980	2
25981	2
25982	2
25983	2
25984	2
25985	2
25986	2
25987	2
25988	2
25989	2
25990	2
25991	2
25992	2
25993	2
25994	2
25995	2
25996	2
25997	2
25998	2
25999	2
26000	2
26001	2
26002	2
26003	2
26004	2
26005	2
26006	2
26007	2
26008	2
26009	2
26010	2
26011	2
26012	2
26013	2
26014	2
26015	2
26016	2
26017	2
26018	2
26019	2
26020	2
26021	2
26022	2
26023	2
26024	2
26025	2
26026	2
26027	2
26028	2
26029	2
26030	2
26031	2
26032	2
26033	2
26034	2
26035	2
26036	2
26037	2
26038	2
26039	2
26040	2
26041	2
26042	2
26043	2
26044	2
26045	2
26046	2
26047	2
26048	2
26049	2
26050	2
26051	2
26052	2
26053	2
26054	2
26055	2
26056	2
26057	2
26058	2
26059	2
26060	2
26061	2
26062	2
26063	2
26064	2
26065	2
26066	2
26067	2
26068	2
26069	2
26070	2
26071	2
26072	2
26073	2
26074	2
26075	2
26076	2
26077	2
26078	2
26079	2
26080	2
26081	2
26082	2
26083	2
26084	2
26085	2
26086	2
26087	2
26088	2
26089	2
26090	2
26091	2
26092	2
26093	2
26094	2
26095	2
26096	2
26097	2
26098	2
26099	2
26100	2
26101	2
26102	2
26103	2
26104	2
26105	2
26106	2
26107	2
26108	2
26109	2
26110	2
26111	2
26112	2
26113	2
26114	2
26115	2
26116	2
26117	2
26118	2
26119	2
26120	2
26121	2
26122	2
26123	2
26124	2
26125	2
26126	2
26127	2
26128	2
26129	2
26130	2
26131	2
26132	2
26133	2
26134	2
26135	2
26136	2
26137	2
26138	2
26139	2
26140	2
26141	2
26142	2
26143	2
26144	2
26145	2
26146	2
26147	2
26148	2
26149	2
26150	2
26151	2
26152	2
26153	2
26154	2
26155	2
26156	2
26157	2
26158	2
26159	2
26160	2
26161	2
26162	2
26163	2
26164	2
26165	2
26166	2
26167	2
26168	2
26169	2
26170	2
26171	2
26172	2
26173	2
26174	2
26175	2
26176	2
26177	2
26178	2
26179	2
26180	2
26181	2
26182	2
26183	2
26184	2
26185	2
26186	2
26187	2
26188	2
26189	2
26190	2
26191	2
26192	2
26193	2
26194	2
26195	2
26196	2
26197	2
26198	2
26199	2
26200	2
26201	2
26202	2
26203	2
26204	2
26205	2
26206	2
26207	2
26208	2
26209	2
26210	2
26211	2
26212	2
26213	2
26214	2
26215	2
26216	2
26217	2
26218	2
26219	2
26220	2
26221	2
26222	2
26223	2
26224	2
26225	2
26226	2
26227	2
26228	2
26229	2
26230	2
26231	2
26232	2
26233	2
26234	2
26235	2
26236	2
26237	2
26238	2
26239	2
26240	2
26241	2
26242	2
26243	2
26244	2
26245	2
26246	2
26247	2
26248	2
26249	2
26250	2
26251	2
26252	2
26253	2
26254	2
26255	2
26256	2
26257	2
26258	2
26259	2
26260	2
26261	2
26262	2
26263	2
26264	2
26265	2
26266	2
26267	2
26268	2
26269	2
26270	2
26271	2
26272	2
26273	2
26274	2
26275	2
26276	2
26277	2
26278	2
26279	2
26280	2
26281	2
26282	2
26283	2
26284	2
26285	2
26286	2
26287	2
26288	2
26289	2
26290	2
26291	2
26292	2
26293	2
26294	2
26295	2
26296	2
26297	2
26298	2
26299	2
26300	2
26301	2
26302	2
26303	2
26304	2
26305	2
26306	2
26307	2
26308	2
26309	2
26310	2
26311	2
26312	2
26313	2
26314	2
26315	2
26316	2
26317	2
26318	2
26319	2
26320	2
26321	2
26322	2
26323	2
26324	2
26325	2
26326	2
26327	2
26328	2
26329	2
26330	2
26331	2
26332	2
26333	2
26334	2
26335	2
26336	2
26337	2
26338	2
26339	2
26340	2
26341	2
26342	2
26343	2
26344	2
26345	2
26346	2
26347	2
26348	2
26349	2
26350	2
26351	2
26352	2
26353	2
26354	2
26355	2
26356	2
26357	2
26358	2
26359	2
26360	2
26361	2
26362	2
26363	2
26364	2
26365	2
26366	2
26367	2
26368	2
26369	2
26370	2
26371	2
26372	2
26373	2
26374	2
26375	2
26376	2
26377	2
26378	2
26379	2
26380	2
26381	2
26382	2
26383	2
26384	2
26385	2
26386	2
26387	2
26388	2
26389	2
26390	2
26391	2
26392	2
26393	2
26394	2
26395	2
26396	2
26397	2
26398	2
26399	2
26400	2
26401	2
26402	2
26403	2
26404	2
26405	2
26406	2
26407	2
26408	2
26409	2
26410	2
26411	2
26412	2
26413	2
26414	2
26415	2
26416	2
26417	2
26418	2
26419	2
26420	2
26421	2
26422	2
26423	2
26424	2
26425	2
26426	2
26427	2
26428	2
26429	2
26430	2
26431	2
26432	2
26433	2
26434	2
26435	2
26436	2
26437	2
26438	2
26439	2
26440	2
26441	2
26442	2
26443	2
26444	2
26445	2
26446	2
26447	2
26448	2
26449	2
26450	2
26451	2
26452	2
26453	2
26454	2
26455	2
26456	2
26457	2
26458	2
26459	2
26460	2
26461	2
26462	2
26463	2
26464	2
26465	2
26466	2
26467	2
26468	2
26469	2
26470	2
26471	2
26472	2
26473	2
26474	2
26475	2
26476	2
26477	2
26478	2
26479	2
26480	2
26481	2
26482	2
26483	2
26484	2
26485	2
26486	2
26487	2
26488	2
26489	2
26490	2
26491	2
26492	2
26493	2
26494	2
26495	2
26496	2
26497	2
26498	2
26499	2
26500	2
26501	2
26502	2
26503	2
26504	2
26505	2
26506	2
26507	2
26508	2
26509	2
26510	2
26511	2
26512	2
26513	2
26514	2
26515	2
26516	2
26517	2
26518	2
26519	2
26520	2
26521	2
26522	2
26523	2
26524	2
26525	2
26526	2
26527	2
26528	2
26529	2
26530	2
26531	2
26532	2
26533	2
26534	2
26535	2
26536	2
26537	2
26538	2
26539	2
26540	2
26541	2
26542	2
26543	2
26544	2
26545	2
26546	2
26547	2
26548	2
26549	2
26550	2
26551	2
26552	2
26553	2
26554	2
26555	2
26556	2
26557	2
26558	2
26559	2
26560	2
26561	2
26562	2
26563	2
26564	2
26565	2
26566	2
26567	2
26568	2
26569	2
26570	2
26571	2
26572	2
26573	2
26574	2
26575	2
26576	2
26577	2
26578	2
26579	2
26580	2
26581	2
26582	2
26583	2
26584	2
26585	2
26586	2
26587	2
26588	2
26589	2
26590	2
26591	2
26592	2
26593	2
26594	2
26595	2
26596	2
26597	2
26598	2
26599	2
26600	2
26601	2
26602	2
26603	2
26604	2
26605	2
26606	2
26607	2
26608	2
26609	2
26610	2
26611	2
26612	2
26613	2
26614	2
26615	2
26616	2
26617	2
26618	2
26619	2
26620	2
26621	2
26622	2
26623	2
26624	2
26625	2
26626	2
26627	2
26628	2
26629	2
26630	2
26631	2
26632	2
26633	2
26634	2
26635	2
26636	2
26637	2
26638	2
26639	2
26640	2
26641	2
26642	2
26643	2
26644	2
26645	2
26646	2
26647	2
26648	2
26649	2
26650	2
26651	2
26652	2
26653	2
26654	2
26655	2
26656	2
26657	2
26658	2
26659	2
26660	2
26661	2
26662	2
26663	2
26664	2
26665	2
26666	2
26667	2
26668	2
26669	2
26670	2
26671	2
26672	2
26673	2
26674	2
26675	2
26676	2
26677	2
26678	2
26679	2
26680	2
26681	2
26682	2
26683	2
26684	2
26685	2
26686	2
26687	2
26688	2
26689	2
26690	2
26691	2
26692	2
26693	2
26694	2
26695	2
26696	2
26697	2
26698	2
26699	2
26700	2
26701	2
26702	2
26703	2
26704	2
26705	2
26706	2
26707	2
26708	2
26709	2
26710	2
26711	2
26712	2
26713	2
26714	2
26715	2
26716	2
26717	2
26718	2
26719	2
26720	2
26721	2
26722	2
26723	2
26724	2
26725	2
26726	2
26727	2
26728	2
26729	2
26730	2
26731	2
26732	2
26733	2
26734	2
26735	2
26736	2
26737	2
26738	2
26739	2
26740	2
26741	2
26742	2
26743	2
26744	2
26745	2
26746	2
26747	2
26748	2
26749	2
26750	2
26751	2
26752	2
26753	2
26754	2
26755	2
26756	2
26757	2
26758	2
26759	2
26760	2
26761	2
26762	2
26763	2
26764	2
26765	2
26766	2
26767	2
26768	2
26769	2
26770	2
26771	2
26772	2
26773	2
26774	2
26775	2
26776	2
26777	2
26778	2
26779	2
26780	2
26781	2
26782	2
26783	2
26784	2
26785	2
26786	2
26787	2
26788	2
26789	2
26790	2
26791	2
26792	2
26793	2
26794	2
26795	2
26796	2
26797	2
26798	2
26799	2
26800	2
26801	2
26802	2
26803	2
26804	2
26805	2
26806	2
26807	2
26808	2
26809	2
26810	2
26811	2
26812	2
26813	2
26814	2
26815	2
26816	2
26817	2
26818	2
26819	2
26820	2
26821	2
26822	2
26823	2
26824	2
26825	2
26826	2
26827	2
26828	2
26829	2
26830	2
26831	2
26832	2
26833	2
26834	2
26835	2
26836	2
26837	2
26838	2
26839	2
26840	2
26841	2
26842	2
26843	2
26844	2
26845	2
26846	2
26847	2
26848	2
26849	2
26850	2
26851	2
26852	2
26853	2
26854	2
26855	2
26856	2
26857	2
26858	2
26859	2
26860	2
26861	2
26862	2
26863	2
26864	2
26865	2
26866	2
26867	2
26868	2
26869	2
26870	2
26871	2
26872	2
26873	2
26874	2
26875	2
26876	2
26877	2
26878	2
26879	2
26880	2
26881	2
26882	2
26883	2
26884	2
26885	2
26886	2
26887	2
26888	2
26889	2
26890	2
26891	2
26892	2
26893	2
26894	2
26895	2
26896	2
26897	2
26898	2
26899	2
26900	2
26901	2
26902	2
26903	2
26904	2
26905	2
26906	2
26907	2
26908	2
26909	2
26910	2
26911	2
26912	2
26913	2
26914	2
26915	2
26916	2
26917	2
26918	2
26919	2
26920	2
26921	2
26922	2
26923	2
26924	2
26925	2
26926	2
26927	2
26928	2
26929	2
26930	2
26931	2
26932	2
26933	2
26934	2
26935	2
26936	2
26937	2
26938	2
26939	2
26940	2
26941	2
26942	2
26943	2
26944	2
26945	2
26946	2
26947	2
26948	2
26949	2
26950	2
26951	2
26952	2
26953	2
26954	2
26955	2
26956	2
26957	2
26958	2
26959	2
26960	2
26961	2
26962	2
26963	2
26964	2
26965	2
26966	2
26967	2
26968	2
26969	2
26970	2
26971	2
26972	2
26973	2
26974	2
26975	2
26976	2
26977	2
26978	2
26979	2
26980	2
26981	2
26982	2
26983	2
26984	2
26985	2
26986	2
26987	2
26988	2
26989	2
26990	2
26991	2
26992	2
26993	2
26994	2
26995	2
26996	2
26997	2
26998	2
26999	2
27000	2
27001	2
27002	2
27003	2
27004	2
27005	2
27006	2
27007	2
27008	2
27009	2
27010	2
27011	2
27012	2
27013	2
27014	2
27015	2
27016	2
27017	2
27018	2
27019	2
27020	2
27021	2
27022	2
27023	2
27024	2
27025	2
27026	2
27027	2
27028	2
27029	2
27030	2
27031	2
27032	2
27033	2
27034	2
27035	2
27036	2
27037	2
27038	2
27039	2
27040	2
27041	2
27042	2
27043	2
27044	2
27045	2
27046	2
27047	2
27048	2
27049	2
27050	2
27051	2
27052	2
27053	2
27054	2
27055	2
27056	2
27057	2
27058	2
27059	2
27060	2
27061	2
27062	2
27063	2
27064	2
27065	2
27066	2
27067	2
27068	2
27069	2
27070	2
27071	2
27072	2
27073	2
27074	2
27075	2
27076	2
27077	2
27078	2
27079	2
27080	2
27081	2
27082	2
27083	2
27084	2
27085	2
27086	2
27087	2
27088	2
27089	2
27090	2
27091	2
27092	2
27093	2
27094	2
27095	2
27096	2
27097	2
27098	2
27099	2
27100	2
27101	2
27102	2
27103	2
27104	2
27105	2
27106	2
27107	2
27108	2
27109	2
27110	2
27111	2
27112	2
27113	2
27114	2
27115	2
27116	2
27117	2
27118	2
27119	2
27120	2
27121	2
27122	2
27123	2
27124	2
27125	2
27126	2
27127	2
27128	2
27129	2
27130	2
27131	2
27132	2
27133	2
27134	2
27135	2
27136	2
27137	2
27138	2
27139	2
27140	2
27141	2
27142	2
27143	2
27144	2
27145	2
27146	2
27147	2
27148	2
27149	2
27150	2
27151	2
27152	2
27153	2
27154	2
27155	2
27156	2
27157	2
27158	2
27159	2
27160	2
27161	2
27162	2
27163	2
27164	2
27165	2
27166	2
27167	2
27168	2
27169	2
27170	2
27171	2
27172	2
27173	2
27174	2
27175	2
27176	2
27177	2
27178	2
27179	2
27180	2
27181	2
27182	2
27183	2
27184	2
27185	2
27186	2
27187	2
27188	2
27189	2
27190	2
27191	2
27192	2
27193	2
27194	2
27195	2
27196	2
27197	2
27198	2
27199	2
27200	2
27201	2
27202	2
27203	2
27204	2
27205	2
27206	2
27207	2
27208	2
27209	2
27210	2
27211	2
27212	2
27213	2
27214	2
27215	2
27216	2
27217	2
27218	2
27219	2
27220	2
27221	2
27222	2
27223	2
27224	2
27225	2
27226	2
27227	2
27228	2
27229	2
27230	2
27231	2
27232	2
27233	2
27234	2
27235	2
27236	2
27237	2
27238	2
27239	2
27240	2
27241	2
27242	2
27243	2
27244	2
27245	2
27246	2
27247	2
27248	2
27249	2
27250	2
27251	2
27252	2
27253	2
27254	2
27255	2
27256	2
27257	2
27258	2
27259	2
27260	2
27261	2
27262	2
27263	2
27264	2
27265	2
27266	2
27267	2
27268	2
27269	2
27270	2
27271	2
27272	2
27273	2
27274	2
27275	2
27276	2
27277	2
27278	2
27279	2
27280	2
27281	2
27282	2
27283	2
27284	2
27285	2
27286	2
27287	2
27288	2
27289	2
27290	2
27291	2
27292	2
27293	2
27294	2
27295	2
27296	2
27297	2
27298	2
27299	2
27300	2
27301	2
27302	2
27303	2
27304	2
27305	2
27306	2
27307	2
27308	2
27309	2
27310	2
27311	2
27312	2
27313	2
27314	2
27315	2
27316	2
27317	2
27318	2
27319	2
27320	2
27321	2
27322	2
27323	2
27324	2
27325	2
27326	2
27327	2
27328	2
27329	2
27330	2
27331	2
27332	2
27333	2
27334	2
27335	2
27336	2
27337	2
27338	2
27339	2
27340	2
27341	2
27342	2
27343	2
27344	2
27345	2
27346	2
27347	2
27348	2
27349	2
27350	2
27351	2
27352	2
27353	2
27354	2
27355	2
27356	2
27357	2
27358	2
27359	2
27360	2
27361	2
27362	2
27363	2
27364	2
27365	2
27366	2
27367	2
27368	2
27369	2
27370	2
27371	2
27372	2
27373	2
27374	2
27375	2
27376	2
27377	2
27378	2
27379	2
27380	2
27381	2
27382	2
27383	2
27384	2
27385	2
27386	2
27387	2
27388	2
27389	2
27390	2
27391	2
27392	2
27393	2
27394	2
27395	2
27396	2
27397	2
27398	2
27399	2
27400	2
27401	2
27402	2
27403	2
27404	2
27405	2
27406	2
27407	2
27408	2
27409	2
27410	2
27411	2
27412	2
27413	2
27414	2
27415	2
27416	2
27417	2
27418	2
27419	2
27420	2
27421	2
27422	2
27423	2
27424	2
27425	2
27426	2
27427	2
27428	2
27429	2
27430	2
27431	2
27432	2
27433	2
27434	2
27435	2
27436	2
27437	2
27438	2
27439	2
27440	2
27441	2
27442	2
27443	2
27444	2
27445	2
27446	2
27447	2
27448	2
27449	2
27450	2
27451	2
27452	2
27453	2
27454	2
27455	2
27456	2
27457	2
27458	2
27459	2
27460	2
27461	2
27462	2
27463	2
27464	2
27465	2
27466	2
27467	2
27468	2
27469	2
27470	2
27471	2
27472	2
27473	2
27474	2
27475	2
27476	2
27477	2
27478	2
27479	2
27480	2
27481	2
27482	2
27483	2
27484	2
27485	2
27486	2
27487	2
27488	2
27489	2
27490	2
27491	2
27492	2
27493	2
27494	2
27495	2
27496	2
27497	2
27498	2
27499	2
27500	2
27501	2
27502	2
27503	2
27504	2
27505	2
27506	2
27507	2
27508	2
27509	2
27510	2
27511	2
27512	2
27513	2
27514	2
27515	2
27516	2
27517	2
27518	2
27519	2
27520	2
27521	2
27522	2
27523	2
27524	2
27525	2
27526	2
27527	2
27528	2
27529	2
27530	2
27531	2
27532	2
27533	2
27534	2
27535	2
27536	2
27537	2
27538	2
27539	2
27540	2
27541	2
27542	2
27543	2
27544	2
27545	2
27546	2
27547	2
27548	2
27549	2
27550	2
27551	2
27552	2
27553	2
27554	2
27555	2
27556	2
27557	2
27558	2
27559	2
27560	2
27561	2
27562	2
27563	2
27564	2
27565	2
27566	2
27567	2
27568	2
27569	2
27570	2
27571	2
27572	2
27573	2
27574	2
27575	2
27576	2
27577	2
27578	2
27579	2
27580	2
27581	2
27582	2
27583	2
27584	2
27585	2
27586	2
27587	2
27588	2
27589	2
27590	2
27591	2
27592	2
27593	2
27594	2
27595	2
27596	2
27597	2
27598	2
27599	2
27600	2
27601	2
27602	2
27603	2
27604	2
27605	2
27606	2
27607	2
27608	2
27609	2
27610	2
27611	2
27612	2
27613	2
27614	2
27615	2
27616	2
27617	2
27618	2
27619	2
27620	2
27621	2
27622	2
27623	2
27624	2
27625	2
27626	2
27627	2
27628	2
27629	2
27630	2
27631	2
27632	2
27633	2
27634	2
27635	2
27636	2
27637	2
27638	2
27639	2
27640	2
27641	2
27642	2
27643	2
27644	2
27645	2
27646	2
27647	2
27648	2
27649	2
27650	2
27651	2
27652	2
27653	2
27654	2
27655	2
27656	2
27657	2
27658	2
27659	2
27660	2
27661	2
27662	2
27663	2
27664	2
27665	2
27666	2
27667	2
27668	2
27669	2
27670	2
27671	2
27672	2
27673	2
27674	2
27675	2
27676	2
27677	2
27678	2
27679	2
27680	2
27681	2
27682	2
27683	2
27684	2
27685	2
27686	2
27687	2
27688	2
27689	2
27690	2
27691	2
27692	2
27693	2
27694	2
27695	2
27696	2
27697	2
27698	2
27699	2
27700	2
27701	2
27702	2
27703	2
27704	2
27705	2
27706	2
27707	2
27708	2
27709	2
27710	2
27711	2
27712	2
27713	2
27714	2
27715	2
27716	2
27717	2
27718	2
27719	2
27720	2
27721	2
27722	2
27723	2
27724	2
27725	2
27726	2
27727	2
27728	2
27729	2
27730	2
27731	2
27732	2
27733	2
27734	2
27735	2
27736	2
27737	2
27738	2
27739	2
27740	2
27741	2
27742	2
27743	2
27744	2
27745	2
27746	2
27747	2
27748	2
27749	2
27750	2
27751	2
27752	2
27753	2
27754	2
27755	2
27756	2
27757	2
27758	2
27759	2
27760	2
27761	2
27762	2
27763	2
27764	2
27765	2
27766	2
27767	2
27768	2
27769	2
27770	2
27771	2
27772	2
27773	2
27774	2
27775	2
27776	2
27777	2
27778	2
27779	2
27780	2
27781	2
27782	2
27783	2
27784	2
27785	2
27786	2
27787	2
27788	2
27789	2
27790	2
27791	2
27792	2
27793	2
27794	2
27795	2
27796	2
27797	2
27798	2
27799	2
27800	2
27801	2
27802	2
27803	2
27804	2
27805	2
27806	2
27807	2
27808	2
27809	2
27810	2
27811	2
27812	2
27813	2
27814	2
27815	2
27816	2
27817	2
27818	2
27819	2
27820	2
27821	2
27822	2
27823	2
27824	2
27825	2
27826	2
27827	2
27828	2
27829	2
27830	2
27831	2
27832	2
27833	2
27834	2
27835	2
27836	2
27837	2
27838	2
27839	2
27840	2
27841	2
27842	2
27843	2
27844	2
27845	2
27846	2
27847	2
27848	2
27849	2
27850	2
27851	2
27852	2
27853	2
27854	2
27855	2
27856	2
27857	2
27858	2
27859	2
27860	2
27861	2
27862	2
27863	2
27864	2
27865	2
27866	2
27867	2
27868	2
27869	2
27870	2
27871	2
27872	2
27873	2
27874	2
27875	2
27876	2
27877	2
27878	2
27879	2
27880	2
27881	2
27882	2
27883	2
27884	2
27885	2
27886	2
27887	2
27888	2
27889	2
27890	2
27891	2
27892	2
27893	2
27894	2
27895	2
27896	2
27897	2
27898	2
27899	2
27900	2
27901	2
27902	2
27903	2
27904	2
27905	2
27906	2
27907	2
27908	2
27909	2
27910	2
27911	2
27912	2
27913	2
27914	2
27915	2
27916	2
27917	2
27918	2
27919	2
27920	2
27921	2
27922	2
27923	2
27924	2
27925	2
27926	2
27927	2
27928	2
27929	2
27930	2
27931	2
27932	2
27933	2
27934	2
27935	2
27936	2
27937	2
27938	2
27939	2
27940	2
27941	2
27942	2
27943	2
27944	2
27945	2
27946	2
27947	2
27948	2
27949	2
27950	2
27951	2
27952	2
27953	2
27954	2
27955	2
27956	2
27957	2
27958	2
27959	2
27960	2
27961	2
27962	2
27963	2
27964	2
27965	2
27966	2
27967	2
27968	2
27969	2
27970	2
27971	2
27972	2
27973	2
27974	2
27975	2
27976	2
27977	2
27978	2
27979	2
27980	2
27981	2
27982	2
27983	2
27984	2
27985	2
27986	2
27987	2
27988	2
27989	2
27990	2
27991	2
27992	2
27993	2
27994	2
27995	2
27996	2
27997	2
27998	2
27999	2
28000	2
28001	2
28002	2
28003	2
28004	2
28005	2
28006	2
28007	2
28008	2
28009	2
28010	2
28011	2
28012	2
28013	2
28014	2
28015	2
28016	2
28017	2
28018	2
28019	2
28020	2
28021	2
28022	2
28023	2
28024	2
28025	2
28026	2
28027	2
28028	2
28029	2
28030	2
28031	2
28032	2
28033	2
28034	2
28035	2
28036	2
28037	2
28038	2
28039	2
28040	2
28041	2
28042	2
28043	2
28044	2
28045	2
28046	2
28047	2
28048	2
28049	2
28050	2
28051	2
28052	2
28053	2
28054	2
28055	2
28056	2
28057	2
28058	2
28059	2
28060	2
28061	2
28062	2
28063	2
28064	2
28065	2
28066	2
28067	2
28068	2
28069	2
28070	2
28071	2
28072	2
28073	2
28074	2
28075	2
28076	2
28077	2
28078	2
28079	2
28080	2
28081	2
28082	2
28083	2
28084	2
28085	2
28086	2
28087	2
28088	2
28089	2
28090	2
28091	2
28092	2
28093	2
28094	2
28095	2
28096	2
28097	2
28098	2
28099	2
28100	2
28101	2
28102	2
28103	2
28104	2
28105	2
28106	2
28107	2
28108	2
28109	2
28110	2
28111	2
28112	2
28113	2
28114	2
28115	2
28116	2
28117	2
28118	2
28119	2
28120	2
28121	2
28122	2
28123	2
28124	2
28125	2
28126	2
28127	2
28128	2
28129	2
28130	2
28131	2
28132	2
28133	2
28134	2
28135	2
28136	2
28137	2
28138	2
28139	2
28140	2
28141	2
28142	2
28143	2
28144	2
28145	2
28146	2
28147	2
28148	2
28149	2
28150	2
28151	2
28152	2
28153	2
28154	2
28155	2
28156	2
28157	2
28158	2
28159	2
28160	2
28161	2
28162	2
28163	2
28164	2
28165	2
28166	2
28167	2
28168	2
28169	2
28170	2
28171	2
28172	2
28173	2
28174	2
28175	2
28176	2
28177	2
28178	2
28179	2
28180	2
28181	2
28182	2
28183	2
28184	2
28185	2
28186	2
28187	2
28188	2
28189	2
28190	2
28191	2
28192	2
28193	2
28194	2
28195	2
28196	2
28197	2
28198	2
28199	2
28200	2
28201	2
28202	2
28203	2
28204	2
28205	2
28206	2
28207	2
28208	2
28209	2
28210	2
28211	2
28212	2
28213	2
28214	2
28215	2
28216	2
28217	2
28218	2
28219	2
28220	2
28221	2
28222	2
28223	2
28224	2
28225	2
28226	2
28227	2
28228	2
28229	2
28230	2
28231	2
28232	2
28233	2
28234	2
28235	2
28236	2
28237	2
28238	2
28239	2
28240	2
28241	2
28242	2
28243	2
28244	2
28245	2
28246	2
28247	2
28248	2
28249	2
28250	2
28251	2
28252	2
28253	2
28254	2
28255	2
28256	2
28257	2
28258	2
28259	2
28260	2
28261	2
28262	2
28263	2
28264	2
28265	2
28266	2
28267	2
28268	2
28269	2
28270	2
28271	2
28272	2
28273	2
28274	2
28275	2
28276	2
28277	2
28278	2
28279	2
28280	2
28281	2
28282	2
28283	2
28284	2
28285	2
28286	2
28287	2
28288	2
28289	2
28290	2
28291	2
28292	2
28293	2
28294	2
28295	2
28296	2
28297	2
28298	2
28299	2
28300	2
28301	2
28302	2
28303	2
28304	2
28305	2
28306	2
28307	2
28308	2
28309	2
28310	2
28311	2
28312	2
28313	2
28314	2
28315	2
28316	2
28317	2
28318	2
28319	2
28320	2
28321	2
28322	2
28323	2
28324	2
28325	2
28326	2
28327	2
28328	2
28329	2
28330	2
28331	2
28332	2
28333	2
28334	2
28335	2
28336	2
28337	2
28338	2
28339	2
28340	2
28341	2
28342	2
28343	2
28344	2
28345	2
28346	2
28347	2
28348	2
28349	2
28350	2
28351	2
28352	2
28353	2
28354	2
28355	2
28356	2
28357	2
28358	2
28359	2
28360	2
28361	2
28362	2
28363	2
28364	2
28365	2
28366	2
28367	2
28368	2
28369	2
28370	2
28371	2
28372	2
28373	2
28374	2
28375	2
28376	2
28377	2
28378	2
28379	2
28380	2
28381	2
28382	2
28383	2
28384	2
28385	2
28386	2
28387	2
28388	2
28389	2
28390	2
28391	2
28392	2
28393	2
28394	2
28395	2
28396	2
28397	2
28398	2
28399	2
28400	2
28401	2
28402	2
28403	2
28404	2
28405	2
28406	2
28407	2
28408	2
28409	2
28410	2
28411	2
28412	2
28413	2
28414	2
28415	2
28416	2
28417	2
28418	2
28419	2
28420	2
28421	2
28422	2
28423	2
28424	2
28425	2
28426	2
28427	2
28428	2
28429	2
28430	2
28431	2
28432	2
28433	2
28434	2
28435	2
28436	2
28437	2
28438	2
28439	2
28440	2
28441	2
28442	2
28443	2
28444	2
28445	2
28446	2
28447	2
28448	2
28449	2
28450	2
28451	2
28452	2
28453	2
28454	2
28455	2
28456	2
28457	2
28458	2
28459	2
28460	2
28461	2
28462	2
28463	2
28464	2
28465	2
28466	2
28467	2
28468	2
28469	2
28470	2
28471	2
28472	2
28473	2
28474	2
28475	2
28476	2
28477	2
28478	2
28479	2
28480	2
28481	2
28482	2
28483	2
28484	2
28485	2
28486	2
28487	2
28488	2
28489	2
28490	2
28491	2
28492	2
28493	2
28494	2
28495	2
28496	2
28497	2
28498	2
28499	2
28500	2
28501	2
28502	2
28503	2
28504	2
28505	2
28506	2
28507	2
28508	2
28509	2
28510	2
28511	2
28512	2
28513	2
28514	2
28515	2
28516	2
28517	2
28518	2
28519	2
28520	2
28521	2
28522	2
28523	2
28524	2
28525	2
28526	2
28527	2
28528	2
28529	2
28530	2
28531	2
28532	2
28533	2
28534	2
28535	2
28536	2
28537	2
28538	2
28539	2
28540	2
28541	2
28542	2
28543	2
28544	2
28545	2
28546	2
28547	2
28548	2
28549	2
28550	2
28551	2
28552	2
28553	2
28554	2
28555	2
28556	2
28557	2
28558	2
28559	2
28560	2
28561	2
28562	2
28563	2
28564	2
28565	2
28566	2
28567	2
28568	2
28569	2
28570	2
28571	2
28572	2
28573	2
28574	2
28575	2
28576	2
28577	2
28578	2
28579	2
28580	2
28581	2
28582	2
28583	2
28584	2
28585	2
28586	2
28587	2
28588	2
28589	2
28590	2
28591	2
28592	2
28593	2
28594	2
28595	2
28596	2
28597	2
28598	2
28599	2
28600	2
28601	2
28602	2
28603	2
28604	2
28605	2
28606	2
28607	2
28608	2
28609	2
28610	2
28611	2
28612	2
28613	2
28614	2
28615	2
28616	2
28617	2
28618	2
28619	2
28620	2
28621	2
28622	2
28623	2
28624	2
28625	2
28626	2
28627	2
28628	2
28629	2
28630	2
28631	2
28632	2
28633	2
28634	2
28635	2
28636	2
28637	2
28638	2
28639	2
28640	2
28641	2
28642	2
28643	2
28644	2
28645	2
28646	2
28647	2
28648	2
28649	2
28650	2
28651	2
28652	2
28653	2
28654	2
28655	2
28656	2
28657	2
28658	2
28659	2
28660	2
28661	2
28662	2
28663	2
28664	2
28665	2
28666	2
28667	2
28668	2
28669	2
28670	2
28671	2
28672	2
28673	2
28674	2
28675	2
28676	2
28677	2
28678	2
28679	2
28680	2
28681	2
28682	2
28683	2
28684	2
28685	2
28686	2
28687	2
28688	2
28689	2
28690	2
28691	2
28692	2
28693	2
28694	2
28695	2
28696	2
28697	2
28698	2
28699	2
28700	2
28701	2
28702	2
28703	2
28704	2
28705	2
28706	2
28707	2
28708	2
28709	2
28710	2
28711	2
28712	2
28713	2
28714	2
28715	2
28716	2
28717	2
28718	2
28719	2
28720	2
28721	2
28722	2
28723	2
28724	2
28725	2
28726	2
28727	2
28728	2
28729	2
28730	2
28731	2
28732	2
28733	2
28734	2
28735	2
28736	2
28737	2
28738	2
28739	2
28740	2
28741	2
28742	2
28743	2
28744	2
28745	2
28746	2
28747	2
28748	2
28749	2
28750	2
28751	2
28752	2
28753	2
28754	2
28755	2
28756	2
28757	2
28758	2
28759	2
28760	2
28761	2
28762	2
28763	2
28764	2
28765	2
28766	2
28767	2
28768	2
28769	2
28770	2
28771	2
28772	2
28773	2
28774	2
28775	2
28776	2
28777	2
28778	2
28779	2
28780	2
28781	2
28782	2
28783	2
28784	2
28785	2
28786	2
28787	2
28788	2
28789	2
28790	2
28791	2
28792	2
28793	2
28794	2
28795	2
28796	2
28797	2
28798	2
28799	2
28800	2
28801	2
28802	2
28803	2
28804	2
28805	2
28806	2
28807	2
28808	2
28809	2
28810	2
28811	2
28812	2
28813	2
28814	2
28815	2
28816	2
28817	2
28818	2
28819	2
28820	2
28821	2
28822	2
28823	2
28824	2
28825	2
28826	2
28827	2
28828	2
28829	2
28830	2
28831	2
28832	2
28833	2
28834	2
28835	2
28836	2
28837	2
28838	2
28839	2
28840	2
28841	2
28842	2
28843	2
28844	2
28845	2
28846	2
28847	2
28848	2
28849	2
28850	2
28851	2
28852	2
28853	2
28854	2
28855	2
28856	2
28857	2
28858	2
28859	2
28860	2
28861	2
28862	2
28863	2
28864	2
28865	2
28866	2
28867	2
28868	2
28869	2
28870	2
28871	2
28872	2
28873	2
28874	2
28875	2
28876	2
28877	2
28878	2
28879	2
28880	2
28881	2
28882	2
28883	2
28884	2
28885	2
28886	2
28887	2
28888	2
28889	2
28890	2
28891	2
28892	2
28893	2
28894	2
28895	2
28896	2
28897	2
28898	2
28899	2
28900	2
28901	2
28902	2
28903	2
28904	2
28905	2
28906	2
28907	2
28908	2
28909	2
28910	2
28911	2
28912	2
28913	2
28914	2
28915	2
28916	2
28917	2
28918	2
28919	2
28920	2
28921	2
28922	2
28923	2
28924	2
28925	2
28926	2
28927	2
28928	2
28929	2
28930	2
28931	2
28932	2
28933	2
28934	2
28935	2
28936	2
28937	2
28938	2
28939	2
28940	2
28941	2
28942	2
28943	2
28944	2
28945	2
28946	2
28947	2
28948	2
28949	2
28950	2
28951	2
28952	2
28953	2
28954	2
28955	2
28956	2
28957	2
28958	2
28959	2
28960	2
28961	2
28962	2
28963	2
28964	2
28965	2
28966	2
28967	2
28968	2
28969	2
28970	2
28971	2
28972	2
28973	2
28974	2
28975	2
28976	2
28977	2
28978	2
28979	2
28980	2
28981	2
28982	2
28983	2
28984	2
28985	2
28986	2
28987	2
28988	2
28989	2
28990	2
28991	2
28992	2
28993	2
28994	2
28995	2
28996	2
28997	2
28998	2
28999	2
29000	2
29001	2
29002	2
29003	2
29004	2
29005	2
29006	2
29007	2
29008	2
29009	2
29010	2
29011	2
29012	2
29013	2
29014	2
29015	2
29016	2
29017	2
29018	2
29019	2
29020	2
29021	2
29022	2
29023	2
29024	2
29025	2
29026	2
29027	2
29028	2
29029	2
29030	2
29031	2
29032	2
29033	2
29034	2
29035	2
29036	2
29037	2
29038	2
29039	2
29040	2
29041	2
29042	2
29043	2
29044	2
29045	2
29046	2
29047	2
29048	2
29049	2
29050	2
29051	2
29052	2
29053	2
29054	2
29055	2
29056	2
29057	2
29058	2
29059	2
29060	2
29061	2
29062	2
29063	2
29064	2
29065	2
29066	2
29067	2
29068	2
29069	2
29070	2
29071	2
29072	2
29073	2
29074	2
29075	2
29076	2
29077	2
29078	2
29079	2
29080	2
29081	2
29082	2
29083	2
29084	2
29085	2
29086	2
29087	2
29088	2
29089	2
29090	2
29091	2
29092	2
29093	2
29094	2
29095	2
29096	2
29097	2
29098	2
29099	2
29100	2
29101	2
29102	2
29103	2
29104	2
29105	2
29106	2
29107	2
29108	2
29109	2
29110	2
29111	2
29112	2
29113	2
29114	2
29115	2
29116	2
29117	2
29118	2
29119	2
29120	2
29121	2
29122	2
29123	2
29124	2
29125	2
29126	2
29127	2
29128	2
29129	2
29130	2
29131	2
29132	2
29133	2
29134	2
29135	2
29136	2
29137	2
29138	2
29139	2
29140	2
29141	2
29142	2
29143	2
29144	2
29145	2
29146	2
29147	2
29148	2
29149	2
29150	2
29151	2
29152	2
29153	2
29154	2
29155	2
29156	2
29157	2
29158	2
29159	2
29160	2
29161	2
29162	2
29163	2
29164	2
29165	2
29166	2
29167	2
29168	2
29169	2
29170	2
29171	2
29172	2
29173	2
29174	2
29175	2
29176	2
29177	2
29178	2
29179	2
29180	2
29181	2
29182	2
29183	2
29184	2
29185	2
29186	2
29187	2
29188	2
29189	2
29190	2
29191	2
29192	2
29193	2
29194	2
29195	2
29196	2
29197	2
29198	2
29199	2
29200	2
29201	2
29202	2
29203	2
29204	2
29205	2
29206	2
29207	2
29208	2
29209	2
29210	2
29211	2
29212	2
29213	2
29214	2
29215	2
29216	2
29217	2
29218	2
29219	2
29220	2
29221	2
29222	2
29223	2
29224	2
29225	2
29226	2
29227	2
29228	2
29229	2
29230	2
29231	2
29232	2
29233	2
29234	2
29235	2
29236	2
29237	2
29238	2
29239	2
29240	2
29241	2
29242	2
29243	2
29244	2
29245	2
29246	2
29247	2
29248	2
29249	2
29250	2
29251	2
29252	2
29253	2
29254	2
29255	2
29256	2
29257	2
29258	2
29259	2
29260	2
29261	2
29262	2
29263	2
29264	2
29265	2
29266	2
29267	2
29268	2
29269	2
29270	2
29271	2
29272	2
29273	2
29274	2
29275	2
29276	2
29277	2
29278	2
29279	2
29280	2
29281	2
29282	2
29283	2
29284	2
29285	2
29286	2
29287	2
29288	2
29289	2
29290	2
29291	2
29292	2
29293	2
29294	2
29295	2
29296	2
29297	2
29298	2
29299	2
29300	2
29301	2
29302	2
29303	2
29304	2
29305	2
29306	2
29307	2
29308	2
29309	2
29310	2
29311	2
29312	2
29313	2
29314	2
29315	2
29316	2
29317	2
29318	2
29319	2
29320	2
29321	2
29322	2
29323	2
29324	2
29325	2
29326	2
29327	2
29328	2
29329	2
29330	2
29331	2
29332	2
29333	2
29334	2
29335	2
29336	2
29337	2
29338	2
29339	2
29340	2
29341	2
29342	2
29343	2
29344	2
29345	2
29346	2
29347	2
29348	2
29349	2
29350	2
29351	2
29352	2
29353	2
29354	2
29355	2
29356	2
29357	2
29358	2
29359	2
29360	2
29361	2
29362	2
29363	2
29364	2
29365	2
29366	2
29367	2
29368	2
29369	2
29370	2
29371	2
29372	2
29373	2
29374	2
29375	2
29376	2
29377	2
29378	2
29379	2
29380	2
29381	2
29382	2
29383	2
29384	2
29385	2
29386	2
29387	2
29388	2
29389	2
29390	2
29391	2
29392	2
29393	2
29394	2
29395	2
29396	2
29397	2
29398	2
29399	2
29400	2
29401	2
29402	2
29403	2
29404	2
29405	2
29406	2
29407	2
29408	2
29409	2
29410	2
29411	2
29412	2
29413	2
29414	2
29415	2
29416	2
29417	2
29418	2
29419	2
29420	2
29421	2
29422	2
29423	2
29424	2
29425	2
29426	2
29427	2
29428	2
29429	2
29430	2
29431	2
29432	2
29433	2
29434	2
29435	2
29436	2
29437	2
29438	2
29439	2
29440	2
29441	2
29442	2
29443	2
29444	2
29445	2
29446	2
29447	2
29448	2
29449	2
29450	2
29451	2
29452	2
29453	2
29454	2
29455	2
29456	2
29457	2
29458	2
29459	2
29460	2
29461	2
29462	2
29463	2
29464	2
29465	2
29466	2
29467	2
29468	2
29469	2
29470	2
29471	2
29472	2
29473	2
29474	2
29475	2
29476	2
29477	2
29478	2
29479	2
29480	2
29481	2
29482	2
29483	2
29484	2
29485	2
29486	2
29487	2
29488	2
29489	2
29490	2
29491	2
29492	2
29493	2
29494	2
29495	2
29496	2
29497	2
29498	2
29499	2
29500	2
29501	2
29502	2
29503	2
29504	2
29505	2
29506	2
29507	2
29508	2
29509	2
29510	2
29511	2
29512	2
29513	2
29514	2
29515	2
29516	2
29517	2
29518	2
29519	2
29520	2
29521	2
29522	2
29523	2
29524	2
29525	2
29526	2
29527	2
29528	2
29529	2
29530	2
29531	2
29532	2
29533	2
29534	2
29535	2
29536	2
29537	2
29538	2
29539	2
29540	2
29541	2
29542	2
29543	2
29544	2
29545	2
29546	2
29547	2
29548	2
29549	2
29550	2
29551	2
29552	2
29553	2
29554	2
29555	2
29556	2
29557	2
29558	2
29559	2
29560	2
29561	2
29562	2
29563	2
29564	2
29565	2
29566	2
29567	2
29568	2
29569	2
29570	2
29571	2
29572	2
29573	2
29574	2
29575	2
29576	2
29577	2
29578	2
29579	2
29580	2
29581	2
29582	2
29583	2
29584	2
29585	2
29586	2
29587	2
29588	2
29589	2
29590	2
29591	2
29592	2
29593	2
29594	2
29595	2
29596	2
29597	2
29598	2
29599	2
29600	2
29601	2
29602	2
29603	2
29604	2
29605	2
29606	2
29607	2
29608	2
29609	2
29610	2
29611	2
29612	2
29613	2
29614	2
29615	2
29616	2
29617	2
29618	2
29619	2
29620	2
29621	2
29622	2
29623	2
29624	2
29625	2
29626	2
29627	2
29628	2
29629	2
29630	2
29631	2
29632	2
29633	2
29634	2
29635	2
29636	2
29637	2
29638	2
29639	2
29640	2
29641	2
29642	2
29643	2
29644	2
29645	2
29646	2
29647	2
29648	2
29649	2
29650	2
29651	2
29652	2
29653	2
29654	2
29655	2
29656	2
29657	2
29658	2
29659	2
29660	2
29661	2
29662	2
29663	2
29664	2
29665	2
29666	2
29667	2
29668	2
29669	2
29670	2
29671	2
29672	2
29673	2
29674	2
29675	2
29676	2
29677	2
29678	2
29679	2
29680	2
29681	2
29682	2
29683	2
29684	2
29685	2
29686	2
29687	2
29688	2
29689	2
29690	2
29691	2
29692	2
29693	2
29694	2
29695	2
29696	2
29697	2
29698	2
29699	2
29700	2
29701	2
29702	2
29703	2
29704	2
29705	2
29706	2
29707	2
29708	2
29709	2
29710	2
29711	2
29712	2
29713	2
29714	2
29715	2
29716	2
29717	2
29718	2
29719	2
29720	2
29721	2
29722	2
29723	2
29724	2
29725	2
29726	2
29727	2
29728	2
29729	2
29730	2
29731	2
29732	2
29733	2
29734	2
29735	2
29736	2
29737	2
29738	2
29739	2
29740	2
29741	2
29742	2
29743	2
29744	2
29745	2
29746	2
29747	2
29748	2
29749	2
29750	2
29751	2
29752	2
29753	2
29754	2
29755	2
29756	2
29757	2
29758	2
29759	2
29760	2
29761	2
29762	2
29763	2
29764	2
29765	2
29766	2
29767	2
29768	2
29769	2
29770	2
29771	2
29772	2
29773	2
29774	2
29775	2
29776	2
29777	2
29778	2
29779	2
29780	2
29781	2
29782	2
29783	2
29784	2
29785	2
29786	2
29787	2
29788	2
29789	2
29790	2
29791	2
29792	2
29793	2
29794	2
29795	2
29796	2
29797	2
29798	2
29799	2
29800	2
29801	2
29802	2
29803	2
29804	2
29805	2
29806	2
29807	2
29808	2
29809	2
29810	2
29811	2
29812	2
29813	2
29814	2
29815	2
29816	2
29817	2
29818	2
29819	2
29820	2
29821	2
29822	2
29823	2
29824	2
29825	2
29826	2
29827	2
29828	2
29829	2
29830	2
29831	2
29832	2
29833	2
29834	2
29835	2
29836	2
29837	2
29838	2
29839	2
29840	2
29841	2
29842	2
29843	2
29844	2
29845	2
29846	2
29847	2
29848	2
29849	2
29850	2
29851	2
29852	2
29853	2
29854	2
29855	2
29856	2
29857	2
29858	2
29859	2
29860	2
29861	2
29862	2
29863	2
29864	2
29865	2
29866	2
29867	2
29868	2
29869	2
29870	2
29871	2
29872	2
29873	2
29874	2
29875	2
29876	2
29877	2
29878	2
29879	2
29880	2
29881	2
29882	2
29883	2
29884	2
29885	2
29886	2
29887	2
29888	2
29889	2
29890	2
29891	2
29892	2
29893	2
29894	2
29895	2
29896	2
29897	2
29898	2
29899	2
29900	2
29901	2
29902	2
29903	2
29904	2
29905	2
29906	2
29907	2
29908	2
29909	2
29910	2
29911	2
29912	2
29913	2
29914	2
29915	2
29916	2
29917	2
29918	2
29919	2
29920	2
29921	2
29922	2
29923	2
29924	2
29925	2
29926	2
29927	2
29928	2
29929	2
29930	2
29931	2
29932	2
29933	2
29934	2
29935	2
29936	2
29937	2
29938	2
29939	2
29940	2
29941	2
29942	2
29943	2
29944	2
29945	2
29946	2
29947	2
29948	2
29949	2
29950	2
29951	2
29952	2
29953	2
29954	2
29955	2
29956	2
29957	2
29958	2
29959	2
29960	2
29961	2
29962	2
29963	2
29964	2
29965	2
29966	2
29967	2
29968	2
29969	2
29970	2
29971	2
29972	2
29973	2
29974	2
29975	2
29976	2
29977	2
29978	2
29979	2
29980	2
29981	2
29982	2
29983	2
29984	2
29985	2
29986	2
29987	2
29988	2
29989	2
29990	2
29991	2
29992	2
29993	2
29994	2
29995	2
29996	2
29997	2
29998	2
29999	2
30000	2
30001	2
30002	2
30003	2
30004	2
30005	2
30006	2
30007	2
30008	2
30009	2
30010	2
30011	2
30012	2
30013	2
30014	2
30015	2
30016	2
30017	2
30018	2
30019	2
30020	2
30021	2
30022	2
30023	2
30024	2
30025	2
30026	2
30027	2
30028	2
30029	2
30030	2
30031	2
30032	2
30033	2
30034	2
30035	2
30036	2
30037	2
30038	2
30039	2
30040	2
30041	2
30042	2
30043	2
30044	2
30045	2
30046	2
30047	2
30048	2
30049	2
30050	2
30051	2
30052	2
30053	2
30054	2
30055	2
30056	2
30057	2
30058	2
30059	2
30060	2
30061	2
30062	2
30063	2
30064	2
30065	2
30066	2
30067	2
30068	2
30069	2
30070	2
30071	2
30072	2
30073	2
30074	2
30075	2
30076	2
30077	2
30078	2
30079	2
30080	2
30081	2
30082	2
30083	2
30084	2
30085	2
30086	2
30087	2
30088	2
30089	2
30090	2
30091	2
30092	2
30093	2
30094	2
30095	2
30096	2
30097	2
30098	2
30099	2
30100	2
30101	2
30102	2
30103	2
30104	2
30105	2
30106	2
30107	2
30108	2
30109	2
30110	2
30111	2
30112	2
30113	2
30114	2
30115	2
30116	2
30117	2
30118	2
30119	2
30120	2
30121	2
30122	2
30123	2
30124	2
30125	2
30126	2
30127	2
30128	2
30129	2
30130	2
30131	2
30132	2
30133	2
30134	2
30135	2
30136	2
30137	2
30138	2
30139	2
30140	2
30141	2
30142	2
30143	2
30144	2
30145	2
30146	2
30147	2
30148	2
30149	2
30150	2
30151	2
30152	2
30153	2
30154	2
30155	2
30156	2
30157	2
30158	2
30159	2
30160	2
30161	2
30162	2
30163	2
30164	2
30165	2
30166	2
30167	2
30168	2
30169	2
30170	2
30171	2
30172	2
30173	2
30174	2
30175	2
30176	2
30177	2
30178	2
30179	2
30180	2
30181	2
30182	2
30183	2
30184	2
30185	2
30186	2
30187	2
30188	2
30189	2
30190	2
30191	2
30192	2
30193	2
30194	2
30195	2
30196	2
30197	2
30198	2
30199	2
30200	2
30201	2
30202	2
30203	2
30204	2
30205	2
30206	2
30207	2
30208	2
30209	2
30210	2
30211	2
30212	2
30213	2
30214	2
30215	2
30216	2
30217	2
30218	2
30219	2
30220	2
30221	2
30222	2
30223	2
30224	2
30225	2
30226	2
30227	2
30228	2
30229	2
30230	2
30231	2
30232	2
30233	2
30234	2
30235	2
30236	2
30237	2
30238	2
30239	2
30240	2
30241	2
30242	2
30243	2
30244	2
30245	2
30246	2
30247	2
30248	2
30249	2
30250	2
30251	2
30252	2
30253	2
30254	2
30255	2
30256	2
30257	2
30258	2
30259	2
30260	2
30261	2
30262	2
30263	2
30264	2
30265	2
30266	2
30267	2
30268	2
30269	2
30270	2
30271	2
30272	2
30273	2
30274	2
30275	2
30276	2
30277	2
30278	2
30279	2
30280	2
30281	2
30282	2
30283	2
30284	2
30285	2
30286	2
30287	2
30288	2
30289	2
30290	2
30291	2
30292	2
30293	2
30294	2
30295	2
30296	2
30297	2
30298	2
30299	2
30300	2
30301	2
30302	2
30303	2
30304	2
30305	2
30306	2
30307	2
30308	2
30309	2
30310	2
30311	2
30312	2
30313	2
30314	2
30315	2
30316	2
30317	2
30318	2
30319	2
30320	2
30321	2
30322	2
30323	2
30324	2
30325	2
30326	2
30327	2
30328	2
30329	2
30330	2
30331	2
30332	2
30333	2
30334	2
30335	2
30336	2
30337	2
30338	2
30339	2
30340	2
30341	2
30342	2
30343	2
30344	2
30345	2
30346	2
30347	2
30348	2
30349	2
30350	2
30351	2
30352	2
30353	2
30354	2
30355	2
30356	2
30357	2
30358	2
30359	2
30360	2
30361	2
30362	2
30363	2
30364	2
30365	2
30366	2
30367	2
30368	2
30369	2
30370	2
30371	2
30372	2
30373	2
30374	2
30375	2
30376	2
30377	2
30378	2
30379	2
30380	2
30381	2
30382	2
30383	2
30384	2
30385	2
30386	2
30387	2
30388	2
30389	2
30390	2
30391	2
30392	2
30393	2
30394	2
30395	2
30396	2
30397	2
30398	2
30399	2
30400	2
30401	2
30402	2
30403	2
30404	2
30405	2
30406	2
30407	2
30408	2
30409	2
30410	2
30411	2
30412	2
30413	2
30414	2
30415	2
30416	2
30417	2
30418	2
30419	2
30420	2
30421	2
30422	2
30423	2
30424	2
30425	2
30426	2
30427	2
30428	2
30429	2
30430	2
30431	2
30432	2
30433	2
30434	2
30435	2
30436	2
30437	2
30438	2
30439	2
30440	2
30441	2
30442	2
30443	2
30444	2
30445	2
30446	2
30447	2
30448	2
30449	2
30450	2
30451	2
30452	2
30453	2
30454	2
30455	2
30456	2
30457	2
30458	2
30459	2
30460	2
30461	2
30462	2
30463	2
30464	2
30465	2
30466	2
30467	2
30468	2
30469	2
30470	2
30471	2
30472	2
30473	2
30474	2
30475	2
30476	2
30477	2
30478	2
30479	2
30480	2
30481	2
30482	2
30483	2
30484	2
30485	2
30486	2
30487	2
30488	2
30489	2
30490	2
30491	2
30492	2
30493	2
30494	2
30495	2
30496	2
30497	2
30498	2
30499	2
30500	2
30501	2
30502	2
30503	2
30504	2
30505	2
30506	2
30507	2
30508	2
30509	2
30510	2
30511	2
30512	2
30513	2
30514	2
30515	2
30516	2
30517	2
30518	2
30519	2
30520	2
30521	2
30522	2
30523	2
30524	2
30525	2
30526	2
30527	2
30528	2
30529	2
30530	2
30531	2
30532	2
30533	2
30534	2
30535	2
30536	2
30537	2
30538	2
30539	2
30540	2
30541	2
30542	2
30543	2
30544	2
30545	2
30546	2
30547	2
30548	2
30549	2
30550	2
30551	2
30552	2
30553	2
30554	2
30555	2
30556	2
30557	2
30558	2
30559	2
30560	2
30561	2
30562	2
30563	2
30564	2
30565	2
30566	2
30567	2
30568	2
30569	2
30570	2
30571	2
30572	2
30573	2
30574	2
30575	2
30576	2
30577	2
30578	2
30579	2
30580	2
30581	2
30582	2
30583	2
30584	2
30585	2
30586	2
30587	2
30588	2
30589	2
30590	2
30591	2
30592	2
30593	2
30594	2
30595	2
30596	2
30597	2
30598	2
30599	2
30600	2
30601	2
30602	2
30603	2
30604	2
30605	2
30606	2
30607	2
30608	2
30609	2
30610	2
30611	2
30612	2
30613	2
30614	2
30615	2
30616	2
30617	2
30618	2
30619	2
30620	2
30621	2
30622	2
30623	2
30624	2
30625	2
30626	2
30627	2
30628	2
30629	2
30630	2
30631	2
30632	2
30633	2
30634	2
30635	2
30636	2
30637	2
30638	2
30639	2
30640	2
30641	2
30642	2
30643	2
30644	2
30645	2
30646	2
30647	2
30648	2
30649	2
30650	2
30651	2
30652	2
30653	2
30654	2
30655	2
30656	2
30657	2
30658	2
30659	2
30660	2
30661	2
30662	2
30663	2
30664	2
30665	2
30666	2
30667	2
30668	2
30669	2
30670	2
30671	2
30672	2
30673	2
30674	2
30675	2
30676	2
30677	2
30678	2
30679	2
30680	2
30681	2
30682	2
30683	2
30684	2
30685	2
30686	2
30687	2
30688	2
30689	2
30690	2
30691	2
30692	2
30693	2
30694	2
30695	2
30696	2
30697	2
30698	2
30699	2
30700	2
30701	2
30702	2
30703	2
30704	2
30705	2
30706	2
30707	2
30708	2
30709	2
30710	2
30711	2
30712	2
30713	2
30714	2
30715	2
30716	2
30717	2
30718	2
30719	2
30720	2
30721	2
30722	2
30723	2
30724	2
30725	2
30726	2
30727	2
30728	2
30729	2
30730	2
30731	2
30732	2
30733	2
30734	2
30735	2
30736	2
30737	2
30738	2
30739	2
30740	2
30741	2
30742	2
30743	2
30744	2
30745	2
30746	2
30747	2
30748	2
30749	2
30750	2
30751	2
30752	2
30753	2
30754	2
30755	2
30756	2
30757	2
30758	2
30759	2
30760	2
30761	2
30762	2
30763	2
30764	2
30765	2
30766	2
30767	2
30768	2
30769	2
30770	2
30771	2
30772	2
30773	2
30774	2
30775	2
30776	2
30777	2
30778	2
30779	2
30780	2
30781	2
30782	2
30783	2
30784	2
30785	2
30786	2
30787	2
30788	2
30789	2
30790	2
30791	2
30792	2
30793	2
30794	2
30795	2
30796	2
30797	2
30798	2
30799	2
30800	2
30801	2
30802	2
30803	2
30804	2
30805	2
30806	2
30807	2
30808	2
30809	2
30810	2
30811	2
30812	2
30813	2
30814	2
30815	2
30816	2
30817	2
30818	2
30819	2
30820	2
30821	2
30822	2
30823	2
30824	2
30825	2
30826	2
30827	2
30828	2
30829	2
30830	2
30831	2
30832	2
30833	2
30834	2
30835	2
30836	2
30837	2
30838	2
30839	2
30840	2
30841	2
30842	2
30843	2
30844	2
30845	2
30846	2
30847	2
30848	2
30849	2
30850	2
30851	2
30852	2
30853	2
30854	2
30855	2
30856	2
30857	2
30858	2
30859	2
30860	2
30861	2
30862	2
30863	2
30864	2
30865	2
30866	2
30867	2
30868	2
30869	2
30870	2
30871	2
30872	2
30873	2
30874	2
30875	2
30876	2
30877	2
30878	2
30879	2
30880	2
30881	2
30882	2
30883	2
30884	2
30885	2
30886	2
30887	2
30888	2
30889	2
30890	2
30891	2
30892	2
30893	2
30894	2
30895	2
30896	2
30897	2
30898	2
30899	2
30900	2
30901	2
30902	2
30903	2
30904	2
30905	2
30906	2
30907	2
30908	2
30909	2
30910	2
30911	2
30912	2
30913	2
30914	2
30915	2
30916	2
30917	2
30918	2
30919	2
30920	2
30921	2
30922	2
30923	2
30924	2
30925	2
30926	2
30927	2
30928	2
30929	2
30930	2
30931	2
30932	2
30933	2
30934	2
30935	2
30936	2
30937	2
30938	2
30939	2
30940	2
30941	2
30942	2
30943	2
30944	2
30945	2
30946	2
30947	2
30948	2
30949	2
30950	2
30951	2
30952	2
30953	2
30954	2
30955	2
30956	2
30957	2
30958	2
30959	2
30960	2
30961	2
30962	2
30963	2
30964	2
30965	2
30966	2
30967	2
30968	2
30969	2
30970	2
30971	2
30972	2
30973	2
30974	2
30975	2
30976	2
30977	2
30978	2
30979	2
30980	2
30981	2
30982	2
30983	2
30984	2
30985	2
30986	2
30987	2
30988	2
30989	2
30990	2
30991	2
30992	2
30993	2
30994	2
30995	2
30996	2
30997	2
30998	2
30999	2
31000	2
31001	2
31002	2
31003	2
31004	2
31005	2
31006	2
31007	2
31008	2
31009	2
31010	2
31011	2
31012	2
31013	2
31014	2
31015	2
31016	2
31017	2
31018	2
31019	2
31020	2
31021	2
31022	2
31023	2
31024	2
31025	2
31026	2
31027	2
31028	2
31029	2
31030	2
31031	2
31032	2
31033	2
31034	2
31035	2
31036	2
31037	2
31038	2
31039	2
31040	2
31041	2
31042	2
31043	2
31044	2
31045	2
31046	2
31047	2
31048	2
31049	2
31050	2
31051	2
31052	2
31053	2
31054	2
31055	2
31056	2
31057	2
31058	2
31059	2
31060	2
31061	2
31062	2
31063	2
31064	2
31065	2
31066	2
31067	2
31068	2
31069	2
31070	2
31071	2
31072	2
31073	2
31074	2
31075	2
31076	2
31077	2
31078	2
31079	2
31080	2
31081	2
31082	2
31083	2
31084	2
31085	2
31086	2
31087	2
31088	2
31089	2
31090	2
31091	2
31092	2
31093	2
31094	2
31095	2
31096	2
31097	2
31098	2
31099	2
31100	2
31101	2
31102	2
31103	2
31104	2
31105	2
31106	2
31107	2
31108	2
31109	2
31110	2
31111	2
31112	2
31113	2
31114	2
31115	2
31116	2
31117	2
31118	2
31119	2
31120	2
31121	2
31122	2
31123	2
31124	2
31125	2
31126	2
31127	2
31128	2
31129	2
31130	2
31131	2
31132	2
31133	2
31134	2
31135	2
31136	2
31137	2
31138	2
31139	2
31140	2
31141	2
31142	2
31143	2
31144	2
31145	2
31146	2
31147	2
31148	2
31149	2
31150	2
31151	2
31152	2
31153	2
31154	2
31155	2
31156	2
31157	2
31158	2
31159	2
31160	2
31161	2
31162	2
31163	2
31164	2
31165	2
31166	2
31167	2
31168	2
31169	2
31170	2
31171	2
31172	2
31173	2
31174	2
31175	2
31176	2
31177	2
31178	2
31179	2
31180	2
31181	2
31182	2
31183	2
31184	2
31185	2
31186	2
31187	2
31188	2
31189	2
31190	2
31191	2
31192	2
31193	2
31194	2
31195	2
31196	2
31197	2
31198	2
31199	2
31200	2
31201	2
31202	2
31203	2
31204	2
31205	2
31206	2
31207	2
31208	2
31209	2
31210	2
31211	2
31212	2
31213	2
31214	2
31215	2
31216	2
31217	2
31218	2
31219	2
31220	2
31221	2
31222	2
31223	2
31224	2
31225	2
31226	2
31227	2
31228	2
31229	2
31230	2
31231	2
31232	2
31233	2
31234	2
31235	2
31236	2
31237	2
31238	2
31239	2
31240	2
31241	2
31242	2
31243	2
31244	2
31245	2
31246	2
31247	2
31248	2
31249	2
31250	2
31251	2
31252	2
31253	2
31254	2
31255	2
31256	2
31257	2
31258	2
31259	2
31260	2
31261	2
31262	2
31263	2
31264	2
31265	2
31266	2
31267	2
31268	2
31269	2
31270	2
31271	2
31272	2
31273	2
31274	2
31275	2
31276	2
31277	2
31278	2
31279	2
31280	2
31281	2
31282	2
31283	2
31284	2
31285	2
31286	2
31287	2
31288	2
31289	2
31290	2
31291	2
31292	2
31293	2
31294	2
31295	2
31296	2
31297	2
31298	2
31299	2
31300	2
31301	2
31302	2
31303	2
31304	2
31305	2
31306	2
31307	2
31308	2
31309	2
31310	2
31311	2
31312	2
31313	2
31314	2
31315	2
31316	2
31317	2
31318	2
31319	2
31320	2
31321	2
31322	2
31323	2
31324	2
31325	2
31326	2
31327	2
31328	2
31329	2
31330	2
31331	2
31332	2
31333	2
31334	2
31335	2
31336	2
31337	2
31338	2
31339	2
31340	2
31341	2
31342	2
31343	2
31344	2
31345	2
31346	2
31347	2
31348	2
31349	2
31350	2
31351	2
31352	2
31353	2
31354	2
31355	2
31356	2
31357	2
31358	2
31359	2
31360	2
31361	2
31362	2
31363	2
31364	2
31365	2
31366	2
31367	2
31368	2
31369	2
31370	2
31371	2
31372	2
31373	2
31374	2
31375	2
31376	2
31377	2
31378	2
31379	2
31380	2
31381	2
31382	2
31383	2
31384	2
31385	2
31386	2
31387	2
31388	2
31389	2
31390	2
31391	2
31392	2
31393	2
31394	2
31395	2
31396	2
31397	2
31398	2
31399	2
31400	2
31401	2
31402	2
31403	2
31404	2
31405	2
31406	2
31407	2
31408	2
31409	2
31410	2
31411	2
31412	2
31413	2
31414	2
31415	2
31416	2
31417	2
31418	2
31419	2
31420	2
31421	2
31422	2
31423	2
31424	2
31425	2
31426	2
31427	2
31428	2
31429	2
31430	2
31431	2
31432	2
31433	2
31434	2
31435	2
31436	2
31437	2
31438	2
31439	2
31440	2
31441	2
31442	2
31443	2
31444	2
31445	2
31446	2
31447	2
31448	2
31449	2
31450	2
31451	2
31452	2
31453	2
31454	2
31455	2
31456	2
31457	2
31458	2
31459	2
31460	2
31461	2
31462	2
31463	2
31464	2
31465	2
31466	2
31467	2
31468	2
31469	2
31470	2
31471	2
31472	2
31473	2
31474	2
31475	2
31476	2
31477	2
31478	2
31479	2
31480	2
31481	2
31482	2
31483	2
31484	2
31485	2
31486	2
31487	2
31488	2
31489	2
31490	2
31491	2
31492	2
31493	2
31494	2
31495	2
31496	2
31497	2
31498	2
31499	2
31500	2
31501	2
31502	2
31503	2
31504	2
31505	2
31506	2
31507	2
31508	2
31509	2
31510	2
31511	2
31512	2
31513	2
31514	2
31515	2
31516	2
31517	2
31518	2
31519	2
31520	2
31521	2
31522	2
31523	2
31524	2
31525	2
31526	2
31527	2
31528	2
31529	2
31530	2
31531	2
31532	2
31533	2
31534	2
31535	2
31536	2
31537	2
31538	2
31539	2
31540	2
31541	2
31542	2
31543	2
31544	2
31545	2
31546	2
31547	2
31548	2
31549	2
31550	2
31551	2
31552	2
31553	2
31554	2
31555	2
31556	2
31557	2
31558	2
31559	2
31560	2
31561	2
31562	2
31563	2
31564	2
31565	2
31566	2
31567	2
31568	2
31569	2
31570	2
31571	2
31572	2
31573	2
31574	2
31575	2
31576	2
31577	2
31578	2
31579	2
31580	2
31581	2
31582	2
31583	2
31584	2
31585	2
31586	2
31587	2
31588	2
31589	2
31590	2
31591	2
31592	2
31593	2
31594	2
31595	2
31596	2
31597	2
31598	2
31599	2
31600	2
31601	2
31602	2
31603	2
31604	2
31605	2
31606	2
31607	2
31608	2
31609	2
31610	2
31611	2
31612	2
31613	2
31614	2
31615	2
31616	2
31617	2
31618	2
31619	2
31620	2
31621	2
31622	2
31623	2
31624	2
31625	2
31626	2
31627	2
31628	2
31629	2
31630	2
31631	2
31632	2
31633	2
31634	2
31635	2
31636	2
31637	2
31638	2
31639	2
31640	2
31641	2
31642	2
31643	2
31644	2
31645	2
31646	2
31647	2
31648	2
31649	2
31650	2
31651	2
31652	2
31653	2
31654	2
31655	2
31656	2
31657	2
31658	2
31659	2
31660	2
31661	2
31662	2
31663	2
31664	2
31665	2
31666	2
31667	2
31668	2
31669	2
31670	2
31671	2
31672	2
31673	2
31674	2
31675	2
31676	2
31677	2
31678	2
31679	2
31680	2
31681	2
31682	2
31683	2
31684	2
31685	2
31686	2
31687	2
31688	2
31689	2
31690	2
31691	2
31692	2
31693	2
31694	2
31695	2
31696	2
31697	2
31698	2
31699	2
31700	2
31701	2
31702	2
31703	2
31704	2
31705	2
31706	2
31707	2
31708	2
31709	2
31710	2
31711	2
31712	2
31713	2
31714	2
31715	2
31716	2
31717	2
31718	2
31719	2
31720	2
31721	2
31722	2
31723	2
31724	2
31725	2
31726	2
31727	2
31728	2
31729	2
31730	2
31731	2
31732	2
31733	2
31734	2
31735	2
31736	2
31737	2
31738	2
31739	2
31740	2
31741	2
31742	2
31743	2
31744	2
31745	2
31746	2
31747	2
31748	2
31749	2
31750	2
31751	2
31752	2
31753	2
31754	2
31755	2
31756	2
31757	2
31758	2
31759	2
31760	2
31761	2
31762	2
31763	2
31764	2
31765	2
31766	2
31767	2
31768	2
31769	2
31770	2
31771	2
31772	2
31773	2
31774	2
31775	2
31776	2
31777	2
31778	2
31779	2
31780	2
31781	2
31782	2
31783	2
31784	2
31785	2
31786	2
31787	2
31788	2
31789	2
31790	2
31791	2
31792	2
31793	2
31794	2
31795	2
31796	2
31797	2
31798	2
31799	2
31800	2
31801	2
31802	2
31803	2
31804	2
31805	2
31806	2
31807	2
31808	2
31809	2
31810	2
31811	2
31812	2
31813	2
31814	2
31815	2
31816	2
31817	2
31818	2
31819	2
31820	2
31821	2
31822	2
31823	2
31824	2
31825	2
31826	2
31827	2
31828	2
31829	2
31830	2
31831	2
31832	2
31833	2
31834	2
31835	2
31836	2
31837	2
31838	2
31839	2
31840	2
31841	2
31842	2
31843	2
31844	2
31845	2
31846	2
31847	2
31848	2
31849	2
31850	2
31851	2
31852	2
31853	2
31854	2
31855	2
31856	2
31857	2
31858	2
31859	2
31860	2
31861	2
31862	2
31863	2
31864	2
31865	2
31866	2
31867	2
31868	2
31869	2
31870	2
31871	2
31872	2
31873	2
31874	2
31875	2
31876	2
31877	2
31878	2
31879	2
31880	2
31881	2
31882	2
31883	2
31884	2
31885	2
31886	2
31887	2
31888	2
31889	2
31890	2
31891	2
31892	2
31893	2
31894	2
31895	2
31896	2
31897	2
31898	2
31899	2
31900	2
31901	2
31902	2
31903	2
31904	2
31905	2
31906	2
31907	2
31908	2
31909	2
31910	2
31911	2
31912	2
31913	2
31914	2
31915	2
31916	2
31917	2
31918	2
31919	2
31920	2
31921	2
31922	2
31923	2
31924	2
31925	2
31926	2
31927	2
31928	2
31929	2
31930	2
31931	2
31932	2
31933	2
31934	2
31935	2
31936	2
31937	2
31938	2
31939	2
31940	2
31941	2
31942	2
31943	2
31944	2
31945	2
31946	2
31947	2
31948	2
31949	2
31950	2
31951	2
31952	2
31953	2
31954	2
31955	2
31956	2
31957	2
31958	2
31959	2
31960	2
31961	2
31962	2
31963	2
31964	2
31965	2
31966	2
31967	2
31968	2
31969	2
31970	2
31971	1
31972	1
31973	1
31974	1
31975	1
31976	1
31977	1
31978	1
31979	1
31980	1
31981	1
31982	1
31983	1
31984	1
31985	1
31986	1
31987	1
31988	1
31989	1
31990	1
31991	1
31992	1
31993	1
31994	1
31995	1
31996	1
31997	1
31998	1
31999	1
32000	1
32001	1
32002	1
32003	1
32004	1
32005	1
32006	1
32007	1
32008	1
32009	1
32010	1
32011	1
32012	1
32013	1
32014	1
32015	1
32016	1
32017	1
32018	1
32019	1
32020	1
32021	1
32022	1
32023	1
32024	1
32025	1
32026	1
32027	1
32028	1
32029	1
32030	1
32031	1
32032	1
32033	1
32034	1
32035	1
32036	1
32037	1
32038	1
32039	1
32040	1
32041	1
32042	1
32043	1
32044	1
32045	1
32046	1
32047	1
32048	1
32049	1
32050	1
32051	1
32052	1
32053	1
32054	1
32055	1
32056	1
32057	1
32058	1
32059	1
32060	1
32061	1
32062	1
32063	1
32064	1
32065	1
32066	1
32067	1
32068	1
32069	1
32070	1
32071	1
32072	1
32073	1
32074	1
32075	1
32076	1
32077	1
32078	1
32079	1
32080	1
32081	1
32082	1
32083	1
32084	1
32085	1
32086	1
32087	1
32088	1
32089	1
32090	1
32091	1
32092	1
32093	1
32094	1
32095	1
32096	1
32097	1
32098	1
32099	1
32100	1
32101	1
32102	1
32103	1
32104	1
32105	1
32106	1
32107	1
32108	1
32109	1
32110	1
32111	1
32112	1
32113	1
32114	1
32115	1
32116	1
32117	1
32118	1
32119	1
32120	1
32121	1
32122	1
32123	1
32124	1
32125	1
32126	1
32127	1
32128	1
32129	1
32130	1
32131	1
32132	1
32133	1
32134	1
32135	1
32136	1
32137	1
32138	1
32139	1
32140	1
32141	1
32142	1
32143	1
32144	1
32145	1
32146	1
32147	1
32148	1
32149	1
32150	1
32151	1
32152	1
32153	1
32154	1
32155	1
32156	1
32157	1
32158	1
32159	1
32160	1
32161	1
32162	1
32163	1
32164	1
32165	1
32166	1
32167	1
32168	1
32169	1
32170	1
32171	1
32172	1
32173	1
32174	1
32175	1
32176	1
32177	1
32178	1
32179	1
32180	1
32181	1
32182	1
32183	1
32184	1
32185	1
32186	1
32187	1
32188	1
32189	1
32190	1
32191	1
32192	1
32193	1
32194	1
32195	1
32196	1
32197	1
32198	1
32199	1
32200	1
32201	1
32202	1
32203	1
32204	1
32205	1
32206	1
32207	1
32208	1
32209	1
32210	1
32211	1
32212	1
32213	1
32214	1
32215	1
32216	1
32217	1
32218	1
32219	1
32220	1
32221	1
32222	1
32223	1
32224	1
32225	1
32226	1
32227	1
32228	1
32229	1
32230	1
32231	1
32232	1
32233	1
32234	1
32235	1
32236	1
32237	1
32238	1
32239	1
32240	1
32241	1
32242	1
32243	1
32244	1
32245	1
32246	1
32247	1
32248	1
32249	1
32250	1
32251	1
32252	1
32253	1
32254	1
32255	1
32256	1
32257	1
32258	1
32259	1
32260	1
32261	1
32262	1
32263	1
32264	1
32265	1
32266	1
32267	1
32268	1
32269	1
32270	1
32271	1
32272	1
32273	1
32274	1
32275	1
32276	1
32277	1
32278	1
32279	1
32280	1
32281	1
32282	1
32283	1
32284	1
32285	1
32286	1
32287	1
32288	1
32289	1
32290	1
32291	1
32292	1
32293	1
32294	1
32295	1
32296	1
32297	1
32298	1
32299	1
32300	1
32301	1
32302	1
32303	1
32304	1
32305	1
32306	1
32307	1
32308	1
32309	1
32310	1
32311	1
32312	1
32313	1
32314	1
32315	1
32316	1
32317	1
32318	1
32319	1
32320	1
32321	1
32322	1
32323	1
32324	1
32325	1
32326	1
32327	1
32328	1
32329	1
32330	1
32331	1
32332	1
32333	1
32334	1
32335	1
32336	1
32337	1
32338	1
32339	1
32340	1
32341	1
32342	1
32343	1
32344	1
32345	1
32346	1
32347	1
32348	1
32349	1
32350	1
32351	1
32352	1
32353	1
32354	1
32355	1
32356	1
32357	1
32358	1
32359	1
32360	1
32361	1
32362	1
32363	1
32364	1
32365	1
32366	1
32367	1
32368	1
32369	1
32370	1
32371	1
32372	1
32373	1
32374	1
32375	1
32376	1
32377	1
32378	1
32379	1
32380	1
32381	1
32382	1
32383	1
32384	1
32385	1
32386	1
32387	1
32388	1
32389	1
32390	1
32391	1
32392	1
32393	1
32394	1
32395	1
32396	1
32397	1
32398	1
32399	1
32400	1
32401	1
32402	1
32403	1
32404	1
32405	1
32406	1
32407	1
32408	1
32409	1
32410	1
32411	1
32412	1
32413	1
32414	1
32415	1
32416	1
32417	1
32418	1
32419	1
32420	1
32421	1
32422	1
32423	1
32424	1
32425	1
32426	1
32427	1
32428	1
32429	1
32430	1
32431	1
32432	1
32433	1
32434	1
32435	1
32436	1
32437	1
32438	1
32439	1
32440	1
32441	1
32442	1
32443	1
32444	1
32445	1
32446	1
32447	1
32448	1
32449	1
32450	1
32451	1
32452	1
32453	1
32454	1
32455	1
32456	1
32457	1
32458	1
32459	1
32460	1
32461	1
32462	1
32463	1
32464	1
32465	1
32466	1
32467	1
32468	1
32469	1
32470	1
32471	1
32472	1
32473	1
32474	1
32475	1
32476	1
32477	1
32478	1
32479	1
32480	1
32481	1
32482	1
32483	1
32484	1
32485	1
32486	1
32487	1
32488	1
32489	1
32490	1
32491	1
32492	1
32493	1
32494	1
32495	1
32496	1
32497	1
32498	1
32499	1
32500	1
32501	1
32502	1
32503	1
32504	1
32505	1
32506	1
32507	1
32508	1
32509	1
32510	1
32511	1
32512	1
32513	1
32514	1
32515	1
32516	1
32517	1
32518	1
32519	1
32520	1
32521	1
32522	1
32523	1
32524	1
32525	1
32526	1
32527	1
32528	1
32529	1
32530	1
32531	1
32532	1
32533	1
32534	1
32535	1
32536	1
32537	1
32538	1
32539	1
32540	1
32541	1
32542	1
32543	1
32544	1
32545	1
32546	1
32547	1
32548	1
32549	1
32550	1
32551	1
32552	1
32553	1
32554	1
32555	1
32556	1
32557	1
32558	1
32559	1
32560	1
32561	1
32562	1
32563	1
32564	1
32565	1
32566	1
32567	1
32568	1
32569	1
32570	1
32571	1
32572	1
32573	1
32574	1
32575	1
32576	1
32577	1
32578	1
32579	1
32580	1
32581	1
32582	1
32583	1
32584	1
32585	1
32586	1
32587	1
32588	1
32589	1
32590	1
32591	1
32592	1
32593	1
32594	1
32595	1
32596	1
32597	1
32598	1
32599	1
32600	1
32601	1
32602	1
32603	1
32604	1
32605	1
32606	1
32607	1
32608	1
32609	1
32610	1
32611	1
32612	1
32613	1
32614	1
32615	1
32616	1
32617	1
32618	1
32619	1
32620	1
32621	1
32622	1
32623	1
32624	1
32625	1
32626	1
32627	1
32628	1
32629	1
32630	1
32631	1
32632	1
32633	1
32634	1
32635	1
32636	1
32637	1
32638	1
32639	1
32640	1
32641	1
32642	1
32643	1
32644	1
32645	1
32646	1
32647	1
32648	1
32649	1
32650	1
32651	1
32652	1
32653	1
32654	1
32655	1
32656	1
32657	1
32658	1
32659	1
32660	1
32661	1
32662	1
32663	1
32664	1
32665	1
32666	1
32667	1
32668	1
32669	1
32670	1
32671	1
32672	1
32673	1
32674	1
32675	1
32676	1
32677	1
32678	1
32679	1
32680	1
32681	1
32682	1
32683	1
32684	1
32685	1
32686	1
32687	1
32688	1
32689	1
32690	1
32691	1
32692	1
32693	1
32694	1
32695	1
32696	1
32697	1
32698	1
32699	1
32700	1
32701	1
32702	1
32703	1
32704	1
32705	1
32706	1
32707	1
32708	1
32709	1
32710	1
32711	1
32712	1
32713	1
32714	1
32715	1
32716	1
32717	1
32718	1
32719	1
32720	1
32721	1
32722	1
32723	1
32724	1
32725	1
32726	1
32727	1
32728	1
32729	1
32730	1
32731	1
32732	1
32733	1
32734	1
32735	1
32736	1
32737	1
32738	1
32739	1
32740	1
32741	1
32742	1
32743	1
32744	1
32745	1
32746	1
32747	1
32748	1
32749	1
32750	1
32751	1
32752	1
32753	1
32754	1
32755	1
32756	1
32757	1
32758	1
32759	1
32760	1
32761	1
32762	1
32763	1
32764	1
32765	1
32766	1
32767	1
32768	1
32769	1
32770	1
32771	1
32772	1
32773	1
32774	1
32775	1
32776	1
32777	1
32778	1
32779	1
32780	1
32781	1
32782	1
32783	1
32784	1
32785	1
32786	1
32787	1
32788	1
32789	1
32790	1
32791	1
32792	1
32793	1
32794	1
32795	1
32796	1
32797	1
32798	1
32799	1
32800	1
32801	1
32802	1
32803	1
32804	1
32805	1
32806	1
32807	1
32808	1
32809	1
32810	1
32811	1
32812	1
32813	1
32814	1
32815	1
32816	1
32817	1
32818	1
32819	1
32820	1
32821	1
32822	1
32823	1
32824	1
32825	1
32826	1
32827	1
32828	1
32829	1
32830	1
32831	1
32832	1
32833	1
32834	1
32835	1
32836	1
32837	1
32838	1
32839	1
32840	1
32841	1
32842	1
32843	1
32844	1
32845	1
32846	1
32847	1
32848	1
32849	1
32850	1
32851	1
32852	1
32853	1
32854	1
32855	1
32856	1
32857	1
32858	1
32859	1
32860	1
32861	1
32862	1
32863	1
32864	1
32865	1
32866	1
32867	1
32868	1
32869	1
32870	1
32871	1
32872	1
32873	1
32874	1
32875	1
32876	1
32877	1
32878	1
32879	1
32880	1
32881	1
32882	1
32883	1
32884	1
32885	1
32886	1
32887	1
32888	1
32889	1
32890	1
32891	1
32892	1
32893	1
32894	1
32895	1
32896	1
32897	1
32898	1
32899	1
32900	1
32901	1
32902	1
32903	1
32904	1
32905	1
32906	1
32907	1
32908	1
32909	1
32910	1
32911	1
32912	1
32913	1
32914	1
32915	1
32916	1
32917	1
32918	1
32919	1
32920	1
32921	1
32922	1
32923	1
32924	1
32925	1
32926	1
32927	1
32928	1
32929	1
32930	1
32931	1
32932	1
32933	1
32934	1
32935	1
32936	1
32937	1
32938	1
32939	1
32940	1
32941	1
32942	1
32943	1
32944	1
32945	1
32946	1
32947	1
32948	1
32949	1
32950	1
32951	1
32952	1
32953	1
32954	1
32955	1
32956	1
32957	1
32958	1
32959	1
32960	1
32961	1
32962	1
32963	1
32964	1
32965	1
32966	1
32967	1
32968	1
32969	1
32970	1
32971	1
32972	1
32973	1
32974	1
32975	1
32976	1
32977	1
32978	1
32979	1
32980	1
32981	1
32982	1
32983	1
32984	1
32985	1
32986	1
32987	1
32988	1
32989	1
32990	1
32991	1
32992	1
32993	1
32994	1
32995	1
32996	1
32997	1
32998	1
32999	1
33000	1
33001	1
33002	1
33003	1
33004	1
33005	1
33006	1
33007	1
33008	1
33009	1
33010	1
33011	1
33012	1
33013	1
33014	1
33015	1
33016	1
33017	1
33018	1
33019	1
33020	1
33021	1
33022	1
33023	1
33024	1
33025	1
33026	1
33027	1
33028	1
33029	1
33030	1
33031	1
33032	1
33033	1
33034	1
33035	1
33036	1
33037	1
33038	1
33039	1
33040	1
33041	1
33042	1
33043	1
33044	1
33045	1
33046	1
33047	1
33048	1
33049	1
33050	1
33051	1
33052	1
33053	1
33054	1
33055	1
33056	1
33057	1
33058	1
33059	1
33060	1
33061	1
33062	1
33063	1
33064	1
33065	1
33066	1
33067	1
33068	1
33069	1
33070	1
33071	1
33072	1
33073	1
33074	1
33075	1
33076	1
33077	1
33078	1
33079	1
33080	1
33081	1
33082	1
33083	1
33084	1
33085	1
33086	1
33087	1
33088	1
33089	1
33090	1
33091	1
33092	1
33093	1
33094	1
33095	1
33096	1
33097	1
33098	1
33099	1
33100	1
33101	1
33102	1
33103	1
33104	1
33105	1
33106	1
33107	1
33108	1
33109	1
33110	1
33111	1
33112	1
33113	1
33114	1
33115	1
33116	1
33117	1
33118	1
33119	1
33120	1
33121	1
33122	1
33123	1
33124	1
33125	1
33126	1
33127	1
33128	1
33129	1
33130	1
33131	1
33132	1
33133	1
33134	1
33135	1
33136	1
33137	1
33138	1
33139	1
33140	1
33141	1
33142	1
33143	1
33144	1
33145	1
33146	1
33147	1
33148	1
33149	1
33150	1
33151	1
33152	1
33153	1
33154	1
33155	1
33156	1
33157	1
33158	1
33159	1
33160	1
33161	1
33162	1
33163	1
33164	1
33165	1
33166	1
33167	1
33168	1
33169	1
33170	1
33171	1
33172	1
33173	1
33174	1
33175	1
33176	1
33177	1
33178	1
33179	1
33180	1
33181	1
33182	1
33183	1
33184	1
33185	1
33186	1
33187	1
33188	1
33189	1
33190	1
33191	1
33192	1
33193	1
33194	1
33195	1
33196	1
33197	1
33198	1
33199	1
33200	1
33201	1
33202	1
33203	1
33204	1
33205	1
33206	1
33207	1
33208	1
33209	1
33210	1
33211	1
33212	1
33213	1
33214	1
33215	1
33216	1
33217	1
33218	1
33219	1
33220	1
33221	1
33222	1
33223	1
33224	1
33225	1
33226	1
33227	1
33228	1
33229	1
33230	1
33231	1
33232	1
33233	1
33234	1
33235	1
33236	1
33237	1
33238	1
33239	1
33240	1
33241	1
33242	1
33243	1
33244	1
33245	1
33246	1
33247	1
33248	1
33249	1
33250	1
33251	1
33252	1
33253	1
33254	1
33255	1
33256	1
33257	1
33258	1
33259	1
33260	1
33261	1
33262	1
33263	1
33264	1
33265	1
33266	1
33267	1
33268	1
33269	1
33270	1
33271	1
33272	1
33273	1
33274	1
33275	1
33276	1
33277	1
33278	1
33279	1
33280	1
33281	1
33282	1
33283	1
33284	1
33285	1
33286	1
33287	1
33288	1
33289	1
33290	1
33291	1
33292	1
33293	1
33294	1
33295	1
33296	1
33297	1
33298	1
33299	1
33300	1
33301	1
33302	1
33303	1
33304	1
33305	1
33306	1
33307	1
33308	1
33309	1
33310	1
33311	1
33312	1
33313	1
33314	1
33315	1
33316	1
33317	1
33318	1
33319	1
33320	1
33321	1
33322	1
33323	1
33324	1
33325	1
33326	1
33327	1
33328	1
33329	1
33330	1
33331	1
33332	1
33333	1
33334	1
33335	1
33336	1
33337	1
33338	1
33339	1
33340	1
33341	1
33342	1
33343	1
33344	1
33345	1
33346	1
33347	1
33348	1
33349	1
33350	1
33351	1
33352	1
33353	1
33354	1
33355	1
33356	1
33357	1
33358	1
33359	1
33360	1
33361	1
33362	1
33363	1
33364	1
33365	1
33366	1
33367	1
33368	1
33369	1
33370	1
33371	1
33372	1
33373	1
33374	1
33375	1
33376	1
33377	1
33378	1
33379	1
33380	1
33381	1
33382	1
33383	1
33384	1
33385	1
33386	1
33387	1
33388	1
33389	1
33390	1
33391	1
33392	1
33393	1
33394	1
33395	1
33396	1
33397	1
33398	1
33399	1
33400	1
33401	1
33402	1
33403	1
33404	1
33405	1
33406	1
33407	1
33408	1
33409	1
33410	1
33411	1
33412	1
33413	1
33414	1
33415	1
33416	1
33417	1
33418	1
33419	1
33420	1
33421	1
33422	1
33423	1
33424	1
33425	1
33426	1
33427	1
33428	1
33429	1
33430	1
33431	1
33432	1
33433	1
33434	1
33435	1
33436	1
33437	1
33438	1
33439	1
33440	1
33441	1
33442	1
33443	1
33444	1
33445	1
33446	1
33447	1
33448	1
33449	1
33450	1
33451	1
33452	1
33453	1
33454	1
33455	1
33456	1
33457	1
33458	1
33459	1
33460	1
33461	1
33462	1
33463	1
33464	1
33465	1
33466	1
33467	1
33468	1
33469	1
33470	1
33471	1
33472	1
33473	1
33474	1
33475	1
33476	1
33477	1
33478	1
33479	1
33480	1
33481	1
33482	1
33483	1
33484	1
33485	1
33486	1
33487	1
33488	1
33489	1
33490	1
33491	1
33492	1
33493	1
33494	1
33495	1
33496	1
33497	1
33498	1
33499	1
33500	1
33501	1
33502	1
33503	1
33504	1
33505	1
33506	1
33507	1
33508	1
33509	1
33510	1
33511	1
33512	1
33513	1
33514	1
33515	1
33516	1
33517	1
33518	1
33519	1
33520	1
33521	1
33522	1
33523	1
33524	1
33525	1
33526	1
33527	1
33528	1
33529	1
33530	1
33531	1
33532	1
33533	1
33534	1
33535	1
33536	1
33537	1
33538	1
33539	1
33540	1
33541	1
33542	1
33543	1
33544	1
33545	1
33546	1
33547	1
33548	1
33549	1
33550	1
33551	1
33552	1
33553	1
33554	1
33555	1
33556	1
33557	1
33558	1
33559	1
33560	1
33561	1
33562	1
33563	1
33564	1
33565	1
33566	1
33567	1
33568	1
33569	1
33570	1
33571	1
33572	1
33573	1
33574	1
33575	1
33576	1
33577	1
33578	1
33579	1
33580	1
33581	1
33582	1
33583	1
33584	1
33585	1
33586	1
33587	1
33588	1
33589	1
33590	1
33591	1
33592	1
33593	1
33594	1
33595	1
33596	1
33597	1
33598	1
33599	1
33600	1
33601	1
33602	1
33603	1
33604	1
33605	1
33606	1
33607	1
33608	1
33609	1
33610	1
33611	1
33612	1
33613	1
33614	1
33615	1
33616	1
33617	1
33618	1
33619	1
33620	1
33621	1
33622	1
33623	1
33624	1
33625	1
33626	1
33627	1
33628	1
33629	1
33630	1
33631	1
33632	1
33633	1
33634	1
33635	1
33636	1
33637	1
33638	1
33639	1
33640	1
33641	1
33642	1
33643	1
33644	1
33645	1
33646	1
33647	1
33648	1
33649	1
33650	1
33651	1
33652	1
33653	1
33654	1
33655	1
33656	1
33657	1
33658	1
33659	1
33660	1
33661	1
33662	1
33663	1
33664	1
33665	1
33666	1
33667	1
33668	1
33669	1
33670	1
33671	1
33672	1
33673	1
33674	1
33675	1
33676	1
33677	1
33678	1
33679	1
33680	1
33681	1
33682	1
33683	1
33684	1
33685	1
33686	1
33687	1
33688	1
33689	1
33690	1
33691	1
33692	1
33693	1
33694	1
33695	1
33696	1
33697	1
33698	1
33699	1
33700	1
33701	1
33702	1
33703	1
33704	1
33705	1
33706	1
33707	1
33708	1
33709	1
33710	1
33711	1
33712	1
33713	1
33714	1
33715	1
33716	1
33717	1
33718	1
33719	1
33720	1
33721	1
33722	1
33723	1
33724	1
33725	1
33726	1
33727	1
33728	1
33729	1
33730	1
33731	1
33732	1
33733	1
33734	1
33735	1
33736	1
33737	1
33738	1
33739	1
33740	1
33741	1
33742	1
33743	1
33744	1
33745	1
33746	1
33747	1
33748	1
33749	1
33750	1
33751	1
33752	1
33753	1
33754	1
33755	1
33756	1
33757	1
33758	1
33759	1
33760	1
33761	1
33762	1
33763	1
33764	1
33765	1
33766	1
33767	1
33768	1
33769	1
33770	1
33771	1
33772	1
33773	1
33774	1
33775	1
33776	1
33777	1
33778	1
33779	1
33780	1
33781	1
33782	1
33783	1
33784	1
33785	1
33786	1
33787	1
33788	1
33789	1
33790	1
33791	1
33792	1
33793	1
33794	1
33795	1
33796	1
33797	1
33798	1
33799	1
33800	1
33801	1
33802	1
33803	1
33804	1
33805	1
33806	1
33807	1
33808	1
33809	1
33810	1
33811	1
33812	1
33813	1
33814	1
33815	1
33816	1
33817	1
33818	1
33819	1
33820	1
33821	1
33822	1
33823	1
33824	1
33825	1
33826	1
33827	1
33828	1
33829	1
33830	1
33831	1
33832	1
33833	1
33834	1
33835	1
33836	1
33837	1
33838	1
33839	1
33840	1
33841	1
33842	1
33843	1
33844	1
33845	1
33846	1
33847	1
33848	1
33849	1
33850	1
33851	1
33852	1
33853	1
33854	1
33855	1
33856	1
33857	1
33858	1
33859	1
33860	1
33861	1
33862	1
33863	1
33864	1
33865	1
33866	1
33867	1
33868	1
33869	1
33870	1
33871	1
33872	1
33873	1
33874	1
33875	1
33876	1
33877	1
33878	1
33879	1
33880	1
33881	1
33882	1
33883	1
33884	1
33885	1
33886	1
33887	1
33888	1
33889	1
33890	1
33891	1
33892	1
33893	1
33894	1
33895	1
33896	1
33897	1
33898	1
33899	1
33900	1
33901	1
33902	1
33903	1
33904	1
33905	1
33906	1
33907	1
33908	1
33909	1
33910	1
33911	1
33912	1
33913	1
33914	1
33915	1
33916	1
33917	1
33918	1
33919	1
33920	1
33921	1
33922	1
33923	1
33924	1
33925	1
33926	1
33927	1
33928	1
33929	1
33930	1
33931	1
33932	1
33933	1
33934	1
33935	1
33936	1
33937	1
33938	1
33939	1
33940	1
33941	1
33942	1
33943	1
33944	1
33945	1
33946	1
33947	1
33948	1
33949	1
33950	1
33951	1
33952	1
33953	1
33954	1
33955	1
33956	1
33957	1
33958	1
33959	1
33960	1
33961	1
33962	1
33963	1
33964	1
33965	1
33966	1
33967	1
33968	1
33969	1
33970	1
33971	1
33972	1
33973	1
33974	1
33975	1
33976	1
33977	1
33978	1
33979	1
33980	1
33981	1
33982	1
33983	1
33984	1
33985	1
33986	1
33987	1
33988	1
33989	1
33990	1
33991	1
33992	1
33993	1
33994	1
33995	1
33996	1
33997	1
33998	1
33999	1
34000	1
34001	1
34002	1
34003	1
34004	1
34005	1
34006	1
34007	1
34008	1
34009	1
34010	1
34011	1
34012	1
34013	1
34014	1
34015	1
34016	1
34017	1
34018	1
34019	1
34020	1
34021	1
34022	1
34023	1
34024	1
34025	1
34026	1
34027	1
34028	1
34029	1
34030	1
34031	1
34032	1
34033	1
34034	1
34035	1
34036	1
34037	1
34038	1
34039	1
34040	1
34041	1
34042	1
34043	1
34044	1
34045	1
34046	1
34047	1
34048	1
34049	1
34050	1
34051	1
34052	1
34053	1
34054	1
34055	1
34056	1
34057	1
34058	1
34059	1
34060	1
34061	1
34062	1
34063	1
34064	1
34065	1
34066	1
34067	1
34068	1
34069	1
34070	1
34071	1
34072	1
34073	1
34074	1
34075	1
34076	1
34077	1
34078	1
34079	1
34080	1
34081	1
34082	1
34083	1
34084	1
34085	1
34086	1
34087	1
34088	1
34089	1
34090	1
34091	1
34092	1
34093	1
34094	1
34095	1
34096	1
34097	1
34098	1
34099	1
34100	1
34101	1
34102	1
34103	1
34104	1
34105	1
34106	1
34107	1
34108	1
34109	1
34110	1
34111	1
34112	1
34113	1
34114	1
34115	1
34116	1
34117	1
34118	1
34119	1
34120	1
34121	1
34122	1
34123	1
34124	1
34125	1
34126	1
34127	1
34128	1
34129	1
34130	1
34131	1
34132	1
34133	1
34134	1
34135	1
34136	1
34137	1
34138	1
34139	1
34140	1
34141	1
34142	1
34143	1
34144	1
34145	1
34146	1
34147	1
34148	1
34149	1
34150	1
34151	1
34152	1
34153	1
34154	1
34155	1
34156	1
34157	1
34158	1
34159	1
34160	1
34161	1
34162	1
34163	1
34164	1
34165	1
34166	1
34167	1
34168	1
34169	1
34170	1
34171	1
34172	1
34173	1
34174	1
34175	1
34176	1
34177	1
34178	1
34179	1
34180	1
34181	1
34182	1
34183	1
34184	1
34185	1
34186	1
34187	1
34188	1
34189	1
34190	1
34191	1
34192	1
34193	1
34194	1
34195	1
34196	1
34197	1
34198	1
34199	1
34200	1
34201	1
34202	1
34203	1
34204	1
34205	1
34206	1
34207	1
34208	1
34209	1
34210	1
34211	1
34212	1
34213	1
34214	1
34215	1
34216	1
34217	1
34218	1
34219	1
34220	1
34221	1
34222	1
34223	1
34224	1
34225	1
34226	1
34227	1
34228	1
34229	1
34230	1
34231	1
34232	1
34233	1
34234	1
34235	1
34236	1
34237	1
34238	1
34239	1
34240	1
34241	1
34242	1
34243	1
34244	1
34245	1
34246	1
34247	1
34248	1
34249	1
34250	1
34251	1
34252	1
34253	1
34254	1
34255	1
34256	1
34257	1
34258	1
34259	1
34260	1
34261	1
34262	1
34263	1
34264	1
34265	1
34266	1
34267	1
34268	1
34269	1
34270	1
34271	1
34272	1
34273	1
34274	1
34275	1
34276	1
34277	1
34278	1
34279	1
34280	1
34281	1
34282	1
34283	1
34284	1
34285	1
34286	1
34287	1
34288	1
34289	1
34290	1
34291	1
34292	1
34293	1
34294	1
34295	1
34296	1
34297	1
34298	1
34299	1
34300	1
34301	1
34302	1
34303	1
34304	1
34305	1
34306	1
34307	1
34308	1
34309	1
34310	1
34311	1
34312	1
34313	1
34314	1
34315	1
34316	1
34317	1
34318	1
34319	1
34320	1
34321	1
34322	1
34323	1
34324	1
34325	1
34326	1
34327	1
34328	1
34329	1
34330	1
34331	1
34332	1
34333	1
34334	1
34335	1
34336	1
34337	1
34338	1
34339	1
34340	1
34341	1
34342	1
34343	1
34344	1
34345	1
34346	1
34347	1
34348	1
34349	1
34350	1
34351	1
34352	1
34353	1
34354	1
34355	1
34356	1
34357	1
34358	1
34359	1
34360	1
34361	1
34362	1
34363	1
34364	1
34365	1
34366	1
34367	1
34368	1
34369	1
34370	1
34371	1
34372	1
34373	1
34374	1
34375	1
34376	1
34377	1
34378	1
34379	1
34380	1
34381	1
34382	1
34383	1
34384	1
34385	1
34386	1
34387	1
34388	1
34389	1
34390	1
34391	1
34392	1
34393	1
34394	1
34395	1
34396	1
34397	1
34398	1
34399	1
34400	1
34401	1
34402	1
34403	1
34404	1
34405	1
34406	1
34407	1
34408	1
34409	1
34410	1
34411	1
34412	1
34413	1
34414	1
34415	1
34416	1
34417	1
34418	1
34419	1
34420	1
34421	1
34422	1
34423	1
34424	1
34425	1
34426	1
34427	1
34428	1
34429	1
34430	1
34431	1
34432	1
34433	1
34434	1
34435	1
34436	1
34437	1
34438	1
34439	1
34440	1
34441	1
34442	1
34443	1
34444	1
34445	1
34446	1
34447	1
34448	1
34449	1
34450	1
34451	1
34452	1
34453	1
34454	1
34455	1
34456	1
34457	1
34458	1
34459	1
34460	1
34461	1
34462	1
34463	1
34464	1
34465	1
34466	1
34467	1
34468	1
34469	1
34470	1
34471	1
34472	1
34473	1
34474	1
34475	1
34476	1
34477	1
34478	1
34479	1
34480	1
34481	1
34482	1
34483	1
34484	1
34485	1
34486	1
34487	1
34488	1
34489	1
34490	1
34491	1
34492	1
34493	1
34494	1
34495	1
34496	1
34497	1
34498	1
34499	1
34500	1
34501	1
34502	1
34503	1
34504	1
34505	1
34506	1
34507	1
34508	1
34509	1
34510	1
34511	1
34512	1
34513	1
34514	1
34515	1
34516	1
34517	1
34518	1
34519	1
34520	1
34521	1
34522	1
34523	1
34524	1
34525	1
34526	1
34527	1
34528	1
34529	1
34530	1
34531	1
34532	1
34533	1
34534	1
34535	1
34536	1
34537	1
34538	1
34539	1
34540	1
34541	1
34542	1
34543	1
34544	1
34545	1
34546	1
34547	1
34548	1
34549	1
34550	1
34551	1
34552	1
34553	1
34554	1
34555	1
34556	1
34557	1
34558	1
34559	1
34560	1
34561	1
34562	1
34563	1
34564	1
34565	1
34566	1
34567	1
34568	1
34569	1
34570	1
34571	1
34572	1
34573	1
34574	1
34575	1
34576	1
34577	1
34578	1
34579	1
34580	1
34581	1
34582	1
34583	1
34584	1
34585	1
34586	1
34587	1
34588	1
34589	1
34590	1
34591	1
34592	1
34593	1
34594	1
34595	1
34596	1
34597	1
34598	1
34599	1
34600	1
34601	1
34602	1
34603	1
34604	1
34605	1
34606	1
34607	1
34608	1
34609	1
34610	1
34611	1
34612	1
34613	1
34614	1
34615	1
34616	1
34617	1
34618	1
34619	1
34620	1
34621	1
34622	1
34623	1
34624	1
34625	1
34626	1
34627	1
34628	1
34629	1
34630	1
34631	1
34632	1
34633	1
34634	1
34635	1
34636	1
34637	1
34638	1
34639	1
34640	1
34641	1
34642	1
34643	1
34644	1
34645	1
34646	1
34647	1
34648	1
34649	1
34650	1
34651	1
34652	1
34653	1
34654	1
34655	1
34656	1
34657	1
34658	1
34659	1
34660	1
34661	1
34662	1
34663	1
34664	1
34665	1
34666	1
34667	1
34668	1
34669	1
34670	1
34671	1
34672	1
34673	1
34674	1
34675	1
34676	1
34677	1
34678	1
34679	1
34680	1
34681	1
34682	1
34683	1
34684	1
34685	1
34686	1
34687	1
34688	1
34689	1
34690	1
34691	1
34692	1
34693	1
34694	1
34695	1
34696	1
34697	1
34698	1
34699	1
34700	1
34701	1
34702	1
34703	1
34704	1
34705	1
34706	1
34707	1
34708	1
34709	1
34710	1
34711	1
34712	1
34713	1
34714	1
34715	1
34716	1
34717	1
34718	1
34719	1
34720	1
34721	1
34722	1
34723	1
34724	1
34725	1
34726	1
34727	1
34728	1
34729	1
34730	1
34731	1
34732	1
34733	1
34734	1
34735	1
34736	1
34737	1
34738	1
34739	1
34740	1
34741	1
34742	1
34743	1
34744	1
34745	1
34746	1
34747	1
34748	1
34749	1
34750	1
34751	1
34752	1
34753	1
34754	1
34755	1
34756	1
34757	1
34758	1
34759	1
34760	1
34761	1
34762	1
34763	1
34764	1
34765	1
34766	1
34767	1
34768	1
34769	1
34770	1
34771	1
34772	1
34773	1
34774	1
34775	1
34776	1
34777	1
34778	1
34779	1
34780	1
34781	1
34782	1
34783	1
34784	1
34785	1
34786	1
34787	1
34788	1
34789	1
34790	1
34791	1
34792	1
34793	1
34794	1
34795	1
34796	1
34797	1
34798	1
34799	1
34800	1
34801	1
34802	1
34803	1
34804	1
34805	1
34806	1
34807	1
34808	1
34809	1
34810	1
34811	1
34812	1
34813	1
34814	1
34815	1
34816	1
34817	1
34818	1
34819	1
34820	1
34821	1
34822	1
34823	1
34824	1
34825	1
34826	1
34827	1
34828	1
34829	1
34830	1
34831	1
34832	1
34833	1
34834	1
34835	1
34836	1
34837	1
34838	1
34839	1
34840	1
34841	1
34842	1
34843	1
34844	1
34845	1
34846	1
34847	1
34848	1
34849	1
34850	1
34851	1
34852	1
34853	1
34854	1
34855	1
34856	1
34857	1
34858	1
34859	1
34860	1
34861	1
34862	1
34863	1
34864	1
34865	1
34866	1
34867	1
34868	1
34869	1
34870	1
34871	1
34872	1
34873	1
34874	1
34875	1
34876	1
34877	1
34878	1
34879	1
34880	1
34881	1
34882	1
34883	1
34884	1
34885	1
34886	1
34887	1
34888	1
34889	1
34890	1
34891	1
34892	1
34893	1
34894	1
34895	1
34896	1
34897	1
34898	1
34899	1
34900	1
34901	1
34902	1
34903	1
34904	1
34905	1
34906	1
34907	1
34908	1
34909	1
34910	1
34911	1
34912	1
34913	1
34914	1
34915	1
34916	1
34917	1
34918	1
34919	1
34920	1
34921	1
34922	1
34923	1
34924	1
34925	1
34926	1
34927	1
34928	1
34929	1
34930	1
34931	1
34932	1
34933	1
34934	1
34935	1
34936	1
34937	1
34938	1
34939	1
34940	1
34941	1
34942	1
34943	1
34944	1
34945	1
34946	1
34947	1
34948	1
34949	1
34950	1
34951	1
34952	1
34953	1
34954	1
34955	1
34956	1
34957	1
34958	1
34959	1
34960	1
34961	1
34962	1
34963	1
34964	1
34965	1
34966	1
34967	1
34968	1
34969	1
34970	1
34971	1
34972	1
34973	1
34974	1
34975	1
34976	1
34977	1
34978	1
34979	1
34980	1
34981	1
34982	1
34983	1
34984	1
34985	1
34986	1
34987	1
34988	1
34989	1
34990	1
34991	1
34992	1
34993	1
34994	1
34995	1
34996	1
34997	1
34998	1
34999	1
35000	1
35001	1
35002	1
35003	1
35004	1
35005	1
35006	1
35007	1
35008	1
35009	1
35010	1
35011	1
35012	1
35013	1
35014	1
35015	1
35016	1
35017	1
35018	1
35019	1
35020	1
35021	1
35022	1
35023	1
35024	1
35025	1
35026	1
35027	1
35028	1
35029	1
35030	1
35031	1
35032	1
35033	1
35034	1
35035	1
35036	1
35037	1
35038	1
35039	1
35040	1
35041	1
35042	1
35043	1
35044	1
35045	1
35046	1
35047	1
35048	1
35049	1
35050	1
35051	1
35052	1
35053	1
35054	1
35055	1
35056	1
35057	1
35058	1
35059	1
35060	1
35061	1
35062	1
35063	1
35064	1
35065	1
35066	1
35067	1
35068	1
35069	1
35070	1
35071	1
35072	1
35073	1
35074	1
35075	1
35076	1
35077	1
35078	1
35079	1
35080	1
35081	1
35082	1
35083	1
35084	1
35085	1
35086	1
35087	1
35088	1
35089	1
35090	1
35091	1
35092	1
35093	1
35094	1
35095	1
35096	1
35097	1
35098	1
35099	1
35100	1
35101	1
35102	1
35103	1
35104	1
35105	1
35106	1
35107	1
35108	1
35109	1
35110	1
35111	1
35112	1
35113	1
35114	1
35115	1
35116	1
35117	1
35118	1
35119	1
35120	1
35121	1
35122	1
35123	1
35124	1
35125	1
35126	1
35127	1
35128	1
35129	1
35130	1
35131	1
35132	1
35133	1
35134	1
35135	1
35136	1
35137	1
35138	1
35139	1
35140	1
35141	1
35142	1
35143	1
35144	1
35145	1
35146	1
35147	1
35148	1
35149	1
35150	1
35151	1
35152	1
35153	1
35154	1
35155	1
35156	1
35157	1
35158	1
35159	1
35160	1
35161	1
35162	1
35163	1
35164	1
35165	1
35166	1
35167	1
35168	1
35169	1
35170	1
35171	1
35172	1
35173	1
35174	1
35175	1
35176	1
35177	1
35178	1
35179	1
35180	1
35181	1
35182	1
35183	1
35184	1
35185	1
35186	1
35187	1
35188	1
35189	1
35190	1
35191	1
35192	1
35193	1
35194	1
35195	1
35196	1
35197	1
35198	1
35199	1
35200	1
35201	1
35202	1
35203	1
35204	1
35205	1
35206	1
35207	1
35208	1
35209	1
35210	1
35211	1
35212	1
35213	1
35214	1
35215	1
35216	1
35217	1
35218	1
35219	1
35220	1
35221	1
35222	1
35223	1
35224	1
35225	1
35226	1
35227	1
35228	1
35229	1
35230	1
35231	1
35232	1
35233	1
35234	1
35235	1
35236	1
35237	1
35238	1
35239	1
35240	1
35241	1
35242	1
35243	1
35244	1
35245	1
35246	1
35247	1
35248	1
35249	1
35250	1
35251	1
35252	1
35253	1
35254	1
35255	1
35256	1
35257	1
35258	1
35259	1
35260	1
35261	1
35262	1
35263	1
35264	1
35265	1
35266	1
35267	1
35268	1
35269	1
35270	1
35271	1
35272	1
35273	1
35274	1
35275	1
35276	1
35277	1
35278	1
35279	1
35280	1
35281	1
35282	1
35283	1
35284	1
35285	1
35286	1
35287	1
35288	1
35289	1
35290	1
35291	1
35292	1
35293	1
35294	1
35295	1
35296	1
35297	1
35298	1
35299	1
35300	1
35301	1
35302	1
35303	1
35304	1
35305	1
35306	1
35307	1
35308	1
35309	1
35310	1
35311	1
35312	1
35313	1
35314	1
35315	1
35316	1
35317	1
35318	1
35319	1
35320	1
35321	1
35322	1
35323	1
35324	1
35325	1
35326	1
35327	1
35328	1
35329	1
35330	1
35331	1
35332	1
35333	1
35334	1
35335	1
35336	1
35337	1
35338	1
35339	1
35340	1
35341	1
35342	1
35343	1
35344	1
35345	1
35346	1
35347	1
35348	1
35349	1
35350	1
35351	1
35352	1
35353	1
35354	1
35355	1
35356	1
35357	1
35358	1
35359	1
35360	1
35361	1
35362	1
35363	1
35364	1
35365	1
35366	1
35367	1
35368	1
35369	1
35370	1
35371	1
35372	1
35373	1
35374	1
35375	1
35376	1
35377	1
35378	1
35379	1
35380	1
35381	1
35382	1
35383	1
35384	1
35385	1
35386	1
35387	1
35388	1
35389	1
35390	1
35391	1
35392	1
35393	1
35394	1
35395	1
35396	1
35397	1
35398	1
35399	1
35400	1
35401	1
35402	1
35403	1
35404	1
35405	1
35406	1
35407	1
35408	1
35409	1
35410	1
35411	1
35412	1
35413	1
35414	1
35415	1
35416	1
35417	1
35418	1
35419	1
35420	1
35421	1
35422	1
35423	1
35424	1
35425	1
35426	1
35427	1
35428	1
35429	1
35430	1
35431	1
35432	1
35433	1
35434	1
35435	1
35436	1
35437	1
35438	1
35439	1
35440	1
35441	1
35442	1
35443	1
35444	1
35445	1
35446	1
35447	1
35448	1
35449	1
35450	1
35451	1
35452	1
35453	1
35454	1
35455	1
35456	1
35457	1
35458	1
35459	1
35460	1
35461	1
35462	1
35463	1
35464	1
35465	1
35466	1
35467	1
35468	1
35469	1
35470	1
35471	1
35472	1
35473	1
35474	1
35475	1
35476	1
35477	1
35478	1
35479	1
35480	1
35481	1
35482	1
35483	1
35484	1
35485	1
35486	1
35487	1
35488	1
35489	1
35490	1
35491	1
35492	1
35493	1
35494	1
35495	1
35496	1
35497	1
35498	1
35499	1
35500	1
35501	1
35502	1
35503	1
35504	1
35505	1
35506	1
35507	1
35508	1
35509	1
35510	1
35511	1
35512	1
35513	1
35514	1
35515	1
35516	1
35517	1
35518	1
35519	1
35520	1
35521	1
35522	1
35523	1
35524	1
35525	1
35526	1
35527	1
35528	1
35529	1
35530	1
35531	1
35532	1
35533	1
35534	1
35535	1
35536	1
35537	1
35538	1
35539	1
35540	1
35541	1
35542	1
35543	1
35544	1
35545	1
35546	1
35547	1
35548	1
35549	1
35550	1
35551	1
35552	1
35553	1
35554	1
35555	1
35556	1
35557	1
35558	1
35559	1
35560	1
35561	1
35562	1
35563	1
35564	1
35565	1
35566	1
35567	1
35568	1
35569	1
35570	1
35571	1
35572	1
35573	1
35574	1
35575	1
35576	1
35577	1
35578	1
35579	1
35580	1
35581	1
35582	1
35583	1
35584	1
35585	1
35586	1
35587	1
35588	1
35589	1
35590	1
35591	1
35592	1
35593	1
35594	1
35595	1
35596	1
35597	1
35598	1
35599	1
35600	1
35601	1
35602	1
35603	1
35604	1
35605	1
35606	1
35607	1
35608	1
35609	1
35610	1
35611	1
35612	1
35613	1
35614	1
35615	1
35616	1
35617	1
35618	1
35619	1
35620	1
35621	1
35622	1
35623	1
35624	1
35625	1
35626	1
35627	1
35628	1
35629	1
35630	1
35631	1
35632	1
35633	1
35634	1
35635	1
35636	1
35637	1
35638	1
35639	1
35640	1
35641	1
35642	1
35643	1
35644	1
35645	1
35646	1
35647	1
35648	1
35649	1
35650	1
35651	1
35652	1
35653	1
35654	1
35655	1
35656	1
35657	1
35658	1
35659	1
35660	1
35661	1
35662	1
35663	1
35664	1
35665	1
35666	1
35667	1
35668	1
35669	1
35670	1
35671	1
35672	1
35673	1
35674	1
35675	1
35676	1
35677	1
35678	1
35679	1
35680	1
35681	1
35682	1
35683	1
35684	1
35685	1
35686	1
35687	1
35688	1
35689	1
35690	1
35691	1
35692	1
35693	1
35694	1
35695	1
35696	1
35697	1
35698	1
35699	1
35700	1
35701	1
35702	1
35703	1
35704	1
35705	1
35706	1
35707	1
35708	1
35709	1
35710	1
35711	1
35712	1
35713	1
35714	1
35715	1
35716	1
35717	1
35718	1
35719	1
35720	1
35721	1
35722	1
35723	1
35724	1
35725	1
35726	1
35727	1
35728	1
35729	1
35730	1
35731	1
35732	1
35733	1
35734	1
35735	1
35736	1
35737	1
35738	1
35739	1
35740	1
35741	1
35742	1
35743	1
35744	1
35745	1
35746	1
35747	1
35748	1
35749	1
35750	1
35751	1
35752	1
35753	1
35754	1
35755	1
35756	1
35757	1
35758	1
35759	1
35760	1
35761	1
35762	1
35763	1
35764	1
35765	1
35766	1
35767	1
35768	1
35769	1
35770	1
35771	1
35772	1
35773	1
35774	1
35775	1
35776	1
35777	1
35778	1
35779	1
35780	1
35781	1
35782	1
35783	1
35784	1
35785	1
35786	1
35787	1
35788	1
35789	1
35790	1
35791	1
35792	1
35793	1
35794	1
35795	1
35796	1
35797	1
35798	1
35799	1
35800	1
35801	1
35802	1
35803	1
35804	1
35805	1
35806	1
35807	1
35808	1
35809	1
35810	1
35811	1
35812	1
35813	1
35814	1
35815	1
35816	1
35817	1
35818	1
35819	1
35820	1
35821	1
35822	1
35823	1
35824	1
35825	1
35826	1
35827	1
35828	1
35829	1
35830	1
35831	1
35832	1
35833	1
35834	1
35835	1
35836	1
35837	1
35838	1
35839	1
35840	1
35841	1
35842	1
35843	1
35844	1
35845	1
35846	1
35847	1
35848	1
35849	1
35850	1
35851	1
35852	1
35853	1
35854	1
35855	1
35856	1
35857	1
35858	1
35859	1
35860	1
35861	1
35862	1
35863	1
35864	1
35865	1
35866	1
35867	1
35868	1
35869	1
35870	1
35871	1
35872	1
35873	1
35874	1
35875	1
35876	1
35877	1
35878	1
35879	1
35880	1
35881	1
35882	1
35883	1
35884	1
35885	1
35886	1
35887	1
35888	1
35889	1
35890	1
35891	1
35892	1
35893	1
35894	1
35895	1
35896	1
35897	1
35898	1
35899	1
35900	1
35901	1
35902	1
35903	1
35904	1
35905	1
35906	1
35907	1
35908	1
35909	1
35910	1
35911	1
35912	1
35913	1
35914	1
35915	1
35916	1
35917	1
35918	1
35919	1
35920	1
35921	1
35922	1
35923	1
35924	1
35925	1
35926	1
35927	1
35928	1
35929	1
35930	1
35931	1
35932	1
35933	1
35934	1
35935	1
35936	1
35937	1
35938	1
35939	1
35940	1
35941	1
35942	1
35943	1
35944	1
35945	1
35946	1
35947	1
35948	1
35949	1
35950	1
35951	1
35952	1
35953	1
35954	1
35955	1
35956	1
35957	1
35958	1
35959	1
35960	1
35961	1
35962	1
35963	1
35964	1
35965	1
35966	1
35967	1
35968	1
35969	1
35970	1
35971	1
35972	1
35973	1
35974	1
35975	1
35976	1
35977	1
35978	1
35979	1
35980	1
35981	1
35982	1
35983	1
35984	1
35985	1
35986	1
35987	1
35988	1
35989	1
35990	1
35991	1
35992	1
35993	1
35994	1
35995	1
35996	1
35997	1
35998	1
35999	1
36000	1
36001	1
36002	1
36003	1
36004	1
36005	1
36006	1
36007	1
36008	1
36009	1
36010	1
36011	1
36012	1
36013	1
36014	1
36015	1
36016	1
36017	1
36018	1
36019	1
36020	1
36021	1
36022	1
36023	1
36024	1
36025	1
36026	1
36027	1
36028	1
36029	1
36030	1
36031	1
36032	1
36033	1
36034	1
36035	1
36036	1
36037	1
36038	1
36039	1
36040	1
36041	1
36042	1
36043	1
36044	1
36045	1
36046	1
36047	1
36048	1
36049	1
36050	1
36051	1
36052	1
36053	1
36054	1
36055	1
36056	1
36057	1
36058	1
36059	1
36060	1
36061	1
36062	1
36063	1
36064	1
36065	1
36066	1
36067	1
36068	1
36069	1
36070	1
36071	1
36072	1
36073	1
36074	1
36075	1
36076	1
36077	1
36078	1
36079	1
36080	1
36081	1
36082	1
36083	1
36084	1
36085	1
36086	1
36087	1
36088	1
36089	1
36090	1
36091	1
36092	1
36093	1
36094	1
36095	1
36096	1
36097	1
36098	1
36099	1
36100	1
36101	1
36102	1
36103	1
36104	1
36105	1
36106	1
36107	1
36108	1
36109	1
36110	1
36111	1
36112	1
36113	1
36114	1
36115	1
36116	1
36117	1
36118	1
36119	1
36120	1
36121	1
36122	1
36123	1
36124	1
36125	1
36126	1
36127	1
36128	1
36129	1
36130	1
36131	1
36132	1
36133	1
36134	1
36135	1
36136	1
36137	1
36138	1
36139	1
36140	1
36141	1
36142	1
36143	1
36144	1
36145	1
36146	1
36147	1
36148	1
36149	1
36150	1
36151	1
36152	1
36153	1
36154	1
36155	1
36156	1
36157	1
36158	1
36159	1
36160	1
36161	1
36162	1
36163	1
36164	1
36165	1
36166	1
36167	1
36168	1
36169	1
36170	1
36171	1
36172	1
36173	1
36174	1
36175	1
36176	1
36177	1
36178	1
36179	1
36180	1
36181	1
36182	1
36183	1
36184	1
36185	1
36186	1
36187	1
36188	1
36189	1
36190	1
36191	1
36192	1
36193	1
36194	1
36195	1
36196	1
36197	1
36198	1
36199	1
36200	1
36201	1
36202	1
36203	1
36204	1
36205	1
36206	1
36207	1
36208	1
36209	1
36210	1
36211	1
36212	1
36213	1
36214	1
36215	1
36216	1
36217	1
36218	1
36219	1
36220	1
36221	1
36222	1
36223	1
36224	1
36225	1
36226	1
36227	1
36228	1
36229	1
36230	1
36231	1
36232	1
36233	1
36234	1
36235	1
36236	1
36237	1
36238	1
36239	1
36240	1
36241	1
36242	1
36243	1
36244	1
36245	1
36246	1
36247	1
36248	1
36249	1
36250	1
36251	1
36252	1
36253	1
36254	1
36255	1
36256	1
36257	1
36258	1
36259	1
36260	1
36261	1
36262	1
36263	1
36264	1
36265	1
36266	1
36267	1
36268	1
36269	1
36270	1
36271	1
36272	1
36273	1
36274	1
36275	1
36276	1
36277	1
36278	1
36279	1
36280	1
36281	1
36282	1
36283	1
36284	1
36285	1
36286	1
36287	1
36288	1
36289	1
36290	1
36291	1
36292	1
36293	1
36294	1
36295	1
36296	1
36297	1
36298	1
36299	1
36300	1
36301	1
36302	1
36303	1
36304	1
36305	1
36306	1
36307	1
36308	1
36309	1
36310	1
36311	1
36312	1
36313	1
36314	1
36315	1
36316	1
36317	1
36318	1
36319	1
36320	1
36321	1
36322	1
36323	1
36324	1
36325	1
36326	1
36327	1
36328	1
36329	1
36330	1
36331	1
36332	1
36333	1
36334	1
36335	1
36336	1
36337	1
36338	1
36339	1
36340	1
36341	1
36342	1
36343	1
36344	1
36345	1
36346	1
36347	1
36348	1
36349	1
36350	1
36351	1
36352	1
36353	1
36354	1
36355	1
36356	1
36357	1
36358	1
36359	1
36360	1
36361	1
36362	1
36363	1
36364	1
36365	1
36366	1
36367	1
36368	1
36369	1
36370	1
36371	1
36372	1
36373	1
36374	1
36375	1
36376	1
36377	1
36378	1
36379	1
36380	1
36381	1
36382	1
36383	1
36384	1
36385	1
36386	1
36387	1
36388	1
36389	1
36390	1
36391	1
36392	1
36393	1
36394	1
36395	1
36396	1
36397	1
36398	1
36399	1
36400	1
36401	1
36402	1
36403	1
36404	1
36405	1
36406	1
36407	1
36408	1
36409	1
36410	1
36411	1
36412	1
36413	1
36414	1
36415	1
36416	1
36417	1
36418	1
36419	1
36420	1
36421	1
36422	1
36423	1
36424	1
36425	1
36426	1
36427	1
36428	1
36429	1
36430	1
36431	1
36432	1
36433	1
36434	1
36435	1
36436	1
36437	1
36438	1
36439	1
36440	1
36441	1
36442	1
36443	1
36444	1
36445	1
36446	1
36447	1
36448	1
36449	1
36450	1
36451	1
36452	1
36453	1
36454	1
36455	1
36456	1
36457	1
36458	1
36459	1
36460	1
36461	1
36462	1
36463	1
36464	1
36465	1
36466	1
36467	1
36468	1
36469	1
36470	1
36471	1
36472	1
36473	1
36474	1
36475	1
36476	1
36477	1
36478	1
36479	1
36480	1
36481	1
36482	1
36483	1
36484	1
36485	1
36486	1
36487	1
36488	1
36489	1
36490	1
36491	1
36492	1
36493	1
36494	1
36495	1
36496	1
36497	1
36498	1
36499	1
36500	1
36501	1
36502	1
36503	1
36504	1
36505	1
36506	1
36507	1
36508	1
36509	1
36510	1
36511	1
36512	1
36513	1
36514	1
36515	1
36516	1
36517	1
36518	1
36519	1
36520	1
36521	1
36522	1
36523	1
36524	1
36525	1
36526	1
36527	1
36528	1
36529	1
36530	1
36531	1
36532	1
36533	1
36534	1
36535	1
36536	1
36537	1
36538	1
36539	1
36540	1
36541	1
36542	1
36543	1
36544	1
36545	1
36546	1
36547	1
36548	1
36549	1
36550	1
36551	1
36552	1
36553	1
36554	1
36555	1
36556	1
36557	1
36558	1
36559	1
36560	1
36561	1
36562	1
36563	1
36564	1
36565	1
36566	1
36567	1
36568	1
36569	1
36570	1
36571	1
36572	1
36573	1
36574	1
36575	1
36576	1
36577	1
36578	1
36579	1
36580	1
36581	1
36582	1
36583	1
36584	1
36585	1
36586	1
36587	1
36588	1
36589	1
36590	1
36591	1
36592	1
36593	1
36594	1
36595	1
36596	1
36597	1
36598	1
36599	1
36600	1
36601	1
36602	1
36603	1
36604	1
36605	1
36606	1
36607	1
36608	1
36609	1
36610	1
36611	1
36612	1
36613	1
36614	1
36615	1
36616	1
36617	1
36618	1
36619	1
36620	1
36621	1
36622	1
36623	1
36624	1
36625	1
36626	1
36627	1
36628	1
36629	1
36630	1
36631	1
36632	1
36633	1
36634	1
36635	1
36636	1
36637	1
36638	1
36639	1
36640	1
36641	1
36642	1
36643	1
36644	1
36645	1
36646	1
36647	1
36648	1
36649	1
36650	1
36651	1
36652	1
36653	1
36654	1
36655	1
36656	1
36657	1
36658	1
36659	1
36660	1
36661	1
36662	1
36663	1
36664	1
36665	1
36666	1
36667	1
36668	1
36669	1
36670	1
36671	1
36672	1
36673	1
36674	1
36675	1
36676	1
36677	1
36678	1
36679	1
36680	1
36681	1
36682	1
36683	1
36684	1
36685	1
36686	1
36687	1
36688	1
36689	1
36690	1
36691	1
36692	1
36693	1
36694	1
36695	1
36696	1
36697	1
36698	1
36699	1
36700	1
36701	1
36702	1
36703	1
36704	1
36705	1
36706	1
36707	1
36708	1
36709	1
36710	1
36711	1
36712	1
36713	1
36714	1
36715	1
36716	1
36717	1
36718	1
36719	1
36720	1
36721	1
36722	1
36723	1
36724	1
36725	1
36726	1
36727	1
36728	1
36729	1
36730	1
36731	1
36732	1
36733	1
36734	1
36735	1
36736	1
36737	1
36738	1
36739	1
36740	1
36741	1
36742	1
36743	1
36744	1
36745	1
36746	1
36747	1
36748	1
36749	1
36750	1
36751	1
36752	1
36753	1
36754	1
36755	1
36756	1
36757	1
36758	1
36759	1
36760	1
36761	1
36762	1
36763	1
36764	1
36765	1
36766	1
36767	1
36768	1
36769	1
36770	1
36771	1
36772	1
36773	1
36774	1
36775	1
36776	1
36777	1
36778	1
36779	1
36780	1
36781	1
36782	1
36783	1
36784	1
36785	1
36786	1
36787	1
36788	1
36789	1
36790	1
36791	1
36792	1
36793	1
36794	1
36795	1
36796	1
36797	1
36798	1
36799	1
36800	1
36801	1
36802	1
36803	1
36804	1
36805	1
36806	1
36807	1
36808	1
36809	1
36810	1
36811	1
36812	1
36813	1
36814	1
36815	1
36816	1
36817	1
36818	1
36819	1
36820	1
36821	1
36822	1
36823	1
36824	1
36825	1
36826	1
36827	1
36828	1
36829	1
36830	1
36831	1
36832	1
36833	1
36834	1
36835	1
36836	1
36837	1
36838	1
36839	1
36840	1
36841	1
36842	1
36843	1
36844	1
36845	1
36846	1
36847	1
36848	1
36849	1
36850	1
36851	1
36852	1
36853	1
36854	1
36855	1
36856	1
36857	1
36858	1
36859	1
36860	1
36861	1
36862	1
36863	1
36864	1
36865	1
36866	1
36867	1
36868	1
36869	1
36870	1
36871	1
36872	1
36873	1
36874	1
36875	1
36876	1
36877	1
36878	1
36879	1
36880	1
36881	1
36882	1
36883	1
36884	1
36885	1
36886	1
36887	1
36888	1
36889	1
36890	1
36891	1
36892	1
36893	1
36894	1
36895	1
36896	1
36897	1
36898	1
36899	1
36900	1
36901	1
36902	1
36903	1
36904	1
36905	1
36906	1
36907	1
36908	1
36909	1
36910	1
36911	1
36912	1
36913	1
36914	1
36915	1
36916	1
36917	1
36918	1
36919	1
36920	1
36921	1
36922	1
36923	1
36924	1
36925	1
36926	1
36927	1
36928	1
36929	1
36930	1
36931	1
36932	1
36933	1
36934	1
36935	1
36936	1
36937	1
36938	1
36939	1
36940	1
36941	1
36942	1
36943	1
36944	1
36945	1
36946	1
36947	1
36948	1
36949	1
36950	1
36951	1
36952	1
36953	1
36954	1
36955	1
36956	1
36957	1
36958	1
36959	1
36960	1
36961	1
36962	1
36963	1
36964	1
36965	1
36966	1
36967	1
36968	1
36969	1
36970	1
36971	1
36972	1
36973	1
36974	1
36975	1
36976	1
36977	1
36978	1
36979	1
36980	1
36981	1
36982	1
36983	1
36984	1
36985	1
36986	1
36987	1
36988	1
36989	1
36990	1
36991	1
36992	1
36993	1
36994	1
36995	1
36996	1
36997	1
36998	1
36999	1
37000	1
37001	1
37002	1
37003	1
37004	1
37005	1
37006	1
37007	1
37008	1
37009	1
37010	1
37011	1
37012	1
37013	1
37014	1
37015	1
37016	1
37017	1
37018	1
37019	1
37020	1
37021	1
37022	1
37023	1
37024	1
37025	1
37026	1
37027	1
37028	1
37029	1
37030	1
37031	1
37032	1
37033	1
37034	1
37035	1
37036	1
37037	1
37038	1
37039	1
37040	1
37041	1
37042	1
37043	1
37044	1
37045	1
37046	1
37047	1
37048	1
37049	1
37050	1
37051	1
37052	1
37053	1
37054	1
37055	1
37056	1
37057	1
37058	1
37059	1
37060	1
37061	1
37062	1
37063	1
37064	1
37065	1
37066	1
37067	1
37068	1
37069	1
37070	1
37071	1
37072	1
37073	1
37074	1
37075	1
37076	1
37077	1
37078	1
37079	1
37080	1
37081	1
37082	1
37083	1
37084	1
37085	1
37086	1
37087	1
37088	1
37089	1
37090	1
37091	1
37092	1
37093	1
37094	1
37095	1
37096	1
37097	1
37098	1
37099	1
37100	1
37101	1
37102	1
37103	1
37104	1
37105	1
37106	1
37107	1
37108	1
37109	1
37110	1
37111	1
37112	1
37113	1
37114	1
37115	1
37116	1
37117	1
37118	1
37119	1
37120	1
37121	1
37122	1
37123	1
37124	1
37125	1
37126	1
37127	1
37128	1
37129	1
37130	1
37131	1
37132	1
37133	1
37134	1
37135	1
37136	1
37137	1
37138	1
37139	1
37140	1
37141	1
37142	1
37143	1
37144	1
37145	1
37146	1
37147	1
37148	1
37149	1
37150	1
37151	1
37152	1
37153	1
37154	1
37155	1
37156	1
37157	1
37158	1
37159	1
37160	1
37161	1
37162	1
37163	1
37164	1
37165	1
37166	1
37167	1
37168	1
37169	1
37170	1
37171	1
37172	1
37173	1
37174	1
37175	1
37176	1
37177	1
37178	1
37179	1
37180	1
37181	1
37182	1
37183	1
37184	1
37185	1
37186	1
37187	1
37188	1
37189	1
37190	1
37191	1
37192	1
37193	1
37194	1
37195	1
37196	1
37197	1
37198	1
37199	1
37200	1
37201	1
37202	1
37203	1
37204	1
37205	1
37206	1
37207	1
37208	1
37209	1
37210	1
37211	1
37212	1
37213	1
37214	1
37215	1
37216	1
37217	1
37218	1
37219	1
37220	1
37221	1
37222	1
37223	1
37224	1
37225	1
37226	1
37227	1
37228	1
37229	1
37230	1
37231	1
37232	1
37233	1
37234	1
37235	1
37236	1
37237	1
37238	1
37239	1
37240	1
37241	1
37242	1
37243	1
37244	1
37245	1
37246	1
37247	1
37248	1
37249	1
37250	1
37251	1
37252	1
37253	1
37254	1
37255	1
37256	1
37257	1
37258	1
37259	1
37260	1
37261	1
37262	1
37263	1
37264	1
37265	1
37266	1
37267	1
37268	1
37269	1
37270	1
37271	1
37272	1
37273	1
37274	1
37275	1
37276	1
37277	1
37278	1
37279	1
37280	1
37281	1
37282	1
37283	1
37284	1
37285	1
37286	1
37287	1
37288	1
37289	1
37290	1
37291	1
37292	1
37293	1
37294	1
37295	1
37296	1
37297	1
37298	1
37299	1
37300	1
37301	1
37302	1
37303	1
37304	1
37305	1
37306	1
37307	1
37308	1
37309	1
37310	1
37311	1
37312	1
37313	1
37314	1
37315	1
37316	1
37317	1
37318	1
37319	1
37320	1
37321	1
37322	1
37323	1
37324	1
37325	1
37326	1
37327	1
37328	1
37329	1
37330	1
37331	1
37332	1
37333	1
37334	1
37335	1
37336	1
37337	1
37338	1
37339	1
37340	1
37341	1
37342	1
37343	1
37344	1
37345	1
37346	1
37347	1
37348	1
37349	1
37350	1
37351	1
37352	1
37353	1
37354	1
37355	1
37356	1
37357	1
37358	1
37359	1
37360	1
37361	1
37362	1
37363	1
37364	1
37365	1
37366	1
37367	1
37368	1
37369	1
37370	1
37371	1
37372	1
37373	1
37374	1
37375	1
37376	1
37377	1
37378	1
37379	1
37380	1
37381	1
37382	1
37383	1
37384	1
37385	1
37386	1
37387	1
37388	1
37389	1
37390	1
37391	1
37392	1
37393	1
37394	1
37395	1
37396	1
37397	1
37398	1
37399	1
37400	1
37401	1
37402	1
37403	1
37404	1
37405	1
37406	1
37407	1
37408	1
37409	1
37410	1
37411	1
37412	1
37413	1
37414	1
37415	1
37416	1
37417	1
37418	1
37419	1
37420	1
37421	1
37422	1
37423	1
37424	1
37425	1
37426	1
37427	1
37428	1
37429	1
37430	1
37431	1
37432	1
37433	1
37434	1
37435	1
37436	1
37437	1
37438	1
37439	1
37440	1
37441	1
37442	1
37443	1
37444	1
37445	1
37446	1
37447	1
37448	1
37449	1
37450	1
37451	1
37452	1
37453	1
37454	1
37455	1
37456	1
37457	1
37458	1
37459	1
37460	1
37461	1
37462	1
37463	1
37464	1
37465	1
37466	1
37467	1
37468	1
37469	1
37470	1
37471	1
37472	1
37473	1
37474	1
37475	1
37476	1
37477	1
37478	1
37479	1
37480	1
37481	1
37482	1
37483	1
37484	1
37485	1
37486	1
37487	1
37488	1
37489	1
37490	1
37491	1
37492	1
37493	1
37494	1
37495	1
37496	1
37497	1
37498	1
37499	1
37500	1
37501	1
37502	1
37503	1
37504	1
37505	1
37506	1
37507	1
37508	1
37509	1
37510	1
37511	1
37512	1
37513	1
37514	1
37515	1
37516	1
37517	1
37518	1
37519	1
37520	1
37521	1
37522	1
37523	1
37524	1
37525	1
37526	1
37527	1
37528	1
37529	1
37530	1
37531	1
37532	1
37533	1
37534	1
37535	1
37536	1
37537	1
37538	1
37539	1
37540	1
37541	1
37542	1
37543	1
37544	1
37545	1
37546	1
37547	1
37548	1
37549	1
37550	1
37551	1
37552	1
37553	1
37554	1
37555	1
37556	1
37557	1
37558	1
37559	1
37560	1
37561	1
37562	1
37563	1
37564	1
37565	1
37566	1
37567	1
37568	1
37569	1
37570	1
37571	1
37572	1
37573	1
37574	1
37575	1
37576	1
37577	1
37578	1
37579	1
37580	1
37581	1
37582	1
37583	1
37584	1
37585	1
37586	1
37587	1
37588	1
37589	1
37590	1
37591	1
37592	1
37593	1
37594	1
37595	1
37596	1
37597	1
37598	1
37599	1
37600	1
37601	1
37602	1
37603	1
37604	1
37605	1
37606	1
37607	1
37608	1
37609	1
37610	1
37611	1
37612	1
37613	1
37614	1
37615	1
37616	1
37617	1
37618	1
37619	1
37620	1
37621	1
37622	1
37623	1
37624	1
37625	1
37626	1
37627	1
37628	1
37629	1
37630	1
37631	1
37632	1
37633	1
37634	1
37635	1
37636	1
37637	1
37638	1
37639	1
37640	1
37641	1
37642	1
37643	1
37644	1
37645	1
37646	1
37647	1
37648	1
37649	1
37650	1
37651	1
37652	1
37653	1
37654	1
37655	1
37656	1
37657	1
37658	1
37659	1
37660	1
37661	1
37662	1
37663	1
37664	1
37665	1
37666	1
37667	1
37668	1
37669	1
37670	1
37671	1
37672	1
37673	1
37674	1
37675	1
37676	1
37677	1
37678	1
37679	1
37680	1
37681	1
37682	1
37683	1
37684	1
37685	1
37686	1
37687	1
37688	1
37689	1
37690	1
37691	1
37692	1
37693	1
37694	1
37695	1
37696	1
37697	1
37698	1
37699	1
37700	1
37701	1
37702	1
37703	1
37704	1
37705	1
37706	1
37707	1
37708	1
37709	1
37710	1
37711	1
37712	1
37713	1
37714	1
37715	1
37716	1
37717	1
37718	1
37719	1
37720	1
37721	1
37722	1
37723	1
37724	1
37725	1
37726	1
37727	1
37728	1
37729	1
37730	1
37731	1
37732	1
37733	1
37734	1
37735	1
37736	1
37737	1
37738	1
37739	1
37740	1
37741	1
37742	1
37743	1
37744	1
37745	1
37746	1
37747	1
37748	1
37749	1
37750	1
37751	1
37752	1
37753	1
37754	1
37755	1
37756	1
37757	1
37758	1
37759	1
37760	1
37761	1
37762	1
37763	1
37764	1
37765	1
37766	1
37767	1
37768	1
37769	1
37770	1
37771	1
37772	1
37773	1
37774	1
37775	1
37776	1
37777	1
37778	1
37779	1
37780	1
37781	1
37782	1
37783	1
37784	1
37785	1
37786	1
37787	1
37788	1
37789	1
37790	1
37791	1
37792	1
37793	1
37794	1
37795	1
37796	1
37797	1
37798	1
37799	1
37800	1
37801	1
37802	1
37803	1
37804	1
37805	1
37806	1
37807	1
37808	1
37809	1
37810	1
37811	1
37812	1
37813	1
37814	1
37815	1
37816	1
37817	1
37818	1
37819	1
37820	1
37821	1
37822	1
37823	1
37824	1
37825	1
37826	1
37827	1
37828	1
37829	1
37830	1
37831	1
37832	1
37833	1
37834	1
37835	1
37836	1
37837	1
37838	1
37839	1
37840	1
37841	1
37842	1
37843	1
37844	1
37845	1
37846	1
37847	1
37848	1
37849	1
37850	1
37851	1
37852	1
37853	1
37854	1
37855	1
37856	1
37857	1
37858	1
37859	1
37860	1
37861	1
37862	1
37863	1
37864	1
37865	1
37866	1
37867	1
37868	1
37869	1
37870	1
37871	1
37872	1
37873	1
37874	1
37875	1
37876	1
37877	1
37878	1
37879	1
37880	1
37881	1
37882	1
37883	1
37884	1
37885	1
37886	1
37887	1
37888	1
37889	1
37890	1
37891	1
37892	1
37893	1
37894	1
37895	1
37896	1
37897	1
37898	1
37899	1
37900	1
37901	1
37902	1
37903	1
37904	1
37905	1
37906	1
37907	1
37908	1
37909	1
37910	1
37911	1
37912	1
37913	1
37914	1
37915	1
37916	1
37917	1
37918	1
37919	1
37920	1
37921	1
37922	1
37923	1
37924	1
37925	1
37926	1
37927	1
37928	1
37929	1
37930	1
37931	1
37932	1
37933	1
37934	1
37935	1
37936	1
37937	1
37938	1
37939	1
37940	1
37941	1
37942	1
37943	1
37944	1
37945	1
37946	1
37947	1
37948	1
37949	1
37950	1
37951	1
37952	1
37953	1
37954	1
37955	1
37956	1
37957	1
37958	1
37959	1
37960	1
37961	1
37962	1
37963	1
37964	1
37965	1
37966	1
37967	1
37968	1
37969	1
37970	1
37971	1
37972	1
37973	1
37974	1
37975	1
37976	1
37977	1
37978	1
37979	1
37980	1
37981	1
37982	1
37983	1
37984	1
37985	1
37986	1
37987	1
37988	1
37989	1
37990	1
37991	1
37992	1
37993	1
37994	1
37995	1
37996	1
37997	1
37998	1
37999	1
38000	1
38001	1
38002	1
38003	1
38004	1
38005	1
38006	1
38007	1
38008	1
38009	1
38010	1
38011	1
38012	1
38013	1
38014	1
38015	1
38016	1
38017	1
38018	1
38019	1
38020	1
38021	1
38022	1
38023	1
38024	1
38025	1
38026	1
38027	1
38028	1
38029	1
38030	1
38031	1
38032	1
38033	1
38034	1
38035	1
38036	1
38037	1
38038	1
38039	1
38040	1
38041	1
38042	1
38043	1
38044	1
38045	1
38046	1
38047	1
38048	1
38049	1
38050	1
38051	1
38052	1
38053	1
38054	1
38055	1
38056	1
38057	1
38058	1
38059	1
38060	1
38061	1
38062	1
38063	1
38064	1
38065	1
38066	1
38067	1
38068	1
38069	1
38070	1
38071	1
38072	1
38073	1
38074	1
38075	1
38076	1
38077	1
38078	1
38079	1
38080	1
38081	1
38082	1
38083	1
38084	1
38085	1
38086	1
38087	1
38088	1
38089	1
38090	1
38091	1
38092	1
38093	1
38094	1
38095	1
38096	1
38097	1
38098	1
38099	1
38100	1
38101	1
38102	1
38103	1
38104	1
38105	1
38106	1
38107	1
38108	1
38109	1
38110	1
38111	1
38112	1
38113	1
38114	1
38115	1
38116	1
38117	1
38118	1
38119	1
38120	1
38121	1
38122	1
38123	1
38124	1
38125	1
38126	1
38127	1
38128	1
38129	1
38130	1
38131	1
38132	1
38133	1
38134	1
38135	1
38136	1
38137	1
38138	1
38139	1
38140	1
38141	1
38142	1
38143	1
38144	1
38145	1
38146	1
38147	1
38148	1
38149	1
38150	1
38151	1
38152	1
38153	1
38154	1
38155	1
38156	1
38157	1
38158	1
38159	1
38160	1
38161	1
38162	1
38163	1
38164	1
38165	1
38166	1
38167	1
38168	1
38169	1
38170	1
38171	1
38172	1
38173	1
38174	1
38175	1
38176	1
38177	1
38178	1
38179	1
38180	1
38181	1
38182	1
38183	1
38184	1
38185	1
38186	1
38187	1
38188	1
38189	1
38190	1
38191	1
38192	1
38193	1
38194	1
38195	1
38196	1
38197	1
38198	1
38199	1
38200	1
38201	1
38202	1
38203	1
38204	1
38205	1
38206	1
38207	1
38208	1
38209	1
38210	1
38211	1
38212	1
38213	1
38214	1
38215	1
38216	1
38217	1
38218	1
38219	1
38220	1
38221	1
38222	1
38223	1
38224	1
38225	1
38226	1
38227	1
38228	1
38229	1
38230	1
38231	1
38232	1
38233	1
38234	1
38235	1
38236	1
38237	1
38238	1
38239	1
38240	1
38241	1
38242	1
38243	1
38244	1
38245	1
38246	1
38247	1
38248	1
38249	1
38250	1
38251	1
38252	1
38253	1
38254	1
38255	1
38256	1
38257	1
38258	1
38259	1
38260	1
38261	1
38262	1
38263	1
38264	1
38265	1
38266	1
38267	1
38268	1
38269	1
38270	1
38271	1
38272	1
38273	1
38274	1
38275	1
38276	1
38277	1
38278	1
38279	1
38280	1
38281	1
38282	1
38283	1
38284	1
38285	1
38286	1
38287	1
38288	1
38289	1
38290	1
38291	1
38292	1
38293	1
38294	1
38295	1
38296	1
38297	1
38298	1
38299	1
38300	1
38301	1
38302	1
38303	1
38304	1
38305	1
38306	1
38307	1
38308	1
38309	1
38310	1
38311	1
38312	1
38313	1
38314	1
38315	1
38316	1
38317	1
38318	1
38319	1
38320	1
38321	1
38322	1
38323	1
38324	1
38325	1
38326	1
38327	1
38328	1
38329	1
38330	1
38331	1
38332	1
38333	1
38334	1
38335	1
38336	1
38337	1
38338	1
38339	1
38340	1
38341	1
38342	1
38343	1
38344	1
38345	1
38346	1
38347	1
38348	1
38349	1
38350	1
38351	1
38352	1
38353	1
38354	1
38355	1
38356	1
38357	1
38358	1
38359	1
38360	1
38361	1
38362	1
38363	1
38364	1
38365	1
38366	1
38367	1
38368	1
38369	1
38370	1
38371	1
38372	1
38373	1
38374	1
38375	1
38376	1
38377	1
38378	1
38379	1
38380	1
38381	1
38382	1
38383	1
38384	1
38385	1
38386	1
38387	1
38388	1
38389	1
38390	1
38391	1
38392	1
38393	1
38394	1
38395	1
38396	1
38397	1
38398	1
38399	1
38400	1
38401	1
38402	1
38403	1
38404	1
38405	1
38406	1
38407	1
38408	1
38409	1
38410	1
38411	1
38412	1
38413	1
38414	1
38415	1
38416	1
38417	1
38418	1
38419	1
38420	1
38421	1
38422	1
38423	1
38424	1
38425	1
38426	1
38427	1
38428	1
38429	1
38430	1
38431	1
38432	1
38433	1
38434	1
38435	1
38436	1
38437	1
38438	1
38439	1
38440	1
38441	1
38442	1
38443	1
38444	1
38445	1
38446	1
38447	1
38448	1
38449	1
38450	1
38451	1
38452	1
38453	1
38454	1
38455	1
38456	1
38457	1
38458	1
38459	1
38460	1
38461	1
38462	1
38463	1
38464	1
38465	1
38466	1
38467	1
38468	1
38469	1
38470	1
38471	1
38472	1
38473	1
38474	1
38475	1
38476	1
38477	1
38478	1
38479	1
38480	1
38481	1
38482	1
38483	1
38484	1
38485	1
38486	1
38487	1
38488	1
38489	1
38490	1
38491	1
38492	1
38493	1
38494	1
38495	1
38496	1
38497	1
38498	1
38499	1
38500	1
38501	1
38502	1
38503	1
38504	1
38505	1
38506	1
38507	1
38508	1
38509	1
38510	1
38511	1
38512	1
38513	1
38514	1
38515	1
38516	1
38517	1
38518	1
38519	1
38520	1
38521	1
38522	1
38523	1
38524	1
38525	1
38526	1
38527	1
38528	1
38529	1
38530	1
38531	1
38532	1
38533	1
38534	1
38535	1
38536	1
38537	1
38538	1
38539	1
38540	1
38541	1
38542	1
38543	1
38544	1
38545	1
38546	1
38547	1
38548	1
38549	1
38550	1
38551	1
38552	1
38553	1
38554	1
38555	1
38556	1
38557	1
38558	1
38559	1
38560	1
38561	1
38562	1
38563	1
38564	1
38565	1
38566	1
38567	1
38568	1
38569	1
38570	1
38571	1
38572	1
38573	1
38574	1
38575	1
38576	1
38577	1
38578	1
38579	1
38580	1
38581	1
38582	1
38583	1
38584	1
38585	1
38586	1
38587	1
38588	1
38589	1
38590	1
38591	1
38592	1
38593	1
38594	1
38595	1
38596	1
38597	1
38598	1
38599	1
38600	1
38601	1
38602	1
38603	1
38604	1
38605	1
38606	1
38607	1
38608	1
38609	1
38610	1
38611	1
38612	1
38613	1
38614	1
38615	1
38616	1
38617	1
38618	1
38619	1
38620	1
38621	1
38622	1
38623	1
38624	1
38625	1
38626	1
38627	1
38628	1
38629	1
38630	1
38631	1
38632	1
38633	1
38634	1
38635	1
38636	1
38637	1
38638	1
38639	1
38640	1
38641	1
38642	1
38643	1
38644	1
38645	1
38646	1
38647	1
38648	1
38649	1
38650	1
38651	1
38652	1
38653	1
38654	1
38655	1
38656	1
38657	1
38658	1
38659	1
38660	1
38661	1
38662	1
38663	1
38664	1
38665	1
38666	1
38667	1
38668	1
38669	1
38670	1
38671	1
38672	1
38673	1
38674	1
38675	1
38676	1
38677	1
38678	1
38679	1
38680	1
38681	1
38682	1
38683	1
38684	1
38685	1
38686	1
38687	1
38688	1
38689	1
38690	1
38691	1
38692	1
38693	1
38694	1
38695	1
38696	1
38697	1
38698	1
38699	1
38700	1
38701	1
38702	1
38703	1
38704	1
38705	1
38706	1
38707	1
38708	1
38709	1
38710	1
38711	1
38712	1
38713	1
38714	1
38715	1
38716	1
38717	1
38718	1
38719	1
38720	1
38721	1
38722	1
38723	1
38724	1
38725	1
38726	1
38727	1
38728	1
38729	1
38730	1
38731	1
38732	1
38733	1
38734	1
38735	1
38736	1
38737	1
38738	1
38739	1
38740	1
38741	1
38742	1
38743	1
38744	1
38745	1
38746	1
38747	1
38748	1
38749	1
38750	1
38751	1
38752	1
38753	1
38754	1
38755	1
38756	1
38757	1
38758	1
38759	1
38760	1
38761	1
38762	1
38763	1
38764	1
38765	1
38766	1
38767	1
38768	1
38769	1
38770	1
38771	1
38772	1
38773	1
38774	1
38775	1
38776	1
38777	1
38778	1
38779	1
38780	1
38781	1
38782	1
38783	1
38784	1
38785	1
38786	1
38787	1
38788	1
38789	1
38790	1
38791	1
38792	1
38793	1
38794	1
38795	1
38796	1
38797	1
38798	1
38799	1
38800	1
38801	1
38802	1
38803	1
38804	1
38805	1
38806	1
38807	1
38808	1
38809	1
38810	1
38811	1
38812	1
38813	1
38814	1
38815	1
38816	1
38817	1
38818	1
38819	1
38820	1
38821	1
38822	1
38823	1
38824	1
38825	1
38826	1
38827	1
38828	1
38829	1
38830	1
38831	1
38832	1
38833	1
38834	1
38835	1
38836	1
38837	1
38838	1
38839	1
38840	1
38841	1
38842	1
38843	1
38844	1
38845	1
38846	1
38847	1
38848	1
38849	1
38850	1
38851	1
38852	1
38853	1
38854	1
38855	1
38856	1
38857	1
38858	1
38859	1
38860	1
38861	1
38862	1
38863	1
38864	1
38865	1
38866	1
38867	1
38868	1
38869	1
38870	1
38871	1
38872	1
38873	1
38874	1
38875	1
38876	1
38877	1
38878	1
38879	1
38880	1
38881	1
38882	1
38883	1
38884	1
38885	1
38886	1
38887	1
38888	1
38889	1
38890	1
38891	1
38892	1
38893	1
38894	1
38895	1
38896	1
38897	1
38898	1
38899	1
38900	1
38901	1
38902	1
38903	1
38904	1
38905	1
38906	1
38907	1
38908	1
38909	1
38910	1
38911	1
38912	1
38913	1
38914	1
38915	1
38916	1
38917	1
38918	1
38919	1
38920	1
38921	1
38922	1
38923	1
38924	1
38925	1
38926	1
38927	1
38928	1
38929	1
38930	1
38931	1
38932	1
38933	1
38934	1
38935	1
38936	1
38937	1
38938	1
38939	1
38940	1
38941	1
38942	1
38943	1
38944	1
38945	1
38946	1
38947	1
38948	1
38949	1
38950	1
38951	1
38952	1
38953	1
38954	1
38955	1
38956	1
38957	1
38958	1
38959	1
38960	1
38961	1
38962	1
38963	1
38964	1
38965	1
38966	1
38967	1
38968	1
38969	1
38970	1
38971	1
38972	1
38973	1
38974	1
38975	1
38976	1
38977	1
38978	1
38979	1
38980	1
38981	1
38982	1
38983	1
38984	1
38985	1
38986	1
38987	1
38988	1
38989	1
38990	1
38991	1
38992	1
38993	1
38994	1
38995	1
38996	1
38997	1
38998	1
38999	1
39000	1
39001	1
39002	1
39003	1
39004	1
39005	1
39006	1
39007	1
39008	1
39009	1
39010	1
39011	1
39012	1
39013	1
39014	1
39015	1
39016	1
39017	1
39018	1
39019	1
39020	1
39021	1
39022	1
39023	1
39024	1
39025	1
39026	1
39027	1
39028	1
39029	1
39030	1
39031	1
39032	1
39033	1
39034	1
39035	1
39036	1
39037	1
39038	1
39039	1
39040	1
39041	1
39042	1
39043	1
39044	1
39045	1
39046	1
39047	1
39048	1
39049	1
39050	1
39051	1
39052	1
39053	1
39054	1
39055	1
39056	1
39057	1
39058	1
39059	1
39060	1
39061	1
39062	1
39063	1
39064	1
39065	1
39066	1
39067	1
39068	1
39069	1
39070	1
39071	1
39072	1
39073	1
39074	1
39075	1
39076	1
39077	1
39078	1
39079	1
39080	1
39081	1
39082	1
39083	1
39084	1
39085	1
39086	1
39087	1
39088	1
39089	1
39090	1
39091	1
39092	1
39093	1
39094	1
39095	1
39096	1
39097	1
39098	1
39099	1
39100	1
39101	1
39102	1
39103	1
39104	1
39105	1
39106	1
39107	1
39108	1
39109	1
39110	1
39111	1
39112	1
39113	1
39114	1
39115	1
39116	1
39117	1
39118	1
39119	1
39120	1
39121	1
39122	1
39123	1
39124	1
39125	1
39126	1
39127	1
39128	1
39129	1
39130	1
39131	1
39132	1
39133	1
39134	1
39135	1
39136	1
39137	1
39138	1
39139	1
39140	1
39141	1
39142	1
39143	1
39144	1
39145	1
39146	1
39147	1
39148	1
39149	1
39150	1
39151	1
39152	1
39153	1
39154	1
39155	1
39156	1
39157	1
39158	1
39159	1
39160	1
39161	1
39162	1
39163	1
39164	1
39165	1
39166	1
39167	1
39168	1
39169	1
39170	1
39171	1
39172	1
39173	1
39174	1
39175	1
39176	1
39177	1
39178	1
39179	1
39180	1
39181	1
39182	1
39183	1
39184	1
39185	1
39186	1
39187	1
39188	1
39189	1
39190	1
39191	1
39192	1
39193	1
39194	1
39195	1
39196	1
39197	1
39198	1
39199	1
39200	1
39201	1
39202	1
39203	1
39204	1
39205	1
39206	1
39207	1
39208	1
39209	1
39210	1
39211	1
39212	1
39213	1
39214	1
39215	1
39216	1
39217	1
39218	1
39219	1
39220	1
39221	1
39222	1
39223	1
39224	1
39225	1
39226	1
39227	1
39228	1
39229	1
39230	1
39231	1
39232	1
39233	1
39234	1
39235	1
39236	1
39237	1
39238	1
39239	1
39240	1
39241	1
39242	1
39243	1
39244	1
39245	1
39246	1
39247	1
39248	1
39249	1
39250	1
39251	1
39252	1
39253	1
39254	1
39255	1
39256	1
39257	1
39258	1
39259	1
39260	1
39261	1
39262	1
39263	1
39264	1
39265	1
39266	1
39267	1
39268	1
39269	1
39270	1
39271	1
39272	1
39273	1
39274	1
39275	1
39276	1
39277	1
39278	1
39279	1
39280	1
39281	1
39282	1
39283	1
39284	1
39285	1
39286	1
39287	1
39288	1
39289	1
39290	1
39291	1
39292	1
39293	1
39294	1
39295	1
39296	1
39297	1
39298	1
39299	1
39300	1
39301	1
39302	1
39303	1
39304	1
39305	1
39306	1
39307	1
39308	1
39309	1
39310	1
39311	1
39312	1
39313	1
39314	1
39315	1
39316	1
39317	1
39318	1
39319	1
39320	1
39321	1
39322	1
39323	1
39324	1
39325	1
39326	1
39327	1
39328	1
39329	1
39330	1
39331	1
39332	1
39333	1
39334	1
39335	1
39336	1
39337	1
39338	1
39339	1
39340	1
39341	1
39342	1
39343	1
39344	1
39345	1
39346	1
39347	1
39348	1
39349	1
39350	1
39351	1
39352	1
39353	1
39354	1
39355	1
39356	1
39357	1
39358	1
39359	1
39360	1
39361	1
39362	1
39363	1
39364	1
39365	1
39366	1
39367	1
39368	1
39369	1
39370	1
39371	1
39372	1
39373	1
39374	1
39375	1
39376	1
39377	1
39378	1
39379	1
39380	1
39381	1
39382	1
39383	1
39384	1
39385	1
39386	1
39387	1
39388	1
39389	1
39390	1
39391	1
39392	1
39393	1
39394	1
39395	1
39396	1
39397	1
39398	1
39399	1
39400	1
39401	1
39402	1
39403	1
39404	1
39405	1
39406	1
39407	1
39408	1
39409	1
39410	1
39411	1
39412	1
39413	1
39414	1
39415	1
39416	1
39417	1
39418	1
39419	1
39420	1
39421	1
39422	1
39423	1
39424	1
39425	1
39426	1
39427	1
39428	1
39429	1
39430	1
39431	1
39432	1
39433	1
39434	1
39435	1
39436	1
39437	1
39438	1
39439	1
39440	1
39441	1
39442	1
39443	1
39444	1
39445	1
39446	1
39447	1
39448	1
39449	1
39450	1
39451	1
39452	1
39453	1
39454	1
39455	1
39456	1
39457	1
39458	1
39459	1
39460	1
39461	1
39462	1
39463	1
39464	1
39465	1
39466	1
39467	1
39468	1
39469	1
39470	1
39471	1
39472	1
39473	1
39474	1
39475	1
39476	1
39477	1
39478	1
39479	1
39480	1
39481	1
39482	1
39483	1
39484	1
39485	1
39486	1
39487	1
39488	1
39489	1
39490	1
39491	1
39492	1
39493	1
39494	1
39495	1
39496	1
39497	1
39498	1
39499	1
39500	1
39501	1
39502	1
39503	1
39504	1
39505	1
39506	1
39507	1
39508	1
39509	1
39510	1
39511	1
39512	1
39513	1
39514	1
39515	1
39516	1
39517	1
39518	1
39519	1
39520	1
39521	1
39522	1
39523	1
39524	1
39525	1
39526	1
39527	1
39528	1
39529	1
39530	1
39531	1
39532	1
39533	1
39534	1
39535	1
39536	1
39537	1
39538	1
39539	1
39540	1
39541	1
39542	1
39543	1
39544	1
39545	1
39546	1
39547	1
39548	1
39549	1
39550	1
39551	1
39552	1
39553	1
39554	1
39555	1
39556	1
39557	1
39558	1
39559	1
39560	1
39561	1
39562	1
39563	1
39564	1
39565	1
39566	1
39567	1
39568	1
39569	1
39570	1
39571	1
39572	1
39573	1
39574	1
39575	1
39576	1
39577	1
39578	1
39579	1
39580	1
39581	1
39582	1
39583	1
39584	1
39585	1
39586	1
39587	1
39588	1
39589	1
39590	1
39591	1
39592	1
39593	1
39594	1
39595	1
39596	1
39597	1
39598	1
39599	1
39600	1
39601	1
39602	1
39603	1
39604	1
39605	1
39606	1
39607	1
39608	1
39609	1
39610	1
39611	1
39612	1
39613	1
39614	1
39615	1
39616	1
39617	1
39618	1
39619	1
39620	1
39621	1
39622	1
39623	1
39624	1
39625	1
39626	1
39627	1
39628	1
39629	1
39630	1
39631	1
39632	1
39633	1
39634	1
39635	1
39636	1
39637	1
39638	1
39639	1
39640	1
39641	1
39642	1
39643	1
39644	1
39645	1
39646	1
39647	1
39648	1
39649	1
39650	1
39651	1
39652	1
39653	1
39654	1
39655	1
39656	1
39657	1
39658	1
39659	1
39660	1
39661	1
39662	1
39663	1
39664	1
39665	1
39666	1
39667	1
39668	1
39669	1
39670	1
39671	1
39672	1
39673	1
39674	1
39675	1
39676	1
39677	1
39678	1
39679	1
39680	1
39681	1
39682	1
39683	1
39684	1
39685	1
39686	1
39687	1
39688	1
39689	1
39690	1
39691	1
39692	1
39693	1
39694	1
39695	1
39696	1
39697	1
39698	1
39699	1
39700	1
39701	1
39702	1
39703	1
39704	1
39705	1
39706	1
39707	1
39708	1
39709	1
39710	1
39711	1
39712	1
39713	1
39714	1
39715	1
39716	1
39717	1
39718	1
39719	1
39720	1
39721	1
39722	1
39723	1
39724	1
39725	1
39726	1
39727	1
39728	1
39729	1
39730	1
39731	1
39732	1
39733	1
39734	1
39735	1
39736	1
39737	1
39738	1
39739	1
39740	1
39741	1
39742	1
39743	1
39744	1
39745	1
39746	1
39747	1
39748	1
39749	1
39750	1
39751	1
39752	1
39753	1
39754	1
39755	1
39756	1
39757	1
39758	1
39759	1
39760	1
39761	1
39762	1
39763	1
39764	1
39765	1
39766	1
39767	1
39768	1
39769	1
39770	1
39771	1
39772	1
39773	1
39774	1
39775	1
39776	1
39777	1
39778	1
39779	1
39780	1
39781	1
39782	1
39783	1
39784	1
39785	1
39786	1
39787	1
39788	1
39789	1
39790	1
39791	1
39792	1
39793	1
39794	1
39795	1
39796	1
39797	1
39798	1
39799	1
39800	1
39801	1
39802	1
39803	1
39804	1
39805	1
39806	1
39807	1
39808	1
39809	1
39810	1
39811	1
39812	1
39813	1
39814	1
39815	1
39816	1
39817	1
39818	1
39819	1
39820	1
39821	1
39822	1
39823	1
39824	1
39825	1
39826	1
39827	1
39828	1
39829	1
39830	1
39831	1
39832	1
39833	1
39834	1
39835	1
39836	1
39837	1
39838	1
39839	1
39840	1
39841	1
39842	1
39843	1
39844	1
39845	1
39846	1
39847	1
39848	1
39849	1
39850	1
39851	1
39852	1
39853	1
39854	1
39855	1
39856	1
39857	1
39858	1
39859	1
39860	1
39861	1
39862	1
39863	1
39864	1
39865	1
39866	1
39867	1
39868	1
39869	1
39870	1
39871	1
39872	1
39873	1
39874	1
39875	1
39876	1
39877	1
39878	1
39879	1
39880	1
39881	1
39882	1
39883	1
39884	1
39885	1
39886	1
39887	1
39888	1
39889	1
39890	1
39891	1
39892	1
39893	1
39894	1
39895	1
39896	1
39897	1
39898	1
39899	1
39900	1
39901	1
39902	1
39903	1
39904	1
39905	1
39906	1
39907	1
39908	1
39909	1
39910	1
39911	1
39912	1
39913	1
39914	1
39915	1
39916	1
39917	1
39918	1
39919	1
39920	1
39921	1
39922	1
39923	1
39924	1
39925	1
39926	1
39927	1
39928	1
39929	1
39930	1
39931	1
39932	1
39933	1
39934	1
39935	1
39936	1
39937	1
39938	1
39939	1
39940	1
39941	1
39942	1
39943	1
39944	1
39945	1
39946	1
39947	1
39948	1
39949	1
39950	1
39951	1
39952	1
39953	1
39954	1
39955	1
39956	1
39957	1
39958	1
39959	1
39960	1
39961	1
39962	1
39963	1
39964	1
39965	1
39966	1
39967	1
39968	1
39969	1
39970	1
39971	1
39972	1
39973	1
39974	1
39975	1
39976	1
39977	1
39978	1
39979	1
39980	1
39981	1
39982	1
39983	1
39984	1
39985	1
39986	1
39987	1
39988	1
39989	1
39990	1
39991	1
39992	1
39993	1
39994	1
39995	1
39996	1
39997	1
39998	1
39999	1
40000	1
40001	1
40002	1
40003	1
40004	1
40005	1
40006	1
40007	1
40008	1
40009	1
40010	1
40011	1
40012	1
40013	1
40014	1
40015	1
40016	1
40017	1
40018	1
40019	1
40020	1
40021	1
40022	1
40023	1
40024	1
40025	1
40026	1
40027	1
40028	1
40029	1
40030	1
40031	1
40032	1
40033	1
40034	1
40035	1
40036	1
40037	1
40038	1
40039	1
40040	1
40041	1
40042	1
40043	1
40044	1
40045	1
40046	1
40047	1
40048	1
40049	1
40050	1
40051	1
40052	1
40053	1
40054	1
40055	1
40056	1
40057	1
40058	1
40059	1
40060	1
40061	1
40062	1
40063	1
40064	1
40065	1
40066	1
40067	1
40068	1
40069	1
40070	1
40071	1
40072	1
40073	1
40074	1
40075	1
40076	1
40077	1
40078	1
40079	1
40080	1
40081	1
40082	1
40083	1
40084	1
40085	1
40086	1
40087	1
40088	1
40089	1
40090	1
40091	1
40092	1
40093	1
40094	1
40095	1
40096	1
40097	1
40098	1
40099	1
40100	1
40101	1
40102	1
40103	1
40104	1
40105	1
40106	1
40107	1
40108	1
40109	1
40110	1
40111	1
40112	1
40113	1
40114	1
40115	1
40116	1
40117	1
40118	1
40119	1
40120	1
40121	1
40122	1
40123	1
40124	1
40125	1
40126	1
40127	1
40128	1
40129	1
40130	1
40131	1
40132	1
40133	1
40134	1
40135	1
40136	1
40137	1
40138	1
40139	1
40140	1
40141	1
40142	1
40143	1
40144	1
40145	1
40146	1
40147	1
40148	1
40149	1
40150	1
40151	1
40152	1
40153	1
40154	1
40155	1
40156	1
40157	1
40158	1
40159	1
40160	1
40161	1
40162	1
40163	1
40164	1
40165	1
40166	1
40167	1
40168	1
40169	1
40170	1
40171	1
40172	1
40173	1
40174	1
40175	1
40176	1
40177	1
40178	1
40179	1
40180	1
40181	1
40182	1
40183	1
40184	1
40185	1
40186	1
40187	1
40188	1
40189	1
40190	1
40191	1
40192	1
40193	1
40194	1
40195	1
40196	1
40197	1
40198	1
40199	1
40200	1
40201	1
40202	1
40203	1
40204	1
40205	1
40206	1
40207	1
40208	1
40209	1
40210	1
40211	1
40212	1
40213	1
40214	1
40215	1
40216	1
40217	1
40218	1
40219	1
40220	1
40221	1
40222	1
40223	1
40224	1
40225	1
40226	1
40227	1
40228	1
40229	1
40230	1
40231	1
40232	1
40233	1
40234	1
40235	1
40236	1
40237	1
40238	1
40239	1
40240	1
40241	1
40242	1
40243	1
40244	1
40245	1
40246	1
40247	1
40248	1
40249	1
40250	1
40251	1
40252	1
40253	1
40254	1
40255	1
40256	1
40257	1
40258	1
40259	1
40260	1
40261	1
40262	1
40263	1
40264	1
40265	1
40266	1
40267	1
40268	1
40269	1
40270	1
40271	1
40272	1
40273	1
40274	1
40275	1
40276	1
40277	1
40278	1
40279	1
40280	1
40281	1
40282	1
40283	1
40284	1
40285	1
40286	1
40287	1
40288	1
40289	1
40290	1
40291	1
40292	1
40293	1
40294	1
40295	1
40296	1
40297	1
40298	1
40299	1
40300	1
40301	1
40302	1
40303	1
40304	1
40305	1
40306	1
40307	1
40308	1
40309	1
40310	1
40311	1
40312	1
40313	1
40314	1
40315	1
40316	1
40317	1
40318	1
40319	1
40320	1
40321	1
40322	1
40323	1
40324	1
40325	1
40326	1
40327	1
40328	1
40329	1
40330	1
40331	1
40332	1
40333	1
40334	1
40335	1
40336	1
40337	1
40338	1
40339	1
40340	1
40341	1
40342	1
40343	1
40344	1
40345	1
40346	1
40347	1
40348	1
40349	1
40350	1
40351	1
40352	1
40353	1
40354	1
40355	1
40356	1
40357	1
40358	1
40359	1
40360	1
40361	1
40362	1
40363	1
40364	1
40365	1
40366	1
40367	1
40368	1
40369	1
40370	1
40371	1
40372	1
40373	1
40374	1
40375	1
40376	1
40377	1
40378	1
40379	1
40380	1
40381	1
40382	1
40383	1
40384	1
40385	1
40386	1
40387	1
40388	1
40389	1
40390	1
40391	1
40392	1
40393	1
40394	1
40395	1
40396	1
40397	1
40398	1
40399	1
40400	1
40401	1
40402	1
40403	1
40404	1
40405	1
40406	1
40407	1
40408	1
40409	1
40410	1
40411	1
40412	1
40413	1
40414	1
40415	1
40416	1
40417	1
40418	1
40419	1
40420	1
40421	1
40422	1
40423	1
40424	1
40425	1
40426	1
40427	1
40428	1
40429	1
40430	1
40431	1
40432	1
40433	1
40434	1
40435	1
40436	1
40437	1
40438	1
40439	1
40440	1
40441	1
40442	1
40443	1
40444	1
40445	1
40446	1
40447	1
40448	1
40449	1
40450	1
40451	1
40452	1
40453	1
40454	1
40455	1
40456	1
40457	1
40458	1
40459	1
40460	1
40461	1
40462	1
40463	1
40464	1
40465	1
40466	1
40467	1
40468	1
40469	1
40470	1
40471	1
40472	1
40473	1
40474	1
40475	1
40476	1
40477	1
40478	1
40479	1
40480	1
40481	1
40482	1
40483	1
40484	1
40485	1
40486	1
40487	1
40488	1
40489	1
40490	1
40491	1
40492	1
40493	1
40494	1
40495	1
40496	1
40497	1
40498	1
40499	1
40500	1
40501	1
40502	1
40503	1
40504	1
40505	1
40506	1
40507	1
40508	1
40509	1
40510	1
40511	1
40512	1
40513	1
40514	1
40515	1
40516	1
40517	1
40518	1
40519	1
40520	1
40521	1
40522	1
40523	1
40524	1
40525	1
40526	1
40527	1
40528	1
40529	1
40530	1
40531	1
40532	1
40533	1
40534	1
40535	1
40536	1
40537	1
40538	1
40539	1
40540	1
40541	1
40542	1
40543	1
40544	1
40545	1
40546	1
40547	1
40548	1
40549	1
40550	1
40551	1
40552	1
40553	1
40554	1
40555	1
40556	1
40557	1
40558	1
40559	1
40560	1
40561	1
40562	1
40563	1
40564	1
40565	1
40566	1
40567	1
40568	1
40569	1
40570	1
40571	1
40572	1
40573	1
40574	1
40575	1
40576	1
40577	1
40578	1
40579	1
40580	1
40581	1
40582	1
40583	1
40584	1
40585	1
40586	1
40587	1
40588	1
40589	1
40590	1
40591	1
40592	1
40593	1
40594	1
40595	1
40596	1
40597	1
40598	1
40599	1
40600	1
40601	1
40602	1
40603	1
40604	1
40605	1
40606	1
40607	1
40608	1
40609	1
40610	1
40611	1
40612	1
40613	1
40614	1
40615	1
40616	1
40617	1
40618	1
40619	1
40620	1
40621	1
40622	1
40623	1
40624	1
40625	1
40626	1
40627	1
40628	1
40629	1
40630	1
40631	1
40632	1
40633	1
40634	1
40635	1
40636	1
40637	1
40638	1
40639	1
40640	1
40641	1
40642	1
40643	1
40644	1
40645	1
40646	1
40647	1
40648	1
40649	1
40650	1
40651	1
40652	1
40653	1
40654	1
40655	1
40656	1
40657	1
40658	1
40659	1
40660	1
40661	1
40662	1
40663	1
40664	1
40665	1
40666	1
40667	1
40668	1
40669	1
40670	1
40671	1
40672	1
40673	1
40674	1
40675	1
40676	1
40677	1
40678	1
40679	1
40680	1
40681	1
40682	1
40683	1
40684	1
40685	1
40686	1
40687	1
40688	1
40689	1
40690	1
40691	1
40692	1
40693	1
40694	1
40695	1
40696	1
40697	1
40698	1
40699	1
40700	1
40701	1
40702	1
40703	1
40704	1
40705	1
40706	1
40707	1
40708	1
40709	1
40710	1
40711	1
40712	1
40713	1
40714	1
40715	1
40716	1
40717	1
40718	1
40719	1
40720	1
40721	1
40722	1
40723	1
40724	1
40725	1
40726	1
40727	1
40728	1
40729	1
40730	1
40731	1
40732	1
40733	1
40734	1
40735	1
40736	1
40737	1
40738	1
40739	1
40740	1
40741	1
40742	1
40743	1
40744	1
40745	1
40746	1
40747	1
40748	1
40749	1
40750	1
40751	1
40752	1
40753	1
40754	1
40755	1
40756	1
40757	1
40758	1
40759	1
40760	1
40761	1
40762	1
40763	1
40764	1
40765	1
40766	1
40767	1
40768	1
40769	1
40770	1
40771	1
40772	1
40773	1
40774	1
40775	1
40776	1
40777	1
40778	1
40779	1
40780	1
40781	1
40782	1
40783	1
40784	1
40785	1
40786	1
40787	1
40788	1
40789	1
40790	1
40791	1
40792	1
40793	1
40794	1
40795	1
40796	1
40797	1
40798	1
40799	1
40800	1
40801	1
40802	1
40803	1
40804	1
40805	1
40806	1
40807	1
40808	1
40809	1
40810	1
40811	1
40812	1
40813	1
40814	1
40815	1
40816	1
40817	1
40818	1
40819	1
40820	1
40821	1
40822	1
40823	1
40824	1
40825	1
40826	1
40827	1
40828	1
40829	1
40830	1
40831	1
40832	1
40833	1
40834	1
40835	1
40836	1
40837	1
40838	1
40839	1
40840	1
40841	1
40842	1
40843	1
40844	1
40845	1
40846	1
40847	1
40848	1
40849	1
40850	1
40851	1
40852	1
40853	1
40854	1
40855	1
40856	1
40857	1
40858	1
40859	1
40860	1
40861	1
40862	1
40863	1
40864	1
40865	1
40866	1
40867	1
40868	1
40869	1
40870	1
40871	1
40872	1
40873	1
40874	1
40875	1
40876	1
40877	1
40878	1
40879	1
40880	1
40881	1
40882	1
40883	1
40884	1
40885	1
40886	1
40887	1
40888	1
40889	1
40890	1
40891	1
40892	1
40893	1
40894	1
40895	1
40896	1
40897	1
40898	1
40899	1
40900	1
40901	1
40902	1
40903	1
40904	1
40905	1
40906	1
40907	1
40908	1
40909	1
40910	1
40911	1
40912	1
40913	1
40914	1
40915	1
40916	1
40917	1
40918	1
40919	1
40920	1
40921	1
40922	1
40923	1
40924	1
40925	1
40926	1
40927	1
40928	1
40929	1
40930	1
40931	1
40932	1
40933	1
40934	1
40935	1
40936	1
40937	1
40938	1
40939	1
40940	1
40941	1
40942	1
40943	1
40944	1
40945	1
40946	1
40947	1
40948	1
40949	1
40950	1
40951	1
40952	1
40953	1
40954	1
40955	1
40956	1
40957	1
40958	1
40959	1
40960	1
40961	1
40962	1
40963	1
40964	1
40965	1
40966	1
40967	1
40968	1
40969	1
40970	1
40971	1
40972	1
40973	1
40974	1
40975	1
40976	1
40977	1
40978	1
40979	1
40980	1
40981	1
40982	1
40983	1
40984	1
40985	1
40986	1
40987	1
40988	1
40989	1
40990	1
40991	1
40992	1
40993	1
40994	1
40995	1
40996	1
40997	1
40998	1
40999	1
41000	1
41001	1
41002	1
41003	1
41004	1
41005	1
41006	1
41007	1
41008	1
41009	1
41010	1
41011	1
41012	1
41013	1
41014	1
41015	1
41016	1
41017	1
41018	1
41019	1
41020	1
41021	1
41022	1
41023	1
41024	1
41025	1
41026	1
41027	1
41028	1
41029	1
41030	1
41031	1
41032	1
41033	1
41034	1
41035	1
41036	1
41037	1
41038	1
41039	1
41040	1
41041	1
41042	1
41043	1
41044	1
41045	1
41046	1
41047	1
41048	1
41049	1
41050	1
41051	1
41052	1
41053	1
41054	1
41055	1
41056	1
41057	1
41058	1
41059	1
41060	1
41061	1
41062	1
41063	1
41064	1
41065	1
41066	1
41067	1
41068	1
41069	1
41070	1
41071	1
41072	1
41073	1
41074	1
41075	1
41076	1
41077	1
41078	1
41079	1
41080	1
41081	1
41082	1
41083	1
41084	1
41085	1
41086	1
41087	1
41088	1
41089	1
41090	1
41091	1
41092	1
41093	1
41094	1
41095	1
41096	1
41097	1
41098	1
41099	1
41100	1
41101	1
41102	1
41103	1
41104	1
41105	1
41106	1
41107	1
41108	1
41109	1
41110	1
41111	1
41112	1
41113	1
41114	1
41115	1
41116	1
41117	1
41118	1
41119	1
41120	1
41121	1
41122	1
41123	1
41124	1
41125	1
41126	1
41127	1
41128	1
41129	1
41130	1
41131	1
41132	1
41133	1
41134	1
41135	1
41136	1
41137	1
41138	1
41139	1
41140	1
41141	1
41142	1
41143	1
41144	1
41145	1
41146	1
41147	1
41148	1
41149	1
41150	1
41151	1
41152	1
41153	1
41154	1
41155	1
41156	1
41157	1
41158	1
41159	1
41160	1
41161	1
41162	1
41163	1
41164	1
41165	1
41166	1
41167	1
41168	1
41169	1
41170	1
41171	1
41172	1
41173	1
41174	1
41175	1
41176	1
41177	1
41178	1
41179	1
41180	1
41181	1
41182	1
41183	1
41184	1
41185	1
41186	1
41187	1
41188	1
41189	1
41190	1
41191	1
41192	1
41193	1
41194	1
41195	1
41196	1
41197	1
41198	1
41199	1
41200	1
41201	1
41202	1
41203	1
41204	1
41205	1
41206	1
41207	1
41208	1
41209	1
41210	1
41211	1
41212	1
41213	1
41214	1
41215	1
41216	1
41217	1
41218	1
41219	1
41220	1
41221	1
41222	1
41223	1
41224	1
41225	1
41226	1
41227	1
41228	1
41229	1
41230	1
41231	1
41232	1
41233	1
41234	1
41235	1
41236	1
41237	1
41238	1
41239	1
41240	1
41241	1
41242	1
41243	1
41244	1
41245	1
41246	1
41247	1
41248	1
41249	1
41250	1
41251	1
41252	1
41253	1
41254	1
41255	1
41256	1
41257	1
41258	1
41259	1
41260	1
41261	1
41262	1
41263	1
41264	1
41265	1
41266	1
41267	1
41268	1
41269	1
41270	1
41271	1
41272	1
41273	1
41274	1
41275	1
41276	1
41277	1
41278	1
41279	1
41280	1
41281	1
41282	1
41283	1
41284	1
41285	1
41286	1
41287	1
41288	1
41289	1
41290	1
41291	1
41292	1
41293	1
41294	1
41295	1
41296	1
41297	1
41298	1
41299	1
41300	1
41301	1
41302	1
41303	1
41304	1
41305	1
41306	1
41307	1
41308	1
41309	1
41310	1
41311	1
41312	1
41313	1
41314	1
41315	1
41316	1
41317	1
41318	1
41319	1
41320	1
41321	1
41322	1
41323	1
41324	1
41325	1
41326	1
41327	1
41328	1
41329	1
41330	1
41331	1
41332	1
41333	1
41334	1
41335	1
41336	1
41337	1
41338	1
41339	1
41340	1
41341	1
41342	1
41343	1
41344	1
41345	1
41346	1
41347	1
41348	1
41349	1
41350	1
41351	1
41352	1
41353	1
41354	1
41355	1
41356	1
41357	1
41358	1
41359	1
41360	1
41361	1
41362	1
41363	1
41364	1
41365	1
41366	1
41367	1
41368	1
41369	1
41370	1
41371	1
41372	1
41373	1
41374	1
41375	1
41376	1
41377	1
41378	1
41379	1
41380	1
41381	1
41382	1
41383	1
41384	1
41385	1
41386	1
41387	1
41388	1
41389	1
41390	1
41391	1
41392	1
41393	1
41394	1
41395	1
41396	1
41397	1
41398	1
41399	1
41400	1
41401	1
41402	1
41403	1
41404	1
41405	1
41406	1
41407	1
41408	1
41409	1
41410	1
41411	1
41412	1
41413	1
41414	1
41415	1
41416	1
41417	1
41418	1
41419	1
41420	1
41421	1
41422	1
41423	1
41424	1
41425	1
41426	1
41427	1
41428	1
41429	1
41430	1
41431	1
41432	1
41433	1
41434	1
41435	1
41436	1
41437	1
41438	1
41439	1
41440	1
41441	1
41442	1
41443	1
41444	1
41445	1
41446	1
41447	1
41448	1
41449	1
41450	1
41451	1
41452	1
41453	1
41454	1
41455	1
41456	1
41457	1
41458	1
41459	1
41460	1
41461	1
41462	1
41463	1
41464	1
41465	1
41466	1
41467	1
41468	1
41469	1
41470	1
41471	1
41472	1
41473	1
41474	1
41475	1
41476	1
41477	1
41478	1
41479	1
41480	1
41481	1
41482	1
41483	1
41484	1
41485	1
41486	1
41487	1
41488	1
41489	1
41490	1
41491	1
41492	1
41493	1
41494	1
41495	1
41496	1
41497	1
41498	1
41499	1
41500	1
41501	1
41502	1
41503	1
41504	1
41505	1
41506	1
41507	1
41508	1
41509	1
41510	1
41511	1
41512	1
41513	1
41514	1
41515	1
41516	1
41517	1
41518	1
41519	1
41520	1
41521	1
41522	1
41523	1
41524	1
41525	1
41526	1
41527	1
41528	1
41529	1
41530	1
41531	1
41532	1
41533	1
41534	1
41535	1
41536	1
41537	1
41538	1
41539	1
41540	1
41541	1
41542	1
41543	1
41544	1
41545	1
41546	1
41547	1
41548	1
41549	1
41550	1
41551	1
41552	1
41553	1
41554	1
41555	1
41556	1
41557	1
41558	1
41559	1
41560	1
41561	1
41562	1
41563	1
41564	1
41565	1
41566	1
41567	1
41568	1
41569	1
41570	1
41571	1
41572	1
41573	1
41574	1
41575	1
41576	1
41577	1
41578	1
41579	1
41580	1
41581	1
41582	1
41583	1
41584	1
41585	1
41586	1
41587	1
41588	1
41589	1
41590	1
41591	1
41592	1
41593	1
41594	1
41595	1
41596	1
41597	1
41598	1
41599	1
41600	1
41601	1
41602	1
41603	1
41604	1
41605	1
41606	1
41607	1
41608	1
41609	1
41610	1
41611	1
41612	1
41613	1
41614	1
41615	1
41616	1
41617	1
41618	1
41619	1
41620	1
41621	1
41622	1
41623	1
41624	1
41625	1
41626	1
41627	1
41628	1
41629	1
41630	1
41631	1
41632	1
41633	1
41634	1
41635	1
41636	1
41637	1
41638	1
41639	1
41640	1
41641	1
41642	1
41643	1
41644	1
41645	1
41646	1
41647	1
41648	1
41649	1
41650	1
41651	1
41652	1
41653	1
41654	1
41655	1
41656	1
41657	1
41658	1
41659	1
41660	1
41661	1
41662	1
41663	1
41664	1
41665	1
41666	1
41667	1
41668	1
41669	1
41670	1
41671	1
41672	1
41673	1
41674	1
41675	1
41676	1
41677	1
41678	1
41679	1
41680	1
41681	1
41682	1
41683	1
41684	1
41685	1
41686	1
41687	1
41688	1
41689	1
41690	1
41691	1
41692	1
41693	1
41694	1
41695	1
41696	1
41697	1
41698	1
41699	1
41700	1
41701	1
41702	1
41703	1
41704	1
41705	1
41706	1
41707	1
41708	1
41709	1
41710	1
41711	1
41712	1
41713	1
41714	1
41715	1
41716	1
41717	1
41718	1
41719	1
41720	1
41721	1
41722	1
41723	1
41724	1
41725	1
41726	1
41727	1
41728	1
41729	1
41730	1
41731	1
41732	1
41733	1
41734	1
41735	1
41736	1
41737	1
41738	1
41739	1
41740	1
41741	1
41742	1
41743	1
41744	1
41745	1
41746	1
41747	1
41748	1
41749	1
41750	1
41751	1
41752	1
41753	1
41754	1
41755	1
41756	1
41757	1
41758	1
41759	1
41760	1
41761	1
41762	1
41763	1
41764	1
41765	1
41766	1
41767	1
41768	1
41769	1
41770	1
41771	1
41772	1
41773	1
41774	1
41775	1
41776	1
41777	1
41778	1
41779	1
41780	1
41781	1
41782	1
41783	1
41784	1
41785	1
41786	1
41787	1
41788	1
41789	1
41790	1
41791	1
41792	1
41793	1
41794	1
41795	1
41796	1
41797	1
41798	1
41799	1
41800	1
41801	1
41802	1
41803	1
41804	1
41805	1
41806	1
41807	1
41808	1
41809	1
41810	1
41811	1
41812	1
41813	1
41814	1
41815	1
41816	1
41817	1
41818	1
41819	1
41820	1
41821	1
41822	1
41823	1
41824	1
41825	1
41826	1
41827	1
41828	1
41829	1
41830	1
41831	1
41832	1
41833	1
41834	1
41835	1
41836	1
41837	1
41838	1
41839	1
41840	1
41841	1
41842	1
41843	1
41844	1
41845	1
41846	1
41847	1
41848	1
41849	1
41850	1
41851	1
41852	1
41853	1
41854	1
41855	1
41856	1
41857	1
41858	1
41859	1
41860	1
41861	1
41862	1
41863	1
41864	1
41865	1
41866	1
41867	1
41868	1
41869	1
41870	1
41871	1
41872	1
41873	1
41874	1
41875	1
41876	1
41877	1
41878	1
41879	1
41880	1
41881	1
41882	1
41883	1
41884	1
41885	1
41886	1
41887	1
41888	1
41889	1
41890	1
41891	1
41892	1
41893	1
41894	1
41895	1
41896	1
41897	1
41898	1
41899	1
41900	1
41901	1
41902	1
41903	1
41904	1
41905	1
41906	1
41907	1
41908	1
41909	1
41910	1
41911	1
41912	1
41913	1
41914	1
41915	1
41916	1
41917	1
41918	1
41919	1
41920	1
41921	1
41922	1
41923	1
41924	1
41925	1
41926	1
41927	1
41928	1
41929	1
41930	1
41931	1
41932	1
41933	1
41934	1
41935	1
41936	1
41937	1
41938	1
41939	1
41940	1
41941	1
41942	1
41943	1
41944	1
41945	1
41946	1
41947	1
41948	1
41949	1
41950	1
41951	1
41952	1
41953	1
41954	1
41955	1
41956	1
41957	1
41958	1
41959	1
41960	1
41961	1
41962	1
41963	1
41964	1
41965	1
41966	1
41967	1
41968	1
41969	1
41970	1
41971	1
41972	1
41973	1
41974	1
41975	1
41976	1
41977	1
41978	1
41979	1
41980	1
41981	1
41982	1
41983	1
41984	1
41985	1
41986	1
41987	1
41988	1
41989	1
41990	1
41991	1
41992	1
41993	1
41994	1
41995	1
41996	1
41997	1
41998	1
41999	1
42000	1
42001	1
42002	1
42003	1
42004	1
42005	1
42006	1
42007	1
42008	1
42009	1
42010	1
42011	1
42012	1
42013	1
42014	1
42015	1
42016	1
42017	1
42018	1
42019	1
42020	1
42021	1
42022	1
42023	1
42024	1
42025	1
42026	1
42027	1
42028	1
42029	1
42030	1
42031	1
42032	1
42033	1
42034	1
42035	1
42036	1
42037	1
42038	1
42039	1
42040	1
42041	1
42042	1
42043	1
42044	1
42045	1
42046	1
42047	1
42048	1
42049	1
42050	1
42051	1
42052	1
42053	1
42054	1
42055	1
42056	1
42057	1
42058	1
42059	1
42060	1
42061	1
42062	1
42063	1
42064	1
42065	1
42066	1
42067	1
42068	1
42069	1
42070	1
42071	1
42072	1
42073	1
42074	1
42075	1
42076	1
42077	1
42078	1
42079	1
42080	1
42081	1
42082	1
42083	1
42084	1
42085	1
42086	1
42087	1
42088	1
42089	1
42090	1
42091	1
42092	1
42093	1
42094	1
42095	1
42096	1
42097	1
42098	1
42099	1
42100	1
42101	1
42102	1
42103	1
42104	1
42105	1
42106	1
42107	1
42108	1
42109	1
42110	1
42111	1
42112	1
42113	1
42114	1
42115	1
42116	1
42117	1
42118	1
42119	1
42120	1
42121	1
42122	1
42123	1
42124	1
42125	1
42126	1
42127	1
42128	1
42129	1
42130	1
42131	1
42132	1
42133	1
42134	1
42135	1
42136	1
42137	1
42138	1
42139	1
42140	1
42141	1
42142	1
42143	1
42144	1
42145	1
42146	1
42147	1
42148	1
42149	1
42150	1
42151	1
42152	1
42153	1
42154	1
42155	1
42156	1
42157	1
42158	1
42159	1
42160	1
42161	1
42162	1
42163	1
42164	1
42165	1
42166	1
42167	1
42168	1
42169	1
42170	1
42171	1
42172	1
42173	1
42174	1
42175	1
42176	1
42177	1
42178	1
42179	1
42180	1
42181	1
42182	1
42183	1
42184	1
42185	1
42186	1
42187	1
42188	1
42189	1
42190	1
42191	1
42192	1
42193	1
42194	1
42195	1
42196	1
42197	1
42198	1
42199	1
42200	1
42201	1
42202	1
42203	1
42204	1
42205	1
42206	1
42207	1
42208	1
42209	1
42210	1
42211	1
42212	1
42213	1
42214	1
42215	1
42216	1
42217	1
42218	1
42219	1
42220	1
42221	1
42222	1
42223	1
42224	1
42225	1
42226	1
42227	1
42228	1
42229	1
42230	1
42231	1
42232	1
42233	1
42234	1
42235	1
42236	1
42237	1
42238	1
42239	1
42240	1
42241	1
42242	1
42243	1
42244	1
42245	1
42246	1
42247	1
42248	1
42249	1
42250	1
42251	1
42252	1
42253	1
42254	1
42255	1
42256	1
42257	1
42258	1
42259	1
42260	1
42261	1
42262	1
42263	1
42264	1
42265	1
42266	1
42267	1
42268	1
42269	1
42270	1
42271	1
42272	1
42273	1
42274	1
42275	1
42276	1
42277	1
42278	1
42279	1
42280	1
42281	1
42282	1
42283	1
42284	1
42285	1
42286	1
42287	1
42288	1
42289	1
42290	1
42291	1
42292	1
42293	1
42294	1
42295	1
42296	1
42297	1
42298	1
42299	1
42300	1
42301	1
42302	1
42303	1
42304	1
42305	1
42306	1
42307	1
42308	1
42309	1
42310	1
42311	1
42312	1
42313	1
42314	1
42315	1
42316	1
42317	1
42318	1
42319	1
42320	1
42321	1
42322	1
42323	1
42324	1
42325	1
42326	1
42327	1
42328	1
42329	1
42330	1
42331	1
42332	1
42333	1
42334	1
42335	1
42336	1
42337	1
42338	1
42339	1
42340	1
42341	1
42342	1
42343	1
42344	1
42345	1
42346	1
42347	1
42348	1
42349	1
42350	1
42351	1
42352	1
42353	1
42354	1
42355	1
42356	1
42357	1
42358	1
42359	1
42360	1
42361	1
42362	1
42363	1
42364	1
42365	1
42366	1
42367	1
42368	1
42369	1
42370	1
42371	1
42372	1
42373	1
42374	1
42375	1
42376	1
42377	1
42378	1
42379	1
42380	1
42381	1
42382	1
42383	1
42384	1
42385	1
42386	1
42387	1
42388	1
42389	1
42390	1
42391	1
42392	1
42393	1
42394	1
42395	1
42396	1
42397	1
42398	1
42399	1
42400	1
42401	1
42402	1
42403	1
42404	1
42405	1
42406	1
42407	1
42408	1
42409	1
42410	1
42411	1
42412	1
42413	1
42414	1
42415	1
42416	1
42417	1
42418	1
42419	1
42420	1
42421	1
42422	1
42423	1
42424	1
42425	1
42426	1
42427	1
42428	1
42429	1
42430	1
42431	1
42432	1
42433	1
42434	1
42435	1
42436	1
42437	1
42438	1
42439	1
42440	1
42441	1
42442	1
42443	1
42444	1
42445	1
42446	1
42447	1
42448	1
42449	1
42450	1
42451	1
42452	1
42453	1
42454	1
42455	1
42456	1
42457	1
42458	1
42459	1
42460	1
42461	1
42462	1
42463	1
42464	1
42465	1
42466	1
42467	1
42468	1
42469	1
42470	1
42471	1
42472	1
42473	1
42474	1
42475	1
42476	1
42477	1
42478	1
42479	1
42480	1
42481	1
42482	1
42483	1
42484	1
42485	1
42486	1
42487	1
42488	1
42489	1
42490	1
42491	1
42492	1
42493	1
42494	1
42495	1
42496	1
42497	1
42498	1
42499	1
42500	1
42501	1
42502	1
42503	1
42504	1
42505	1
42506	1
42507	1
42508	1
42509	1
42510	1
42511	1
42512	1
42513	1
42514	1
42515	1
42516	1
42517	1
42518	1
42519	1
42520	1
42521	1
42522	1
42523	1
42524	1
42525	1
42526	1
42527	1
42528	1
42529	1
42530	1
42531	1
42532	1
42533	1
42534	1
42535	1
42536	1
42537	1
42538	1
42539	1
42540	1
42541	1
42542	1
42543	1
42544	1
42545	1
42546	1
42547	1
42548	1
42549	1
42550	1
42551	1
42552	1
42553	1
42554	1
42555	1
42556	1
42557	1
42558	1
42559	1
42560	1
42561	1
42562	1
42563	1
42564	1
42565	1
42566	1
42567	1
42568	1
42569	1
42570	1
42571	1
42572	1
42573	1
42574	1
42575	1
42576	1
42577	1
42578	1
42579	1
42580	1
42581	1
42582	1
42583	1
42584	1
42585	1
42586	1
42587	1
42588	1
42589	1
42590	1
42591	1
42592	1
42593	1
42594	1
42595	1
42596	1
42597	1
42598	1
42599	1
42600	1
42601	1
42602	1
42603	1
42604	1
42605	1
42606	1
42607	1
42608	1
42609	1
42610	1
42611	1
42612	1
42613	1
42614	1
42615	1
42616	1
42617	1
42618	1
42619	1
42620	1
42621	1
42622	1
42623	1
42624	1
42625	1
42626	1
42627	1
42628	1
42629	1
42630	1
42631	1
42632	1
42633	1
42634	1
42635	1
42636	1
42637	1
42638	1
42639	1
42640	1
42641	1
42642	1
42643	1
42644	1
42645	1
42646	1
42647	1
42648	1
42649	1
42650	1
42651	1
42652	1
42653	1
42654	1
42655	1
42656	1
42657	1
42658	1
42659	1
42660	1
42661	1
42662	1
42663	1
42664	1
42665	1
42666	1
42667	1
42668	1
42669	1
42670	1
42671	1
42672	1
42673	1
42674	1
42675	1
42676	1
42677	1
42678	1
42679	1
42680	1
42681	1
42682	1
42683	1
42684	1
42685	1
42686	1
42687	1
42688	1
42689	1
42690	1
42691	1
42692	1
42693	1
42694	1
42695	1
42696	1
42697	1
42698	1
42699	1
42700	1
42701	1
42702	1
42703	1
42704	1
42705	1
42706	1
42707	1
42708	1
42709	1
42710	1
42711	1
42712	1
42713	1
42714	1
42715	1
42716	1
42717	1
42718	1
42719	1
42720	1
42721	1
42722	1
42723	1
42724	1
42725	1
42726	1
42727	1
42728	1
42729	1
42730	1
42731	1
42732	1
42733	1
42734	1
42735	1
42736	1
42737	1
42738	1
42739	1
42740	1
42741	1
42742	1
42743	1
42744	1
42745	1
42746	1
42747	1
42748	1
42749	1
42750	1
42751	1
42752	1
42753	1
42754	1
42755	1
42756	1
42757	1
42758	1
42759	1
42760	1
42761	1
42762	1
42763	1
42764	1
42765	1
42766	1
42767	1
42768	1
42769	1
42770	1
42771	1
42772	1
42773	1
42774	1
42775	1
42776	1
42777	1
42778	1
42779	1
42780	1
42781	1
42782	1
42783	1
42784	1
42785	1
42786	1
42787	1
42788	1
42789	1
42790	1
42791	1
42792	1
42793	1
42794	1
42795	1
42796	1
42797	1
42798	1
42799	1
42800	1
42801	1
42802	1
42803	1
42804	1
42805	1
42806	1
42807	1
42808	1
42809	1
42810	1
42811	1
42812	1
42813	1
42814	1
42815	1
42816	1
42817	1
42818	1
42819	1
42820	1
42821	1
42822	1
42823	1
42824	1
42825	1
42826	1
42827	1
42828	1
42829	1
42830	1
42831	1
42832	1
42833	1
42834	1
42835	1
42836	1
42837	1
42838	1
42839	1
42840	1
42841	1
42842	1
42843	1
42844	1
42845	1
42846	1
42847	1
42848	1
42849	1
42850	1
42851	1
42852	1
42853	1
42854	1
42855	1
42856	1
42857	1
42858	1
42859	1
42860	1
42861	1
42862	1
42863	1
42864	1
42865	1
42866	1
42867	1
42868	1
42869	1
42870	1
42871	1
42872	1
42873	1
42874	1
42875	1
42876	1
42877	1
42878	1
42879	1
42880	1
42881	1
42882	1
42883	1
42884	1
42885	1
42886	1
42887	1
42888	1
42889	1
42890	1
42891	1
42892	1
42893	1
42894	1
42895	1
42896	1
42897	1
42898	1
42899	1
42900	1
42901	1
42902	1
42903	1
42904	1
42905	1
42906	1
42907	1
42908	1
42909	1
42910	1
42911	1
42912	1
42913	1
42914	1
42915	1
42916	1
42917	1
42918	1
42919	1
42920	1
42921	1
42922	1
42923	1
42924	1
42925	1
42926	1
42927	1
42928	1
42929	1
42930	1
42931	1
42932	1
42933	1
42934	1
42935	1
42936	1
42937	1
42938	1
42939	1
42940	1
42941	1
42942	1
42943	1
42944	1
42945	1
42946	1
42947	1
42948	1
42949	1
42950	1
42951	1
42952	1
42953	1
42954	1
42955	1
42956	1
42957	1
42958	1
42959	1
42960	1
42961	1
42962	1
42963	1
42964	1
42965	1
42966	1
42967	1
42968	1
42969	1
42970	1
42971	1
42972	1
42973	1
42974	1
42975	1
42976	1
42977	1
42978	1
42979	1
42980	1
42981	1
42982	1
42983	1
42984	1
42985	1
42986	1
42987	1
42988	1
42989	1
42990	1
42991	1
42992	1
42993	1
42994	1
42995	1
42996	1
42997	1
42998	1
42999	1
43000	1
43001	1
43002	1
43003	1
43004	1
43005	1
43006	1
43007	1
43008	1
43009	1
43010	1
43011	1
43012	1
43013	1
43014	1
43015	1
43016	1
43017	1
43018	1
43019	1
43020	1
43021	1
43022	1
43023	1
43024	1
43025	1
43026	1
43027	1
43028	1
43029	1
43030	1
43031	1
43032	1
43033	1
43034	1
43035	1
43036	1
43037	1
43038	1
43039	1
43040	1
43041	1
43042	1
43043	1
43044	1
43045	1
43046	1
43047	1
43048	1
43049	1
43050	1
43051	1
43052	1
43053	1
43054	1
43055	1
43056	1
43057	1
43058	1
43059	1
43060	1
43061	1
43062	1
43063	1
43064	1
43065	1
43066	1
43067	1
43068	1
43069	1
43070	1
43071	1
43072	1
43073	1
43074	1
43075	1
43076	1
43077	1
43078	1
43079	1
43080	1
43081	1
43082	1
43083	1
43084	1
43085	1
43086	1
43087	1
43088	1
43089	1
43090	1
43091	1
43092	1
43093	1
43094	1
43095	1
43096	1
43097	1
43098	1
43099	1
43100	1
43101	1
43102	1
43103	1
43104	1
43105	1
43106	1
43107	1
43108	1
43109	1
43110	1
43111	1
43112	1
43113	1
43114	1
43115	1
43116	1
43117	1
43118	1
43119	1
43120	1
43121	1
43122	1
43123	1
43124	1
43125	1
43126	1
43127	1
43128	1
43129	1
43130	1
43131	1
43132	1
43133	1
43134	1
43135	1
43136	1
43137	1
43138	1
43139	1
43140	1
43141	1
43142	1
43143	1
43144	1
43145	1
43146	1
43147	1
43148	1
43149	1
43150	1
43151	1
43152	1
43153	1
43154	1
43155	1
43156	1
43157	1
43158	1
43159	1
43160	1
43161	1
43162	1
43163	1
43164	1
43165	1
43166	1
43167	1
43168	1
43169	1
43170	1
43171	1
43172	1
43173	1
43174	1
43175	1
43176	1
43177	1
43178	1
43179	1
43180	1
43181	1
43182	1
43183	1
43184	1
43185	1
43186	1
43187	1
43188	1
43189	1
43190	1
43191	1
43192	1
43193	1
43194	1
43195	1
43196	1
43197	1
43198	1
43199	1
43200	1
43201	1
43202	1
43203	1
43204	1
43205	1
43206	1
43207	1
43208	1
43209	1
43210	1
43211	1
43212	1
43213	1
43214	1
43215	1
43216	1
43217	1
43218	1
43219	1
43220	1
43221	1
43222	1
43223	1
43224	1
43225	1
43226	1
43227	1
43228	1
43229	1
43230	1
43231	1
43232	1
43233	1
43234	1
43235	1
43236	1
43237	1
43238	1
43239	1
43240	1
43241	1
43242	1
43243	1
43244	1
43245	1
43246	1
43247	1
43248	1
43249	1
43250	1
43251	1
43252	1
43253	1
43254	1
43255	1
43256	1
43257	1
43258	1
43259	1
43260	1
43261	1
43262	1
43263	1
43264	1
43265	1
43266	1
43267	1
43268	1
43269	1
43270	1
43271	1
43272	1
43273	1
43274	1
43275	1
43276	1
43277	1
43278	1
43279	1
43280	1
43281	1
43282	1
43283	1
43284	1
43285	1
43286	1
43287	1
43288	1
43289	1
43290	1
43291	1
43292	1
43293	1
43294	1
43295	1
43296	1
43297	1
43298	1
43299	1
43300	1
43301	1
43302	1
43303	1
43304	1
43305	1
43306	1
43307	1
43308	1
43309	1
43310	1
43311	1
43312	1
43313	1
43314	1
43315	1
43316	1
43317	1
43318	1
43319	1
43320	1
43321	1
43322	1
43323	1
43324	1
43325	1
43326	1
43327	1
43328	1
43329	1
43330	1
43331	1
43332	1
43333	1
43334	1
43335	1
43336	1
43337	1
43338	1
43339	1
43340	1
43341	1
43342	1
43343	1
43344	1
43345	1
43346	1
43347	1
43348	1
43349	1
43350	1
43351	1
43352	1
43353	1
43354	1
43355	1
43356	1
43357	1
43358	1
43359	1
43360	1
43361	1
43362	1
43363	1
43364	1
43365	1
43366	1
43367	1
43368	1
43369	1
43370	1
43371	1
43372	1
43373	1
43374	1
43375	1
43376	1
43377	1
43378	1
43379	1
43380	1
43381	1
43382	1
43383	1
43384	1
43385	1
43386	1
43387	1
43388	1
43389	1
43390	1
43391	1
43392	1
43393	1
43394	1
43395	1
43396	1
43397	1
43398	1
43399	1
43400	1
43401	1
43402	1
43403	1
43404	1
43405	1
43406	1
43407	1
43408	1
43409	1
43410	1
43411	1
43412	1
43413	1
43414	1
43415	1
43416	1
43417	1
43418	1
43419	1
43420	1
43421	1
43422	1
43423	1
43424	1
43425	1
43426	1
43427	1
43428	1
43429	1
43430	1
43431	1
43432	1
43433	1
43434	1
43435	1
43436	1
43437	1
43438	1
43439	1
43440	1
43441	1
43442	1
43443	1
43444	1
43445	1
43446	1
43447	1
43448	1
43449	1
43450	1
43451	1
43452	1
43453	1
43454	1
43455	1
43456	1
43457	1
43458	1
43459	1
43460	1
43461	1
43462	1
43463	1
43464	1
43465	1
43466	1
43467	1
43468	1
43469	1
43470	1
43471	1
43472	1
43473	1
43474	1
43475	1
43476	1
43477	1
43478	1
43479	1
43480	1
43481	1
43482	1
43483	1
43484	1
43485	1
43486	1
43487	1
43488	1
43489	1
43490	1
43491	1
43492	1
43493	1
43494	1
43495	1
43496	1
43497	1
43498	1
43499	1
43500	1
43501	1
43502	1
43503	1
43504	1
43505	1
43506	1
43507	1
43508	1
43509	1
43510	1
43511	1
43512	1
43513	1
43514	1
43515	1
43516	1
43517	1
43518	1
43519	1
43520	1
43521	1
43522	1
43523	1
43524	1
43525	1
43526	1
43527	1
43528	1
43529	1
43530	1
43531	1
43532	1
43533	1
43534	1
43535	1
43536	1
43537	1
43538	1
43539	1
43540	1
43541	1
43542	1
43543	1
43544	1
43545	1
43546	1
43547	1
43548	1
43549	1
43550	1
43551	1
43552	1
43553	1
43554	1
43555	1
43556	1
43557	1
43558	1
43559	1
43560	1
43561	1
43562	1
43563	1
43564	1
43565	1
43566	1
43567	1
43568	1
43569	1
43570	1
43571	1
43572	1
43573	1
43574	1
43575	1
43576	1
43577	1
43578	1
43579	1
43580	1
43581	1
43582	1
43583	1
43584	1
43585	1
43586	1
43587	1
43588	1
43589	1
43590	1
43591	1
43592	1
43593	1
43594	1
43595	1
43596	1
43597	1
43598	1
43599	1
43600	1
43601	1
43602	1
43603	1
43604	1
43605	1
43606	1
43607	1
43608	1
43609	1
43610	1
43611	1
43612	1
43613	1
43614	1
43615	1
43616	1
43617	1
43618	1
43619	1
43620	1
43621	1
43622	1
43623	1
43624	1
43625	1
43626	1
43627	1
43628	1
43629	1
43630	1
43631	1
43632	1
43633	1
43634	1
43635	1
43636	1
43637	1
43638	1
43639	1
43640	1
43641	1
43642	1
43643	1
43644	1
43645	1
43646	1
43647	1
43648	1
43649	1
43650	1
43651	1
43652	1
43653	1
43654	1
43655	1
43656	1
43657	1
43658	1
43659	1
43660	1
43661	1
43662	1
43663	1
43664	1
43665	1
43666	1
43667	1
43668	1
43669	1
43670	1
43671	1
43672	1
43673	1
43674	1
43675	1
43676	1
43677	1
43678	1
43679	1
43680	1
43681	1
43682	1
43683	1
43684	1
43685	1
43686	1
43687	1
43688	1
43689	1
43690	1
43691	1
43692	1
43693	1
43694	1
43695	1
43696	1
43697	1
43698	1
43699	1
43700	1
43701	1
43702	1
43703	1
43704	1
43705	1
43706	1
43707	1
43708	1
43709	1
43710	1
43711	1
43712	1
43713	1
43714	1
43715	1
43716	1
43717	1
43718	1
43719	1
43720	1
43721	1
43722	1
43723	1
43724	1
43725	1
43726	1
43727	1
43728	1
43729	1
43730	1
43731	1
43732	1
43733	1
43734	1
43735	1
43736	1
43737	1
43738	1
43739	1
43740	1
43741	1
43742	1
43743	1
43744	1
43745	1
43746	1
43747	1
43748	1
43749	1
43750	1
43751	1
43752	1
43753	1
43754	1
43755	1
43756	1
43757	1
43758	1
43759	1
43760	1
43761	1
43762	1
43763	1
43764	1
43765	1
43766	1
43767	1
43768	1
43769	1
43770	1
43771	1
43772	1
43773	1
43774	1
43775	1
43776	1
43777	1
43778	1
43779	1
43780	1
43781	1
43782	1
43783	1
43784	1
43785	1
43786	1
43787	1
43788	1
43789	1
43790	1
43791	1
43792	1
43793	1
43794	1
43795	1
43796	1
43797	1
43798	1
43799	1
43800	1
43801	1
43802	1
43803	1
43804	1
43805	1
43806	1
43807	1
43808	1
43809	1
43810	1
43811	1
43812	1
43813	1
43814	1
43815	1
43816	1
43817	1
43818	1
43819	1
43820	1
43821	1
43822	1
43823	1
43824	1
43825	1
43826	1
43827	1
43828	1
43829	1
43830	1
43831	1
43832	1
43833	1
43834	1
43835	1
43836	1
43837	1
43838	1
43839	1
43840	1
43841	1
43842	1
43843	1
43844	1
43845	1
43846	1
43847	1
43848	1
43849	1
43850	1
43851	1
43852	1
43853	1
43854	1
43855	1
43856	1
43857	1
43858	1
43859	1
43860	1
43861	1
43862	1
43863	1
43864	1
43865	1
43866	1
43867	1
43868	1
43869	1
43870	1
43871	1
43872	1
43873	1
43874	1
43875	1
43876	1
43877	1
43878	1
43879	1
43880	1
43881	1
43882	1
43883	1
43884	1
43885	1
43886	1
43887	1
43888	1
43889	1
43890	1
43891	1
43892	1
43893	1
43894	1
43895	1
43896	1
43897	1
43898	1
43899	1
43900	1
43901	1
43902	1
43903	1
43904	1
43905	1
43906	1
43907	1
43908	1
43909	1
43910	1
43911	1
43912	1
43913	1
43914	1
43915	1
43916	1
43917	1
43918	1
43919	1
43920	1
43921	1
43922	1
43923	1
43924	1
43925	1
43926	1
43927	1
43928	1
43929	1
43930	1
43931	1
43932	1
43933	1
43934	1
43935	1
43936	1
43937	1
43938	1
43939	1
43940	1
43941	1
43942	1
43943	1
43944	1
43945	1
43946	1
43947	1
43948	1
43949	1
43950	1
43951	1
43952	1
43953	1
43954	1
43955	1
43956	1
43957	1
43958	1
43959	1
43960	1
43961	1
43962	1
43963	1
43964	1
43965	1
43966	1
43967	1
43968	1
43969	1
43970	1
43971	1
43972	1
43973	1
43974	1
43975	1
43976	1
43977	1
43978	1
43979	1
43980	1
43981	1
43982	1
43983	1
43984	1
43985	1
43986	1
43987	1
43988	1
43989	1
43990	1
43991	1
43992	1
43993	1
43994	1
43995	1
43996	1
43997	1
43998	1
43999	1
44000	1
44001	1
44002	1
44003	1
44004	1
44005	1
44006	1
44007	1
44008	1
44009	1
44010	1
44011	1
44012	1
44013	1
44014	1
44015	1
44016	1
44017	1
44018	1
44019	1
44020	1
44021	1
44022	1
44023	1
44024	1
44025	1
44026	1
44027	1
44028	1
44029	1
44030	1
44031	1
44032	1
44033	1
44034	1
44035	1
44036	1
44037	1
44038	1
44039	1
44040	1
44041	1
44042	1
44043	1
44044	1
44045	1
44046	1
44047	1
44048	1
44049	1
44050	1
44051	1
44052	1
44053	1
44054	1
44055	1
44056	1
44057	1
44058	1
44059	1
44060	1
44061	1
44062	1
44063	1
44064	1
44065	1
44066	1
44067	1
44068	1
44069	1
44070	1
44071	1
44072	1
44073	1
44074	1
44075	1
44076	1
44077	1
44078	1
44079	1
44080	1
44081	1
44082	1
44083	1
44084	1
44085	1
44086	1
44087	1
44088	1
44089	1
44090	1
44091	1
44092	1
44093	1
44094	1
44095	1
44096	1
44097	1
44098	1
44099	1
44100	1
44101	1
44102	1
44103	1
44104	1
44105	1
44106	1
44107	1
44108	1
44109	1
44110	1
44111	1
44112	1
44113	1
44114	1
44115	1
44116	1
44117	1
44118	1
44119	1
44120	1
44121	1
44122	1
44123	1
44124	1
44125	1
44126	1
44127	1
44128	1
44129	1
44130	1
44131	1
44132	1
44133	1
44134	1
44135	1
44136	1
44137	1
44138	1
44139	1
44140	1
44141	1
44142	1
44143	1
44144	1
44145	1
44146	1
44147	1
44148	1
44149	1
44150	1
44151	1
44152	1
44153	1
44154	1
44155	1
44156	1
44157	1
44158	1
44159	1
44160	1
44161	1
44162	1
44163	1
44164	1
44165	1
44166	1
44167	1
44168	1
44169	1
44170	1
44171	1
44172	1
44173	1
44174	1
44175	1
44176	1
44177	1
44178	1
44179	1
44180	1
44181	1
44182	1
44183	1
44184	1
44185	1
44186	1
44187	1
44188	1
44189	1
44190	1
44191	1
44192	1
44193	1
44194	1
44195	1
44196	1
44197	1
44198	1
44199	1
44200	1
44201	1
44202	1
44203	1
44204	1
44205	1
44206	1
44207	1
44208	1
44209	1
44210	1
44211	1
44212	1
44213	1
44214	1
44215	1
44216	1
44217	1
44218	1
44219	1
44220	1
44221	1
44222	1
44223	1
44224	1
44225	1
44226	1
44227	1
44228	1
44229	1
44230	1
44231	1
44232	1
44233	1
44234	1
44235	1
44236	1
44237	1
44238	1
44239	1
44240	1
44241	1
44242	1
44243	1
44244	1
44245	1
44246	1
44247	1
44248	1
44249	1
44250	1
44251	1
44252	1
44253	1
44254	1
44255	1
44256	1
44257	1
44258	1
44259	1
44260	1
44261	1
44262	1
44263	1
44264	1
44265	1
44266	1
44267	1
44268	1
44269	1
44270	1
44271	1
44272	1
44273	1
44274	1
44275	1
44276	1
44277	1
44278	1
44279	1
44280	1
44281	1
44282	1
44283	1
44284	1
44285	1
44286	1
44287	1
44288	1
44289	1
44290	1
44291	1
44292	1
44293	1
44294	1
44295	1
44296	1
44297	1
44298	1
44299	1
44300	1
44301	1
44302	1
44303	1
44304	1
44305	1
44306	1
44307	1
44308	1
44309	1
44310	1
44311	1
44312	1
44313	1
44314	1
44315	1
44316	1
44317	1
44318	1
44319	1
44320	1
44321	1
44322	1
44323	1
44324	1
44325	1
44326	1
44327	1
44328	1
44329	1
44330	1
44331	1
44332	1
44333	1
44334	1
44335	1
44336	1
44337	1
44338	1
44339	1
44340	1
44341	1
44342	1
44343	1
44344	1
44345	1
44346	1
44347	1
44348	1
44349	1
44350	1
44351	1
44352	1
44353	1
44354	1
44355	1
44356	1
44357	1
44358	1
44359	1
44360	1
44361	1
44362	1
44363	1
44364	1
44365	1
44366	1
44367	1
44368	1
44369	1
44370	1
44371	1
44372	1
44373	1
44374	1
44375	1
44376	1
44377	1
44378	1
44379	1
44380	1
44381	1
44382	1
44383	1
44384	1
44385	1
44386	1
44387	1
44388	1
44389	1
44390	1
44391	1
44392	1
44393	1
44394	1
44395	1
44396	1
44397	1
44398	1
44399	1
44400	1
44401	1
44402	1
44403	1
44404	1
44405	1
44406	1
44407	1
44408	1
44409	1
44410	1
44411	1
44412	1
44413	1
44414	1
44415	1
44416	1
44417	1
44418	1
44419	1
44420	1
44421	1
44422	1
44423	1
44424	1
44425	1
44426	1
44427	1
44428	1
44429	1
44430	1
44431	1
44432	1
44433	1
44434	1
44435	1
44436	1
44437	1
44438	1
44439	1
44440	1
44441	1
44442	1
44443	1
44444	1
44445	1
44446	1
44447	1
44448	1
44449	1
44450	1
44451	1
44452	1
44453	1
44454	1
44455	1
44456	1
44457	1
44458	1
44459	1
44460	1
44461	1
44462	1
44463	1
44464	1
44465	1
44466	1
44467	1
44468	1
44469	1
44470	1
44471	1
44472	1
44473	1
44474	1
44475	1
44476	1
44477	1
44478	1
44479	1
44480	1
44481	1
44482	1
44483	1
44484	1
44485	1
44486	1
44487	1
44488	1
44489	1
44490	1
44491	1
44492	1
44493	1
44494	1
44495	1
44496	1
44497	1
44498	1
44499	1
44500	1
44501	1
44502	1
44503	1
44504	1
44505	1
44506	1
44507	1
44508	1
44509	1
44510	1
44511	1
44512	1
44513	1
44514	1
44515	1
44516	1
44517	1
44518	1
44519	1
44520	1
44521	1
44522	1
44523	1
44524	1
44525	1
44526	1
44527	1
44528	1
44529	1
44530	1
44531	1
44532	1
44533	1
44534	1
44535	1
44536	1
44537	1
44538	1
44539	1
44540	1
44541	1
44542	1
44543	1
44544	1
44545	1
44546	1
44547	1
44548	1
44549	1
44550	1
44551	1
44552	1
44553	1
44554	1
44555	1
44556	1
44557	1
44558	1
44559	1
44560	1
44561	1
44562	1
44563	1
44564	1
44565	1
44566	1
44567	1
44568	1
44569	1
44570	1
44571	1
44572	1
44573	1
44574	1
44575	1
44576	1
44577	1
44578	1
44579	1
44580	1
44581	1
44582	1
44583	1
44584	1
44585	1
44586	1
44587	1
44588	1
44589	1
44590	1
44591	1
44592	1
44593	1
44594	1
44595	1
44596	1
44597	1
44598	1
44599	1
44600	1
44601	1
44602	1
44603	1
44604	1
44605	1
44606	1
44607	1
44608	1
44609	1
44610	1
44611	1
44612	1
44613	1
44614	1
44615	1
44616	1
44617	1
44618	1
44619	1
44620	1
44621	1
44622	1
44623	1
44624	1
44625	1
44626	1
44627	1
44628	1
44629	1
44630	1
44631	1
44632	1
44633	1
44634	1
44635	1
44636	1
44637	1
44638	1
44639	1
44640	1
44641	1
44642	1
44643	1
44644	1
44645	1
44646	1
44647	1
44648	1
44649	1
44650	1
44651	1
44652	1
44653	1
44654	1
44655	1
44656	1
44657	1
44658	1
44659	1
44660	1
44661	1
44662	1
44663	1
44664	1
44665	1
44666	1
44667	1
44668	1
44669	1
44670	1
44671	1
44672	1
44673	1
44674	1
44675	1
44676	1
44677	1
44678	1
44679	1
44680	1
44681	1
44682	1
44683	1
44684	1
44685	1
44686	1
44687	1
44688	1
44689	1
44690	1
44691	1
44692	1
44693	1
44694	1
44695	1
44696	1
44697	1
44698	1
44699	1
44700	1
44701	1
44702	1
44703	1
44704	1
44705	1
44706	1
44707	1
44708	1
44709	1
44710	1
44711	1
44712	1
44713	1
44714	1
44715	1
44716	1
44717	1
44718	1
44719	1
44720	1
44721	1
44722	1
44723	1
44724	1
44725	1
44726	1
44727	1
44728	1
44729	1
44730	1
44731	1
44732	1
44733	1
44734	1
44735	1
44736	1
44737	1
44738	1
44739	1
44740	1
44741	1
44742	1
44743	1
44744	1
44745	1
44746	1
44747	1
44748	1
44749	1
44750	1
44751	1
44752	1
44753	1
44754	1
44755	1
44756	1
44757	1
44758	1
44759	1
44760	1
44761	1
44762	1
44763	1
44764	1
44765	1
44766	1
44767	1
44768	1
44769	1
44770	1
44771	1
44772	1
44773	1
44774	1
44775	1
44776	1
44777	1
44778	1
44779	1
44780	1
44781	1
44782	1
44783	1
44784	1
44785	1
44786	1
44787	1
44788	1
44789	1
44790	1
44791	1
44792	1
44793	1
44794	1
44795	1
44796	1
44797	1
44798	1
44799	1
44800	1
44801	1
44802	1
44803	1
44804	1
44805	1
44806	1
44807	1
44808	1
44809	1
44810	1
44811	1
44812	1
44813	1
44814	1
44815	1
44816	1
44817	1
44818	1
44819	1
44820	1
44821	1
44822	1
44823	1
44824	1
44825	1
44826	1
44827	1
44828	1
44829	1
44830	1
44831	1
44832	1
44833	1
44834	1
44835	1
44836	1
44837	1
44838	1
44839	1
44840	1
44841	1
44842	1
44843	1
44844	1
44845	1
44846	1
44847	1
44848	1
44849	1
44850	1
44851	1
44852	1
44853	1
44854	1
44855	1
44856	1
44857	1
44858	1
44859	1
44860	1
44861	1
44862	1
44863	1
44864	1
44865	1
44866	1
44867	1
44868	1
44869	1
44870	1
44871	1
44872	1
44873	1
44874	1
44875	1
44876	1
44877	1
44878	1
44879	1
44880	1
44881	1
44882	1
44883	1
44884	1
44885	1
44886	1
44887	1
44888	1
44889	1
44890	1
44891	1
44892	1
44893	1
44894	1
44895	1
44896	1
44897	1
44898	1
44899	1
44900	1
44901	1
44902	1
44903	1
44904	1
44905	1
44906	1
44907	1
44908	1
44909	1
44910	1
44911	1
44912	1
44913	1
44914	1
44915	1
44916	1
44917	1
44918	1
44919	1
44920	1
44921	1
44922	1
44923	1
44924	1
44925	1
44926	1
44927	1
44928	1
44929	1
44930	1
44931	1
44932	1
44933	1
44934	1
44935	1
44936	1
44937	1
44938	1
44939	1
44940	1
44941	1
44942	1
44943	1
44944	1
44945	1
44946	1
44947	1
44948	1
44949	1
44950	1
44951	1
44952	1
44953	1
44954	1
44955	1
44956	1
44957	1
44958	1
44959	1
44960	1
44961	1
44962	1
44963	1
44964	1
44965	1
44966	1
44967	1
44968	1
44969	1
44970	1
44971	1
44972	1
44973	1
44974	1
44975	1
44976	1
44977	1
44978	1
44979	1
44980	1
44981	1
44982	1
44983	1
44984	1
44985	1
44986	1
44987	1
44988	1
44989	1
44990	1
44991	1
44992	1
44993	1
44994	1
44995	1
44996	1
44997	1
44998	1
44999	1
45000	1
45001	1
45002	1
45003	1
45004	1
45005	1
45006	1
45007	1
45008	1
45009	1
45010	1
45011	1
45012	1
45013	1
45014	1
45015	1
45016	1
45017	1
45018	1
45019	1
45020	1
45021	1
45022	1
45023	1
45024	1
45025	1
45026	1
45027	1
45028	1
45029	1
45030	1
45031	1
45032	1
45033	1
45034	1
45035	1
45036	1
45037	1
45038	1
45039	1
45040	1
45041	1
45042	1
45043	1
45044	1
45045	1
45046	1
45047	1
45048	1
45049	1
45050	1
45051	1
45052	1
45053	1
45054	1
45055	1
45056	1
45057	1
45058	1
45059	1
45060	1
45061	1
45062	1
45063	1
45064	1
45065	1
45066	1
45067	1
45068	1
45069	1
45070	1
45071	1
45072	1
45073	1
45074	1
45075	1
45076	1
45077	1
45078	1
45079	1
45080	1
45081	1
45082	1
45083	1
45084	1
45085	1
45086	1
45087	1
45088	1
45089	1
45090	1
45091	1
45092	1
45093	1
45094	1
45095	1
45096	1
45097	1
45098	1
45099	1
45100	1
45101	1
45102	1
45103	1
45104	1
45105	1
45106	1
45107	1
45108	1
45109	1
45110	1
45111	1
45112	1
45113	1
45114	1
45115	1
45116	1
45117	1
45118	1
45119	1
45120	1
45121	1
45122	1
45123	1
45124	1
45125	1
45126	1
45127	1
45128	1
45129	1
45130	1
45131	1
45132	1
45133	1
45134	1
45135	1
45136	1
45137	1
45138	1
45139	1
45140	1
45141	1
45142	1
45143	1
45144	1
45145	1
45146	1
45147	1
45148	1
45149	1
45150	1
45151	1
45152	1
45153	1
45154	1
45155	1
45156	1
45157	1
45158	1
45159	1
45160	1
45161	1
45162	1
45163	1
45164	1
45165	1
45166	1
45167	1
45168	1
45169	1
45170	1
45171	1
45172	1
45173	1
45174	1
45175	1
45176	1
45177	1
45178	1
45179	1
45180	1
45181	1
45182	1
45183	1
45184	1
45185	1
45186	1
45187	1
45188	1
45189	1
45190	1
45191	1
45192	1
45193	1
45194	1
45195	1
45196	1
45197	1
45198	1
45199	1
45200	1
45201	1
45202	1
45203	1
45204	1
45205	1
45206	1
45207	1
45208	1
45209	1
45210	1
45211	1
45212	1
45213	1
45214	1
45215	1
45216	1
45217	1
45218	1
45219	1
45220	1
45221	1
45222	1
45223	1
45224	1
45225	1
45226	1
45227	1
45228	1
45229	1
45230	1
45231	1
45232	1
45233	1
45234	1
45235	1
45236	1
45237	1
45238	1
45239	1
45240	1
45241	1
45242	1
45243	1
45244	1
45245	1
45246	1
45247	1
45248	1
45249	1
45250	1
45251	1
45252	1
45253	1
45254	1
45255	1
45256	1
45257	1
45258	1
45259	1
45260	1
45261	1
45262	1
45263	1
45264	1
45265	1
45266	1
45267	1
45268	1
45269	1
45270	1
45271	1
45272	1
45273	1
45274	1
45275	1
45276	1
45277	1
45278	1
45279	1
45280	1
45281	1
45282	1
45283	1
45284	1
45285	1
45286	1
45287	1
45288	1
45289	1
45290	1
45291	1
45292	1
45293	1
45294	1
45295	1
45296	1
45297	1
45298	1
45299	1
45300	1
45301	1
45302	1
45303	1
45304	1
45305	1
45306	1
45307	1
45308	1
45309	1
45310	1
45311	1
45312	1
45313	1
45314	1
45315	1
45316	1
45317	1
45318	1
45319	1
45320	1
45321	1
45322	1
45323	1
45324	1
45325	1
45326	1
45327	1
45328	1
45329	1
45330	1
45331	1
45332	1
45333	1
45334	1
45335	1
45336	1
45337	1
45338	1
45339	1
45340	1
45341	1
45342	1
45343	1
45344	1
45345	1
45346	1
45347	1
45348	1
45349	1
45350	1
45351	1
45352	1
45353	1
45354	1
45355	1
45356	1
45357	1
45358	1
45359	1
45360	1
45361	1
45362	1
45363	1
45364	1
45365	1
45366	1
45367	1
45368	1
45369	1
45370	1
45371	1
45372	1
45373	1
45374	1
45375	1
45376	1
45377	1
45378	1
45379	1
45380	1
45381	1
45382	1
45383	1
45384	1
45385	1
45386	1
45387	1
45388	1
45389	1
45390	1
45391	1
45392	1
45393	1
45394	1
45395	1
45396	1
45397	1
45398	1
45399	1
45400	1
45401	1
45402	1
45403	1
45404	1
45405	1
45406	1
45407	1
45408	1
45409	1
45410	1
45411	1
45412	1
45413	1
45414	1
45415	1
45416	1
45417	1
45418	1
45419	1
45420	1
45421	1
45422	1
45423	1
45424	1
45425	1
45426	1
45427	1
45428	1
45429	1
45430	1
45431	1
45432	1
45433	1
45434	1
45435	1
45436	1
45437	1
45438	1
45439	1
45440	1
45441	1
45442	1
45443	1
45444	1
45445	1
45446	1
45447	1
45448	1
45449	1
45450	1
45451	1
45452	1
45453	1
45454	1
45455	1
45456	1
45457	1
45458	1
45459	1
45460	1
45461	1
45462	1
45463	1
45464	1
45465	1
45466	1
45467	1
45468	1
45469	1
45470	1
45471	1
45472	1
45473	1
45474	1
45475	1
45476	1
45477	1
45478	1
45479	1
45480	1
45481	1
45482	1
45483	1
45484	1
45485	1
45486	1
45487	1
45488	1
45489	1
45490	1
45491	1
45492	1
45493	1
45494	1
45495	1
45496	1
45497	1
45498	1
45499	1
45500	1
45501	1
45502	1
45503	1
45504	1
45505	1
45506	1
45507	1
45508	1
45509	1
45510	1
45511	1
45512	1
45513	1
45514	1
45515	1
45516	1
45517	1
45518	1
45519	1
45520	1
45521	1
45522	1
45523	1
45524	1
45525	1
45526	1
45527	1
45528	1
45529	1
45530	1
45531	1
45532	1
45533	1
45534	1
45535	1
45536	1
45537	1
45538	1
45539	1
45540	1
45541	1
45542	1
45543	1
45544	1
45545	1
45546	1
45547	1
45548	1
45549	1
45550	1
45551	1
45552	1
45553	1
45554	1
45555	1
45556	1
45557	1
45558	1
45559	1
45560	1
45561	1
45562	1
45563	1
45564	1
45565	1
45566	1
45567	1
45568	1
45569	1
45570	1
45571	1
45572	1
45573	1
45574	1
45575	1
45576	1
45577	1
45578	1
45579	1
45580	1
45581	1
45582	1
45583	1
45584	1
45585	1
45586	1
45587	1
45588	1
45589	1
45590	1
45591	1
45592	1
45593	1
45594	1
45595	1
45596	1
45597	1
45598	1
45599	1
45600	1
45601	1
45602	1
45603	1
45604	1
45605	1
45606	1
45607	1
45608	1
45609	1
45610	1
45611	1
45612	1
45613	1
45614	1
45615	1
45616	1
45617	1
45618	1
45619	1
45620	1
45621	1
45622	1
45623	1
45624	1
45625	1
45626	1
45627	1
45628	1
45629	1
45630	1
45631	1
45632	1
45633	1
45634	1
45635	1
45636	1
45637	1
45638	1
45639	1
45640	1
45641	1
45642	1
45643	1
45644	1
45645	1
45646	1
45647	1
45648	1
45649	1
45650	1
45651	1
45652	1
45653	1
45654	1
45655	1
45656	1
45657	1
45658	1
45659	1
45660	1
45661	1
45662	1
45663	1
45664	1
45665	1
45666	1
45667	1
45668	1
45669	1
45670	1
45671	1
45672	1
45673	1
45674	1
45675	1
45676	1
45677	1
45678	1
45679	1
45680	1
45681	1
45682	1
45683	1
45684	1
45685	1
45686	1
45687	1
45688	1
45689	1
45690	1
45691	1
45692	1
45693	1
45694	1
45695	1
45696	1
45697	1
45698	1
45699	1
45700	1
45701	1
45702	1
45703	1
45704	1
45705	1
45706	1
45707	1
45708	1
45709	1
45710	1
45711	1
45712	1
45713	1
45714	1
45715	1
45716	1
45717	1
45718	1
45719	1
45720	1
45721	1
45722	1
45723	1
45724	1
45725	1
45726	1
45727	1
45728	1
45729	1
45730	1
45731	1
45732	1
45733	1
45734	1
45735	1
45736	1
45737	1
45738	1
45739	1
45740	1
45741	1
45742	1
45743	1
45744	1
45745	1
45746	1
45747	1
45748	1
45749	1
45750	1
45751	1
45752	1
45753	1
45754	1
45755	1
45756	1
45757	1
45758	1
45759	1
45760	1
45761	1
45762	1
45763	1
45764	1
45765	1
45766	1
45767	1
45768	1
45769	1
45770	1
45771	1
45772	1
45773	1
45774	1
45775	1
45776	1
45777	1
45778	1
45779	1
45780	1
45781	1
45782	1
45783	1
45784	1
45785	1
45786	1
45787	1
45788	1
45789	1
45790	1
45791	1
45792	1
45793	1
45794	1
45795	1
45796	1
45797	1
45798	1
45799	1
45800	1
45801	1
45802	1
45803	1
45804	1
45805	1
45806	1
45807	1
45808	1
45809	1
45810	1
45811	1
45812	1
45813	1
45814	1
45815	1
45816	1
45817	1
45818	1
45819	1
45820	1
45821	1
45822	1
45823	1
45824	1
45825	1
45826	1
45827	1
45828	1
45829	1
45830	1
45831	1
45832	1
45833	1
45834	1
45835	1
45836	1
45837	1
45838	1
45839	1
45840	1
45841	1
45842	1
45843	1
45844	1
45845	1
45846	1
45847	1
45848	1
45849	1
45850	1
45851	1
45852	1
45853	1
45854	1
45855	1
45856	1
45857	1
45858	1
45859	1
45860	1
45861	1
45862	1
45863	1
45864	1
45865	1
45866	1
45867	1
45868	1
45869	1
45870	1
45871	1
45872	1
45873	1
45874	1
45875	1
45876	1
45877	1
45878	1
45879	1
45880	1
45881	1
45882	1
45883	1
45884	1
45885	1
45886	1
45887	1
45888	1
45889	1
45890	1
45891	1
45892	1
45893	1
45894	1
45895	1
45896	1
45897	1
45898	1
45899	1
45900	1
45901	1
45902	1
45903	1
45904	1
45905	1
45906	1
45907	1
45908	1
45909	1
45910	1
45911	1
45912	1
45913	1
45914	1
45915	1
45916	1
45917	1
45918	1
45919	1
45920	1
45921	1
45922	1
45923	1
45924	1
45925	1
45926	1
45927	1
45928	1
45929	1
45930	1
45931	1
45932	1
45933	1
45934	1
45935	1
45936	1
45937	1
45938	1
45939	1
45940	1
45941	1
45942	1
45943	1
45944	1
45945	1
45946	1
45947	1
45948	1
45949	1
45950	1
45951	1
45952	1
45953	1
45954	1
45955	1
45956	1
45957	1
45958	1
45959	1
45960	1
45961	1
45962	1
45963	1
45964	1
45965	1
45966	1
45967	1
45968	1
45969	1
45970	1
45971	1
45972	1
45973	1
45974	1
45975	1
45976	1
45977	1
45978	1
45979	1
45980	1
45981	1
45982	1
45983	1
45984	1
45985	1
45986	1
45987	1
45988	1
45989	1
45990	1
45991	1
45992	1
45993	1
45994	1
45995	1
45996	1
45997	1
45998	1
45999	1
46000	1
46001	1
46002	1
46003	1
46004	1
46005	1
46006	1
46007	1
46008	1
46009	1
46010	1
46011	1
46012	1
46013	1
46014	1
46015	1
46016	1
46017	1
46018	1
46019	1
46020	1
46021	1
46022	1
46023	1
46024	1
46025	1
46026	1
46027	1
46028	1
46029	1
46030	1
46031	1
46032	1
46033	1
46034	1
46035	1
46036	1
46037	1
46038	1
46039	1
46040	1
46041	1
46042	1
46043	1
46044	1
46045	1
46046	1
46047	1
46048	1
46049	1
46050	1
46051	1
46052	1
46053	1
46054	1
46055	1
46056	1
46057	1
46058	1
46059	1
46060	1
46061	1
46062	1
46063	1
46064	1
46065	1
46066	1
46067	1
46068	1
46069	1
46070	1
46071	1
46072	1
46073	1
46074	1
46075	1
46076	1
46077	1
46078	1
46079	1
46080	1
46081	1
46082	1
46083	1
46084	1
46085	1
46086	1
46087	1
46088	1
46089	1
46090	1
46091	1
46092	1
46093	1
46094	1
46095	1
46096	1
46097	1
46098	1
46099	1
46100	1
46101	1
46102	1
46103	1
46104	1
46105	1
46106	1
46107	1
46108	1
46109	1
46110	1
46111	1
46112	1
46113	1
46114	1
46115	1
46116	1
46117	1
46118	1
46119	1
46120	1
46121	1
46122	1
46123	1
46124	1
46125	1
46126	1
46127	1
46128	1
46129	1
46130	1
46131	1
46132	1
46133	1
46134	1
46135	1
46136	1
46137	1
46138	1
46139	1
46140	1
46141	1
46142	1
46143	1
46144	1
46145	1
46146	1
46147	1
46148	1
46149	1
46150	1
46151	1
46152	1
46153	1
46154	1
46155	1
46156	1
46157	1
46158	1
46159	1
46160	1
46161	1
46162	1
46163	1
46164	1
46165	1
46166	1
46167	1
46168	1
46169	1
46170	1
46171	1
46172	1
46173	1
46174	1
46175	1
46176	1
46177	1
46178	1
46179	1
46180	1
46181	1
46182	1
46183	1
46184	1
46185	1
46186	1
46187	1
46188	1
46189	1
46190	1
46191	1
46192	1
46193	1
46194	1
46195	1
46196	1
46197	1
46198	1
46199	1
46200	1
46201	1
46202	1
46203	1
46204	1
46205	1
46206	1
46207	1
46208	1
46209	1
46210	1
46211	1
46212	1
46213	1
46214	1
46215	1
46216	1
46217	1
46218	1
46219	1
46220	1
46221	1
46222	1
46223	1
46224	1
46225	1
46226	1
46227	1
46228	1
46229	1
46230	1
46231	1
46232	1
46233	1
46234	1
46235	1
46236	1
46237	1
46238	1
46239	1
46240	1
46241	1
46242	1
46243	1
46244	1
46245	1
46246	1
46247	1
46248	1
46249	1
46250	1
46251	1
46252	1
46253	1
46254	1
46255	1
46256	1
46257	1
46258	1
46259	1
46260	1
46261	1
46262	1
46263	1
46264	1
46265	1
46266	1
46267	1
46268	1
46269	1
46270	1
46271	1
46272	1
46273	1
46274	1
46275	1
46276	1
46277	1
46278	1
46279	1
46280	1
46281	1
46282	1
46283	1
46284	1
46285	1
46286	1
46287	1
46288	1
46289	1
46290	1
46291	1
46292	1
46293	1
46294	1
46295	1
46296	1
46297	1
46298	1
46299	1
46300	1
46301	1
46302	1
46303	1
46304	1
46305	1
46306	1
46307	1
46308	1
46309	1
46310	1
46311	1
46312	1
46313	1
46314	1
46315	1
46316	1
46317	1
46318	1
46319	1
46320	1
46321	1
46322	1
46323	1
46324	1
46325	1
46326	1
46327	1
46328	1
46329	1
46330	1
46331	1
46332	1
46333	1
46334	1
46335	1
46336	1
46337	1
46338	1
46339	1
46340	1
46341	1
46342	1
46343	1
46344	1
46345	1
46346	1
46347	1
46348	1
46349	1
46350	1
46351	1
46352	1
46353	1
46354	1
46355	1
46356	1
46357	1
46358	1
46359	1
46360	1
46361	1
46362	1
46363	1
46364	1
46365	1
46366	1
46367	1
46368	1
46369	1
46370	1
46371	1
46372	1
46373	1
46374	1
46375	1
46376	1
46377	1
46378	1
46379	1
46380	1
46381	1
46382	1
46383	1
46384	1
46385	1
46386	1
46387	1
46388	1
46389	1
46390	1
46391	1
46392	1
46393	1
46394	1
46395	1
46396	1
46397	1
46398	1
46399	1
46400	1
46401	1
46402	1
46403	1
46404	1
46405	1
46406	1
46407	1
46408	1
46409	1
46410	1
46411	1
46412	1
46413	1
46414	1
46415	1
46416	1
46417	1
46418	1
46419	1
46420	1
46421	1
46422	1
46423	1
46424	1
46425	1
46426	1
46427	1
46428	1
46429	1
46430	1
46431	1
46432	1
46433	1
46434	1
46435	1
46436	1
46437	1
46438	1
46439	1
46440	1
46441	1
46442	1
46443	1
46444	1
46445	1
46446	1
46447	1
46448	1
46449	1
46450	1
46451	1
46452	1
46453	1
46454	1
46455	1
46456	1
46457	1
46458	1
46459	1
46460	1
46461	1
46462	1
46463	1
46464	1
46465	1
46466	1
46467	1
46468	1
46469	1
46470	1
46471	1
46472	1
46473	1
46474	1
46475	1
46476	1
46477	1
46478	1
46479	1
46480	1
46481	1
46482	1
46483	1
46484	1
46485	1
46486	1
46487	1
46488	1
46489	1
46490	1
46491	1
46492	1
46493	1
46494	1
46495	1
46496	1
46497	1
46498	1
46499	1
46500	1
46501	1
46502	1
46503	1
46504	1
46505	1
46506	1
46507	1
46508	1
46509	1
46510	1
46511	1
46512	1
46513	1
46514	1
46515	1
46516	1
46517	1
46518	1
46519	1
46520	1
46521	1
46522	1
46523	1
46524	1
46525	1
46526	1
46527	1
46528	1
46529	1
46530	1
46531	1
46532	1
46533	1
46534	1
46535	1
46536	1
46537	1
46538	1
46539	1
46540	1
46541	1
46542	1
46543	1
46544	1
46545	1
46546	1
46547	1
46548	1
46549	1
46550	1
46551	1
46552	1
46553	1
46554	1
46555	1
46556	1
46557	1
46558	1
46559	1
46560	1
46561	1
46562	1
46563	1
46564	1
46565	1
46566	1
46567	1
46568	1
46569	1
46570	1
46571	1
46572	1
46573	1
46574	1
46575	1
46576	1
46577	1
46578	1
46579	1
46580	1
46581	1
46582	1
46583	1
46584	1
46585	1
46586	1
46587	1
46588	1
46589	1
46590	1
46591	1
46592	1
46593	1
46594	1
46595	1
46596	1
46597	1
46598	1
46599	1
46600	1
46601	1
46602	1
46603	1
46604	1
46605	1
46606	1
46607	1
46608	1
46609	1
46610	1
46611	1
46612	1
46613	1
46614	1
46615	1
46616	1
46617	1
46618	1
46619	1
46620	1
46621	1
46622	1
46623	1
46624	1
46625	1
46626	1
46627	1
46628	1
46629	1
46630	1
46631	1
46632	1
46633	1
46634	1
46635	1
46636	1
46637	1
46638	1
46639	1
46640	1
46641	1
46642	1
46643	1
46644	1
46645	1
46646	1
46647	1
46648	1
46649	1
46650	1
46651	1
46652	1
46653	1
46654	1
46655	1
46656	1
46657	1
46658	1
46659	1
46660	1
46661	1
46662	1
46663	1
46664	1
46665	1
46666	1
46667	1
46668	1
46669	1
46670	1
46671	1
46672	1
46673	1
46674	1
46675	1
46676	1
46677	1
46678	1
46679	1
46680	1
46681	1
46682	1
46683	1
46684	1
46685	1
46686	1
46687	1
46688	1
46689	1
46690	1
46691	1
46692	1
46693	1
46694	1
46695	1
46696	1
46697	1
46698	1
46699	1
46700	1
46701	1
46702	1
46703	1
46704	1
46705	1
46706	1
46707	1
46708	1
46709	1
46710	1
46711	1
46712	1
46713	1
46714	1
46715	1
46716	1
46717	1
46718	1
46719	1
46720	1
46721	1
46722	1
46723	1
46724	1
46725	1
46726	1
46727	1
46728	1
46729	1
46730	1
46731	1
46732	1
46733	1
46734	1
46735	1
46736	1
46737	1
46738	1
46739	1
46740	1
46741	1
46742	1
46743	1
46744	1
46745	1
46746	1
46747	1
46748	1
46749	1
46750	1
46751	1
46752	1
46753	1
46754	1
46755	1
46756	1
46757	1
46758	1
46759	1
46760	1
46761	1
46762	1
46763	1
46764	1
46765	1
46766	1
46767	1
46768	1
46769	1
46770	1
46771	1
46772	1
46773	1
46774	1
46775	1
46776	1
46777	1
46778	1
46779	1
46780	1
46781	1
46782	1
46783	1
46784	1
46785	1
46786	1
46787	1
46788	1
46789	1
46790	1
46791	1
46792	1
46793	1
46794	1
46795	1
46796	1
46797	1
46798	1
46799	1
46800	1
46801	1
46802	1
46803	1
46804	1
46805	1
46806	1
46807	1
46808	1
46809	1
46810	1
46811	1
46812	1
46813	1
46814	1
46815	1
46816	1
46817	1
46818	1
46819	1
46820	1
46821	1
46822	1
46823	1
46824	1
46825	1
46826	1
46827	1
46828	1
46829	1
46830	1
46831	1
46832	1
46833	1
46834	1
46835	1
46836	1
46837	1
46838	1
46839	1
46840	1
46841	1
46842	1
46843	1
46844	1
46845	1
46846	1
46847	1
46848	1
46849	1
46850	1
46851	1
46852	1
46853	1
46854	1
46855	1
46856	1
46857	1
46858	1
46859	1
46860	1
46861	1
46862	1
46863	1
46864	1
46865	1
46866	1
46867	1
46868	1
46869	1
46870	1
46871	1
46872	1
46873	1
46874	1
46875	1
46876	1
46877	1
46878	1
46879	1
46880	1
46881	1
46882	1
46883	1
46884	1
46885	1
46886	1
46887	1
46888	1
46889	1
46890	1
46891	1
46892	1
46893	1
46894	1
46895	1
46896	1
46897	1
46898	1
46899	1
46900	1
46901	1
46902	1
46903	1
46904	1
46905	1
46906	1
46907	1
46908	1
46909	1
46910	1
46911	1
46912	1
46913	1
46914	1
46915	1
46916	1
46917	1
46918	1
46919	1
46920	1
46921	1
46922	1
46923	1
46924	1
46925	1
46926	1
46927	1
46928	1
46929	1
46930	1
46931	1
46932	1
46933	1
46934	1
46935	1
46936	1
46937	1
46938	1
46939	1
46940	1
46941	1
46942	1
46943	1
46944	1
46945	1
46946	1
46947	1
46948	1
46949	1
46950	1
46951	1
46952	1
46953	1
46954	1
46955	1
46956	1
46957	1
46958	1
46959	1
46960	1
46961	1
46962	1
46963	1
46964	1
46965	1
46966	1
46967	1
46968	1
46969	1
46970	1
46971	1
46972	1
46973	1
46974	1
46975	1
46976	1
46977	1
46978	1
46979	1
46980	1
46981	1
46982	1
46983	1
46984	1
46985	1
46986	1
46987	1
46988	1
46989	1
46990	1
46991	1
46992	1
46993	1
46994	1
46995	1
46996	1
46997	1
46998	1
46999	1
47000	1
47001	1
47002	1
47003	1
47004	1
47005	1
47006	1
47007	1
47008	1
47009	1
47010	1
47011	1
47012	1
47013	1
47014	1
47015	1
47016	1
47017	1
47018	1
47019	1
47020	1
47021	1
47022	1
47023	1
47024	1
47025	1
47026	1
47027	1
47028	1
47029	1
47030	1
47031	1
47032	1
47033	1
47034	1
47035	1
47036	1
47037	1
47038	1
47039	1
47040	1
47041	1
47042	1
47043	1
47044	1
47045	1
47046	1
47047	1
47048	1
47049	1
47050	1
47051	1
47052	1
47053	1
47054	1
47055	1
47056	1
47057	1
47058	1
47059	1
47060	1
47061	1
47062	1
47063	1
47064	1
47065	1
47066	1
47067	1
47068	1
47069	1
47070	1
47071	1
47072	1
47073	1
47074	1
47075	1
47076	1
47077	1
47078	1
47079	1
47080	1
47081	1
47082	1
47083	1
47084	1
47085	1
47086	1
47087	1
47088	1
47089	1
47090	1
47091	1
47092	1
47093	1
47094	1
47095	1
47096	1
47097	1
47098	1
47099	1
47100	1
47101	1
47102	1
47103	1
47104	1
47105	1
47106	1
47107	1
47108	1
47109	1
47110	1
47111	1
47112	1
47113	1
47114	1
47115	1
47116	1
47117	1
47118	1
47119	1
47120	1
47121	1
47122	1
47123	1
47124	1
47125	1
47126	1
47127	1
47128	1
47129	1
47130	1
47131	1
47132	1
47133	1
47134	1
47135	1
47136	1
47137	1
47138	1
47139	1
47140	1
47141	1
47142	1
47143	1
47144	1
47145	1
47146	1
47147	1
47148	1
47149	1
47150	1
47151	1
47152	1
47153	1
47154	1
47155	1
47156	1
47157	1
47158	1
47159	1
47160	1
47161	1
47162	1
47163	1
47164	1
47165	1
47166	1
47167	1
47168	1
47169	1
47170	1
47171	1
47172	1
47173	1
47174	1
47175	1
47176	1
47177	1
47178	1
47179	1
47180	1
47181	1
47182	1
47183	1
47184	1
47185	1
47186	1
47187	1
47188	1
47189	1
47190	1
47191	1
47192	1
47193	1
47194	1
47195	1
47196	1
47197	1
47198	1
47199	1
47200	1
47201	1
47202	1
47203	1
47204	1
47205	1
47206	1
47207	1
47208	1
47209	1
47210	1
47211	1
47212	1
47213	1
47214	1
47215	1
47216	1
47217	1
47218	1
47219	1
47220	1
47221	1
47222	1
47223	1
47224	1
47225	1
47226	1
47227	1
47228	1
47229	1
47230	1
47231	1
47232	1
47233	1
47234	1
47235	1
47236	1
47237	1
47238	1
47239	1
47240	1
47241	1
47242	1
47243	1
47244	1
47245	1
47246	1
47247	1
47248	1
47249	1
47250	1
47251	1
47252	1
47253	1
47254	1
47255	1
47256	1
47257	1
47258	1
47259	1
47260	1
47261	1
47262	1
47263	1
47264	1
47265	1
47266	1
47267	1
47268	1
47269	1
47270	1
47271	1
47272	1
47273	1
47274	1
47275	1
47276	1
47277	1
47278	1
47279	1
47280	1
47281	1
47282	1
47283	1
47284	1
47285	1
47286	1
47287	1
47288	1
47289	1
47290	1
47291	1
47292	1
47293	1
47294	1
47295	1
47296	1
47297	1
47298	1
47299	1
47300	1
47301	1
47302	1
47303	1
47304	1
47305	1
47306	1
47307	1
47308	1
47309	1
47310	1
47311	1
47312	1
47313	1
47314	1
47315	1
47316	1
47317	1
47318	1
47319	1
47320	1
47321	1
47322	1
47323	1
47324	1
47325	1
47326	1
47327	1
47328	1
47329	1
47330	1
47331	1
47332	1
47333	1
47334	1
47335	1
47336	1
47337	1
47338	1
47339	1
47340	1
47341	1
47342	1
47343	1
47344	1
47345	1
47346	1
47347	1
47348	1
47349	1
47350	1
47351	1
47352	1
47353	1
47354	1
47355	1
47356	1
47357	1
47358	1
47359	1
47360	1
47361	1
47362	1
47363	1
47364	1
47365	1
47366	1
47367	1
47368	1
47369	1
47370	1
47371	1
47372	1
47373	1
47374	1
47375	1
47376	1
47377	1
47378	1
47379	1
47380	1
47381	1
47382	1
47383	1
47384	1
47385	1
47386	1
47387	1
47388	1
47389	1
47390	1
47391	1
47392	1
47393	1
47394	1
47395	1
47396	1
47397	1
47398	1
47399	1
47400	1
47401	1
47402	1
47403	1
47404	1
47405	1
47406	1
47407	1
47408	1
47409	1
47410	1
47411	1
47412	1
47413	1
47414	1
47415	1
47416	1
47417	1
47418	1
47419	1
47420	1
47421	1
47422	1
47423	1
47424	1
47425	1
47426	1
47427	1
47428	1
47429	1
47430	1
47431	1
47432	1
47433	1
47434	1
47435	1
47436	1
47437	1
47438	1
47439	1
47440	1
47441	1
47442	1
47443	1
47444	1
47445	1
47446	1
47447	1
47448	1
47449	1
47450	1
47451	1
47452	1
47453	1
47454	1
47455	1
47456	1
47457	1
47458	1
47459	1
47460	1
47461	1
47462	1
47463	1
47464	1
47465	1
47466	1
47467	1
47468	1
47469	1
47470	1
47471	1
47472	1
47473	1
47474	1
47475	1
47476	1
47477	1
47478	1
47479	1
47480	1
47481	1
47482	1
47483	1
47484	1
47485	1
47486	1
47487	1
47488	1
47489	1
47490	1
47491	1
47492	1
47493	1
47494	1
47495	1
47496	1
47497	1
47498	1
47499	1
47500	1
47501	1
47502	1
47503	1
47504	1
47505	1
47506	1
47507	1
47508	1
47509	1
47510	1
47511	1
47512	1
47513	1
47514	1
47515	1
47516	1
47517	1
47518	1
47519	1
47520	1
47521	1
47522	1
47523	1
47524	1
47525	1
47526	1
47527	1
47528	1
47529	1
47530	1
47531	1
47532	1
47533	1
47534	1
47535	1
47536	1
47537	1
47538	1
47539	1
47540	1
47541	1
47542	1
47543	1
47544	1
47545	1
47546	1
47547	1
47548	1
47549	1
47550	1
47551	1
47552	1
47553	1
47554	1
47555	1
47556	1
47557	1
47558	1
47559	1
47560	1
47561	1
47562	1
47563	1
47564	1
47565	1
47566	1
47567	1
47568	1
47569	1
47570	1
47571	1
47572	1
47573	1
47574	1
47575	1
47576	1
47577	1
47578	1
47579	1
47580	1
47581	1
47582	1
47583	1
47584	1
47585	1
47586	1
47587	1
47588	1
47589	1
47590	1
47591	1
47592	1
47593	1
47594	1
47595	1
47596	1
47597	1
47598	1
47599	1
47600	1
47601	1
47602	1
47603	1
47604	1
47605	1
47606	1
47607	1
47608	1
47609	1
47610	1
47611	1
47612	1
47613	1
47614	1
47615	1
47616	1
47617	1
47618	1
47619	1
47620	1
47621	1
47622	1
47623	1
47624	1
47625	1
47626	1
47627	1
47628	1
47629	1
47630	1
47631	1
47632	1
47633	1
47634	1
47635	1
47636	1
47637	1
47638	1
47639	1
47640	1
47641	1
47642	1
47643	1
47644	1
47645	1
47646	1
47647	1
47648	1
47649	1
47650	1
47651	1
47652	1
47653	1
47654	1
47655	1
47656	1
47657	1
47658	1
47659	1
47660	1
47661	1
47662	1
47663	1
47664	1
47665	1
47666	1
47667	1
47668	1
47669	1
47670	1
47671	1
47672	1
47673	1
47674	1
47675	1
47676	1
47677	1
47678	1
47679	1
47680	1
47681	1
47682	1
47683	1
47684	1
47685	1
47686	1
47687	1
47688	1
47689	1
47690	1
47691	1
47692	1
47693	1
47694	1
47695	1
47696	1
47697	1
47698	1
47699	1
47700	1
47701	1
47702	1
47703	1
47704	1
47705	1
47706	1
47707	1
47708	1
47709	1
47710	1
47711	1
47712	1
47713	1
47714	1
47715	1
47716	1
47717	1
47718	1
47719	1
47720	1
47721	1
47722	1
47723	1
47724	1
47725	1
47726	1
47727	1
47728	1
47729	1
47730	1
47731	1
47732	1
47733	1
47734	1
47735	1
47736	1
47737	1
47738	1
47739	1
47740	1
47741	1
47742	1
47743	1
47744	1
47745	1
47746	1
47747	1
47748	1
47749	1
47750	1
47751	1
47752	1
47753	1
47754	1
47755	1
47756	1
47757	1
47758	1
47759	1
47760	1
47761	1
47762	1
47763	1
47764	1
47765	1
47766	1
47767	1
47768	1
47769	1
47770	1
47771	1
47772	1
47773	1
47774	1
47775	1
47776	1
47777	1
47778	1
47779	1
47780	1
47781	1
47782	1
47783	1
47784	1
47785	1
47786	1
47787	1
47788	1
47789	1
47790	1
47791	1
47792	1
47793	1
47794	1
47795	1
47796	1
47797	1
47798	1
47799	1
47800	1
47801	1
47802	1
47803	1
47804	1
47805	1
47806	1
47807	1
47808	1
47809	1
47810	1
47811	1
47812	1
47813	1
47814	1
47815	1
47816	1
47817	1
47818	1
47819	1
47820	1
47821	1
47822	1
47823	1
47824	1
47825	1
47826	1
47827	1
47828	1
47829	1
47830	1
47831	1
47832	1
47833	1
47834	1
47835	1
47836	1
47837	1
47838	1
47839	1
47840	1
47841	1
47842	1
47843	1
47844	1
47845	1
47846	1
47847	1
47848	1
47849	1
47850	1
47851	1
47852	1
47853	1
47854	1
47855	1
47856	1
47857	1
47858	1
47859	1
47860	1
47861	1
47862	1
47863	1
47864	1
47865	1
47866	1
47867	1
47868	1
47869	1
47870	1
47871	1
47872	1
47873	1
47874	1
47875	1
47876	1
47877	1
47878	1
47879	1
47880	1
47881	1
47882	1
47883	1
47884	1
47885	1
47886	1
47887	1
47888	1
47889	1
47890	1
47891	1
47892	1
47893	1
47894	1
47895	1
47896	1
47897	1
47898	1
47899	1
47900	1
47901	1
47902	1
47903	1
47904	1
47905	1
47906	1
47907	1
47908	1
47909	1
47910	1
47911	1
47912	1
47913	1
47914	1
47915	1
47916	1
47917	1
47918	1
47919	1
47920	1
47921	1
47922	1
47923	1
47924	1
47925	1
47926	1
47927	1
47928	1
47929	1
47930	1
47931	1
47932	1
47933	1
47934	1
47935	1
47936	1
47937	1
47938	1
47939	1
47940	1
47941	1
47942	1
47943	1
47944	1
47945	1
47946	1
47947	1
47948	1
47949	1
47950	1
47951	1
47952	1
47953	1
47954	1
47955	1
47956	1
47957	1
47958	1
47959	1
47960	1
47961	1
47962	1
47963	1
47964	1
47965	1
47966	1
47967	1
47968	1
47969	1
47970	1
47971	1
47972	1
47973	1
47974	1
47975	1
47976	1
47977	1
47978	1
47979	1
47980	1
47981	1
47982	1
47983	1
47984	1
47985	1
47986	1
47987	1
47988	1
47989	1
47990	1
47991	1
47992	1
47993	1
47994	1
47995	1
47996	1
47997	1
47998	1
47999	1
48000	1
48001	1
48002	1
48003	1
48004	1
48005	1
48006	1
48007	1
48008	1
48009	1
48010	1
48011	1
48012	1
48013	1
48014	1
48015	1
48016	1
48017	1
48018	1
48019	1
48020	1
48021	1
48022	1
48023	1
48024	1
48025	1
48026	1
48027	1
48028	1
48029	1
48030	1
48031	1
48032	1
48033	1
48034	1
48035	1
48036	1
48037	1
48038	1
48039	1
48040	1
48041	1
48042	1
48043	1
48044	1
48045	1
48046	1
48047	1
48048	1
48049	1
48050	1
48051	1
48052	1
48053	1
48054	1
48055	1
48056	1
48057	1
48058	1
48059	1
48060	1
48061	1
48062	1
48063	1
48064	1
48065	1
48066	1
48067	1
48068	1
48069	1
48070	1
48071	1
48072	1
48073	1
48074	1
48075	1
48076	1
48077	1
48078	1
48079	1
48080	1
48081	1
48082	1
48083	1
48084	1
48085	1
48086	1
48087	1
48088	1
48089	1
48090	1
48091	1
48092	1
48093	1
48094	1
48095	1
48096	1
48097	1
48098	1
48099	1
48100	1
48101	1
48102	1
48103	1
48104	1
48105	1
48106	1
48107	1
48108	1
48109	1
48110	1
48111	1
48112	1
48113	1
48114	1
48115	1
48116	1
48117	1
48118	1
48119	1
48120	1
48121	1
48122	1
48123	1
48124	1
48125	1
48126	1
48127	1
48128	1
48129	1
48130	1
48131	1
48132	1
48133	1
48134	1
48135	1
48136	1
48137	1
48138	1
48139	1
48140	1
48141	1
48142	1
48143	1
48144	1
48145	1
48146	1
48147	1
48148	1
48149	1
48150	1
48151	1
48152	1
48153	1
48154	1
48155	1
48156	1
48157	1
48158	1
48159	1
48160	1
48161	1
48162	1
48163	1
48164	1
48165	1
48166	1
48167	1
48168	1
48169	1
48170	1
48171	1
48172	1
48173	1
48174	1
48175	1
48176	1
48177	1
48178	1
48179	1
48180	1
48181	1
48182	1
48183	1
48184	1
48185	1
48186	1
48187	1
48188	1
48189	1
48190	1
48191	1
48192	1
48193	1
48194	1
48195	1
48196	1
48197	1
48198	1
48199	1
48200	1
48201	1
48202	1
48203	1
48204	1
48205	1
48206	1
48207	1
48208	1
48209	1
48210	1
48211	1
48212	1
48213	1
48214	1
48215	1
48216	1
48217	1
48218	1
48219	1
48220	1
48221	1
48222	1
48223	1
48224	1
48225	1
48226	1
48227	1
48228	1
48229	1
48230	1
48231	1
48232	1
48233	1
48234	1
48235	1
48236	1
48237	1
48238	1
48239	1
48240	1
48241	1
48242	1
48243	1
48244	1
48245	1
48246	1
48247	1
48248	1
48249	1
48250	1
48251	1
48252	1
48253	1
48254	1
48255	1
48256	1
48257	1
48258	1
48259	1
48260	1
48261	1
48262	1
48263	1
48264	1
48265	1
48266	1
48267	1
48268	1
48269	1
48270	1
48271	1
48272	1
48273	1
48274	1
48275	1
48276	1
48277	1
48278	1
48279	1
48280	1
48281	1
48282	1
48283	1
48284	1
48285	1
48286	1
48287	1
48288	1
48289	1
48290	1
48291	1
48292	1
48293	1
48294	1
48295	1
48296	1
48297	1
48298	1
48299	1
48300	1
48301	1
48302	1
48303	1
48304	1
48305	1
48306	1
48307	1
48308	1
48309	1
48310	1
48311	1
48312	1
48313	1
48314	1
48315	1
48316	1
48317	1
48318	1
48319	1
48320	1
48321	1
48322	1
48323	1
48324	1
48325	1
48326	1
48327	1
48328	1
48329	1
48330	1
48331	1
48332	1
48333	1
48334	1
48335	1
48336	1
48337	1
48338	1
48339	1
48340	1
48341	1
48342	1
48343	1
48344	1
48345	1
48346	1
48347	1
48348	1
48349	1
48350	1
48351	1
48352	1
48353	1
48354	1
48355	1
48356	1
48357	1
48358	1
48359	1
48360	1
48361	1
48362	1
48363	1
48364	1
48365	1
48366	1
48367	1
48368	1
48369	1
48370	1
48371	1
48372	1
48373	1
48374	1
48375	1
48376	1
48377	1
48378	1
48379	1
48380	1
48381	1
48382	1
48383	1
48384	1
48385	1
48386	1
48387	1
48388	1
48389	1
48390	1
48391	1
48392	1
48393	1
48394	1
48395	1
48396	1
48397	1
48398	1
48399	1
48400	1
48401	1
48402	1
48403	1
48404	1
48405	1
48406	1
48407	1
48408	1
48409	1
48410	1
48411	1
48412	1
48413	1
48414	1
48415	1
48416	1
48417	1
48418	1
48419	1
48420	1
48421	1
48422	1
48423	1
48424	1
48425	1
48426	1
48427	1
48428	1
48429	1
48430	1
48431	1
48432	1
48433	1
48434	1
48435	1
48436	1
48437	1
48438	1
48439	1
48440	1
48441	1
48442	1
48443	1
48444	1
48445	1
48446	1
48447	1
48448	1
48449	1
48450	1
48451	1
48452	1
48453	1
48454	1
48455	1
48456	1
48457	1
48458	1
48459	1
48460	1
48461	1
48462	1
48463	1
48464	1
48465	1
48466	1
48467	1
48468	1
48469	1
48470	1
48471	1
48472	1
48473	1
48474	1
48475	1
48476	1
48477	1
48478	1
48479	1
48480	1
48481	1
48482	1
48483	1
48484	1
48485	1
48486	1
48487	1
48488	1
48489	1
48490	1
48491	1
48492	1
48493	1
48494	1
48495	1
48496	1
48497	1
48498	1
48499	1
48500	1
48501	1
48502	1
48503	1
48504	1
48505	1
48506	1
48507	1
48508	1
48509	1
48510	1
48511	1
48512	1
48513	1
48514	1
48515	1
48516	1
48517	1
48518	1
48519	1
48520	1
48521	1
48522	1
48523	1
48524	1
48525	1
48526	1
48527	1
48528	1
48529	1
48530	1
48531	1
48532	1
48533	1
48534	1
48535	1
48536	1
48537	1
48538	1
48539	1
48540	1
48541	1
48542	1
48543	1
48544	1
48545	1
48546	1
48547	1
48548	1
48549	1
48550	1
48551	1
48552	1
48553	1
48554	1
48555	1
48556	1
48557	1
48558	1
48559	1
48560	1
48561	1
48562	1
48563	1
48564	1
48565	1
48566	1
48567	1
48568	1
48569	1
48570	1
48571	1
48572	1
48573	1
48574	1
48575	1
48576	1
48577	1
48578	1
48579	1
48580	1
48581	1
48582	1
48583	1
48584	1
48585	1
48586	1
48587	1
48588	1
48589	1
48590	1
48591	1
48592	1
48593	1
48594	1
48595	1
48596	1
48597	1
48598	1
48599	1
48600	1
48601	1
48602	1
48603	1
48604	1
48605	1
48606	1
48607	1
48608	1
48609	1
48610	1
48611	1
48612	1
48613	1
48614	1
48615	1
48616	1
48617	1
48618	1
48619	1
48620	1
48621	1
48622	1
48623	1
48624	1
48625	1
48626	1
48627	1
48628	1
48629	1
48630	1
48631	1
48632	1
48633	1
48634	1
48635	1
48636	1
48637	1
48638	1
48639	1
48640	1
48641	1
48642	1
48643	1
48644	1
48645	1
48646	1
48647	1
48648	1
48649	1
48650	1
48651	1
48652	1
48653	1
48654	1
48655	1
48656	1
48657	1
48658	1
48659	1
48660	1
48661	1
48662	1
48663	1
48664	1
48665	1
48666	1
48667	1
48668	1
48669	1
48670	1
48671	1
48672	1
48673	1
48674	1
48675	1
48676	1
48677	1
48678	1
48679	1
48680	1
48681	1
48682	1
48683	1
48684	1
48685	1
48686	1
48687	1
48688	1
48689	1
48690	1
48691	1
48692	1
48693	1
48694	1
48695	1
48696	1
48697	1
48698	1
48699	1
48700	1
48701	1
48702	1
48703	1
48704	1
48705	1
48706	1
48707	1
48708	1
48709	1
48710	1
48711	1
48712	1
48713	1
48714	1
48715	1
48716	1
48717	1
48718	1
48719	1
48720	1
48721	1
48722	1
48723	1
48724	1
48725	1
48726	1
48727	1
48728	1
48729	1
48730	1
48731	1
48732	1
48733	1
48734	1
48735	1
48736	1
48737	1
48738	1
48739	1
48740	1
48741	1
48742	1
48743	1
48744	1
48745	1
48746	1
48747	1
48748	1
48749	1
48750	1
48751	1
48752	1
48753	1
48754	1
48755	1
48756	1
48757	1
48758	1
48759	1
48760	1
48761	1
48762	1
48763	1
48764	1
48765	1
48766	1
48767	1
48768	1
48769	1
48770	1
48771	1
48772	1
48773	1
48774	1
48775	1
48776	1
48777	1
48778	1
48779	1
48780	1
48781	1
48782	1
48783	1
48784	1
48785	1
48786	1
48787	1
48788	1
48789	1
48790	1
48791	1
48792	1
48793	1
48794	1
48795	1
48796	1
48797	1
48798	1
48799	1
48800	1
48801	1
48802	1
48803	1
48804	1
48805	1
48806	1
48807	1
48808	1
48809	1
48810	1
48811	1
48812	1
48813	1
48814	1
48815	1
48816	1
48817	1
48818	1
48819	1
48820	1
48821	1
48822	1
48823	1
48824	1
48825	1
48826	1
48827	1
48828	1
48829	1
48830	1
48831	1
48832	1
48833	1
48834	1
48835	1
48836	1
48837	1
48838	1
48839	1
48840	1
48841	1
48842	1
48843	1
48844	1
48845	1
48846	1
48847	1
48848	1
48849	1
48850	1
48851	1
48852	1
48853	1
48854	1
48855	1
48856	1
48857	1
48858	1
48859	1
48860	1
48861	1
48862	1
48863	1
48864	1
48865	1
48866	1
48867	1
48868	1
48869	1
48870	1
48871	1
48872	1
48873	1
48874	1
48875	1
48876	1
48877	1
48878	1
48879	1
48880	1
48881	1
48882	1
48883	1
48884	1
48885	1
48886	1
48887	1
48888	1
48889	1
48890	1
48891	1
48892	1
48893	1
48894	1
48895	1
48896	1
48897	1
48898	1
48899	1
48900	1
48901	1
48902	1
48903	1
48904	1
48905	1
48906	1
48907	1
48908	1
48909	1
48910	1
48911	1
48912	1
48913	1
48914	1
48915	1
48916	1
48917	1
48918	1
48919	1
48920	1
48921	1
48922	1
48923	1
48924	1
48925	1
48926	1
48927	1
48928	1
48929	1
48930	1
48931	1
48932	1
48933	1
48934	1
48935	1
48936	1
48937	1
48938	1
48939	1
48940	1
48941	1
48942	1
48943	1
48944	1
48945	1
48946	1
48947	1
48948	1
48949	1
48950	1
48951	1
48952	1
48953	1
48954	1
48955	1
48956	1
48957	1
48958	1
48959	1
48960	1
48961	1
48962	1
48963	1
48964	1
48965	1
48966	1
48967	1
48968	1
48969	1
48970	1
48971	1
48972	1
48973	1
48974	1
48975	1
48976	1
48977	1
48978	1
48979	1
48980	1
48981	1
48982	1
48983	1
48984	1
48985	1
48986	1
48987	1
48988	1
48989	1
48990	1
48991	1
48992	1
48993	1
48994	1
48995	1
